Copyright 1986-2022 Xilinx, Inc. All Rights Reserved. Copyright 2022-2024 Advanced Micro Devices, Inc. All Rights Reserved.
--------------------------------------------------------------------------------------------------------------------------------------------------------------------------------------------------------------------------------------------------------------------------
| Tool Version      : Vivado v.2024.1 (win64) Build 5076996 Wed May 22 18:37:14 MDT 2024
| Date              : Mon Apr 14 11:59:32 2025
| Host              : win1217 running 64-bit major release  (build 9200)
| Command           : report_timing_summary -max_paths 10 -report_unconstrained -file kria_starter_kit_wrapper_timing_summary_routed.rpt -pb kria_starter_kit_wrapper_timing_summary_routed.pb -rpx kria_starter_kit_wrapper_timing_summary_routed.rpx -warn_on_violation
| Design            : kria_starter_kit_wrapper
| Device            : xck26-sfvc784
| Speed File        : -2LV  PRODUCTION 1.30 05-15-2022
| Design State      : Routed
| Temperature Grade : C
--------------------------------------------------------------------------------------------------------------------------------------------------------------------------------------------------------------------------------------------------------------------------

Timing Summary Report

------------------------------------------------------------------------------------------------
| Timer Settings
| --------------
------------------------------------------------------------------------------------------------

  Enable Multi Corner Analysis               :  Yes
  Enable Pessimism Removal                   :  Yes
  Pessimism Removal Resolution               :  Nearest Common Node
  Enable Input Delay Default Clock           :  No
  Enable Preset / Clear Arcs                 :  No
  Disable Flight Delays                      :  No
  Ignore I/O Paths                           :  No
  Timing Early Launch at Borrowing Latches   :  No
  Borrow Time for Max Delay Exceptions       :  Yes
  Merge Timing Exceptions                    :  Yes
  Inter-SLR Compensation                     :  Conservative

  Corner  Analyze    Analyze    
  Name    Max Paths  Min Paths  
  ------  ---------  ---------  
  Slow    Yes        Yes        
  Fast    Yes        Yes        


------------------------------------------------------------------------------------------------
| Report Methodology
| ------------------
------------------------------------------------------------------------------------------------

Rule       Severity  Description                                  Violations  
---------  --------  -------------------------------------------  ----------  
LUTAR-1    Warning   LUT drives async reset alert                 5           
TIMING-18  Warning   Missing input or output delay                2           
XDCB-5     Warning   Runtime inefficient way to find pin objects  2           

Note: This report is based on the most recent report_methodology run and may not be up-to-date. Run report_methodology on the current design for the latest report.



check_timing report

Table of Contents
-----------------
1. checking no_clock (0)
2. checking constant_clock (0)
3. checking pulse_width_clock (0)
4. checking unconstrained_internal_endpoints (0)
5. checking no_input_delay (2)
6. checking no_output_delay (0)
7. checking multiple_clock (0)
8. checking generated_clocks (0)
9. checking loops (0)
10. checking partial_input_delay (0)
11. checking partial_output_delay (0)
12. checking latch_loops (0)

1. checking no_clock (0)
------------------------
 There are 0 register/latch pins with no clock.


2. checking constant_clock (0)
------------------------------
 There are 0 register/latch pins with constant_clock.


3. checking pulse_width_clock (0)
---------------------------------
 There are 0 register/latch pins which need pulse_width check


4. checking unconstrained_internal_endpoints (0)
------------------------------------------------
 There are 0 pins that are not constrained for maximum delay.

 There are 0 pins that are not constrained for maximum delay due to constant clock.


5. checking no_input_delay (2)
------------------------------
 There are 2 input ports with no input delay specified. (HIGH)

 There are 0 input ports with no input delay but user has a false path constraint.


6. checking no_output_delay (0)
-------------------------------
 There are 0 ports with no output delay specified.

 There are 0 ports with no output delay but user has a false path constraint

 There are 0 ports with no output delay but with a timing clock defined on it or propagating through it


7. checking multiple_clock (0)
------------------------------
 There are 0 register/latch pins with multiple clocks.


8. checking generated_clocks (0)
--------------------------------
 There are 0 generated clocks that are not connected to a clock source.


9. checking loops (0)
---------------------
 There are 0 combinational loops in the design.


10. checking partial_input_delay (0)
------------------------------------
 There are 0 input ports with partial input delay specified.


11. checking partial_output_delay (0)
-------------------------------------
 There are 0 ports with partial output delay specified.


12. checking latch_loops (0)
----------------------------
 There are 0 combinational latch loops in the design through latch input



------------------------------------------------------------------------------------------------
| Design Timing Summary
| ---------------------
------------------------------------------------------------------------------------------------

    WNS(ns)      TNS(ns)  TNS Failing Endpoints  TNS Total Endpoints      WHS(ns)      THS(ns)  THS Failing Endpoints  THS Total Endpoints     WPWS(ns)     TPWS(ns)  TPWS Failing Endpoints  TPWS Total Endpoints  
    -------      -------  ---------------------  -------------------      -------      -------  ---------------------  -------------------     --------     --------  ----------------------  --------------------  
      6.660        0.000                      0                 3587        0.011        0.000                      0                 3571        4.238        0.000                       0                  1989  


All user specified timing constraints are met.


------------------------------------------------------------------------------------------------
| Clock Summary
| -------------
------------------------------------------------------------------------------------------------

Clock                                                                                                Waveform(ns)       Period(ns)      Frequency(MHz)
-----                                                                                                ------------       ----------      --------------
clk_pl_0                                                                                             {0.000 5.000}      10.000          100.000         
clk_pl_1                                                                                             {0.000 5.000}      10.000          100.000         
dbg_hub/inst/BSCANID.u_xsdbm_id/SWITCH_N_EXT_BSCAN.bscan_inst/SERIES7_BSCAN.bscan_inst/INTERNAL_TCK  {0.000 25.000}     50.000          20.000          


------------------------------------------------------------------------------------------------
| Intra Clock Table
| -----------------
------------------------------------------------------------------------------------------------

Clock                                                                                                    WNS(ns)      TNS(ns)  TNS Failing Endpoints  TNS Total Endpoints      WHS(ns)      THS(ns)  THS Failing Endpoints  THS Total Endpoints     WPWS(ns)     TPWS(ns)  TPWS Failing Endpoints  TPWS Total Endpoints  
-----                                                                                                    -------      -------  ---------------------  -------------------      -------      -------  ---------------------  -------------------     --------     --------  ----------------------  --------------------  
clk_pl_0                                                                                                   6.660        0.000                      0                 2374        0.011        0.000                      0                 2374        4.238        0.000                       0                  1510  
dbg_hub/inst/BSCANID.u_xsdbm_id/SWITCH_N_EXT_BSCAN.bscan_inst/SERIES7_BSCAN.bscan_inst/INTERNAL_TCK       13.142        0.000                      0                  992        0.054        0.000                      0                  992       24.238        0.000                       0                   479  


------------------------------------------------------------------------------------------------
| Inter Clock Table
| -----------------
------------------------------------------------------------------------------------------------

From Clock                                                                                           To Clock                                                                                                 WNS(ns)      TNS(ns)  TNS Failing Endpoints  TNS Total Endpoints      WHS(ns)      THS(ns)  THS Failing Endpoints  THS Total Endpoints  
----------                                                                                           --------                                                                                                 -------      -------  ---------------------  -------------------      -------      -------  ---------------------  -------------------  
dbg_hub/inst/BSCANID.u_xsdbm_id/SWITCH_N_EXT_BSCAN.bscan_inst/SERIES7_BSCAN.bscan_inst/INTERNAL_TCK  clk_pl_0                                                                                                  49.439        0.000                      0                    8                                                                        
clk_pl_0                                                                                             dbg_hub/inst/BSCANID.u_xsdbm_id/SWITCH_N_EXT_BSCAN.bscan_inst/SERIES7_BSCAN.bscan_inst/INTERNAL_TCK        9.491        0.000                      0                    8                                                                        


------------------------------------------------------------------------------------------------
| Other Path Groups Table
| -----------------------
------------------------------------------------------------------------------------------------

Path Group                                                                                           From Clock                                                                                           To Clock                                                                                                 WNS(ns)      TNS(ns)  TNS Failing Endpoints  TNS Total Endpoints      WHS(ns)      THS(ns)  THS Failing Endpoints  THS Total Endpoints  
----------                                                                                           ----------                                                                                           --------                                                                                                 -------      -------  ---------------------  -------------------      -------      -------  ---------------------  -------------------  
**async_default**                                                                                    clk_pl_0                                                                                             clk_pl_0                                                                                                   8.574        0.000                      0                  105        0.172        0.000                      0                  105  
**async_default**                                                                                    dbg_hub/inst/BSCANID.u_xsdbm_id/SWITCH_N_EXT_BSCAN.bscan_inst/SERIES7_BSCAN.bscan_inst/INTERNAL_TCK  dbg_hub/inst/BSCANID.u_xsdbm_id/SWITCH_N_EXT_BSCAN.bscan_inst/SERIES7_BSCAN.bscan_inst/INTERNAL_TCK       47.729        0.000                      0                  100        0.167        0.000                      0                  100  


------------------------------------------------------------------------------------------------
| User Ignored Path Table
| -----------------------
------------------------------------------------------------------------------------------------

Path Group                                                                                           From Clock                                                                                           To Clock                                                                                           
----------                                                                                           ----------                                                                                           --------                                                                                           
(none)                                                                                               clk_pl_0                                                                                             clk_pl_0                                                                                             
(none)                                                                                               dbg_hub/inst/BSCANID.u_xsdbm_id/SWITCH_N_EXT_BSCAN.bscan_inst/SERIES7_BSCAN.bscan_inst/INTERNAL_TCK  clk_pl_0                                                                                             
(none)                                                                                               clk_pl_0                                                                                             dbg_hub/inst/BSCANID.u_xsdbm_id/SWITCH_N_EXT_BSCAN.bscan_inst/SERIES7_BSCAN.bscan_inst/INTERNAL_TCK  


------------------------------------------------------------------------------------------------
| Unconstrained Path Table
| ------------------------
------------------------------------------------------------------------------------------------

Path Group                                                                                           From Clock                                                                                           To Clock                                                                                           
----------                                                                                           ----------                                                                                           --------                                                                                           
(none)                                                                                                                                                                                                                                                                                                         
(none)                                                                                                                                                                                                    clk_pl_0                                                                                             
(none)                                                                                                                                                                                                    dbg_hub/inst/BSCANID.u_xsdbm_id/SWITCH_N_EXT_BSCAN.bscan_inst/SERIES7_BSCAN.bscan_inst/INTERNAL_TCK  


------------------------------------------------------------------------------------------------
| Timing Details
| --------------
------------------------------------------------------------------------------------------------


---------------------------------------------------------------------------------------------------
From Clock:  clk_pl_0
  To Clock:  clk_pl_0

Setup :            0  Failing Endpoints,  Worst Slack        6.660ns,  Total Violation        0.000ns
Hold  :            0  Failing Endpoints,  Worst Slack        0.011ns,  Total Violation        0.000ns
PW    :            0  Failing Endpoints,  Worst Slack        4.238ns,  Total Violation        0.000ns
---------------------------------------------------------------------------------------------------


Max Delay Paths
--------------------------------------------------------------------------------------
Slack (MET) :             6.660ns  (required time - arrival time)
  Source:                 kria_starter_kit_i/ila_0/U0/ila_core_inst/u_ila_regs/U_XSDB_SLAVE/G_1PIPE_IFACE.s_daddr_r_reg[0]/C
                            (rising edge-triggered cell FDRE clocked by clk_pl_0  {rise@0.000ns fall@5.000ns period=10.000ns})
  Destination:            kria_starter_kit_i/ila_0/U0/ila_core_inst/u_ila_regs/reg_81/I_EN_CTL_EQ1.U_CTL/xsdb_reg_reg[14]/CE
                            (rising edge-triggered cell FDRE clocked by clk_pl_0  {rise@0.000ns fall@5.000ns period=10.000ns})
  Path Group:             clk_pl_0
  Path Type:              Setup (Max at Slow Process Corner)
  Requirement:            10.000ns  (clk_pl_0 rise@10.000ns - clk_pl_0 rise@0.000ns)
  Data Path Delay:        2.969ns  (logic 0.266ns (8.960%)  route 2.703ns (91.040%))
  Logic Levels:           1  (LUT5=1)
  Clock Path Skew:        -0.132ns (DCD - SCD + CPR)
    Destination Clock Delay (DCD):    2.570ns = ( 12.570 - 10.000 ) 
    Source Clock Delay      (SCD):    2.912ns
    Clock Pessimism Removal (CPR):    0.210ns
  Clock Uncertainty:      0.160ns  ((TSJ^2 + DJ^2)^1/2) / 2 + PE
    Total System Jitter     (TSJ):    0.071ns
    Discrete Jitter          (DJ):    0.312ns
    Phase Error              (PE):    0.000ns
  Clock Net Delay (Source):      2.645ns (routing 1.401ns, distribution 1.244ns)
  Clock Net Delay (Destination): 2.354ns (routing 1.282ns, distribution 1.072ns)

    Location             Delay type                Incr(ns)  Path(ns)    Netlist Resource(s)
  -------------------------------------------------------------------    -------------------
                         (clock clk_pl_0 rise edge)
                                                      0.000     0.000 r  
    PS8_X0Y0             PS8                          0.000     0.000 r  kria_starter_kit_i/zynq_ultra_ps_e_0/U0/PS8_i/PLCLK[0]
                         net (fo=1, routed)           0.229     0.229    kria_starter_kit_i/zynq_ultra_ps_e_0/U0/pl_clk_unbuffered[0]
    BUFG_PS_X0Y90        BUFG_PS (Prop_BUFG_PS_I_O)
                                                      0.038     0.267 r  kria_starter_kit_i/zynq_ultra_ps_e_0/U0/buffer_pl_clk_0.PL_CLK_0_BUFG/O
    X1Y2 (CLOCK_ROOT)    net (fo=1510, routed)        2.645     2.912    kria_starter_kit_i/ila_0/U0/ila_core_inst/u_ila_regs/U_XSDB_SLAVE/sl_iport_i[1]
    SLICE_X46Y195        FDRE                                         r  kria_starter_kit_i/ila_0/U0/ila_core_inst/u_ila_regs/U_XSDB_SLAVE/G_1PIPE_IFACE.s_daddr_r_reg[0]/C
  -------------------------------------------------------------------    -------------------
    SLICE_X46Y195        FDRE (Prop_CFF_SLICEL_C_Q)
                                                      0.114     3.026 r  kria_starter_kit_i/ila_0/U0/ila_core_inst/u_ila_regs/U_XSDB_SLAVE/G_1PIPE_IFACE.s_daddr_r_reg[0]/Q
                         net (fo=153, routed)         1.668     4.694    kria_starter_kit_i/ila_0/U0/ila_core_inst/u_ila_regs/reg_81/I_EN_CTL_EQ1.U_CTL/s_daddr_i[0]
    SLICE_X45Y189        LUT5 (Prop_B6LUT_SLICEM_I3_O)
                                                      0.152     4.846 r  kria_starter_kit_i/ila_0/U0/ila_core_inst/u_ila_regs/reg_81/I_EN_CTL_EQ1.U_CTL/xsdb_reg[15]_i_1/O
                         net (fo=16, routed)          1.034     5.880    kria_starter_kit_i/ila_0/U0/ila_core_inst/u_ila_regs/reg_81/I_EN_CTL_EQ1.U_CTL/xsdb_reg[15]_i_1_n_0
    SLICE_X41Y196        FDRE                                         r  kria_starter_kit_i/ila_0/U0/ila_core_inst/u_ila_regs/reg_81/I_EN_CTL_EQ1.U_CTL/xsdb_reg_reg[14]/CE
  -------------------------------------------------------------------    -------------------

                         (clock clk_pl_0 rise edge)
                                                     10.000    10.000 r  
    PS8_X0Y0             PS8                          0.000    10.000 r  kria_starter_kit_i/zynq_ultra_ps_e_0/U0/PS8_i/PLCLK[0]
                         net (fo=1, routed)           0.181    10.181    kria_starter_kit_i/zynq_ultra_ps_e_0/U0/pl_clk_unbuffered[0]
    BUFG_PS_X0Y90        BUFG_PS (Prop_BUFG_PS_I_O)
                                                      0.035    10.216 r  kria_starter_kit_i/zynq_ultra_ps_e_0/U0/buffer_pl_clk_0.PL_CLK_0_BUFG/O
    X1Y2 (CLOCK_ROOT)    net (fo=1510, routed)        2.354    12.570    kria_starter_kit_i/ila_0/U0/ila_core_inst/u_ila_regs/reg_81/I_EN_CTL_EQ1.U_CTL/s_dclk_i
    SLICE_X41Y196        FDRE                                         r  kria_starter_kit_i/ila_0/U0/ila_core_inst/u_ila_regs/reg_81/I_EN_CTL_EQ1.U_CTL/xsdb_reg_reg[14]/C
                         clock pessimism              0.210    12.779    
                         clock uncertainty           -0.160    12.619    
    SLICE_X41Y196        FDRE (Setup_DFF2_SLICEM_C_CE)
                                                     -0.079    12.540    kria_starter_kit_i/ila_0/U0/ila_core_inst/u_ila_regs/reg_81/I_EN_CTL_EQ1.U_CTL/xsdb_reg_reg[14]
  -------------------------------------------------------------------
                         required time                         12.540    
                         arrival time                          -5.880    
  -------------------------------------------------------------------
                         slack                                  6.660    

Slack (MET) :             6.775ns  (required time - arrival time)
  Source:                 kria_starter_kit_i/ila_0/U0/ila_core_inst/u_ila_regs/U_XSDB_SLAVE/G_1PIPE_IFACE.s_daddr_r_reg[0]/C
                            (rising edge-triggered cell FDRE clocked by clk_pl_0  {rise@0.000ns fall@5.000ns period=10.000ns})
  Destination:            kria_starter_kit_i/ila_0/U0/ila_core_inst/u_ila_regs/slaveRegDo_mux_0_reg[1]/D
                            (rising edge-triggered cell FDRE clocked by clk_pl_0  {rise@0.000ns fall@5.000ns period=10.000ns})
  Path Group:             clk_pl_0
  Path Type:              Setup (Max at Slow Process Corner)
  Requirement:            10.000ns  (clk_pl_0 rise@10.000ns - clk_pl_0 rise@0.000ns)
  Data Path Delay:        2.985ns  (logic 0.886ns (29.686%)  route 2.099ns (70.314%))
  Logic Levels:           4  (LUT2=1 LUT5=1 LUT6=2)
  Clock Path Skew:        -0.125ns (DCD - SCD + CPR)
    Destination Clock Delay (DCD):    2.577ns = ( 12.577 - 10.000 ) 
    Source Clock Delay      (SCD):    2.912ns
    Clock Pessimism Removal (CPR):    0.210ns
  Clock Uncertainty:      0.160ns  ((TSJ^2 + DJ^2)^1/2) / 2 + PE
    Total System Jitter     (TSJ):    0.071ns
    Discrete Jitter          (DJ):    0.312ns
    Phase Error              (PE):    0.000ns
  Clock Net Delay (Source):      2.645ns (routing 1.401ns, distribution 1.244ns)
  Clock Net Delay (Destination): 2.361ns (routing 1.282ns, distribution 1.079ns)

    Location             Delay type                Incr(ns)  Path(ns)    Netlist Resource(s)
  -------------------------------------------------------------------    -------------------
                         (clock clk_pl_0 rise edge)
                                                      0.000     0.000 r  
    PS8_X0Y0             PS8                          0.000     0.000 r  kria_starter_kit_i/zynq_ultra_ps_e_0/U0/PS8_i/PLCLK[0]
                         net (fo=1, routed)           0.229     0.229    kria_starter_kit_i/zynq_ultra_ps_e_0/U0/pl_clk_unbuffered[0]
    BUFG_PS_X0Y90        BUFG_PS (Prop_BUFG_PS_I_O)
                                                      0.038     0.267 r  kria_starter_kit_i/zynq_ultra_ps_e_0/U0/buffer_pl_clk_0.PL_CLK_0_BUFG/O
    X1Y2 (CLOCK_ROOT)    net (fo=1510, routed)        2.645     2.912    kria_starter_kit_i/ila_0/U0/ila_core_inst/u_ila_regs/U_XSDB_SLAVE/sl_iport_i[1]
    SLICE_X46Y195        FDRE                                         r  kria_starter_kit_i/ila_0/U0/ila_core_inst/u_ila_regs/U_XSDB_SLAVE/G_1PIPE_IFACE.s_daddr_r_reg[0]/C
  -------------------------------------------------------------------    -------------------
    SLICE_X46Y195        FDRE (Prop_CFF_SLICEL_C_Q)
                                                      0.114     3.026 f  kria_starter_kit_i/ila_0/U0/ila_core_inst/u_ila_regs/U_XSDB_SLAVE/G_1PIPE_IFACE.s_daddr_r_reg[0]/Q
                         net (fo=153, routed)         1.177     4.203    kria_starter_kit_i/ila_0/U0/ila_core_inst/u_ila_regs/s_daddr[0]
    SLICE_X44Y185        LUT2 (Prop_H6LUT_SLICEL_I0_O)
                                                      0.137     4.340 r  kria_starter_kit_i/ila_0/U0/ila_core_inst/u_ila_regs/slaveRegDo_mux_0[9]_i_7/O
                         net (fo=8, routed)           0.436     4.776    kria_starter_kit_i/ila_0/U0/ila_core_inst/u_ila_regs/slaveRegDo_mux_0[9]_i_7_n_0
    SLICE_X43Y186        LUT6 (Prop_G6LUT_SLICEM_I2_O)
                                                      0.226     5.002 r  kria_starter_kit_i/ila_0/U0/ila_core_inst/u_ila_regs/slaveRegDo_mux_0[15]_i_10/O
                         net (fo=1, routed)           0.060     5.062    kria_starter_kit_i/ila_0/U0/ila_core_inst/u_ila_regs/slaveRegDo_mux_0[15]_i_10_n_0
    SLICE_X43Y186        LUT5 (Prop_B6LUT_SLICEM_I0_O)
                                                      0.188     5.250 r  kria_starter_kit_i/ila_0/U0/ila_core_inst/u_ila_regs/slaveRegDo_mux_0[15]_i_3/O
                         net (fo=16, routed)          0.356     5.606    kria_starter_kit_i/ila_0/U0/ila_core_inst/u_ila_regs/slaveRegDo_mux_0[15]_i_3_n_0
    SLICE_X44Y187        LUT6 (Prop_C6LUT_SLICEL_I1_O)
                                                      0.221     5.827 r  kria_starter_kit_i/ila_0/U0/ila_core_inst/u_ila_regs/slaveRegDo_mux_0[1]_i_1/O
                         net (fo=1, routed)           0.069     5.896    kria_starter_kit_i/ila_0/U0/ila_core_inst/u_ila_regs/slaveRegDo_mux_0[1]_i_1_n_0
    SLICE_X44Y187        FDRE                                         r  kria_starter_kit_i/ila_0/U0/ila_core_inst/u_ila_regs/slaveRegDo_mux_0_reg[1]/D
  -------------------------------------------------------------------    -------------------

                         (clock clk_pl_0 rise edge)
                                                     10.000    10.000 r  
    PS8_X0Y0             PS8                          0.000    10.000 r  kria_starter_kit_i/zynq_ultra_ps_e_0/U0/PS8_i/PLCLK[0]
                         net (fo=1, routed)           0.181    10.181    kria_starter_kit_i/zynq_ultra_ps_e_0/U0/pl_clk_unbuffered[0]
    BUFG_PS_X0Y90        BUFG_PS (Prop_BUFG_PS_I_O)
                                                      0.035    10.216 r  kria_starter_kit_i/zynq_ultra_ps_e_0/U0/buffer_pl_clk_0.PL_CLK_0_BUFG/O
    X1Y2 (CLOCK_ROOT)    net (fo=1510, routed)        2.361    12.577    kria_starter_kit_i/ila_0/U0/ila_core_inst/u_ila_regs/s_dclk_o
    SLICE_X44Y187        FDRE                                         r  kria_starter_kit_i/ila_0/U0/ila_core_inst/u_ila_regs/slaveRegDo_mux_0_reg[1]/C
                         clock pessimism              0.210    12.787    
                         clock uncertainty           -0.160    12.627    
    SLICE_X44Y187        FDRE (Setup_CFF_SLICEL_C_D)
                                                      0.044    12.671    kria_starter_kit_i/ila_0/U0/ila_core_inst/u_ila_regs/slaveRegDo_mux_0_reg[1]
  -------------------------------------------------------------------
                         required time                         12.671    
                         arrival time                          -5.896    
  -------------------------------------------------------------------
                         slack                                  6.775    

Slack (MET) :             6.808ns  (required time - arrival time)
  Source:                 kria_starter_kit_i/ila_0/U0/ila_core_inst/u_ila_regs/U_XSDB_SLAVE/G_1PIPE_IFACE.s_daddr_r_reg[0]/C
                            (rising edge-triggered cell FDRE clocked by clk_pl_0  {rise@0.000ns fall@5.000ns period=10.000ns})
  Destination:            kria_starter_kit_i/ila_0/U0/ila_core_inst/u_ila_regs/slaveRegDo_mux_0_reg[4]/D
                            (rising edge-triggered cell FDRE clocked by clk_pl_0  {rise@0.000ns fall@5.000ns period=10.000ns})
  Path Group:             clk_pl_0
  Path Type:              Setup (Max at Slow Process Corner)
  Requirement:            10.000ns  (clk_pl_0 rise@10.000ns - clk_pl_0 rise@0.000ns)
  Data Path Delay:        2.949ns  (logic 0.746ns (25.293%)  route 2.203ns (74.707%))
  Logic Levels:           4  (LUT2=1 LUT5=1 LUT6=2)
  Clock Path Skew:        -0.127ns (DCD - SCD + CPR)
    Destination Clock Delay (DCD):    2.575ns = ( 12.575 - 10.000 ) 
    Source Clock Delay      (SCD):    2.912ns
    Clock Pessimism Removal (CPR):    0.210ns
  Clock Uncertainty:      0.160ns  ((TSJ^2 + DJ^2)^1/2) / 2 + PE
    Total System Jitter     (TSJ):    0.071ns
    Discrete Jitter          (DJ):    0.312ns
    Phase Error              (PE):    0.000ns
  Clock Net Delay (Source):      2.645ns (routing 1.401ns, distribution 1.244ns)
  Clock Net Delay (Destination): 2.359ns (routing 1.282ns, distribution 1.077ns)

    Location             Delay type                Incr(ns)  Path(ns)    Netlist Resource(s)
  -------------------------------------------------------------------    -------------------
                         (clock clk_pl_0 rise edge)
                                                      0.000     0.000 r  
    PS8_X0Y0             PS8                          0.000     0.000 r  kria_starter_kit_i/zynq_ultra_ps_e_0/U0/PS8_i/PLCLK[0]
                         net (fo=1, routed)           0.229     0.229    kria_starter_kit_i/zynq_ultra_ps_e_0/U0/pl_clk_unbuffered[0]
    BUFG_PS_X0Y90        BUFG_PS (Prop_BUFG_PS_I_O)
                                                      0.038     0.267 r  kria_starter_kit_i/zynq_ultra_ps_e_0/U0/buffer_pl_clk_0.PL_CLK_0_BUFG/O
    X1Y2 (CLOCK_ROOT)    net (fo=1510, routed)        2.645     2.912    kria_starter_kit_i/ila_0/U0/ila_core_inst/u_ila_regs/U_XSDB_SLAVE/sl_iport_i[1]
    SLICE_X46Y195        FDRE                                         r  kria_starter_kit_i/ila_0/U0/ila_core_inst/u_ila_regs/U_XSDB_SLAVE/G_1PIPE_IFACE.s_daddr_r_reg[0]/C
  -------------------------------------------------------------------    -------------------
    SLICE_X46Y195        FDRE (Prop_CFF_SLICEL_C_Q)
                                                      0.114     3.026 f  kria_starter_kit_i/ila_0/U0/ila_core_inst/u_ila_regs/U_XSDB_SLAVE/G_1PIPE_IFACE.s_daddr_r_reg[0]/Q
                         net (fo=153, routed)         1.177     4.203    kria_starter_kit_i/ila_0/U0/ila_core_inst/u_ila_regs/s_daddr[0]
    SLICE_X44Y185        LUT2 (Prop_H6LUT_SLICEL_I0_O)
                                                      0.137     4.340 r  kria_starter_kit_i/ila_0/U0/ila_core_inst/u_ila_regs/slaveRegDo_mux_0[9]_i_7/O
                         net (fo=8, routed)           0.436     4.776    kria_starter_kit_i/ila_0/U0/ila_core_inst/u_ila_regs/slaveRegDo_mux_0[9]_i_7_n_0
    SLICE_X43Y186        LUT6 (Prop_G6LUT_SLICEM_I2_O)
                                                      0.226     5.002 r  kria_starter_kit_i/ila_0/U0/ila_core_inst/u_ila_regs/slaveRegDo_mux_0[15]_i_10/O
                         net (fo=1, routed)           0.060     5.062    kria_starter_kit_i/ila_0/U0/ila_core_inst/u_ila_regs/slaveRegDo_mux_0[15]_i_10_n_0
    SLICE_X43Y186        LUT5 (Prop_B6LUT_SLICEM_I0_O)
                                                      0.188     5.250 r  kria_starter_kit_i/ila_0/U0/ila_core_inst/u_ila_regs/slaveRegDo_mux_0[15]_i_3/O
                         net (fo=16, routed)          0.463     5.713    kria_starter_kit_i/ila_0/U0/ila_core_inst/u_ila_regs/slaveRegDo_mux_0[15]_i_3_n_0
    SLICE_X44Y191        LUT6 (Prop_D6LUT_SLICEL_I1_O)
                                                      0.081     5.794 r  kria_starter_kit_i/ila_0/U0/ila_core_inst/u_ila_regs/slaveRegDo_mux_0[4]_i_1/O
                         net (fo=1, routed)           0.067     5.861    kria_starter_kit_i/ila_0/U0/ila_core_inst/u_ila_regs/slaveRegDo_mux_0[4]_i_1_n_0
    SLICE_X44Y191        FDRE                                         r  kria_starter_kit_i/ila_0/U0/ila_core_inst/u_ila_regs/slaveRegDo_mux_0_reg[4]/D
  -------------------------------------------------------------------    -------------------

                         (clock clk_pl_0 rise edge)
                                                     10.000    10.000 r  
    PS8_X0Y0             PS8                          0.000    10.000 r  kria_starter_kit_i/zynq_ultra_ps_e_0/U0/PS8_i/PLCLK[0]
                         net (fo=1, routed)           0.181    10.181    kria_starter_kit_i/zynq_ultra_ps_e_0/U0/pl_clk_unbuffered[0]
    BUFG_PS_X0Y90        BUFG_PS (Prop_BUFG_PS_I_O)
                                                      0.035    10.216 r  kria_starter_kit_i/zynq_ultra_ps_e_0/U0/buffer_pl_clk_0.PL_CLK_0_BUFG/O
    X1Y2 (CLOCK_ROOT)    net (fo=1510, routed)        2.359    12.575    kria_starter_kit_i/ila_0/U0/ila_core_inst/u_ila_regs/s_dclk_o
    SLICE_X44Y191        FDRE                                         r  kria_starter_kit_i/ila_0/U0/ila_core_inst/u_ila_regs/slaveRegDo_mux_0_reg[4]/C
                         clock pessimism              0.210    12.785    
                         clock uncertainty           -0.160    12.625    
    SLICE_X44Y191        FDRE (Setup_DFF_SLICEL_C_D)
                                                      0.044    12.669    kria_starter_kit_i/ila_0/U0/ila_core_inst/u_ila_regs/slaveRegDo_mux_0_reg[4]
  -------------------------------------------------------------------
                         required time                         12.669    
                         arrival time                          -5.861    
  -------------------------------------------------------------------
                         slack                                  6.808    

Slack (MET) :             6.831ns  (required time - arrival time)
  Source:                 kria_starter_kit_i/ila_0/U0/ila_core_inst/u_ila_regs/U_XSDB_SLAVE/G_1PIPE_IFACE.s_daddr_r_reg[0]/C
                            (rising edge-triggered cell FDRE clocked by clk_pl_0  {rise@0.000ns fall@5.000ns period=10.000ns})
  Destination:            kria_starter_kit_i/ila_0/U0/ila_core_inst/u_ila_regs/slaveRegDo_mux_0_reg[9]/D
                            (rising edge-triggered cell FDRE clocked by clk_pl_0  {rise@0.000ns fall@5.000ns period=10.000ns})
  Path Group:             clk_pl_0
  Path Type:              Setup (Max at Slow Process Corner)
  Requirement:            10.000ns  (clk_pl_0 rise@10.000ns - clk_pl_0 rise@0.000ns)
  Data Path Delay:        2.926ns  (logic 0.746ns (25.492%)  route 2.180ns (74.508%))
  Logic Levels:           4  (LUT2=1 LUT5=1 LUT6=2)
  Clock Path Skew:        -0.127ns (DCD - SCD + CPR)
    Destination Clock Delay (DCD):    2.575ns = ( 12.575 - 10.000 ) 
    Source Clock Delay      (SCD):    2.912ns
    Clock Pessimism Removal (CPR):    0.210ns
  Clock Uncertainty:      0.160ns  ((TSJ^2 + DJ^2)^1/2) / 2 + PE
    Total System Jitter     (TSJ):    0.071ns
    Discrete Jitter          (DJ):    0.312ns
    Phase Error              (PE):    0.000ns
  Clock Net Delay (Source):      2.645ns (routing 1.401ns, distribution 1.244ns)
  Clock Net Delay (Destination): 2.359ns (routing 1.282ns, distribution 1.077ns)

    Location             Delay type                Incr(ns)  Path(ns)    Netlist Resource(s)
  -------------------------------------------------------------------    -------------------
                         (clock clk_pl_0 rise edge)
                                                      0.000     0.000 r  
    PS8_X0Y0             PS8                          0.000     0.000 r  kria_starter_kit_i/zynq_ultra_ps_e_0/U0/PS8_i/PLCLK[0]
                         net (fo=1, routed)           0.229     0.229    kria_starter_kit_i/zynq_ultra_ps_e_0/U0/pl_clk_unbuffered[0]
    BUFG_PS_X0Y90        BUFG_PS (Prop_BUFG_PS_I_O)
                                                      0.038     0.267 r  kria_starter_kit_i/zynq_ultra_ps_e_0/U0/buffer_pl_clk_0.PL_CLK_0_BUFG/O
    X1Y2 (CLOCK_ROOT)    net (fo=1510, routed)        2.645     2.912    kria_starter_kit_i/ila_0/U0/ila_core_inst/u_ila_regs/U_XSDB_SLAVE/sl_iport_i[1]
    SLICE_X46Y195        FDRE                                         r  kria_starter_kit_i/ila_0/U0/ila_core_inst/u_ila_regs/U_XSDB_SLAVE/G_1PIPE_IFACE.s_daddr_r_reg[0]/C
  -------------------------------------------------------------------    -------------------
    SLICE_X46Y195        FDRE (Prop_CFF_SLICEL_C_Q)
                                                      0.114     3.026 f  kria_starter_kit_i/ila_0/U0/ila_core_inst/u_ila_regs/U_XSDB_SLAVE/G_1PIPE_IFACE.s_daddr_r_reg[0]/Q
                         net (fo=153, routed)         1.177     4.203    kria_starter_kit_i/ila_0/U0/ila_core_inst/u_ila_regs/s_daddr[0]
    SLICE_X44Y185        LUT2 (Prop_H6LUT_SLICEL_I0_O)
                                                      0.137     4.340 r  kria_starter_kit_i/ila_0/U0/ila_core_inst/u_ila_regs/slaveRegDo_mux_0[9]_i_7/O
                         net (fo=8, routed)           0.436     4.776    kria_starter_kit_i/ila_0/U0/ila_core_inst/u_ila_regs/slaveRegDo_mux_0[9]_i_7_n_0
    SLICE_X43Y186        LUT6 (Prop_G6LUT_SLICEM_I2_O)
                                                      0.226     5.002 r  kria_starter_kit_i/ila_0/U0/ila_core_inst/u_ila_regs/slaveRegDo_mux_0[15]_i_10/O
                         net (fo=1, routed)           0.060     5.062    kria_starter_kit_i/ila_0/U0/ila_core_inst/u_ila_regs/slaveRegDo_mux_0[15]_i_10_n_0
    SLICE_X43Y186        LUT5 (Prop_B6LUT_SLICEM_I0_O)
                                                      0.188     5.250 r  kria_starter_kit_i/ila_0/U0/ila_core_inst/u_ila_regs/slaveRegDo_mux_0[15]_i_3/O
                         net (fo=16, routed)          0.438     5.688    kria_starter_kit_i/ila_0/U0/ila_core_inst/u_ila_regs/slaveRegDo_mux_0[15]_i_3_n_0
    SLICE_X44Y190        LUT6 (Prop_C6LUT_SLICEL_I1_O)
                                                      0.081     5.769 r  kria_starter_kit_i/ila_0/U0/ila_core_inst/u_ila_regs/slaveRegDo_mux_0[9]_i_1/O
                         net (fo=1, routed)           0.069     5.838    kria_starter_kit_i/ila_0/U0/ila_core_inst/u_ila_regs/slaveRegDo_mux_0[9]_i_1_n_0
    SLICE_X44Y190        FDRE                                         r  kria_starter_kit_i/ila_0/U0/ila_core_inst/u_ila_regs/slaveRegDo_mux_0_reg[9]/D
  -------------------------------------------------------------------    -------------------

                         (clock clk_pl_0 rise edge)
                                                     10.000    10.000 r  
    PS8_X0Y0             PS8                          0.000    10.000 r  kria_starter_kit_i/zynq_ultra_ps_e_0/U0/PS8_i/PLCLK[0]
                         net (fo=1, routed)           0.181    10.181    kria_starter_kit_i/zynq_ultra_ps_e_0/U0/pl_clk_unbuffered[0]
    BUFG_PS_X0Y90        BUFG_PS (Prop_BUFG_PS_I_O)
                                                      0.035    10.216 r  kria_starter_kit_i/zynq_ultra_ps_e_0/U0/buffer_pl_clk_0.PL_CLK_0_BUFG/O
    X1Y2 (CLOCK_ROOT)    net (fo=1510, routed)        2.359    12.575    kria_starter_kit_i/ila_0/U0/ila_core_inst/u_ila_regs/s_dclk_o
    SLICE_X44Y190        FDRE                                         r  kria_starter_kit_i/ila_0/U0/ila_core_inst/u_ila_regs/slaveRegDo_mux_0_reg[9]/C
                         clock pessimism              0.210    12.785    
                         clock uncertainty           -0.160    12.625    
    SLICE_X44Y190        FDRE (Setup_CFF_SLICEL_C_D)
                                                      0.044    12.669    kria_starter_kit_i/ila_0/U0/ila_core_inst/u_ila_regs/slaveRegDo_mux_0_reg[9]
  -------------------------------------------------------------------
                         required time                         12.669    
                         arrival time                          -5.838    
  -------------------------------------------------------------------
                         slack                                  6.831    

Slack (MET) :             6.833ns  (required time - arrival time)
  Source:                 kria_starter_kit_i/ila_0/U0/ila_core_inst/u_ila_regs/U_XSDB_SLAVE/G_1PIPE_IFACE.s_daddr_r_reg[0]/C
                            (rising edge-triggered cell FDRE clocked by clk_pl_0  {rise@0.000ns fall@5.000ns period=10.000ns})
  Destination:            kria_starter_kit_i/ila_0/U0/ila_core_inst/u_ila_regs/reg_17/I_EN_CTL_EQ1.U_CTL/xsdb_reg_reg[2]/CE
                            (rising edge-triggered cell FDRE clocked by clk_pl_0  {rise@0.000ns fall@5.000ns period=10.000ns})
  Path Group:             clk_pl_0
  Path Type:              Setup (Max at Slow Process Corner)
  Requirement:            10.000ns  (clk_pl_0 rise@10.000ns - clk_pl_0 rise@0.000ns)
  Data Path Delay:        2.795ns  (logic 0.340ns (12.165%)  route 2.455ns (87.835%))
  Logic Levels:           1  (LUT5=1)
  Clock Path Skew:        -0.133ns (DCD - SCD + CPR)
    Destination Clock Delay (DCD):    2.569ns = ( 12.569 - 10.000 ) 
    Source Clock Delay      (SCD):    2.912ns
    Clock Pessimism Removal (CPR):    0.210ns
  Clock Uncertainty:      0.160ns  ((TSJ^2 + DJ^2)^1/2) / 2 + PE
    Total System Jitter     (TSJ):    0.071ns
    Discrete Jitter          (DJ):    0.312ns
    Phase Error              (PE):    0.000ns
  Clock Net Delay (Source):      2.645ns (routing 1.401ns, distribution 1.244ns)
  Clock Net Delay (Destination): 2.353ns (routing 1.282ns, distribution 1.071ns)

    Location             Delay type                Incr(ns)  Path(ns)    Netlist Resource(s)
  -------------------------------------------------------------------    -------------------
                         (clock clk_pl_0 rise edge)
                                                      0.000     0.000 r  
    PS8_X0Y0             PS8                          0.000     0.000 r  kria_starter_kit_i/zynq_ultra_ps_e_0/U0/PS8_i/PLCLK[0]
                         net (fo=1, routed)           0.229     0.229    kria_starter_kit_i/zynq_ultra_ps_e_0/U0/pl_clk_unbuffered[0]
    BUFG_PS_X0Y90        BUFG_PS (Prop_BUFG_PS_I_O)
                                                      0.038     0.267 r  kria_starter_kit_i/zynq_ultra_ps_e_0/U0/buffer_pl_clk_0.PL_CLK_0_BUFG/O
    X1Y2 (CLOCK_ROOT)    net (fo=1510, routed)        2.645     2.912    kria_starter_kit_i/ila_0/U0/ila_core_inst/u_ila_regs/U_XSDB_SLAVE/sl_iport_i[1]
    SLICE_X46Y195        FDRE                                         r  kria_starter_kit_i/ila_0/U0/ila_core_inst/u_ila_regs/U_XSDB_SLAVE/G_1PIPE_IFACE.s_daddr_r_reg[0]/C
  -------------------------------------------------------------------    -------------------
    SLICE_X46Y195        FDRE (Prop_CFF_SLICEL_C_Q)
                                                      0.114     3.026 r  kria_starter_kit_i/ila_0/U0/ila_core_inst/u_ila_regs/U_XSDB_SLAVE/G_1PIPE_IFACE.s_daddr_r_reg[0]/Q
                         net (fo=153, routed)         1.697     4.723    kria_starter_kit_i/ila_0/U0/ila_core_inst/u_ila_regs/reg_17/I_EN_CTL_EQ1.U_CTL/s_daddr_i[0]
    SLICE_X45Y189        LUT5 (Prop_G6LUT_SLICEM_I3_O)
                                                      0.226     4.949 r  kria_starter_kit_i/ila_0/U0/ila_core_inst/u_ila_regs/reg_17/I_EN_CTL_EQ1.U_CTL/xsdb_reg[15]_i_1/O
                         net (fo=16, routed)          0.757     5.706    kria_starter_kit_i/ila_0/U0/ila_core_inst/u_ila_regs/reg_17/I_EN_CTL_EQ1.U_CTL/xsdb_reg[15]_i_1_n_0
    SLICE_X42Y186        FDRE                                         r  kria_starter_kit_i/ila_0/U0/ila_core_inst/u_ila_regs/reg_17/I_EN_CTL_EQ1.U_CTL/xsdb_reg_reg[2]/CE
  -------------------------------------------------------------------    -------------------

                         (clock clk_pl_0 rise edge)
                                                     10.000    10.000 r  
    PS8_X0Y0             PS8                          0.000    10.000 r  kria_starter_kit_i/zynq_ultra_ps_e_0/U0/PS8_i/PLCLK[0]
                         net (fo=1, routed)           0.181    10.181    kria_starter_kit_i/zynq_ultra_ps_e_0/U0/pl_clk_unbuffered[0]
    BUFG_PS_X0Y90        BUFG_PS (Prop_BUFG_PS_I_O)
                                                      0.035    10.216 r  kria_starter_kit_i/zynq_ultra_ps_e_0/U0/buffer_pl_clk_0.PL_CLK_0_BUFG/O
    X1Y2 (CLOCK_ROOT)    net (fo=1510, routed)        2.353    12.569    kria_starter_kit_i/ila_0/U0/ila_core_inst/u_ila_regs/reg_17/I_EN_CTL_EQ1.U_CTL/s_dclk_i
    SLICE_X42Y186        FDRE                                         r  kria_starter_kit_i/ila_0/U0/ila_core_inst/u_ila_regs/reg_17/I_EN_CTL_EQ1.U_CTL/xsdb_reg_reg[2]/C
                         clock pessimism              0.210    12.778    
                         clock uncertainty           -0.160    12.618    
    SLICE_X42Y186        FDRE (Setup_HFF2_SLICEL_C_CE)
                                                     -0.079    12.539    kria_starter_kit_i/ila_0/U0/ila_core_inst/u_ila_regs/reg_17/I_EN_CTL_EQ1.U_CTL/xsdb_reg_reg[2]
  -------------------------------------------------------------------
                         required time                         12.539    
                         arrival time                          -5.706    
  -------------------------------------------------------------------
                         slack                                  6.833    

Slack (MET) :             6.835ns  (required time - arrival time)
  Source:                 kria_starter_kit_i/ila_0/U0/ila_core_inst/u_ila_regs/U_XSDB_SLAVE/G_1PIPE_IFACE.s_daddr_r_reg[0]/C
                            (rising edge-triggered cell FDRE clocked by clk_pl_0  {rise@0.000ns fall@5.000ns period=10.000ns})
  Destination:            kria_starter_kit_i/ila_0/U0/ila_core_inst/u_ila_regs/slaveRegDo_mux_0_reg[10]/D
                            (rising edge-triggered cell FDRE clocked by clk_pl_0  {rise@0.000ns fall@5.000ns period=10.000ns})
  Path Group:             clk_pl_0
  Path Type:              Setup (Max at Slow Process Corner)
  Requirement:            10.000ns  (clk_pl_0 rise@10.000ns - clk_pl_0 rise@0.000ns)
  Data Path Delay:        2.922ns  (logic 0.746ns (25.527%)  route 2.176ns (74.473%))
  Logic Levels:           4  (LUT2=1 LUT4=1 LUT5=1 LUT6=1)
  Clock Path Skew:        -0.127ns (DCD - SCD + CPR)
    Destination Clock Delay (DCD):    2.575ns = ( 12.575 - 10.000 ) 
    Source Clock Delay      (SCD):    2.912ns
    Clock Pessimism Removal (CPR):    0.210ns
  Clock Uncertainty:      0.160ns  ((TSJ^2 + DJ^2)^1/2) / 2 + PE
    Total System Jitter     (TSJ):    0.071ns
    Discrete Jitter          (DJ):    0.312ns
    Phase Error              (PE):    0.000ns
  Clock Net Delay (Source):      2.645ns (routing 1.401ns, distribution 1.244ns)
  Clock Net Delay (Destination): 2.359ns (routing 1.282ns, distribution 1.077ns)

    Location             Delay type                Incr(ns)  Path(ns)    Netlist Resource(s)
  -------------------------------------------------------------------    -------------------
                         (clock clk_pl_0 rise edge)
                                                      0.000     0.000 r  
    PS8_X0Y0             PS8                          0.000     0.000 r  kria_starter_kit_i/zynq_ultra_ps_e_0/U0/PS8_i/PLCLK[0]
                         net (fo=1, routed)           0.229     0.229    kria_starter_kit_i/zynq_ultra_ps_e_0/U0/pl_clk_unbuffered[0]
    BUFG_PS_X0Y90        BUFG_PS (Prop_BUFG_PS_I_O)
                                                      0.038     0.267 r  kria_starter_kit_i/zynq_ultra_ps_e_0/U0/buffer_pl_clk_0.PL_CLK_0_BUFG/O
    X1Y2 (CLOCK_ROOT)    net (fo=1510, routed)        2.645     2.912    kria_starter_kit_i/ila_0/U0/ila_core_inst/u_ila_regs/U_XSDB_SLAVE/sl_iport_i[1]
    SLICE_X46Y195        FDRE                                         r  kria_starter_kit_i/ila_0/U0/ila_core_inst/u_ila_regs/U_XSDB_SLAVE/G_1PIPE_IFACE.s_daddr_r_reg[0]/C
  -------------------------------------------------------------------    -------------------
    SLICE_X46Y195        FDRE (Prop_CFF_SLICEL_C_Q)
                                                      0.114     3.026 f  kria_starter_kit_i/ila_0/U0/ila_core_inst/u_ila_regs/U_XSDB_SLAVE/G_1PIPE_IFACE.s_daddr_r_reg[0]/Q
                         net (fo=153, routed)         1.177     4.203    kria_starter_kit_i/ila_0/U0/ila_core_inst/u_ila_regs/s_daddr[0]
    SLICE_X44Y185        LUT2 (Prop_H6LUT_SLICEL_I0_O)
                                                      0.137     4.340 r  kria_starter_kit_i/ila_0/U0/ila_core_inst/u_ila_regs/slaveRegDo_mux_0[9]_i_7/O
                         net (fo=8, routed)           0.436     4.776    kria_starter_kit_i/ila_0/U0/ila_core_inst/u_ila_regs/slaveRegDo_mux_0[9]_i_7_n_0
    SLICE_X43Y186        LUT6 (Prop_G6LUT_SLICEM_I2_O)
                                                      0.226     5.002 r  kria_starter_kit_i/ila_0/U0/ila_core_inst/u_ila_regs/slaveRegDo_mux_0[15]_i_10/O
                         net (fo=1, routed)           0.060     5.062    kria_starter_kit_i/ila_0/U0/ila_core_inst/u_ila_regs/slaveRegDo_mux_0[15]_i_10_n_0
    SLICE_X43Y186        LUT5 (Prop_B6LUT_SLICEM_I0_O)
                                                      0.188     5.250 r  kria_starter_kit_i/ila_0/U0/ila_core_inst/u_ila_regs/slaveRegDo_mux_0[15]_i_3/O
                         net (fo=16, routed)          0.436     5.686    kria_starter_kit_i/ila_0/U0/ila_core_inst/u_ila_regs/slaveRegDo_mux_0[15]_i_3_n_0
    SLICE_X44Y190        LUT4 (Prop_D6LUT_SLICEL_I1_O)
                                                      0.081     5.767 r  kria_starter_kit_i/ila_0/U0/ila_core_inst/u_ila_regs/slaveRegDo_mux_0[10]_i_1/O
                         net (fo=1, routed)           0.067     5.834    kria_starter_kit_i/ila_0/U0/ila_core_inst/u_ila_regs/slaveRegDo_mux_0[10]_i_1_n_0
    SLICE_X44Y190        FDRE                                         r  kria_starter_kit_i/ila_0/U0/ila_core_inst/u_ila_regs/slaveRegDo_mux_0_reg[10]/D
  -------------------------------------------------------------------    -------------------

                         (clock clk_pl_0 rise edge)
                                                     10.000    10.000 r  
    PS8_X0Y0             PS8                          0.000    10.000 r  kria_starter_kit_i/zynq_ultra_ps_e_0/U0/PS8_i/PLCLK[0]
                         net (fo=1, routed)           0.181    10.181    kria_starter_kit_i/zynq_ultra_ps_e_0/U0/pl_clk_unbuffered[0]
    BUFG_PS_X0Y90        BUFG_PS (Prop_BUFG_PS_I_O)
                                                      0.035    10.216 r  kria_starter_kit_i/zynq_ultra_ps_e_0/U0/buffer_pl_clk_0.PL_CLK_0_BUFG/O
    X1Y2 (CLOCK_ROOT)    net (fo=1510, routed)        2.359    12.575    kria_starter_kit_i/ila_0/U0/ila_core_inst/u_ila_regs/s_dclk_o
    SLICE_X44Y190        FDRE                                         r  kria_starter_kit_i/ila_0/U0/ila_core_inst/u_ila_regs/slaveRegDo_mux_0_reg[10]/C
                         clock pessimism              0.210    12.785    
                         clock uncertainty           -0.160    12.625    
    SLICE_X44Y190        FDRE (Setup_DFF_SLICEL_C_D)
                                                      0.044    12.669    kria_starter_kit_i/ila_0/U0/ila_core_inst/u_ila_regs/slaveRegDo_mux_0_reg[10]
  -------------------------------------------------------------------
                         required time                         12.669    
                         arrival time                          -5.834    
  -------------------------------------------------------------------
                         slack                                  6.835    

Slack (MET) :             6.838ns  (required time - arrival time)
  Source:                 kria_starter_kit_i/ila_0/U0/ila_core_inst/u_ila_regs/U_XSDB_SLAVE/G_1PIPE_IFACE.s_daddr_r_reg[0]/C
                            (rising edge-triggered cell FDRE clocked by clk_pl_0  {rise@0.000ns fall@5.000ns period=10.000ns})
  Destination:            kria_starter_kit_i/ila_0/U0/ila_core_inst/u_ila_regs/slaveRegDo_mux_0_reg[8]/D
                            (rising edge-triggered cell FDRE clocked by clk_pl_0  {rise@0.000ns fall@5.000ns period=10.000ns})
  Path Group:             clk_pl_0
  Path Type:              Setup (Max at Slow Process Corner)
  Requirement:            10.000ns  (clk_pl_0 rise@10.000ns - clk_pl_0 rise@0.000ns)
  Data Path Delay:        2.923ns  (logic 0.818ns (27.984%)  route 2.105ns (72.016%))
  Logic Levels:           4  (LUT2=1 LUT5=1 LUT6=2)
  Clock Path Skew:        -0.123ns (DCD - SCD + CPR)
    Destination Clock Delay (DCD):    2.579ns = ( 12.579 - 10.000 ) 
    Source Clock Delay      (SCD):    2.912ns
    Clock Pessimism Removal (CPR):    0.210ns
  Clock Uncertainty:      0.160ns  ((TSJ^2 + DJ^2)^1/2) / 2 + PE
    Total System Jitter     (TSJ):    0.071ns
    Discrete Jitter          (DJ):    0.312ns
    Phase Error              (PE):    0.000ns
  Clock Net Delay (Source):      2.645ns (routing 1.401ns, distribution 1.244ns)
  Clock Net Delay (Destination): 2.363ns (routing 1.282ns, distribution 1.081ns)

    Location             Delay type                Incr(ns)  Path(ns)    Netlist Resource(s)
  -------------------------------------------------------------------    -------------------
                         (clock clk_pl_0 rise edge)
                                                      0.000     0.000 r  
    PS8_X0Y0             PS8                          0.000     0.000 r  kria_starter_kit_i/zynq_ultra_ps_e_0/U0/PS8_i/PLCLK[0]
                         net (fo=1, routed)           0.229     0.229    kria_starter_kit_i/zynq_ultra_ps_e_0/U0/pl_clk_unbuffered[0]
    BUFG_PS_X0Y90        BUFG_PS (Prop_BUFG_PS_I_O)
                                                      0.038     0.267 r  kria_starter_kit_i/zynq_ultra_ps_e_0/U0/buffer_pl_clk_0.PL_CLK_0_BUFG/O
    X1Y2 (CLOCK_ROOT)    net (fo=1510, routed)        2.645     2.912    kria_starter_kit_i/ila_0/U0/ila_core_inst/u_ila_regs/U_XSDB_SLAVE/sl_iport_i[1]
    SLICE_X46Y195        FDRE                                         r  kria_starter_kit_i/ila_0/U0/ila_core_inst/u_ila_regs/U_XSDB_SLAVE/G_1PIPE_IFACE.s_daddr_r_reg[0]/C
  -------------------------------------------------------------------    -------------------
    SLICE_X46Y195        FDRE (Prop_CFF_SLICEL_C_Q)
                                                      0.114     3.026 f  kria_starter_kit_i/ila_0/U0/ila_core_inst/u_ila_regs/U_XSDB_SLAVE/G_1PIPE_IFACE.s_daddr_r_reg[0]/Q
                         net (fo=153, routed)         1.177     4.203    kria_starter_kit_i/ila_0/U0/ila_core_inst/u_ila_regs/s_daddr[0]
    SLICE_X44Y185        LUT2 (Prop_H6LUT_SLICEL_I0_O)
                                                      0.137     4.340 r  kria_starter_kit_i/ila_0/U0/ila_core_inst/u_ila_regs/slaveRegDo_mux_0[9]_i_7/O
                         net (fo=8, routed)           0.436     4.776    kria_starter_kit_i/ila_0/U0/ila_core_inst/u_ila_regs/slaveRegDo_mux_0[9]_i_7_n_0
    SLICE_X43Y186        LUT6 (Prop_G6LUT_SLICEM_I2_O)
                                                      0.226     5.002 r  kria_starter_kit_i/ila_0/U0/ila_core_inst/u_ila_regs/slaveRegDo_mux_0[15]_i_10/O
                         net (fo=1, routed)           0.060     5.062    kria_starter_kit_i/ila_0/U0/ila_core_inst/u_ila_regs/slaveRegDo_mux_0[15]_i_10_n_0
    SLICE_X43Y186        LUT5 (Prop_B6LUT_SLICEM_I0_O)
                                                      0.188     5.250 r  kria_starter_kit_i/ila_0/U0/ila_core_inst/u_ila_regs/slaveRegDo_mux_0[15]_i_3/O
                         net (fo=16, routed)          0.361     5.612    kria_starter_kit_i/ila_0/U0/ila_core_inst/u_ila_regs/slaveRegDo_mux_0[15]_i_3_n_0
    SLICE_X44Y188        LUT6 (Prop_H6LUT_SLICEL_I1_O)
                                                      0.153     5.765 r  kria_starter_kit_i/ila_0/U0/ila_core_inst/u_ila_regs/slaveRegDo_mux_0[8]_i_1/O
                         net (fo=1, routed)           0.070     5.835    kria_starter_kit_i/ila_0/U0/ila_core_inst/u_ila_regs/slaveRegDo_mux_0[8]_i_1_n_0
    SLICE_X44Y188        FDRE                                         r  kria_starter_kit_i/ila_0/U0/ila_core_inst/u_ila_regs/slaveRegDo_mux_0_reg[8]/D
  -------------------------------------------------------------------    -------------------

                         (clock clk_pl_0 rise edge)
                                                     10.000    10.000 r  
    PS8_X0Y0             PS8                          0.000    10.000 r  kria_starter_kit_i/zynq_ultra_ps_e_0/U0/PS8_i/PLCLK[0]
                         net (fo=1, routed)           0.181    10.181    kria_starter_kit_i/zynq_ultra_ps_e_0/U0/pl_clk_unbuffered[0]
    BUFG_PS_X0Y90        BUFG_PS (Prop_BUFG_PS_I_O)
                                                      0.035    10.216 r  kria_starter_kit_i/zynq_ultra_ps_e_0/U0/buffer_pl_clk_0.PL_CLK_0_BUFG/O
    X1Y2 (CLOCK_ROOT)    net (fo=1510, routed)        2.363    12.579    kria_starter_kit_i/ila_0/U0/ila_core_inst/u_ila_regs/s_dclk_o
    SLICE_X44Y188        FDRE                                         r  kria_starter_kit_i/ila_0/U0/ila_core_inst/u_ila_regs/slaveRegDo_mux_0_reg[8]/C
                         clock pessimism              0.210    12.789    
                         clock uncertainty           -0.160    12.629    
    SLICE_X44Y188        FDRE (Setup_HFF_SLICEL_C_D)
                                                      0.044    12.673    kria_starter_kit_i/ila_0/U0/ila_core_inst/u_ila_regs/slaveRegDo_mux_0_reg[8]
  -------------------------------------------------------------------
                         required time                         12.673    
                         arrival time                          -5.835    
  -------------------------------------------------------------------
                         slack                                  6.838    

Slack (MET) :             6.839ns  (required time - arrival time)
  Source:                 kria_starter_kit_i/ila_0/U0/ila_core_inst/u_ila_regs/U_XSDB_SLAVE/G_1PIPE_IFACE.s_daddr_r_reg[0]/C
                            (rising edge-triggered cell FDRE clocked by clk_pl_0  {rise@0.000ns fall@5.000ns period=10.000ns})
  Destination:            kria_starter_kit_i/ila_0/U0/ila_core_inst/u_ila_regs/reg_17/I_EN_CTL_EQ1.U_CTL/xsdb_reg_reg[1]/CE
                            (rising edge-triggered cell FDRE clocked by clk_pl_0  {rise@0.000ns fall@5.000ns period=10.000ns})
  Path Group:             clk_pl_0
  Path Type:              Setup (Max at Slow Process Corner)
  Requirement:            10.000ns  (clk_pl_0 rise@10.000ns - clk_pl_0 rise@0.000ns)
  Data Path Delay:        2.793ns  (logic 0.340ns (12.174%)  route 2.453ns (87.826%))
  Logic Levels:           1  (LUT5=1)
  Clock Path Skew:        -0.127ns (DCD - SCD + CPR)
    Destination Clock Delay (DCD):    2.575ns = ( 12.575 - 10.000 ) 
    Source Clock Delay      (SCD):    2.912ns
    Clock Pessimism Removal (CPR):    0.210ns
  Clock Uncertainty:      0.160ns  ((TSJ^2 + DJ^2)^1/2) / 2 + PE
    Total System Jitter     (TSJ):    0.071ns
    Discrete Jitter          (DJ):    0.312ns
    Phase Error              (PE):    0.000ns
  Clock Net Delay (Source):      2.645ns (routing 1.401ns, distribution 1.244ns)
  Clock Net Delay (Destination): 2.359ns (routing 1.282ns, distribution 1.077ns)

    Location             Delay type                Incr(ns)  Path(ns)    Netlist Resource(s)
  -------------------------------------------------------------------    -------------------
                         (clock clk_pl_0 rise edge)
                                                      0.000     0.000 r  
    PS8_X0Y0             PS8                          0.000     0.000 r  kria_starter_kit_i/zynq_ultra_ps_e_0/U0/PS8_i/PLCLK[0]
                         net (fo=1, routed)           0.229     0.229    kria_starter_kit_i/zynq_ultra_ps_e_0/U0/pl_clk_unbuffered[0]
    BUFG_PS_X0Y90        BUFG_PS (Prop_BUFG_PS_I_O)
                                                      0.038     0.267 r  kria_starter_kit_i/zynq_ultra_ps_e_0/U0/buffer_pl_clk_0.PL_CLK_0_BUFG/O
    X1Y2 (CLOCK_ROOT)    net (fo=1510, routed)        2.645     2.912    kria_starter_kit_i/ila_0/U0/ila_core_inst/u_ila_regs/U_XSDB_SLAVE/sl_iport_i[1]
    SLICE_X46Y195        FDRE                                         r  kria_starter_kit_i/ila_0/U0/ila_core_inst/u_ila_regs/U_XSDB_SLAVE/G_1PIPE_IFACE.s_daddr_r_reg[0]/C
  -------------------------------------------------------------------    -------------------
    SLICE_X46Y195        FDRE (Prop_CFF_SLICEL_C_Q)
                                                      0.114     3.026 r  kria_starter_kit_i/ila_0/U0/ila_core_inst/u_ila_regs/U_XSDB_SLAVE/G_1PIPE_IFACE.s_daddr_r_reg[0]/Q
                         net (fo=153, routed)         1.697     4.723    kria_starter_kit_i/ila_0/U0/ila_core_inst/u_ila_regs/reg_17/I_EN_CTL_EQ1.U_CTL/s_daddr_i[0]
    SLICE_X45Y189        LUT5 (Prop_G6LUT_SLICEM_I3_O)
                                                      0.226     4.949 r  kria_starter_kit_i/ila_0/U0/ila_core_inst/u_ila_regs/reg_17/I_EN_CTL_EQ1.U_CTL/xsdb_reg[15]_i_1/O
                         net (fo=16, routed)          0.755     5.704    kria_starter_kit_i/ila_0/U0/ila_core_inst/u_ila_regs/reg_17/I_EN_CTL_EQ1.U_CTL/xsdb_reg[15]_i_1_n_0
    SLICE_X41Y186        FDRE                                         r  kria_starter_kit_i/ila_0/U0/ila_core_inst/u_ila_regs/reg_17/I_EN_CTL_EQ1.U_CTL/xsdb_reg_reg[1]/CE
  -------------------------------------------------------------------    -------------------

                         (clock clk_pl_0 rise edge)
                                                     10.000    10.000 r  
    PS8_X0Y0             PS8                          0.000    10.000 r  kria_starter_kit_i/zynq_ultra_ps_e_0/U0/PS8_i/PLCLK[0]
                         net (fo=1, routed)           0.181    10.181    kria_starter_kit_i/zynq_ultra_ps_e_0/U0/pl_clk_unbuffered[0]
    BUFG_PS_X0Y90        BUFG_PS (Prop_BUFG_PS_I_O)
                                                      0.035    10.216 r  kria_starter_kit_i/zynq_ultra_ps_e_0/U0/buffer_pl_clk_0.PL_CLK_0_BUFG/O
    X1Y2 (CLOCK_ROOT)    net (fo=1510, routed)        2.359    12.575    kria_starter_kit_i/ila_0/U0/ila_core_inst/u_ila_regs/reg_17/I_EN_CTL_EQ1.U_CTL/s_dclk_i
    SLICE_X41Y186        FDRE                                         r  kria_starter_kit_i/ila_0/U0/ila_core_inst/u_ila_regs/reg_17/I_EN_CTL_EQ1.U_CTL/xsdb_reg_reg[1]/C
                         clock pessimism              0.210    12.784    
                         clock uncertainty           -0.160    12.624    
    SLICE_X41Y186        FDRE (Setup_HFF_SLICEM_C_CE)
                                                     -0.081    12.543    kria_starter_kit_i/ila_0/U0/ila_core_inst/u_ila_regs/reg_17/I_EN_CTL_EQ1.U_CTL/xsdb_reg_reg[1]
  -------------------------------------------------------------------
                         required time                         12.543    
                         arrival time                          -5.704    
  -------------------------------------------------------------------
                         slack                                  6.839    

Slack (MET) :             6.849ns  (required time - arrival time)
  Source:                 kria_starter_kit_i/ila_0/U0/ila_core_inst/u_ila_regs/U_XSDB_SLAVE/G_1PIPE_IFACE.s_daddr_r_reg[0]/C
                            (rising edge-triggered cell FDRE clocked by clk_pl_0  {rise@0.000ns fall@5.000ns period=10.000ns})
  Destination:            kria_starter_kit_i/ila_0/U0/ila_core_inst/u_ila_regs/reg_81/I_EN_CTL_EQ1.U_CTL/xsdb_reg_reg[11]/CE
                            (rising edge-triggered cell FDRE clocked by clk_pl_0  {rise@0.000ns fall@5.000ns period=10.000ns})
  Path Group:             clk_pl_0
  Path Type:              Setup (Max at Slow Process Corner)
  Requirement:            10.000ns  (clk_pl_0 rise@10.000ns - clk_pl_0 rise@0.000ns)
  Data Path Delay:        2.774ns  (logic 0.266ns (9.588%)  route 2.508ns (90.412%))
  Logic Levels:           1  (LUT5=1)
  Clock Path Skew:        -0.138ns (DCD - SCD + CPR)
    Destination Clock Delay (DCD):    2.564ns = ( 12.564 - 10.000 ) 
    Source Clock Delay      (SCD):    2.912ns
    Clock Pessimism Removal (CPR):    0.210ns
  Clock Uncertainty:      0.160ns  ((TSJ^2 + DJ^2)^1/2) / 2 + PE
    Total System Jitter     (TSJ):    0.071ns
    Discrete Jitter          (DJ):    0.312ns
    Phase Error              (PE):    0.000ns
  Clock Net Delay (Source):      2.645ns (routing 1.401ns, distribution 1.244ns)
  Clock Net Delay (Destination): 2.348ns (routing 1.282ns, distribution 1.066ns)

    Location             Delay type                Incr(ns)  Path(ns)    Netlist Resource(s)
  -------------------------------------------------------------------    -------------------
                         (clock clk_pl_0 rise edge)
                                                      0.000     0.000 r  
    PS8_X0Y0             PS8                          0.000     0.000 r  kria_starter_kit_i/zynq_ultra_ps_e_0/U0/PS8_i/PLCLK[0]
                         net (fo=1, routed)           0.229     0.229    kria_starter_kit_i/zynq_ultra_ps_e_0/U0/pl_clk_unbuffered[0]
    BUFG_PS_X0Y90        BUFG_PS (Prop_BUFG_PS_I_O)
                                                      0.038     0.267 r  kria_starter_kit_i/zynq_ultra_ps_e_0/U0/buffer_pl_clk_0.PL_CLK_0_BUFG/O
    X1Y2 (CLOCK_ROOT)    net (fo=1510, routed)        2.645     2.912    kria_starter_kit_i/ila_0/U0/ila_core_inst/u_ila_regs/U_XSDB_SLAVE/sl_iport_i[1]
    SLICE_X46Y195        FDRE                                         r  kria_starter_kit_i/ila_0/U0/ila_core_inst/u_ila_regs/U_XSDB_SLAVE/G_1PIPE_IFACE.s_daddr_r_reg[0]/C
  -------------------------------------------------------------------    -------------------
    SLICE_X46Y195        FDRE (Prop_CFF_SLICEL_C_Q)
                                                      0.114     3.026 r  kria_starter_kit_i/ila_0/U0/ila_core_inst/u_ila_regs/U_XSDB_SLAVE/G_1PIPE_IFACE.s_daddr_r_reg[0]/Q
                         net (fo=153, routed)         1.668     4.694    kria_starter_kit_i/ila_0/U0/ila_core_inst/u_ila_regs/reg_81/I_EN_CTL_EQ1.U_CTL/s_daddr_i[0]
    SLICE_X45Y189        LUT5 (Prop_B6LUT_SLICEM_I3_O)
                                                      0.152     4.846 r  kria_starter_kit_i/ila_0/U0/ila_core_inst/u_ila_regs/reg_81/I_EN_CTL_EQ1.U_CTL/xsdb_reg[15]_i_1/O
                         net (fo=16, routed)          0.840     5.686    kria_starter_kit_i/ila_0/U0/ila_core_inst/u_ila_regs/reg_81/I_EN_CTL_EQ1.U_CTL/xsdb_reg[15]_i_1_n_0
    SLICE_X42Y196        FDRE                                         r  kria_starter_kit_i/ila_0/U0/ila_core_inst/u_ila_regs/reg_81/I_EN_CTL_EQ1.U_CTL/xsdb_reg_reg[11]/CE
  -------------------------------------------------------------------    -------------------

                         (clock clk_pl_0 rise edge)
                                                     10.000    10.000 r  
    PS8_X0Y0             PS8                          0.000    10.000 r  kria_starter_kit_i/zynq_ultra_ps_e_0/U0/PS8_i/PLCLK[0]
                         net (fo=1, routed)           0.181    10.181    kria_starter_kit_i/zynq_ultra_ps_e_0/U0/pl_clk_unbuffered[0]
    BUFG_PS_X0Y90        BUFG_PS (Prop_BUFG_PS_I_O)
                                                      0.035    10.216 r  kria_starter_kit_i/zynq_ultra_ps_e_0/U0/buffer_pl_clk_0.PL_CLK_0_BUFG/O
    X1Y2 (CLOCK_ROOT)    net (fo=1510, routed)        2.348    12.564    kria_starter_kit_i/ila_0/U0/ila_core_inst/u_ila_regs/reg_81/I_EN_CTL_EQ1.U_CTL/s_dclk_i
    SLICE_X42Y196        FDRE                                         r  kria_starter_kit_i/ila_0/U0/ila_core_inst/u_ila_regs/reg_81/I_EN_CTL_EQ1.U_CTL/xsdb_reg_reg[11]/C
                         clock pessimism              0.210    12.773    
                         clock uncertainty           -0.160    12.613    
    SLICE_X42Y196        FDRE (Setup_HFF_SLICEL_C_CE)
                                                     -0.079    12.534    kria_starter_kit_i/ila_0/U0/ila_core_inst/u_ila_regs/reg_81/I_EN_CTL_EQ1.U_CTL/xsdb_reg_reg[11]
  -------------------------------------------------------------------
                         required time                         12.534    
                         arrival time                          -5.686    
  -------------------------------------------------------------------
                         slack                                  6.849    

Slack (MET) :             6.849ns  (required time - arrival time)
  Source:                 kria_starter_kit_i/ila_0/U0/ila_core_inst/u_ila_regs/U_XSDB_SLAVE/G_1PIPE_IFACE.s_daddr_r_reg[0]/C
                            (rising edge-triggered cell FDRE clocked by clk_pl_0  {rise@0.000ns fall@5.000ns period=10.000ns})
  Destination:            kria_starter_kit_i/ila_0/U0/ila_core_inst/u_ila_regs/reg_81/I_EN_CTL_EQ1.U_CTL/xsdb_reg_reg[3]/CE
                            (rising edge-triggered cell FDRE clocked by clk_pl_0  {rise@0.000ns fall@5.000ns period=10.000ns})
  Path Group:             clk_pl_0
  Path Type:              Setup (Max at Slow Process Corner)
  Requirement:            10.000ns  (clk_pl_0 rise@10.000ns - clk_pl_0 rise@0.000ns)
  Data Path Delay:        2.774ns  (logic 0.266ns (9.588%)  route 2.508ns (90.412%))
  Logic Levels:           1  (LUT5=1)
  Clock Path Skew:        -0.138ns (DCD - SCD + CPR)
    Destination Clock Delay (DCD):    2.564ns = ( 12.564 - 10.000 ) 
    Source Clock Delay      (SCD):    2.912ns
    Clock Pessimism Removal (CPR):    0.210ns
  Clock Uncertainty:      0.160ns  ((TSJ^2 + DJ^2)^1/2) / 2 + PE
    Total System Jitter     (TSJ):    0.071ns
    Discrete Jitter          (DJ):    0.312ns
    Phase Error              (PE):    0.000ns
  Clock Net Delay (Source):      2.645ns (routing 1.401ns, distribution 1.244ns)
  Clock Net Delay (Destination): 2.348ns (routing 1.282ns, distribution 1.066ns)

    Location             Delay type                Incr(ns)  Path(ns)    Netlist Resource(s)
  -------------------------------------------------------------------    -------------------
                         (clock clk_pl_0 rise edge)
                                                      0.000     0.000 r  
    PS8_X0Y0             PS8                          0.000     0.000 r  kria_starter_kit_i/zynq_ultra_ps_e_0/U0/PS8_i/PLCLK[0]
                         net (fo=1, routed)           0.229     0.229    kria_starter_kit_i/zynq_ultra_ps_e_0/U0/pl_clk_unbuffered[0]
    BUFG_PS_X0Y90        BUFG_PS (Prop_BUFG_PS_I_O)
                                                      0.038     0.267 r  kria_starter_kit_i/zynq_ultra_ps_e_0/U0/buffer_pl_clk_0.PL_CLK_0_BUFG/O
    X1Y2 (CLOCK_ROOT)    net (fo=1510, routed)        2.645     2.912    kria_starter_kit_i/ila_0/U0/ila_core_inst/u_ila_regs/U_XSDB_SLAVE/sl_iport_i[1]
    SLICE_X46Y195        FDRE                                         r  kria_starter_kit_i/ila_0/U0/ila_core_inst/u_ila_regs/U_XSDB_SLAVE/G_1PIPE_IFACE.s_daddr_r_reg[0]/C
  -------------------------------------------------------------------    -------------------
    SLICE_X46Y195        FDRE (Prop_CFF_SLICEL_C_Q)
                                                      0.114     3.026 r  kria_starter_kit_i/ila_0/U0/ila_core_inst/u_ila_regs/U_XSDB_SLAVE/G_1PIPE_IFACE.s_daddr_r_reg[0]/Q
                         net (fo=153, routed)         1.668     4.694    kria_starter_kit_i/ila_0/U0/ila_core_inst/u_ila_regs/reg_81/I_EN_CTL_EQ1.U_CTL/s_daddr_i[0]
    SLICE_X45Y189        LUT5 (Prop_B6LUT_SLICEM_I3_O)
                                                      0.152     4.846 r  kria_starter_kit_i/ila_0/U0/ila_core_inst/u_ila_regs/reg_81/I_EN_CTL_EQ1.U_CTL/xsdb_reg[15]_i_1/O
                         net (fo=16, routed)          0.840     5.686    kria_starter_kit_i/ila_0/U0/ila_core_inst/u_ila_regs/reg_81/I_EN_CTL_EQ1.U_CTL/xsdb_reg[15]_i_1_n_0
    SLICE_X42Y196        FDRE                                         r  kria_starter_kit_i/ila_0/U0/ila_core_inst/u_ila_regs/reg_81/I_EN_CTL_EQ1.U_CTL/xsdb_reg_reg[3]/CE
  -------------------------------------------------------------------    -------------------

                         (clock clk_pl_0 rise edge)
                                                     10.000    10.000 r  
    PS8_X0Y0             PS8                          0.000    10.000 r  kria_starter_kit_i/zynq_ultra_ps_e_0/U0/PS8_i/PLCLK[0]
                         net (fo=1, routed)           0.181    10.181    kria_starter_kit_i/zynq_ultra_ps_e_0/U0/pl_clk_unbuffered[0]
    BUFG_PS_X0Y90        BUFG_PS (Prop_BUFG_PS_I_O)
                                                      0.035    10.216 r  kria_starter_kit_i/zynq_ultra_ps_e_0/U0/buffer_pl_clk_0.PL_CLK_0_BUFG/O
    X1Y2 (CLOCK_ROOT)    net (fo=1510, routed)        2.348    12.564    kria_starter_kit_i/ila_0/U0/ila_core_inst/u_ila_regs/reg_81/I_EN_CTL_EQ1.U_CTL/s_dclk_i
    SLICE_X42Y196        FDRE                                         r  kria_starter_kit_i/ila_0/U0/ila_core_inst/u_ila_regs/reg_81/I_EN_CTL_EQ1.U_CTL/xsdb_reg_reg[3]/C
                         clock pessimism              0.210    12.773    
                         clock uncertainty           -0.160    12.613    
    SLICE_X42Y196        FDRE (Setup_GFF_SLICEL_C_CE)
                                                     -0.079    12.534    kria_starter_kit_i/ila_0/U0/ila_core_inst/u_ila_regs/reg_81/I_EN_CTL_EQ1.U_CTL/xsdb_reg_reg[3]
  -------------------------------------------------------------------
                         required time                         12.534    
                         arrival time                          -5.686    
  -------------------------------------------------------------------
                         slack                                  6.849    





Min Delay Paths
--------------------------------------------------------------------------------------
Slack (MET) :             0.011ns  (arrival time - required time)
  Source:                 dbg_hub/inst/BSCANID.u_xsdbm_id/CORE_XSDB.UUT_MASTER/U_XSDB_ADDRESS_CONTROLLER/addr_reg[7]/C
                            (rising edge-triggered cell FDRE clocked by clk_pl_0  {rise@0.000ns fall@5.000ns period=10.000ns})
  Destination:            kria_starter_kit_i/ila_0/U0/ila_core_inst/u_ila_regs/U_XSDB_SLAVE/G_1PIPE_IFACE.s_daddr_r_reg[7]/D
                            (rising edge-triggered cell FDRE clocked by clk_pl_0  {rise@0.000ns fall@5.000ns period=10.000ns})
  Path Group:             clk_pl_0
  Path Type:              Hold (Min at Slow Process Corner)
  Requirement:            0.000ns  (clk_pl_0 rise@0.000ns - clk_pl_0 rise@0.000ns)
  Data Path Delay:        0.208ns  (logic 0.112ns (53.830%)  route 0.096ns (46.170%))
  Logic Levels:           0  
  Clock Path Skew:        0.095ns (DCD - SCD - CPR)
    Destination Clock Delay (DCD):    2.905ns
    Source Clock Delay      (SCD):    2.600ns
    Clock Pessimism Removal (CPR):    0.210ns
  Clock Net Delay (Source):      2.384ns (routing 1.282ns, distribution 1.102ns)
  Clock Net Delay (Destination): 2.638ns (routing 1.401ns, distribution 1.237ns)

    Location             Delay type                Incr(ns)  Path(ns)    Netlist Resource(s)
  -------------------------------------------------------------------    -------------------
                         (clock clk_pl_0 rise edge)
                                                      0.000     0.000 r  
    PS8_X0Y0             PS8                          0.000     0.000 r  kria_starter_kit_i/zynq_ultra_ps_e_0/U0/PS8_i/PLCLK[0]
                         net (fo=1, routed)           0.181     0.181    kria_starter_kit_i/zynq_ultra_ps_e_0/U0/pl_clk_unbuffered[0]
    BUFG_PS_X0Y90        BUFG_PS (Prop_BUFG_PS_I_O)
                                                      0.035     0.216 r  kria_starter_kit_i/zynq_ultra_ps_e_0/U0/buffer_pl_clk_0.PL_CLK_0_BUFG/O
    X1Y2 (CLOCK_ROOT)    net (fo=1510, routed)        2.384     2.600    dbg_hub/inst/BSCANID.u_xsdbm_id/CORE_XSDB.UUT_MASTER/U_XSDB_ADDRESS_CONTROLLER/clk
    SLICE_X48Y192        FDRE                                         r  dbg_hub/inst/BSCANID.u_xsdbm_id/CORE_XSDB.UUT_MASTER/U_XSDB_ADDRESS_CONTROLLER/addr_reg[7]/C
  -------------------------------------------------------------------    -------------------
    SLICE_X48Y192        FDRE (Prop_HFF_SLICEL_C_Q)
                                                      0.112     2.712 r  dbg_hub/inst/BSCANID.u_xsdbm_id/CORE_XSDB.UUT_MASTER/U_XSDB_ADDRESS_CONTROLLER/addr_reg[7]/Q
                         net (fo=8, routed)           0.096     2.808    kria_starter_kit_i/ila_0/U0/ila_core_inst/u_ila_regs/U_XSDB_SLAVE/sl_iport_i[11]
    SLICE_X47Y192        FDRE                                         r  kria_starter_kit_i/ila_0/U0/ila_core_inst/u_ila_regs/U_XSDB_SLAVE/G_1PIPE_IFACE.s_daddr_r_reg[7]/D
  -------------------------------------------------------------------    -------------------

                         (clock clk_pl_0 rise edge)
                                                      0.000     0.000 r  
    PS8_X0Y0             PS8                          0.000     0.000 r  kria_starter_kit_i/zynq_ultra_ps_e_0/U0/PS8_i/PLCLK[0]
                         net (fo=1, routed)           0.229     0.229    kria_starter_kit_i/zynq_ultra_ps_e_0/U0/pl_clk_unbuffered[0]
    BUFG_PS_X0Y90        BUFG_PS (Prop_BUFG_PS_I_O)
                                                      0.038     0.267 r  kria_starter_kit_i/zynq_ultra_ps_e_0/U0/buffer_pl_clk_0.PL_CLK_0_BUFG/O
    X1Y2 (CLOCK_ROOT)    net (fo=1510, routed)        2.638     2.905    kria_starter_kit_i/ila_0/U0/ila_core_inst/u_ila_regs/U_XSDB_SLAVE/sl_iport_i[1]
    SLICE_X47Y192        FDRE                                         r  kria_starter_kit_i/ila_0/U0/ila_core_inst/u_ila_regs/U_XSDB_SLAVE/G_1PIPE_IFACE.s_daddr_r_reg[7]/C
                         clock pessimism             -0.210     2.696    
    SLICE_X47Y192        FDRE (Hold_EFF2_SLICEL_C_D)
                                                      0.102     2.798    kria_starter_kit_i/ila_0/U0/ila_core_inst/u_ila_regs/U_XSDB_SLAVE/G_1PIPE_IFACE.s_daddr_r_reg[7]
  -------------------------------------------------------------------
                         required time                         -2.798    
                         arrival time                           2.808    
  -------------------------------------------------------------------
                         slack                                  0.011    

Slack (MET) :             0.014ns  (arrival time - required time)
  Source:                 kria_starter_kit_i/ila_0/U0/ila_core_inst/u_ila_cap_ctrl/u_cap_addrgen/u_cap_window_counter/iwcnt_reg[5]/C
                            (rising edge-triggered cell FDRE clocked by clk_pl_0  {rise@0.000ns fall@5.000ns period=10.000ns})
  Destination:            kria_starter_kit_i/ila_0/U0/ila_core_inst/u_ila_cap_ctrl/u_cap_addrgen/captured_samples_reg[5]/D
                            (rising edge-triggered cell FDRE clocked by clk_pl_0  {rise@0.000ns fall@5.000ns period=10.000ns})
  Path Group:             clk_pl_0
  Path Type:              Hold (Min at Slow Process Corner)
  Requirement:            0.000ns  (clk_pl_0 rise@0.000ns - clk_pl_0 rise@0.000ns)
  Data Path Delay:        0.327ns  (logic 0.112ns (34.245%)  route 0.215ns (65.755%))
  Logic Levels:           0  
  Clock Path Skew:        0.213ns (DCD - SCD - CPR)
    Destination Clock Delay (DCD):    2.899ns
    Source Clock Delay      (SCD):    2.515ns
    Clock Pessimism Removal (CPR):    0.170ns
  Clock Net Delay (Source):      2.299ns (routing 1.282ns, distribution 1.017ns)
  Clock Net Delay (Destination): 2.632ns (routing 1.401ns, distribution 1.231ns)

    Location             Delay type                Incr(ns)  Path(ns)    Netlist Resource(s)
  -------------------------------------------------------------------    -------------------
                         (clock clk_pl_0 rise edge)
                                                      0.000     0.000 r  
    PS8_X0Y0             PS8                          0.000     0.000 r  kria_starter_kit_i/zynq_ultra_ps_e_0/U0/PS8_i/PLCLK[0]
                         net (fo=1, routed)           0.181     0.181    kria_starter_kit_i/zynq_ultra_ps_e_0/U0/pl_clk_unbuffered[0]
    BUFG_PS_X0Y90        BUFG_PS (Prop_BUFG_PS_I_O)
                                                      0.035     0.216 r  kria_starter_kit_i/zynq_ultra_ps_e_0/U0/buffer_pl_clk_0.PL_CLK_0_BUFG/O
    X1Y2 (CLOCK_ROOT)    net (fo=1510, routed)        2.299     2.515    kria_starter_kit_i/ila_0/U0/ila_core_inst/u_ila_cap_ctrl/u_cap_addrgen/u_cap_window_counter/DESIGN_CLK_I
    SLICE_X42Y179        FDRE                                         r  kria_starter_kit_i/ila_0/U0/ila_core_inst/u_ila_cap_ctrl/u_cap_addrgen/u_cap_window_counter/iwcnt_reg[5]/C
  -------------------------------------------------------------------    -------------------
    SLICE_X42Y179        FDRE (Prop_AFF_SLICEL_C_Q)
                                                      0.112     2.627 r  kria_starter_kit_i/ila_0/U0/ila_core_inst/u_ila_cap_ctrl/u_cap_addrgen/u_cap_window_counter/iwcnt_reg[5]/Q
                         net (fo=10, routed)          0.215     2.842    kria_starter_kit_i/ila_0/U0/ila_core_inst/u_ila_cap_ctrl/u_cap_addrgen/wcnt[5]
    SLICE_X41Y180        FDRE                                         r  kria_starter_kit_i/ila_0/U0/ila_core_inst/u_ila_cap_ctrl/u_cap_addrgen/captured_samples_reg[5]/D
  -------------------------------------------------------------------    -------------------

                         (clock clk_pl_0 rise edge)
                                                      0.000     0.000 r  
    PS8_X0Y0             PS8                          0.000     0.000 r  kria_starter_kit_i/zynq_ultra_ps_e_0/U0/PS8_i/PLCLK[0]
                         net (fo=1, routed)           0.229     0.229    kria_starter_kit_i/zynq_ultra_ps_e_0/U0/pl_clk_unbuffered[0]
    BUFG_PS_X0Y90        BUFG_PS (Prop_BUFG_PS_I_O)
                                                      0.038     0.267 r  kria_starter_kit_i/zynq_ultra_ps_e_0/U0/buffer_pl_clk_0.PL_CLK_0_BUFG/O
    X1Y2 (CLOCK_ROOT)    net (fo=1510, routed)        2.632     2.899    kria_starter_kit_i/ila_0/U0/ila_core_inst/u_ila_cap_ctrl/u_cap_addrgen/DESIGN_CLK_I
    SLICE_X41Y180        FDRE                                         r  kria_starter_kit_i/ila_0/U0/ila_core_inst/u_ila_cap_ctrl/u_cap_addrgen/captured_samples_reg[5]/C
                         clock pessimism             -0.170     2.729    
    SLICE_X41Y180        FDRE (Hold_GFF_SLICEM_C_D)
                                                      0.100     2.829    kria_starter_kit_i/ila_0/U0/ila_core_inst/u_ila_cap_ctrl/u_cap_addrgen/captured_samples_reg[5]
  -------------------------------------------------------------------
                         required time                         -2.829    
                         arrival time                           2.842    
  -------------------------------------------------------------------
                         slack                                  0.014    

Slack (MET) :             0.019ns  (arrival time - required time)
  Source:                 dbg_hub/inst/BSCANID.u_xsdbm_id/CORE_XSDB.UUT_MASTER/U_XSDB_ADDRESS_CONTROLLER/addr_reg[14]/C
                            (rising edge-triggered cell FDRE clocked by clk_pl_0  {rise@0.000ns fall@5.000ns period=10.000ns})
  Destination:            kria_starter_kit_i/ila_0/U0/ila_core_inst/u_ila_regs/U_XSDB_SLAVE/G_1PIPE_IFACE.s_daddr_r_reg[14]/D
                            (rising edge-triggered cell FDRE clocked by clk_pl_0  {rise@0.000ns fall@5.000ns period=10.000ns})
  Path Group:             clk_pl_0
  Path Type:              Hold (Min at Slow Process Corner)
  Requirement:            0.000ns  (clk_pl_0 rise@0.000ns - clk_pl_0 rise@0.000ns)
  Data Path Delay:        0.215ns  (logic 0.112ns (52.003%)  route 0.103ns (47.997%))
  Logic Levels:           0  
  Clock Path Skew:        0.094ns (DCD - SCD - CPR)
    Destination Clock Delay (DCD):    2.904ns
    Source Clock Delay      (SCD):    2.600ns
    Clock Pessimism Removal (CPR):    0.210ns
  Clock Net Delay (Source):      2.384ns (routing 1.282ns, distribution 1.102ns)
  Clock Net Delay (Destination): 2.637ns (routing 1.401ns, distribution 1.236ns)

    Location             Delay type                Incr(ns)  Path(ns)    Netlist Resource(s)
  -------------------------------------------------------------------    -------------------
                         (clock clk_pl_0 rise edge)
                                                      0.000     0.000 r  
    PS8_X0Y0             PS8                          0.000     0.000 r  kria_starter_kit_i/zynq_ultra_ps_e_0/U0/PS8_i/PLCLK[0]
                         net (fo=1, routed)           0.181     0.181    kria_starter_kit_i/zynq_ultra_ps_e_0/U0/pl_clk_unbuffered[0]
    BUFG_PS_X0Y90        BUFG_PS (Prop_BUFG_PS_I_O)
                                                      0.035     0.216 r  kria_starter_kit_i/zynq_ultra_ps_e_0/U0/buffer_pl_clk_0.PL_CLK_0_BUFG/O
    X1Y2 (CLOCK_ROOT)    net (fo=1510, routed)        2.384     2.600    dbg_hub/inst/BSCANID.u_xsdbm_id/CORE_XSDB.UUT_MASTER/U_XSDB_ADDRESS_CONTROLLER/clk
    SLICE_X48Y193        FDRE                                         r  dbg_hub/inst/BSCANID.u_xsdbm_id/CORE_XSDB.UUT_MASTER/U_XSDB_ADDRESS_CONTROLLER/addr_reg[14]/C
  -------------------------------------------------------------------    -------------------
    SLICE_X48Y193        FDRE (Prop_GFF_SLICEL_C_Q)
                                                      0.112     2.712 r  dbg_hub/inst/BSCANID.u_xsdbm_id/CORE_XSDB.UUT_MASTER/U_XSDB_ADDRESS_CONTROLLER/addr_reg[14]/Q
                         net (fo=3, routed)           0.103     2.815    kria_starter_kit_i/ila_0/U0/ila_core_inst/u_ila_regs/U_XSDB_SLAVE/sl_iport_i[18]
    SLICE_X47Y193        FDRE                                         r  kria_starter_kit_i/ila_0/U0/ila_core_inst/u_ila_regs/U_XSDB_SLAVE/G_1PIPE_IFACE.s_daddr_r_reg[14]/D
  -------------------------------------------------------------------    -------------------

                         (clock clk_pl_0 rise edge)
                                                      0.000     0.000 r  
    PS8_X0Y0             PS8                          0.000     0.000 r  kria_starter_kit_i/zynq_ultra_ps_e_0/U0/PS8_i/PLCLK[0]
                         net (fo=1, routed)           0.229     0.229    kria_starter_kit_i/zynq_ultra_ps_e_0/U0/pl_clk_unbuffered[0]
    BUFG_PS_X0Y90        BUFG_PS (Prop_BUFG_PS_I_O)
                                                      0.038     0.267 r  kria_starter_kit_i/zynq_ultra_ps_e_0/U0/buffer_pl_clk_0.PL_CLK_0_BUFG/O
    X1Y2 (CLOCK_ROOT)    net (fo=1510, routed)        2.637     2.904    kria_starter_kit_i/ila_0/U0/ila_core_inst/u_ila_regs/U_XSDB_SLAVE/sl_iport_i[1]
    SLICE_X47Y193        FDRE                                         r  kria_starter_kit_i/ila_0/U0/ila_core_inst/u_ila_regs/U_XSDB_SLAVE/G_1PIPE_IFACE.s_daddr_r_reg[14]/C
                         clock pessimism             -0.210     2.695    
    SLICE_X47Y193        FDRE (Hold_EFF2_SLICEL_C_D)
                                                      0.102     2.797    kria_starter_kit_i/ila_0/U0/ila_core_inst/u_ila_regs/U_XSDB_SLAVE/G_1PIPE_IFACE.s_daddr_r_reg[14]
  -------------------------------------------------------------------
                         required time                         -2.797    
                         arrival time                           2.815    
  -------------------------------------------------------------------
                         slack                                  0.019    

Slack (MET) :             0.021ns  (arrival time - required time)
  Source:                 kria_starter_kit_i/ila_0/U0/ila_core_inst/shifted_data_in_reg[8][1]/C
                            (rising edge-triggered cell FDRE clocked by clk_pl_0  {rise@0.000ns fall@5.000ns period=10.000ns})
  Destination:            kria_starter_kit_i/ila_0/U0/ila_core_inst/ila_trace_memory_inst/SUBCORE_RAM_BLK_MEM_1.trace_block_memory/inst_blk_mem_gen/gnbram.gnativebmg.native_blk_mem_gen/valid.cstr/ramloop[0].ram.r/prim_noinit.ram/DEVICE_8SERIES.NO_BMM_INFO.SDP.SIMPLE_PRIM18.ram/DINADIN[1]
                            (rising edge-triggered cell RAMB18E2 clocked by clk_pl_0  {rise@0.000ns fall@5.000ns period=10.000ns})
  Path Group:             clk_pl_0
  Path Type:              Hold (Min at Slow Process Corner)
  Requirement:            0.000ns  (clk_pl_0 rise@0.000ns - clk_pl_0 rise@0.000ns)
  Data Path Delay:        0.259ns  (logic 0.111ns (42.857%)  route 0.148ns (57.143%))
  Logic Levels:           0  
  Clock Path Skew:        0.286ns (DCD - SCD - CPR)
    Destination Clock Delay (DCD):    3.098ns
    Source Clock Delay      (SCD):    2.598ns
    Clock Pessimism Removal (CPR):    0.213ns
  Clock Net Delay (Source):      2.382ns (routing 1.282ns, distribution 1.100ns)
  Clock Net Delay (Destination): 2.831ns (routing 1.401ns, distribution 1.430ns)

    Location             Delay type                Incr(ns)  Path(ns)    Netlist Resource(s)
  -------------------------------------------------------------------    -------------------
                         (clock clk_pl_0 rise edge)
                                                      0.000     0.000 r  
    PS8_X0Y0             PS8                          0.000     0.000 r  kria_starter_kit_i/zynq_ultra_ps_e_0/U0/PS8_i/PLCLK[0]
                         net (fo=1, routed)           0.181     0.181    kria_starter_kit_i/zynq_ultra_ps_e_0/U0/pl_clk_unbuffered[0]
    BUFG_PS_X0Y90        BUFG_PS (Prop_BUFG_PS_I_O)
                                                      0.035     0.216 r  kria_starter_kit_i/zynq_ultra_ps_e_0/U0/buffer_pl_clk_0.PL_CLK_0_BUFG/O
    X1Y2 (CLOCK_ROOT)    net (fo=1510, routed)        2.382     2.598    kria_starter_kit_i/ila_0/U0/ila_core_inst/DESIGN_CLK_I
    SLICE_X45Y185        FDRE                                         r  kria_starter_kit_i/ila_0/U0/ila_core_inst/shifted_data_in_reg[8][1]/C
  -------------------------------------------------------------------    -------------------
    SLICE_X45Y185        FDRE (Prop_BFF_SLICEM_C_Q)
                                                      0.111     2.709 r  kria_starter_kit_i/ila_0/U0/ila_core_inst/shifted_data_in_reg[8][1]/Q
                         net (fo=1, routed)           0.148     2.857    kria_starter_kit_i/ila_0/U0/ila_core_inst/ila_trace_memory_inst/SUBCORE_RAM_BLK_MEM_1.trace_block_memory/inst_blk_mem_gen/gnbram.gnativebmg.native_blk_mem_gen/valid.cstr/ramloop[0].ram.r/prim_noinit.ram/dina[1]
    RAMB18_X1Y74         RAMB18E2                                     r  kria_starter_kit_i/ila_0/U0/ila_core_inst/ila_trace_memory_inst/SUBCORE_RAM_BLK_MEM_1.trace_block_memory/inst_blk_mem_gen/gnbram.gnativebmg.native_blk_mem_gen/valid.cstr/ramloop[0].ram.r/prim_noinit.ram/DEVICE_8SERIES.NO_BMM_INFO.SDP.SIMPLE_PRIM18.ram/DINADIN[1]
  -------------------------------------------------------------------    -------------------

                         (clock clk_pl_0 rise edge)
                                                      0.000     0.000 r  
    PS8_X0Y0             PS8                          0.000     0.000 r  kria_starter_kit_i/zynq_ultra_ps_e_0/U0/PS8_i/PLCLK[0]
                         net (fo=1, routed)           0.229     0.229    kria_starter_kit_i/zynq_ultra_ps_e_0/U0/pl_clk_unbuffered[0]
    BUFG_PS_X0Y90        BUFG_PS (Prop_BUFG_PS_I_O)
                                                      0.038     0.267 r  kria_starter_kit_i/zynq_ultra_ps_e_0/U0/buffer_pl_clk_0.PL_CLK_0_BUFG/O
    X1Y2 (CLOCK_ROOT)    net (fo=1510, routed)        2.831     3.098    kria_starter_kit_i/ila_0/U0/ila_core_inst/ila_trace_memory_inst/SUBCORE_RAM_BLK_MEM_1.trace_block_memory/inst_blk_mem_gen/gnbram.gnativebmg.native_blk_mem_gen/valid.cstr/ramloop[0].ram.r/prim_noinit.ram/clka
    RAMB18_X1Y74         RAMB18E2                                     r  kria_starter_kit_i/ila_0/U0/ila_core_inst/ila_trace_memory_inst/SUBCORE_RAM_BLK_MEM_1.trace_block_memory/inst_blk_mem_gen/gnbram.gnativebmg.native_blk_mem_gen/valid.cstr/ramloop[0].ram.r/prim_noinit.ram/DEVICE_8SERIES.NO_BMM_INFO.SDP.SIMPLE_PRIM18.ram/CLKARDCLK
                         clock pessimism             -0.213     2.885    
    RAMB18_X1Y74         RAMB18E2 (Hold_RAMB18E2_L_RAMB180_CLKARDCLK_DINADIN[1])
                                                     -0.048     2.837    kria_starter_kit_i/ila_0/U0/ila_core_inst/ila_trace_memory_inst/SUBCORE_RAM_BLK_MEM_1.trace_block_memory/inst_blk_mem_gen/gnbram.gnativebmg.native_blk_mem_gen/valid.cstr/ramloop[0].ram.r/prim_noinit.ram/DEVICE_8SERIES.NO_BMM_INFO.SDP.SIMPLE_PRIM18.ram
  -------------------------------------------------------------------
                         required time                         -2.837    
                         arrival time                           2.857    
  -------------------------------------------------------------------
                         slack                                  0.021    

Slack (MET) :             0.026ns  (arrival time - required time)
  Source:                 kria_starter_kit_i/ila_0/U0/ila_core_inst/u_ila_regs/TC_SRL[0].tc_srl_reg/parallel_dout_reg[13]/C
                            (rising edge-triggered cell FDRE clocked by clk_pl_0  {rise@0.000ns fall@5.000ns period=10.000ns})
  Destination:            kria_starter_kit_i/ila_0/U0/ila_core_inst/u_ila_regs/slaveRegDo_mux_5_reg[13]/D
                            (rising edge-triggered cell FDRE clocked by clk_pl_0  {rise@0.000ns fall@5.000ns period=10.000ns})
  Path Group:             clk_pl_0
  Path Type:              Hold (Min at Slow Process Corner)
  Requirement:            0.000ns  (clk_pl_0 rise@0.000ns - clk_pl_0 rise@0.000ns)
  Data Path Delay:        0.225ns  (logic 0.113ns (50.155%)  route 0.112ns (49.845%))
  Logic Levels:           0  
  Clock Path Skew:        0.099ns (DCD - SCD - CPR)
    Destination Clock Delay (DCD):    2.907ns
    Source Clock Delay      (SCD):    2.599ns
    Clock Pessimism Removal (CPR):    0.210ns
  Clock Net Delay (Source):      2.383ns (routing 1.282ns, distribution 1.101ns)
  Clock Net Delay (Destination): 2.640ns (routing 1.401ns, distribution 1.239ns)

    Location             Delay type                Incr(ns)  Path(ns)    Netlist Resource(s)
  -------------------------------------------------------------------    -------------------
                         (clock clk_pl_0 rise edge)
                                                      0.000     0.000 r  
    PS8_X0Y0             PS8                          0.000     0.000 r  kria_starter_kit_i/zynq_ultra_ps_e_0/U0/PS8_i/PLCLK[0]
                         net (fo=1, routed)           0.181     0.181    kria_starter_kit_i/zynq_ultra_ps_e_0/U0/pl_clk_unbuffered[0]
    BUFG_PS_X0Y90        BUFG_PS (Prop_BUFG_PS_I_O)
                                                      0.035     0.216 r  kria_starter_kit_i/zynq_ultra_ps_e_0/U0/buffer_pl_clk_0.PL_CLK_0_BUFG/O
    X1Y2 (CLOCK_ROOT)    net (fo=1510, routed)        2.383     2.599    kria_starter_kit_i/ila_0/U0/ila_core_inst/u_ila_regs/TC_SRL[0].tc_srl_reg/s_dclk_i
    SLICE_X48Y189        FDRE                                         r  kria_starter_kit_i/ila_0/U0/ila_core_inst/u_ila_regs/TC_SRL[0].tc_srl_reg/parallel_dout_reg[13]/C
  -------------------------------------------------------------------    -------------------
    SLICE_X48Y189        FDRE (Prop_BFF2_SLICEL_C_Q)
                                                      0.113     2.712 r  kria_starter_kit_i/ila_0/U0/ila_core_inst/u_ila_regs/TC_SRL[0].tc_srl_reg/parallel_dout_reg[13]/Q
                         net (fo=2, routed)           0.112     2.824    kria_starter_kit_i/ila_0/U0/ila_core_inst/u_ila_regs/slaveRegDo_tcConfig[5120]_3[13]
    SLICE_X47Y189        FDRE                                         r  kria_starter_kit_i/ila_0/U0/ila_core_inst/u_ila_regs/slaveRegDo_mux_5_reg[13]/D
  -------------------------------------------------------------------    -------------------

                         (clock clk_pl_0 rise edge)
                                                      0.000     0.000 r  
    PS8_X0Y0             PS8                          0.000     0.000 r  kria_starter_kit_i/zynq_ultra_ps_e_0/U0/PS8_i/PLCLK[0]
                         net (fo=1, routed)           0.229     0.229    kria_starter_kit_i/zynq_ultra_ps_e_0/U0/pl_clk_unbuffered[0]
    BUFG_PS_X0Y90        BUFG_PS (Prop_BUFG_PS_I_O)
                                                      0.038     0.267 r  kria_starter_kit_i/zynq_ultra_ps_e_0/U0/buffer_pl_clk_0.PL_CLK_0_BUFG/O
    X1Y2 (CLOCK_ROOT)    net (fo=1510, routed)        2.640     2.907    kria_starter_kit_i/ila_0/U0/ila_core_inst/u_ila_regs/s_dclk_o
    SLICE_X47Y189        FDRE                                         r  kria_starter_kit_i/ila_0/U0/ila_core_inst/u_ila_regs/slaveRegDo_mux_5_reg[13]/C
                         clock pessimism             -0.210     2.698    
    SLICE_X47Y189        FDRE (Hold_EFF_SLICEL_C_D)
                                                      0.101     2.799    kria_starter_kit_i/ila_0/U0/ila_core_inst/u_ila_regs/slaveRegDo_mux_5_reg[13]
  -------------------------------------------------------------------
                         required time                         -2.799    
                         arrival time                           2.824    
  -------------------------------------------------------------------
                         slack                                  0.026    

Slack (MET) :             0.037ns  (arrival time - required time)
  Source:                 kria_starter_kit_i/ila_0/U0/ila_core_inst/u_ila_regs/count1_reg[4]/C
                            (rising edge-triggered cell FDRE clocked by clk_pl_0  {rise@0.000ns fall@5.000ns period=10.000ns})
  Destination:            kria_starter_kit_i/ila_0/U0/ila_core_inst/u_ila_regs/count1_reg[5]/D
                            (rising edge-triggered cell FDRE clocked by clk_pl_0  {rise@0.000ns fall@5.000ns period=10.000ns})
  Path Group:             clk_pl_0
  Path Type:              Hold (Min at Slow Process Corner)
  Requirement:            0.000ns  (clk_pl_0 rise@0.000ns - clk_pl_0 rise@0.000ns)
  Data Path Delay:        0.353ns  (logic 0.199ns (56.365%)  route 0.154ns (43.635%))
  Logic Levels:           1  (LUT6=1)
  Clock Path Skew:        0.215ns (DCD - SCD - CPR)
    Destination Clock Delay (DCD):    2.895ns
    Source Clock Delay      (SCD):    2.470ns
    Clock Pessimism Removal (CPR):    0.209ns
  Clock Net Delay (Source):      2.254ns (routing 1.282ns, distribution 0.972ns)
  Clock Net Delay (Destination): 2.628ns (routing 1.401ns, distribution 1.227ns)

    Location             Delay type                Incr(ns)  Path(ns)    Netlist Resource(s)
  -------------------------------------------------------------------    -------------------
                         (clock clk_pl_0 rise edge)
                                                      0.000     0.000 r  
    PS8_X0Y0             PS8                          0.000     0.000 r  kria_starter_kit_i/zynq_ultra_ps_e_0/U0/PS8_i/PLCLK[0]
                         net (fo=1, routed)           0.181     0.181    kria_starter_kit_i/zynq_ultra_ps_e_0/U0/pl_clk_unbuffered[0]
    BUFG_PS_X0Y90        BUFG_PS (Prop_BUFG_PS_I_O)
                                                      0.035     0.216 r  kria_starter_kit_i/zynq_ultra_ps_e_0/U0/buffer_pl_clk_0.PL_CLK_0_BUFG/O
    X1Y2 (CLOCK_ROOT)    net (fo=1510, routed)        2.254     2.470    kria_starter_kit_i/ila_0/U0/ila_core_inst/u_ila_regs/s_dclk_o
    SLICE_X40Y192        FDRE                                         r  kria_starter_kit_i/ila_0/U0/ila_core_inst/u_ila_regs/count1_reg[4]/C
  -------------------------------------------------------------------    -------------------
    SLICE_X40Y192        FDRE (Prop_DFF2_SLICEM_C_Q)
                                                      0.115     2.585 r  kria_starter_kit_i/ila_0/U0/ila_core_inst/u_ila_regs/count1_reg[4]/Q
                         net (fo=4, routed)           0.109     2.694    kria_starter_kit_i/ila_0/U0/ila_core_inst/u_ila_regs/count1_reg[4]
    SLICE_X41Y192        LUT6 (Prop_F6LUT_SLICEM_I4_O)
                                                      0.084     2.778 r  kria_starter_kit_i/ila_0/U0/ila_core_inst/u_ila_regs/count1[5]_i_1/O
                         net (fo=1, routed)           0.045     2.823    kria_starter_kit_i/ila_0/U0/ila_core_inst/u_ila_regs/p_0_in__0[5]
    SLICE_X41Y192        FDRE                                         r  kria_starter_kit_i/ila_0/U0/ila_core_inst/u_ila_regs/count1_reg[5]/D
  -------------------------------------------------------------------    -------------------

                         (clock clk_pl_0 rise edge)
                                                      0.000     0.000 r  
    PS8_X0Y0             PS8                          0.000     0.000 r  kria_starter_kit_i/zynq_ultra_ps_e_0/U0/PS8_i/PLCLK[0]
                         net (fo=1, routed)           0.229     0.229    kria_starter_kit_i/zynq_ultra_ps_e_0/U0/pl_clk_unbuffered[0]
    BUFG_PS_X0Y90        BUFG_PS (Prop_BUFG_PS_I_O)
                                                      0.038     0.267 r  kria_starter_kit_i/zynq_ultra_ps_e_0/U0/buffer_pl_clk_0.PL_CLK_0_BUFG/O
    X1Y2 (CLOCK_ROOT)    net (fo=1510, routed)        2.628     2.895    kria_starter_kit_i/ila_0/U0/ila_core_inst/u_ila_regs/s_dclk_o
    SLICE_X41Y192        FDRE                                         r  kria_starter_kit_i/ila_0/U0/ila_core_inst/u_ila_regs/count1_reg[5]/C
                         clock pessimism             -0.209     2.685    
    SLICE_X41Y192        FDRE (Hold_FFF_SLICEM_C_D)
                                                      0.101     2.786    kria_starter_kit_i/ila_0/U0/ila_core_inst/u_ila_regs/count1_reg[5]
  -------------------------------------------------------------------
                         required time                         -2.786    
                         arrival time                           2.823    
  -------------------------------------------------------------------
                         slack                                  0.037    

Slack (MET) :             0.037ns  (arrival time - required time)
  Source:                 kria_starter_kit_i/ila_0/U0/ila_core_inst/u_ila_regs/MU_SRL[2].mu_srl_reg/shadow_reg[0]/C
                            (rising edge-triggered cell FDRE clocked by clk_pl_0  {rise@0.000ns fall@5.000ns period=10.000ns})
  Destination:            kria_starter_kit_i/ila_0/U0/ila_core_inst/u_ila_regs/MU_SRL[2].mu_srl_reg/serial_dout_reg/D
                            (rising edge-triggered cell FDRE clocked by clk_pl_0  {rise@0.000ns fall@5.000ns period=10.000ns})
  Path Group:             clk_pl_0
  Path Type:              Hold (Min at Slow Process Corner)
  Requirement:            0.000ns  (clk_pl_0 rise@0.000ns - clk_pl_0 rise@0.000ns)
  Data Path Delay:        0.245ns  (logic 0.112ns (45.714%)  route 0.133ns (54.286%))
  Logic Levels:           0  
  Clock Path Skew:        0.106ns (DCD - SCD - CPR)
    Destination Clock Delay (DCD):    2.912ns
    Source Clock Delay      (SCD):    2.596ns
    Clock Pessimism Removal (CPR):    0.210ns
  Clock Net Delay (Source):      2.380ns (routing 1.282ns, distribution 1.098ns)
  Clock Net Delay (Destination): 2.645ns (routing 1.401ns, distribution 1.244ns)

    Location             Delay type                Incr(ns)  Path(ns)    Netlist Resource(s)
  -------------------------------------------------------------------    -------------------
                         (clock clk_pl_0 rise edge)
                                                      0.000     0.000 r  
    PS8_X0Y0             PS8                          0.000     0.000 r  kria_starter_kit_i/zynq_ultra_ps_e_0/U0/PS8_i/PLCLK[0]
                         net (fo=1, routed)           0.181     0.181    kria_starter_kit_i/zynq_ultra_ps_e_0/U0/pl_clk_unbuffered[0]
    BUFG_PS_X0Y90        BUFG_PS (Prop_BUFG_PS_I_O)
                                                      0.035     0.216 r  kria_starter_kit_i/zynq_ultra_ps_e_0/U0/buffer_pl_clk_0.PL_CLK_0_BUFG/O
    X1Y2 (CLOCK_ROOT)    net (fo=1510, routed)        2.380     2.596    kria_starter_kit_i/ila_0/U0/ila_core_inst/u_ila_regs/MU_SRL[2].mu_srl_reg/s_dclk_i
    SLICE_X47Y184        FDRE                                         r  kria_starter_kit_i/ila_0/U0/ila_core_inst/u_ila_regs/MU_SRL[2].mu_srl_reg/shadow_reg[0]/C
  -------------------------------------------------------------------    -------------------
    SLICE_X47Y184        FDRE (Prop_DFF_SLICEL_C_Q)
                                                      0.112     2.708 r  kria_starter_kit_i/ila_0/U0/ila_core_inst/u_ila_regs/MU_SRL[2].mu_srl_reg/shadow_reg[0]/Q
                         net (fo=1, routed)           0.133     2.841    kria_starter_kit_i/ila_0/U0/ila_core_inst/u_ila_regs/MU_SRL[2].mu_srl_reg/shadow_reg_n_0_[0]
    SLICE_X48Y184        FDRE                                         r  kria_starter_kit_i/ila_0/U0/ila_core_inst/u_ila_regs/MU_SRL[2].mu_srl_reg/serial_dout_reg/D
  -------------------------------------------------------------------    -------------------

                         (clock clk_pl_0 rise edge)
                                                      0.000     0.000 r  
    PS8_X0Y0             PS8                          0.000     0.000 r  kria_starter_kit_i/zynq_ultra_ps_e_0/U0/PS8_i/PLCLK[0]
                         net (fo=1, routed)           0.229     0.229    kria_starter_kit_i/zynq_ultra_ps_e_0/U0/pl_clk_unbuffered[0]
    BUFG_PS_X0Y90        BUFG_PS (Prop_BUFG_PS_I_O)
                                                      0.038     0.267 r  kria_starter_kit_i/zynq_ultra_ps_e_0/U0/buffer_pl_clk_0.PL_CLK_0_BUFG/O
    X1Y2 (CLOCK_ROOT)    net (fo=1510, routed)        2.645     2.912    kria_starter_kit_i/ila_0/U0/ila_core_inst/u_ila_regs/MU_SRL[2].mu_srl_reg/s_dclk_i
    SLICE_X48Y184        FDRE                                         r  kria_starter_kit_i/ila_0/U0/ila_core_inst/u_ila_regs/MU_SRL[2].mu_srl_reg/serial_dout_reg/C
                         clock pessimism             -0.210     2.702    
    SLICE_X48Y184        FDRE (Hold_EFF2_SLICEL_C_D)
                                                      0.102     2.804    kria_starter_kit_i/ila_0/U0/ila_core_inst/u_ila_regs/MU_SRL[2].mu_srl_reg/serial_dout_reg
  -------------------------------------------------------------------
                         required time                         -2.804    
                         arrival time                           2.841    
  -------------------------------------------------------------------
                         slack                                  0.037    

Slack (MET) :             0.038ns  (arrival time - required time)
  Source:                 kria_starter_kit_i/ila_0/U0/ila_core_inst/u_ila_cap_ctrl/u_cap_addrgen/u_cap_window_counter/iwcnt_reg[0]/C
                            (rising edge-triggered cell FDRE clocked by clk_pl_0  {rise@0.000ns fall@5.000ns period=10.000ns})
  Destination:            kria_starter_kit_i/ila_0/U0/ila_core_inst/u_ila_cap_ctrl/u_cap_addrgen/captured_samples_reg[0]/D
                            (rising edge-triggered cell FDRE clocked by clk_pl_0  {rise@0.000ns fall@5.000ns period=10.000ns})
  Path Group:             clk_pl_0
  Path Type:              Hold (Min at Slow Process Corner)
  Requirement:            0.000ns  (clk_pl_0 rise@0.000ns - clk_pl_0 rise@0.000ns)
  Data Path Delay:        0.353ns  (logic 0.113ns (32.049%)  route 0.240ns (67.951%))
  Logic Levels:           0  
  Clock Path Skew:        0.213ns (DCD - SCD - CPR)
    Destination Clock Delay (DCD):    2.899ns
    Source Clock Delay      (SCD):    2.515ns
    Clock Pessimism Removal (CPR):    0.170ns
  Clock Net Delay (Source):      2.299ns (routing 1.282ns, distribution 1.017ns)
  Clock Net Delay (Destination): 2.632ns (routing 1.401ns, distribution 1.231ns)

    Location             Delay type                Incr(ns)  Path(ns)    Netlist Resource(s)
  -------------------------------------------------------------------    -------------------
                         (clock clk_pl_0 rise edge)
                                                      0.000     0.000 r  
    PS8_X0Y0             PS8                          0.000     0.000 r  kria_starter_kit_i/zynq_ultra_ps_e_0/U0/PS8_i/PLCLK[0]
                         net (fo=1, routed)           0.181     0.181    kria_starter_kit_i/zynq_ultra_ps_e_0/U0/pl_clk_unbuffered[0]
    BUFG_PS_X0Y90        BUFG_PS (Prop_BUFG_PS_I_O)
                                                      0.035     0.216 r  kria_starter_kit_i/zynq_ultra_ps_e_0/U0/buffer_pl_clk_0.PL_CLK_0_BUFG/O
    X1Y2 (CLOCK_ROOT)    net (fo=1510, routed)        2.299     2.515    kria_starter_kit_i/ila_0/U0/ila_core_inst/u_ila_cap_ctrl/u_cap_addrgen/u_cap_window_counter/DESIGN_CLK_I
    SLICE_X42Y179        FDRE                                         r  kria_starter_kit_i/ila_0/U0/ila_core_inst/u_ila_cap_ctrl/u_cap_addrgen/u_cap_window_counter/iwcnt_reg[0]/C
  -------------------------------------------------------------------    -------------------
    SLICE_X42Y179        FDRE (Prop_BFF2_SLICEL_C_Q)
                                                      0.113     2.628 r  kria_starter_kit_i/ila_0/U0/ila_core_inst/u_ila_cap_ctrl/u_cap_addrgen/u_cap_window_counter/iwcnt_reg[0]/Q
                         net (fo=15, routed)          0.240     2.868    kria_starter_kit_i/ila_0/U0/ila_core_inst/u_ila_cap_ctrl/u_cap_addrgen/wcnt[0]
    SLICE_X41Y180        FDRE                                         r  kria_starter_kit_i/ila_0/U0/ila_core_inst/u_ila_cap_ctrl/u_cap_addrgen/captured_samples_reg[0]/D
  -------------------------------------------------------------------    -------------------

                         (clock clk_pl_0 rise edge)
                                                      0.000     0.000 r  
    PS8_X0Y0             PS8                          0.000     0.000 r  kria_starter_kit_i/zynq_ultra_ps_e_0/U0/PS8_i/PLCLK[0]
                         net (fo=1, routed)           0.229     0.229    kria_starter_kit_i/zynq_ultra_ps_e_0/U0/pl_clk_unbuffered[0]
    BUFG_PS_X0Y90        BUFG_PS (Prop_BUFG_PS_I_O)
                                                      0.038     0.267 r  kria_starter_kit_i/zynq_ultra_ps_e_0/U0/buffer_pl_clk_0.PL_CLK_0_BUFG/O
    X1Y2 (CLOCK_ROOT)    net (fo=1510, routed)        2.632     2.899    kria_starter_kit_i/ila_0/U0/ila_core_inst/u_ila_cap_ctrl/u_cap_addrgen/DESIGN_CLK_I
    SLICE_X41Y180        FDRE                                         r  kria_starter_kit_i/ila_0/U0/ila_core_inst/u_ila_cap_ctrl/u_cap_addrgen/captured_samples_reg[0]/C
                         clock pessimism             -0.170     2.729    
    SLICE_X41Y180        FDRE (Hold_HFF_SLICEM_C_D)
                                                      0.101     2.830    kria_starter_kit_i/ila_0/U0/ila_core_inst/u_ila_cap_ctrl/u_cap_addrgen/captured_samples_reg[0]
  -------------------------------------------------------------------
                         required time                         -2.830    
                         arrival time                           2.868    
  -------------------------------------------------------------------
                         slack                                  0.038    

Slack (MET) :             0.039ns  (arrival time - required time)
  Source:                 kria_starter_kit_i/ila_0/U0/ila_core_inst/shifted_data_in_reg[8][2]/C
                            (rising edge-triggered cell FDRE clocked by clk_pl_0  {rise@0.000ns fall@5.000ns period=10.000ns})
  Destination:            kria_starter_kit_i/ila_0/U0/ila_core_inst/ila_trace_memory_inst/SUBCORE_RAM_BLK_MEM_1.trace_block_memory/inst_blk_mem_gen/gnbram.gnativebmg.native_blk_mem_gen/valid.cstr/ramloop[0].ram.r/prim_noinit.ram/DEVICE_8SERIES.NO_BMM_INFO.SDP.SIMPLE_PRIM18.ram/DINADIN[8]
                            (rising edge-triggered cell RAMB18E2 clocked by clk_pl_0  {rise@0.000ns fall@5.000ns period=10.000ns})
  Path Group:             clk_pl_0
  Path Type:              Hold (Min at Slow Process Corner)
  Requirement:            0.000ns  (clk_pl_0 rise@0.000ns - clk_pl_0 rise@0.000ns)
  Data Path Delay:        0.277ns  (logic 0.112ns (40.433%)  route 0.165ns (59.567%))
  Logic Levels:           0  
  Clock Path Skew:        0.286ns (DCD - SCD - CPR)
    Destination Clock Delay (DCD):    3.098ns
    Source Clock Delay      (SCD):    2.598ns
    Clock Pessimism Removal (CPR):    0.213ns
  Clock Net Delay (Source):      2.382ns (routing 1.282ns, distribution 1.100ns)
  Clock Net Delay (Destination): 2.831ns (routing 1.401ns, distribution 1.430ns)

    Location             Delay type                Incr(ns)  Path(ns)    Netlist Resource(s)
  -------------------------------------------------------------------    -------------------
                         (clock clk_pl_0 rise edge)
                                                      0.000     0.000 r  
    PS8_X0Y0             PS8                          0.000     0.000 r  kria_starter_kit_i/zynq_ultra_ps_e_0/U0/PS8_i/PLCLK[0]
                         net (fo=1, routed)           0.181     0.181    kria_starter_kit_i/zynq_ultra_ps_e_0/U0/pl_clk_unbuffered[0]
    BUFG_PS_X0Y90        BUFG_PS (Prop_BUFG_PS_I_O)
                                                      0.035     0.216 r  kria_starter_kit_i/zynq_ultra_ps_e_0/U0/buffer_pl_clk_0.PL_CLK_0_BUFG/O
    X1Y2 (CLOCK_ROOT)    net (fo=1510, routed)        2.382     2.598    kria_starter_kit_i/ila_0/U0/ila_core_inst/DESIGN_CLK_I
    SLICE_X45Y185        FDRE                                         r  kria_starter_kit_i/ila_0/U0/ila_core_inst/shifted_data_in_reg[8][2]/C
  -------------------------------------------------------------------    -------------------
    SLICE_X45Y185        FDRE (Prop_CFF_SLICEM_C_Q)
                                                      0.112     2.710 r  kria_starter_kit_i/ila_0/U0/ila_core_inst/shifted_data_in_reg[8][2]/Q
                         net (fo=1, routed)           0.165     2.875    kria_starter_kit_i/ila_0/U0/ila_core_inst/ila_trace_memory_inst/SUBCORE_RAM_BLK_MEM_1.trace_block_memory/inst_blk_mem_gen/gnbram.gnativebmg.native_blk_mem_gen/valid.cstr/ramloop[0].ram.r/prim_noinit.ram/dina[2]
    RAMB18_X1Y74         RAMB18E2                                     r  kria_starter_kit_i/ila_0/U0/ila_core_inst/ila_trace_memory_inst/SUBCORE_RAM_BLK_MEM_1.trace_block_memory/inst_blk_mem_gen/gnbram.gnativebmg.native_blk_mem_gen/valid.cstr/ramloop[0].ram.r/prim_noinit.ram/DEVICE_8SERIES.NO_BMM_INFO.SDP.SIMPLE_PRIM18.ram/DINADIN[8]
  -------------------------------------------------------------------    -------------------

                         (clock clk_pl_0 rise edge)
                                                      0.000     0.000 r  
    PS8_X0Y0             PS8                          0.000     0.000 r  kria_starter_kit_i/zynq_ultra_ps_e_0/U0/PS8_i/PLCLK[0]
                         net (fo=1, routed)           0.229     0.229    kria_starter_kit_i/zynq_ultra_ps_e_0/U0/pl_clk_unbuffered[0]
    BUFG_PS_X0Y90        BUFG_PS (Prop_BUFG_PS_I_O)
                                                      0.038     0.267 r  kria_starter_kit_i/zynq_ultra_ps_e_0/U0/buffer_pl_clk_0.PL_CLK_0_BUFG/O
    X1Y2 (CLOCK_ROOT)    net (fo=1510, routed)        2.831     3.098    kria_starter_kit_i/ila_0/U0/ila_core_inst/ila_trace_memory_inst/SUBCORE_RAM_BLK_MEM_1.trace_block_memory/inst_blk_mem_gen/gnbram.gnativebmg.native_blk_mem_gen/valid.cstr/ramloop[0].ram.r/prim_noinit.ram/clka
    RAMB18_X1Y74         RAMB18E2                                     r  kria_starter_kit_i/ila_0/U0/ila_core_inst/ila_trace_memory_inst/SUBCORE_RAM_BLK_MEM_1.trace_block_memory/inst_blk_mem_gen/gnbram.gnativebmg.native_blk_mem_gen/valid.cstr/ramloop[0].ram.r/prim_noinit.ram/DEVICE_8SERIES.NO_BMM_INFO.SDP.SIMPLE_PRIM18.ram/CLKARDCLK
                         clock pessimism             -0.213     2.885    
    RAMB18_X1Y74         RAMB18E2 (Hold_RAMB18E2_L_RAMB180_CLKARDCLK_DINADIN[8])
                                                     -0.048     2.837    kria_starter_kit_i/ila_0/U0/ila_core_inst/ila_trace_memory_inst/SUBCORE_RAM_BLK_MEM_1.trace_block_memory/inst_blk_mem_gen/gnbram.gnativebmg.native_blk_mem_gen/valid.cstr/ramloop[0].ram.r/prim_noinit.ram/DEVICE_8SERIES.NO_BMM_INFO.SDP.SIMPLE_PRIM18.ram
  -------------------------------------------------------------------
                         required time                         -2.837    
                         arrival time                           2.875    
  -------------------------------------------------------------------
                         slack                                  0.039    

Slack (MET) :             0.039ns  (arrival time - required time)
  Source:                 kria_starter_kit_i/ila_0/U0/ila_core_inst/u_ila_reset_ctrl/asyncrounous_transfer.arm_out_transfer_inst/dout_reg1_reg/C
                            (rising edge-triggered cell FDRE clocked by clk_pl_0  {rise@0.000ns fall@5.000ns period=10.000ns})
  Destination:            kria_starter_kit_i/ila_0/U0/ila_core_inst/u_ila_regs/reg_8/I_EN_STAT_EQ1.U_STAT/xsdb_reg_reg[0]/D
                            (rising edge-triggered cell FDRE clocked by clk_pl_0  {rise@0.000ns fall@5.000ns period=10.000ns})
  Path Group:             clk_pl_0
  Path Type:              Hold (Min at Slow Process Corner)
  Requirement:            0.000ns  (clk_pl_0 rise@0.000ns - clk_pl_0 rise@0.000ns)
  Data Path Delay:        0.206ns  (logic 0.114ns (55.259%)  route 0.092ns (44.741%))
  Logic Levels:           0  
  Clock Path Skew:        0.064ns (DCD - SCD - CPR)
    Destination Clock Delay (DCD):    2.893ns
    Source Clock Delay      (SCD):    2.567ns
    Clock Pessimism Removal (CPR):    0.262ns
  Clock Net Delay (Source):      2.351ns (routing 1.282ns, distribution 1.069ns)
  Clock Net Delay (Destination): 2.626ns (routing 1.401ns, distribution 1.225ns)

    Location             Delay type                Incr(ns)  Path(ns)    Netlist Resource(s)
  -------------------------------------------------------------------    -------------------
                         (clock clk_pl_0 rise edge)
                                                      0.000     0.000 r  
    PS8_X0Y0             PS8                          0.000     0.000 r  kria_starter_kit_i/zynq_ultra_ps_e_0/U0/PS8_i/PLCLK[0]
                         net (fo=1, routed)           0.181     0.181    kria_starter_kit_i/zynq_ultra_ps_e_0/U0/pl_clk_unbuffered[0]
    BUFG_PS_X0Y90        BUFG_PS (Prop_BUFG_PS_I_O)
                                                      0.035     0.216 r  kria_starter_kit_i/zynq_ultra_ps_e_0/U0/buffer_pl_clk_0.PL_CLK_0_BUFG/O
    X1Y2 (CLOCK_ROOT)    net (fo=1510, routed)        2.351     2.567    kria_starter_kit_i/ila_0/U0/ila_core_inst/u_ila_reset_ctrl/asyncrounous_transfer.arm_out_transfer_inst/RCLK_I
    SLICE_X42Y180        FDRE                                         r  kria_starter_kit_i/ila_0/U0/ila_core_inst/u_ila_reset_ctrl/asyncrounous_transfer.arm_out_transfer_inst/dout_reg1_reg/C
  -------------------------------------------------------------------    -------------------
    SLICE_X42Y180        FDRE (Prop_AFF2_SLICEL_C_Q)
                                                      0.114     2.681 r  kria_starter_kit_i/ila_0/U0/ila_core_inst/u_ila_reset_ctrl/asyncrounous_transfer.arm_out_transfer_inst/dout_reg1_reg/Q
                         net (fo=2, routed)           0.092     2.773    kria_starter_kit_i/ila_0/U0/ila_core_inst/u_ila_regs/reg_8/I_EN_STAT_EQ1.U_STAT/din_i[0]
    SLICE_X42Y181        FDRE                                         r  kria_starter_kit_i/ila_0/U0/ila_core_inst/u_ila_regs/reg_8/I_EN_STAT_EQ1.U_STAT/xsdb_reg_reg[0]/D
  -------------------------------------------------------------------    -------------------

                         (clock clk_pl_0 rise edge)
                                                      0.000     0.000 r  
    PS8_X0Y0             PS8                          0.000     0.000 r  kria_starter_kit_i/zynq_ultra_ps_e_0/U0/PS8_i/PLCLK[0]
                         net (fo=1, routed)           0.229     0.229    kria_starter_kit_i/zynq_ultra_ps_e_0/U0/pl_clk_unbuffered[0]
    BUFG_PS_X0Y90        BUFG_PS (Prop_BUFG_PS_I_O)
                                                      0.038     0.267 r  kria_starter_kit_i/zynq_ultra_ps_e_0/U0/buffer_pl_clk_0.PL_CLK_0_BUFG/O
    X1Y2 (CLOCK_ROOT)    net (fo=1510, routed)        2.626     2.893    kria_starter_kit_i/ila_0/U0/ila_core_inst/u_ila_regs/reg_8/I_EN_STAT_EQ1.U_STAT/s_dclk_i
    SLICE_X42Y181        FDRE                                         r  kria_starter_kit_i/ila_0/U0/ila_core_inst/u_ila_regs/reg_8/I_EN_STAT_EQ1.U_STAT/xsdb_reg_reg[0]/C
                         clock pessimism             -0.262     2.631    
    SLICE_X42Y181        FDRE (Hold_HFF2_SLICEL_C_D)
                                                      0.103     2.734    kria_starter_kit_i/ila_0/U0/ila_core_inst/u_ila_regs/reg_8/I_EN_STAT_EQ1.U_STAT/xsdb_reg_reg[0]
  -------------------------------------------------------------------
                         required time                         -2.734    
                         arrival time                           2.773    
  -------------------------------------------------------------------
                         slack                                  0.039    





Pulse Width Checks
--------------------------------------------------------------------------------------
Clock Name:         clk_pl_0
Waveform(ns):       { 0.000 5.000 }
Period(ns):         10.000
Sources:            { kria_starter_kit_i/zynq_ultra_ps_e_0/U0/PS8_i/PLCLK[0] }

Check Type        Corner  Lib Pin             Reference Pin  Required(ns)  Actual(ns)  Slack(ns)  Location       Pin
Min Period        n/a     RAMB18E2/CLKARDCLK  n/a            1.960         10.000      8.040      RAMB18_X1Y74   kria_starter_kit_i/ila_0/U0/ila_core_inst/ila_trace_memory_inst/SUBCORE_RAM_BLK_MEM_1.trace_block_memory/inst_blk_mem_gen/gnbram.gnativebmg.native_blk_mem_gen/valid.cstr/ramloop[0].ram.r/prim_noinit.ram/DEVICE_8SERIES.NO_BMM_INFO.SDP.SIMPLE_PRIM18.ram/CLKARDCLK
Min Period        n/a     RAMB18E2/CLKBWRCLK  n/a            1.960         10.000      8.040      RAMB18_X1Y74   kria_starter_kit_i/ila_0/U0/ila_core_inst/ila_trace_memory_inst/SUBCORE_RAM_BLK_MEM_1.trace_block_memory/inst_blk_mem_gen/gnbram.gnativebmg.native_blk_mem_gen/valid.cstr/ramloop[0].ram.r/prim_noinit.ram/DEVICE_8SERIES.NO_BMM_INFO.SDP.SIMPLE_PRIM18.ram/CLKBWRCLK
Min Period        n/a     RAMD32/CLK          n/a            1.524         10.000      8.476      SLICE_X53Y196  dbg_hub/inst/BSCANID.u_xsdbm_id/CORE_XSDB.UUT_MASTER/U_ICON_INTERFACE/U_CMD6_RD/U_RD_FIFO/SUBCORE_FIFO.xsdbm_v3_0_2_rdfifo_inst/inst_fifo_gen/gconvfifo.rf/grf.rf/gntv_or_sync_fifo.mem/gdm.dm_gen.dm/RAM_reg_0_15_0_13/RAMA/CLK
Min Period        n/a     RAMD32/CLK          n/a            1.524         10.000      8.476      SLICE_X53Y196  dbg_hub/inst/BSCANID.u_xsdbm_id/CORE_XSDB.UUT_MASTER/U_ICON_INTERFACE/U_CMD6_RD/U_RD_FIFO/SUBCORE_FIFO.xsdbm_v3_0_2_rdfifo_inst/inst_fifo_gen/gconvfifo.rf/grf.rf/gntv_or_sync_fifo.mem/gdm.dm_gen.dm/RAM_reg_0_15_0_13/RAMA_D1/CLK
Min Period        n/a     RAMD32/CLK          n/a            1.524         10.000      8.476      SLICE_X53Y196  dbg_hub/inst/BSCANID.u_xsdbm_id/CORE_XSDB.UUT_MASTER/U_ICON_INTERFACE/U_CMD6_RD/U_RD_FIFO/SUBCORE_FIFO.xsdbm_v3_0_2_rdfifo_inst/inst_fifo_gen/gconvfifo.rf/grf.rf/gntv_or_sync_fifo.mem/gdm.dm_gen.dm/RAM_reg_0_15_0_13/RAMB/CLK
Min Period        n/a     RAMD32/CLK          n/a            1.524         10.000      8.476      SLICE_X53Y196  dbg_hub/inst/BSCANID.u_xsdbm_id/CORE_XSDB.UUT_MASTER/U_ICON_INTERFACE/U_CMD6_RD/U_RD_FIFO/SUBCORE_FIFO.xsdbm_v3_0_2_rdfifo_inst/inst_fifo_gen/gconvfifo.rf/grf.rf/gntv_or_sync_fifo.mem/gdm.dm_gen.dm/RAM_reg_0_15_0_13/RAMB_D1/CLK
Min Period        n/a     RAMD32/CLK          n/a            1.524         10.000      8.476      SLICE_X53Y196  dbg_hub/inst/BSCANID.u_xsdbm_id/CORE_XSDB.UUT_MASTER/U_ICON_INTERFACE/U_CMD6_RD/U_RD_FIFO/SUBCORE_FIFO.xsdbm_v3_0_2_rdfifo_inst/inst_fifo_gen/gconvfifo.rf/grf.rf/gntv_or_sync_fifo.mem/gdm.dm_gen.dm/RAM_reg_0_15_0_13/RAMC/CLK
Min Period        n/a     RAMD32/CLK          n/a            1.524         10.000      8.476      SLICE_X53Y196  dbg_hub/inst/BSCANID.u_xsdbm_id/CORE_XSDB.UUT_MASTER/U_ICON_INTERFACE/U_CMD6_RD/U_RD_FIFO/SUBCORE_FIFO.xsdbm_v3_0_2_rdfifo_inst/inst_fifo_gen/gconvfifo.rf/grf.rf/gntv_or_sync_fifo.mem/gdm.dm_gen.dm/RAM_reg_0_15_0_13/RAMC_D1/CLK
Min Period        n/a     RAMD32/CLK          n/a            1.524         10.000      8.476      SLICE_X53Y196  dbg_hub/inst/BSCANID.u_xsdbm_id/CORE_XSDB.UUT_MASTER/U_ICON_INTERFACE/U_CMD6_RD/U_RD_FIFO/SUBCORE_FIFO.xsdbm_v3_0_2_rdfifo_inst/inst_fifo_gen/gconvfifo.rf/grf.rf/gntv_or_sync_fifo.mem/gdm.dm_gen.dm/RAM_reg_0_15_0_13/RAMD/CLK
Min Period        n/a     RAMD32/CLK          n/a            1.524         10.000      8.476      SLICE_X53Y196  dbg_hub/inst/BSCANID.u_xsdbm_id/CORE_XSDB.UUT_MASTER/U_ICON_INTERFACE/U_CMD6_RD/U_RD_FIFO/SUBCORE_FIFO.xsdbm_v3_0_2_rdfifo_inst/inst_fifo_gen/gconvfifo.rf/grf.rf/gntv_or_sync_fifo.mem/gdm.dm_gen.dm/RAM_reg_0_15_0_13/RAMD_D1/CLK
Low Pulse Width   Slow    RAMD32/CLK          n/a            0.762         5.000       4.238      SLICE_X53Y196  dbg_hub/inst/BSCANID.u_xsdbm_id/CORE_XSDB.UUT_MASTER/U_ICON_INTERFACE/U_CMD6_RD/U_RD_FIFO/SUBCORE_FIFO.xsdbm_v3_0_2_rdfifo_inst/inst_fifo_gen/gconvfifo.rf/grf.rf/gntv_or_sync_fifo.mem/gdm.dm_gen.dm/RAM_reg_0_15_0_13/RAMA/CLK
Low Pulse Width   Fast    RAMD32/CLK          n/a            0.762         5.000       4.238      SLICE_X53Y196  dbg_hub/inst/BSCANID.u_xsdbm_id/CORE_XSDB.UUT_MASTER/U_ICON_INTERFACE/U_CMD6_RD/U_RD_FIFO/SUBCORE_FIFO.xsdbm_v3_0_2_rdfifo_inst/inst_fifo_gen/gconvfifo.rf/grf.rf/gntv_or_sync_fifo.mem/gdm.dm_gen.dm/RAM_reg_0_15_0_13/RAMA/CLK
Low Pulse Width   Slow    RAMD32/CLK          n/a            0.762         5.000       4.238      SLICE_X53Y196  dbg_hub/inst/BSCANID.u_xsdbm_id/CORE_XSDB.UUT_MASTER/U_ICON_INTERFACE/U_CMD6_RD/U_RD_FIFO/SUBCORE_FIFO.xsdbm_v3_0_2_rdfifo_inst/inst_fifo_gen/gconvfifo.rf/grf.rf/gntv_or_sync_fifo.mem/gdm.dm_gen.dm/RAM_reg_0_15_0_13/RAMA_D1/CLK
Low Pulse Width   Fast    RAMD32/CLK          n/a            0.762         5.000       4.238      SLICE_X53Y196  dbg_hub/inst/BSCANID.u_xsdbm_id/CORE_XSDB.UUT_MASTER/U_ICON_INTERFACE/U_CMD6_RD/U_RD_FIFO/SUBCORE_FIFO.xsdbm_v3_0_2_rdfifo_inst/inst_fifo_gen/gconvfifo.rf/grf.rf/gntv_or_sync_fifo.mem/gdm.dm_gen.dm/RAM_reg_0_15_0_13/RAMA_D1/CLK
Low Pulse Width   Slow    RAMD32/CLK          n/a            0.762         5.000       4.238      SLICE_X53Y196  dbg_hub/inst/BSCANID.u_xsdbm_id/CORE_XSDB.UUT_MASTER/U_ICON_INTERFACE/U_CMD6_RD/U_RD_FIFO/SUBCORE_FIFO.xsdbm_v3_0_2_rdfifo_inst/inst_fifo_gen/gconvfifo.rf/grf.rf/gntv_or_sync_fifo.mem/gdm.dm_gen.dm/RAM_reg_0_15_0_13/RAMB/CLK
Low Pulse Width   Fast    RAMD32/CLK          n/a            0.762         5.000       4.238      SLICE_X53Y196  dbg_hub/inst/BSCANID.u_xsdbm_id/CORE_XSDB.UUT_MASTER/U_ICON_INTERFACE/U_CMD6_RD/U_RD_FIFO/SUBCORE_FIFO.xsdbm_v3_0_2_rdfifo_inst/inst_fifo_gen/gconvfifo.rf/grf.rf/gntv_or_sync_fifo.mem/gdm.dm_gen.dm/RAM_reg_0_15_0_13/RAMB/CLK
Low Pulse Width   Slow    RAMD32/CLK          n/a            0.762         5.000       4.238      SLICE_X53Y196  dbg_hub/inst/BSCANID.u_xsdbm_id/CORE_XSDB.UUT_MASTER/U_ICON_INTERFACE/U_CMD6_RD/U_RD_FIFO/SUBCORE_FIFO.xsdbm_v3_0_2_rdfifo_inst/inst_fifo_gen/gconvfifo.rf/grf.rf/gntv_or_sync_fifo.mem/gdm.dm_gen.dm/RAM_reg_0_15_0_13/RAMB_D1/CLK
Low Pulse Width   Fast    RAMD32/CLK          n/a            0.762         5.000       4.238      SLICE_X53Y196  dbg_hub/inst/BSCANID.u_xsdbm_id/CORE_XSDB.UUT_MASTER/U_ICON_INTERFACE/U_CMD6_RD/U_RD_FIFO/SUBCORE_FIFO.xsdbm_v3_0_2_rdfifo_inst/inst_fifo_gen/gconvfifo.rf/grf.rf/gntv_or_sync_fifo.mem/gdm.dm_gen.dm/RAM_reg_0_15_0_13/RAMB_D1/CLK
Low Pulse Width   Slow    RAMD32/CLK          n/a            0.762         5.000       4.238      SLICE_X53Y196  dbg_hub/inst/BSCANID.u_xsdbm_id/CORE_XSDB.UUT_MASTER/U_ICON_INTERFACE/U_CMD6_RD/U_RD_FIFO/SUBCORE_FIFO.xsdbm_v3_0_2_rdfifo_inst/inst_fifo_gen/gconvfifo.rf/grf.rf/gntv_or_sync_fifo.mem/gdm.dm_gen.dm/RAM_reg_0_15_0_13/RAMC/CLK
Low Pulse Width   Fast    RAMD32/CLK          n/a            0.762         5.000       4.238      SLICE_X53Y196  dbg_hub/inst/BSCANID.u_xsdbm_id/CORE_XSDB.UUT_MASTER/U_ICON_INTERFACE/U_CMD6_RD/U_RD_FIFO/SUBCORE_FIFO.xsdbm_v3_0_2_rdfifo_inst/inst_fifo_gen/gconvfifo.rf/grf.rf/gntv_or_sync_fifo.mem/gdm.dm_gen.dm/RAM_reg_0_15_0_13/RAMC/CLK
High Pulse Width  Slow    RAMD32/CLK          n/a            0.762         5.000       4.238      SLICE_X53Y196  dbg_hub/inst/BSCANID.u_xsdbm_id/CORE_XSDB.UUT_MASTER/U_ICON_INTERFACE/U_CMD6_RD/U_RD_FIFO/SUBCORE_FIFO.xsdbm_v3_0_2_rdfifo_inst/inst_fifo_gen/gconvfifo.rf/grf.rf/gntv_or_sync_fifo.mem/gdm.dm_gen.dm/RAM_reg_0_15_0_13/RAMA/CLK
High Pulse Width  Fast    RAMD32/CLK          n/a            0.762         5.000       4.238      SLICE_X53Y196  dbg_hub/inst/BSCANID.u_xsdbm_id/CORE_XSDB.UUT_MASTER/U_ICON_INTERFACE/U_CMD6_RD/U_RD_FIFO/SUBCORE_FIFO.xsdbm_v3_0_2_rdfifo_inst/inst_fifo_gen/gconvfifo.rf/grf.rf/gntv_or_sync_fifo.mem/gdm.dm_gen.dm/RAM_reg_0_15_0_13/RAMA/CLK
High Pulse Width  Slow    RAMD32/CLK          n/a            0.762         5.000       4.238      SLICE_X53Y196  dbg_hub/inst/BSCANID.u_xsdbm_id/CORE_XSDB.UUT_MASTER/U_ICON_INTERFACE/U_CMD6_RD/U_RD_FIFO/SUBCORE_FIFO.xsdbm_v3_0_2_rdfifo_inst/inst_fifo_gen/gconvfifo.rf/grf.rf/gntv_or_sync_fifo.mem/gdm.dm_gen.dm/RAM_reg_0_15_0_13/RAMA_D1/CLK
High Pulse Width  Fast    RAMD32/CLK          n/a            0.762         5.000       4.238      SLICE_X53Y196  dbg_hub/inst/BSCANID.u_xsdbm_id/CORE_XSDB.UUT_MASTER/U_ICON_INTERFACE/U_CMD6_RD/U_RD_FIFO/SUBCORE_FIFO.xsdbm_v3_0_2_rdfifo_inst/inst_fifo_gen/gconvfifo.rf/grf.rf/gntv_or_sync_fifo.mem/gdm.dm_gen.dm/RAM_reg_0_15_0_13/RAMA_D1/CLK
High Pulse Width  Slow    RAMD32/CLK          n/a            0.762         5.000       4.238      SLICE_X53Y196  dbg_hub/inst/BSCANID.u_xsdbm_id/CORE_XSDB.UUT_MASTER/U_ICON_INTERFACE/U_CMD6_RD/U_RD_FIFO/SUBCORE_FIFO.xsdbm_v3_0_2_rdfifo_inst/inst_fifo_gen/gconvfifo.rf/grf.rf/gntv_or_sync_fifo.mem/gdm.dm_gen.dm/RAM_reg_0_15_0_13/RAMB/CLK
High Pulse Width  Fast    RAMD32/CLK          n/a            0.762         5.000       4.238      SLICE_X53Y196  dbg_hub/inst/BSCANID.u_xsdbm_id/CORE_XSDB.UUT_MASTER/U_ICON_INTERFACE/U_CMD6_RD/U_RD_FIFO/SUBCORE_FIFO.xsdbm_v3_0_2_rdfifo_inst/inst_fifo_gen/gconvfifo.rf/grf.rf/gntv_or_sync_fifo.mem/gdm.dm_gen.dm/RAM_reg_0_15_0_13/RAMB/CLK
High Pulse Width  Slow    RAMD32/CLK          n/a            0.762         5.000       4.238      SLICE_X53Y196  dbg_hub/inst/BSCANID.u_xsdbm_id/CORE_XSDB.UUT_MASTER/U_ICON_INTERFACE/U_CMD6_RD/U_RD_FIFO/SUBCORE_FIFO.xsdbm_v3_0_2_rdfifo_inst/inst_fifo_gen/gconvfifo.rf/grf.rf/gntv_or_sync_fifo.mem/gdm.dm_gen.dm/RAM_reg_0_15_0_13/RAMB_D1/CLK
High Pulse Width  Fast    RAMD32/CLK          n/a            0.762         5.000       4.238      SLICE_X53Y196  dbg_hub/inst/BSCANID.u_xsdbm_id/CORE_XSDB.UUT_MASTER/U_ICON_INTERFACE/U_CMD6_RD/U_RD_FIFO/SUBCORE_FIFO.xsdbm_v3_0_2_rdfifo_inst/inst_fifo_gen/gconvfifo.rf/grf.rf/gntv_or_sync_fifo.mem/gdm.dm_gen.dm/RAM_reg_0_15_0_13/RAMB_D1/CLK
High Pulse Width  Slow    RAMD32/CLK          n/a            0.762         5.000       4.238      SLICE_X53Y196  dbg_hub/inst/BSCANID.u_xsdbm_id/CORE_XSDB.UUT_MASTER/U_ICON_INTERFACE/U_CMD6_RD/U_RD_FIFO/SUBCORE_FIFO.xsdbm_v3_0_2_rdfifo_inst/inst_fifo_gen/gconvfifo.rf/grf.rf/gntv_or_sync_fifo.mem/gdm.dm_gen.dm/RAM_reg_0_15_0_13/RAMC/CLK
High Pulse Width  Fast    RAMD32/CLK          n/a            0.762         5.000       4.238      SLICE_X53Y196  dbg_hub/inst/BSCANID.u_xsdbm_id/CORE_XSDB.UUT_MASTER/U_ICON_INTERFACE/U_CMD6_RD/U_RD_FIFO/SUBCORE_FIFO.xsdbm_v3_0_2_rdfifo_inst/inst_fifo_gen/gconvfifo.rf/grf.rf/gntv_or_sync_fifo.mem/gdm.dm_gen.dm/RAM_reg_0_15_0_13/RAMC/CLK



---------------------------------------------------------------------------------------------------
From Clock:  dbg_hub/inst/BSCANID.u_xsdbm_id/SWITCH_N_EXT_BSCAN.bscan_inst/SERIES7_BSCAN.bscan_inst/INTERNAL_TCK
  To Clock:  dbg_hub/inst/BSCANID.u_xsdbm_id/SWITCH_N_EXT_BSCAN.bscan_inst/SERIES7_BSCAN.bscan_inst/INTERNAL_TCK

Setup :            0  Failing Endpoints,  Worst Slack       13.142ns,  Total Violation        0.000ns
Hold  :            0  Failing Endpoints,  Worst Slack        0.054ns,  Total Violation        0.000ns
PW    :            0  Failing Endpoints,  Worst Slack       24.238ns,  Total Violation        0.000ns
---------------------------------------------------------------------------------------------------


Max Delay Paths
--------------------------------------------------------------------------------------
Slack (MET) :             13.142ns  (required time - arrival time)
  Source:                 dbg_hub/inst/BSCANID.u_xsdbm_id/SWITCH_N_EXT_BSCAN.bscan_switch/state_reg[1]/C
                            (rising edge-triggered cell FDRE clocked by dbg_hub/inst/BSCANID.u_xsdbm_id/SWITCH_N_EXT_BSCAN.bscan_inst/SERIES7_BSCAN.bscan_inst/INTERNAL_TCK  {rise@0.000ns fall@25.000ns period=50.000ns})
  Destination:            dbg_hub/inst/BSCANID.u_xsdbm_id/SWITCH_N_EXT_BSCAN.bscan_inst/SERIES7_BSCAN.bscan_inst/TDO
                            (falling edge-triggered cell BSCANE2 clocked by dbg_hub/inst/BSCANID.u_xsdbm_id/SWITCH_N_EXT_BSCAN.bscan_inst/SERIES7_BSCAN.bscan_inst/INTERNAL_TCK  {rise@0.000ns fall@25.000ns period=50.000ns})
  Path Group:             dbg_hub/inst/BSCANID.u_xsdbm_id/SWITCH_N_EXT_BSCAN.bscan_inst/SERIES7_BSCAN.bscan_inst/INTERNAL_TCK
  Path Type:              Setup (Max at Slow Process Corner)
  Requirement:            25.000ns  (dbg_hub/inst/BSCANID.u_xsdbm_id/SWITCH_N_EXT_BSCAN.bscan_inst/SERIES7_BSCAN.bscan_inst/INTERNAL_TCK fall@25.000ns - dbg_hub/inst/BSCANID.u_xsdbm_id/SWITCH_N_EXT_BSCAN.bscan_inst/SERIES7_BSCAN.bscan_inst/INTERNAL_TCK rise@0.000ns)
  Data Path Delay:        2.860ns  (logic 0.477ns (16.677%)  route 2.383ns (83.323%))
  Logic Levels:           3  (LUT3=1 LUT5=1 LUT6=1)
  Clock Path Skew:        -8.763ns (DCD - SCD + CPR)
    Destination Clock Delay (DCD):    0.000ns = ( 25.000 - 25.000 ) 
    Source Clock Delay      (SCD):    8.763ns
    Clock Pessimism Removal (CPR):    0.000ns
  Clock Uncertainty:      0.235ns  ((TSJ^2 + TIJ^2)^1/2 + DJ) / 2 + PE + DCD
    Total System Jitter     (TSJ):    0.071ns
    Total Input Jitter      (TIJ):    0.000ns
    Discrete Jitter          (DJ):    0.000ns
    Phase Error              (PE):    0.000ns
    Duty Cycle Distortion   (DCD):    0.200ns
  Clock Net Delay (Source):      2.288ns (routing 1.187ns, distribution 1.101ns)

    Location             Delay type                Incr(ns)  Path(ns)    Netlist Resource(s)
  -------------------------------------------------------------------    -------------------
                         (clock dbg_hub/inst/BSCANID.u_xsdbm_id/SWITCH_N_EXT_BSCAN.bscan_inst/SERIES7_BSCAN.bscan_inst/INTERNAL_TCK rise edge)
                                                      0.000     0.000 r  
    CONFIG_SITE_X0Y0     BSCANE2                      0.000     0.000 r  dbg_hub/inst/BSCANID.u_xsdbm_id/SWITCH_N_EXT_BSCAN.bscan_inst/SERIES7_BSCAN.bscan_inst/INTERNAL_TCK
    CONFIG_SITE_X0Y0     BSCANE2 (Prop_BSCAN1_CONFIG_SITE_INTERNAL_TCK_TCK)
                                                      4.800     4.800 r  dbg_hub/inst/BSCANID.u_xsdbm_id/SWITCH_N_EXT_BSCAN.bscan_inst/SERIES7_BSCAN.bscan_inst/TCK
                         net (fo=1, routed)           1.631     6.431    dbg_hub/inst/BSCANID.u_xsdbm_id/tck_bs
    BUFGCE_X0Y76         BUFGCE (Prop_BUFCE_BUFGCE_I_O)
                                                      0.044     6.475 r  dbg_hub/inst/BSCANID.u_xsdbm_id/SWITCH_N_EXT_BSCAN.u_bufg_icon_tck/O
    X2Y2 (CLOCK_ROOT)    net (fo=478, routed)         2.288     8.763    dbg_hub/inst/BSCANID.u_xsdbm_id/SWITCH_N_EXT_BSCAN.bscan_switch/s_bscan_tck
    SLICE_X49Y159        FDRE                                         r  dbg_hub/inst/BSCANID.u_xsdbm_id/SWITCH_N_EXT_BSCAN.bscan_switch/state_reg[1]/C
  -------------------------------------------------------------------    -------------------
    SLICE_X49Y159        FDRE (Prop_EFF2_SLICEL_C_Q)
                                                      0.116     8.879 r  dbg_hub/inst/BSCANID.u_xsdbm_id/SWITCH_N_EXT_BSCAN.bscan_switch/state_reg[1]/Q
                         net (fo=50, routed)          0.230     9.109    dbg_hub/inst/BSCANID.u_xsdbm_id/SWITCH_N_EXT_BSCAN.bscan_switch/state[1]
    SLICE_X49Y156        LUT5 (Prop_F6LUT_SLICEL_I4_O)
                                                      0.224     9.333 r  dbg_hub/inst/BSCANID.u_xsdbm_id/SWITCH_N_EXT_BSCAN.bscan_switch/m_bscan_bscanid_en_INST_0/O
                         net (fo=35, routed)          0.147     9.480    dbg_hub/inst/BSCANID.u_xsdbm_id/bscanid_en_int
    SLICE_X49Y158        LUT3 (Prop_F6LUT_SLICEL_I1_O)
                                                      0.056     9.536 r  dbg_hub/inst/BSCANID.u_xsdbm_id/SWITCH_N_EXT_BSCAN.bscan_switch_i_1/O
                         net (fo=2, routed)           0.251     9.787    dbg_hub/inst/BSCANID.u_xsdbm_id/SWITCH_N_EXT_BSCAN.bscan_switch/m_bscan_tdo[0]
    SLICE_X49Y160        LUT6 (Prop_F6LUT_SLICEL_I5_O)
                                                      0.081     9.868 r  dbg_hub/inst/BSCANID.u_xsdbm_id/SWITCH_N_EXT_BSCAN.bscan_switch/s_bscan_tdo_INST_0/O
                         net (fo=1, routed)           1.755    11.623    dbg_hub/inst/BSCANID.u_xsdbm_id/SWITCH_N_EXT_BSCAN.bscan_inst/TDO
    CONFIG_SITE_X0Y0     BSCANE2                                      r  dbg_hub/inst/BSCANID.u_xsdbm_id/SWITCH_N_EXT_BSCAN.bscan_inst/SERIES7_BSCAN.bscan_inst/TDO
  -------------------------------------------------------------------    -------------------

                         (clock dbg_hub/inst/BSCANID.u_xsdbm_id/SWITCH_N_EXT_BSCAN.bscan_inst/SERIES7_BSCAN.bscan_inst/INTERNAL_TCK fall edge)
                                                     25.000    25.000 f  
    CONFIG_SITE_X0Y0     BSCANE2                      0.000    25.000 f  dbg_hub/inst/BSCANID.u_xsdbm_id/SWITCH_N_EXT_BSCAN.bscan_inst/SERIES7_BSCAN.bscan_inst/INTERNAL_TCK
                         clock pessimism              0.000    25.000    
                         clock uncertainty           -0.235    24.765    
    CONFIG_SITE_X0Y0     BSCANE2 (Setup_BSCAN1_CONFIG_SITE_INTERNAL_TCK_TDO)
                                                      0.000    24.765    dbg_hub/inst/BSCANID.u_xsdbm_id/SWITCH_N_EXT_BSCAN.bscan_inst/SERIES7_BSCAN.bscan_inst
  -------------------------------------------------------------------
                         required time                         24.765    
                         arrival time                         -11.623    
  -------------------------------------------------------------------
                         slack                                 13.142    

Slack (MET) :             19.752ns  (required time - arrival time)
  Source:                 dbg_hub/inst/BSCANID.u_xsdbm_id/SWITCH_N_EXT_BSCAN.bscan_inst/SERIES7_BSCAN.bscan_inst/INTERNAL_TCK
                            (falling edge-triggered cell BSCANE2 clocked by dbg_hub/inst/BSCANID.u_xsdbm_id/SWITCH_N_EXT_BSCAN.bscan_inst/SERIES7_BSCAN.bscan_inst/INTERNAL_TCK  {rise@0.000ns fall@25.000ns period=50.000ns})
  Destination:            dbg_hub/inst/BSCANID.u_xsdbm_id/CORE_XSDB.U_ICON/U_STAT/iSTAT_CNT_reg[0]/R
                            (rising edge-triggered cell FDRE clocked by dbg_hub/inst/BSCANID.u_xsdbm_id/SWITCH_N_EXT_BSCAN.bscan_inst/SERIES7_BSCAN.bscan_inst/INTERNAL_TCK  {rise@0.000ns fall@25.000ns period=50.000ns})
  Path Group:             dbg_hub/inst/BSCANID.u_xsdbm_id/SWITCH_N_EXT_BSCAN.bscan_inst/SERIES7_BSCAN.bscan_inst/INTERNAL_TCK
  Path Type:              Setup (Max at Fast Process Corner)
  Requirement:            25.000ns  (dbg_hub/inst/BSCANID.u_xsdbm_id/SWITCH_N_EXT_BSCAN.bscan_inst/SERIES7_BSCAN.bscan_inst/INTERNAL_TCK rise@50.000ns - dbg_hub/inst/BSCANID.u_xsdbm_id/SWITCH_N_EXT_BSCAN.bscan_inst/SERIES7_BSCAN.bscan_inst/INTERNAL_TCK fall@25.000ns)
  Data Path Delay:        7.464ns  (logic 6.091ns (81.607%)  route 1.373ns (18.393%))
  Logic Levels:           3  (LUT4=1 LUT5=2)
  Clock Path Skew:        2.501ns (DCD - SCD + CPR)
    Destination Clock Delay (DCD):    2.501ns = ( 52.501 - 50.000 ) 
    Source Clock Delay      (SCD):    0.000ns = ( 25.000 - 25.000 ) 
    Clock Pessimism Removal (CPR):    0.000ns
  Clock Uncertainty:      0.235ns  ((TSJ^2 + TIJ^2)^1/2 + DJ) / 2 + PE + DCD
    Total System Jitter     (TSJ):    0.071ns
    Total Input Jitter      (TIJ):    0.000ns
    Discrete Jitter          (DJ):    0.000ns
    Phase Error              (PE):    0.000ns
    Duty Cycle Distortion   (DCD):    0.200ns
  Clock Net Delay (Destination): 1.285ns (routing 0.650ns, distribution 0.635ns)

    Location             Delay type                Incr(ns)  Path(ns)    Netlist Resource(s)
  -------------------------------------------------------------------    -------------------
                         (clock dbg_hub/inst/BSCANID.u_xsdbm_id/SWITCH_N_EXT_BSCAN.bscan_inst/SERIES7_BSCAN.bscan_inst/INTERNAL_TCK fall edge)
                                                     25.000    25.000 f  
    CONFIG_SITE_X0Y0     BSCANE2                      0.000    25.000 f  dbg_hub/inst/BSCANID.u_xsdbm_id/SWITCH_N_EXT_BSCAN.bscan_inst/SERIES7_BSCAN.bscan_inst/INTERNAL_TCK
  -------------------------------------------------------------------    -------------------
    CONFIG_SITE_X0Y0     BSCANE2 (Prop_BSCAN1_CONFIG_SITE_INTERNAL_TCK_SHIFT)
                                                      5.600    30.600 f  dbg_hub/inst/BSCANID.u_xsdbm_id/SWITCH_N_EXT_BSCAN.bscan_inst/SERIES7_BSCAN.bscan_inst/SHIFT
                         net (fo=37, routed)          0.618    31.218    dbg_hub/inst/BSCANID.u_xsdbm_id/SWITCH_N_EXT_BSCAN.bscan_switch/s_bscan_shift
    SLICE_X49Y161        LUT5 (Prop_G6LUT_SLICEL_I4_O)
                                                      0.169    31.387 f  dbg_hub/inst/BSCANID.u_xsdbm_id/SWITCH_N_EXT_BSCAN.bscan_switch/m_bscan_shift[0]_INST_0/O
                         net (fo=4, routed)           0.512    31.899    dbg_hub/inst/BSCANID.u_xsdbm_id/CORE_XSDB.U_ICON/U_CMD/icn_cmd_en_reg[7]
    SLICE_X50Y184        LUT4 (Prop_C6LUT_SLICEL_I1_O)
                                                      0.205    32.104 f  dbg_hub/inst/BSCANID.u_xsdbm_id/CORE_XSDB.U_ICON/U_CMD/iSTAT_CNT[5]_i_4/O
                         net (fo=1, routed)           0.104    32.208    dbg_hub/inst/BSCANID.u_xsdbm_id/CORE_XSDB.U_ICON/U_CMD/iSTAT_CNT[5]_i_4_n_0
    SLICE_X50Y184        LUT5 (Prop_D6LUT_SLICEL_I4_O)
                                                      0.117    32.325 r  dbg_hub/inst/BSCANID.u_xsdbm_id/CORE_XSDB.U_ICON/U_CMD/iSTAT_CNT[5]_i_1/O
                         net (fo=6, routed)           0.139    32.464    dbg_hub/inst/BSCANID.u_xsdbm_id/CORE_XSDB.U_ICON/U_STAT/SR[0]
    SLICE_X49Y184        FDRE                                         r  dbg_hub/inst/BSCANID.u_xsdbm_id/CORE_XSDB.U_ICON/U_STAT/iSTAT_CNT_reg[0]/R
  -------------------------------------------------------------------    -------------------

                         (clock dbg_hub/inst/BSCANID.u_xsdbm_id/SWITCH_N_EXT_BSCAN.bscan_inst/SERIES7_BSCAN.bscan_inst/INTERNAL_TCK rise edge)
                                                     50.000    50.000 r  
    CONFIG_SITE_X0Y0     BSCANE2                      0.000    50.000 r  dbg_hub/inst/BSCANID.u_xsdbm_id/SWITCH_N_EXT_BSCAN.bscan_inst/SERIES7_BSCAN.bscan_inst/INTERNAL_TCK
    CONFIG_SITE_X0Y0     BSCANE2 (Prop_BSCAN1_CONFIG_SITE_INTERNAL_TCK_TCK)
                                                      0.465    50.465 r  dbg_hub/inst/BSCANID.u_xsdbm_id/SWITCH_N_EXT_BSCAN.bscan_inst/SERIES7_BSCAN.bscan_inst/TCK
                         net (fo=1, routed)           0.728    51.193    dbg_hub/inst/BSCANID.u_xsdbm_id/tck_bs
    BUFGCE_X0Y76         BUFGCE (Prop_BUFCE_BUFGCE_I_O)
                                                      0.023    51.216 r  dbg_hub/inst/BSCANID.u_xsdbm_id/SWITCH_N_EXT_BSCAN.u_bufg_icon_tck/O
    X2Y2 (CLOCK_ROOT)    net (fo=478, routed)         1.285    52.501    dbg_hub/inst/BSCANID.u_xsdbm_id/CORE_XSDB.U_ICON/U_STAT/m_bscan_tck[0]
    SLICE_X49Y184        FDRE                                         r  dbg_hub/inst/BSCANID.u_xsdbm_id/CORE_XSDB.U_ICON/U_STAT/iSTAT_CNT_reg[0]/C
                         clock pessimism              0.000    52.501    
                         clock uncertainty           -0.235    52.265    
    SLICE_X49Y184        FDRE (Setup_BFF2_SLICEL_C_R)
                                                     -0.049    52.216    dbg_hub/inst/BSCANID.u_xsdbm_id/CORE_XSDB.U_ICON/U_STAT/iSTAT_CNT_reg[0]
  -------------------------------------------------------------------
                         required time                         52.216    
                         arrival time                         -32.464    
  -------------------------------------------------------------------
                         slack                                 19.752    

Slack (MET) :             19.752ns  (required time - arrival time)
  Source:                 dbg_hub/inst/BSCANID.u_xsdbm_id/SWITCH_N_EXT_BSCAN.bscan_inst/SERIES7_BSCAN.bscan_inst/INTERNAL_TCK
                            (falling edge-triggered cell BSCANE2 clocked by dbg_hub/inst/BSCANID.u_xsdbm_id/SWITCH_N_EXT_BSCAN.bscan_inst/SERIES7_BSCAN.bscan_inst/INTERNAL_TCK  {rise@0.000ns fall@25.000ns period=50.000ns})
  Destination:            dbg_hub/inst/BSCANID.u_xsdbm_id/CORE_XSDB.U_ICON/U_STAT/iSTAT_CNT_reg[1]/R
                            (rising edge-triggered cell FDRE clocked by dbg_hub/inst/BSCANID.u_xsdbm_id/SWITCH_N_EXT_BSCAN.bscan_inst/SERIES7_BSCAN.bscan_inst/INTERNAL_TCK  {rise@0.000ns fall@25.000ns period=50.000ns})
  Path Group:             dbg_hub/inst/BSCANID.u_xsdbm_id/SWITCH_N_EXT_BSCAN.bscan_inst/SERIES7_BSCAN.bscan_inst/INTERNAL_TCK
  Path Type:              Setup (Max at Fast Process Corner)
  Requirement:            25.000ns  (dbg_hub/inst/BSCANID.u_xsdbm_id/SWITCH_N_EXT_BSCAN.bscan_inst/SERIES7_BSCAN.bscan_inst/INTERNAL_TCK rise@50.000ns - dbg_hub/inst/BSCANID.u_xsdbm_id/SWITCH_N_EXT_BSCAN.bscan_inst/SERIES7_BSCAN.bscan_inst/INTERNAL_TCK fall@25.000ns)
  Data Path Delay:        7.464ns  (logic 6.091ns (81.607%)  route 1.373ns (18.393%))
  Logic Levels:           3  (LUT4=1 LUT5=2)
  Clock Path Skew:        2.501ns (DCD - SCD + CPR)
    Destination Clock Delay (DCD):    2.501ns = ( 52.501 - 50.000 ) 
    Source Clock Delay      (SCD):    0.000ns = ( 25.000 - 25.000 ) 
    Clock Pessimism Removal (CPR):    0.000ns
  Clock Uncertainty:      0.235ns  ((TSJ^2 + TIJ^2)^1/2 + DJ) / 2 + PE + DCD
    Total System Jitter     (TSJ):    0.071ns
    Total Input Jitter      (TIJ):    0.000ns
    Discrete Jitter          (DJ):    0.000ns
    Phase Error              (PE):    0.000ns
    Duty Cycle Distortion   (DCD):    0.200ns
  Clock Net Delay (Destination): 1.285ns (routing 0.650ns, distribution 0.635ns)

    Location             Delay type                Incr(ns)  Path(ns)    Netlist Resource(s)
  -------------------------------------------------------------------    -------------------
                         (clock dbg_hub/inst/BSCANID.u_xsdbm_id/SWITCH_N_EXT_BSCAN.bscan_inst/SERIES7_BSCAN.bscan_inst/INTERNAL_TCK fall edge)
                                                     25.000    25.000 f  
    CONFIG_SITE_X0Y0     BSCANE2                      0.000    25.000 f  dbg_hub/inst/BSCANID.u_xsdbm_id/SWITCH_N_EXT_BSCAN.bscan_inst/SERIES7_BSCAN.bscan_inst/INTERNAL_TCK
  -------------------------------------------------------------------    -------------------
    CONFIG_SITE_X0Y0     BSCANE2 (Prop_BSCAN1_CONFIG_SITE_INTERNAL_TCK_SHIFT)
                                                      5.600    30.600 f  dbg_hub/inst/BSCANID.u_xsdbm_id/SWITCH_N_EXT_BSCAN.bscan_inst/SERIES7_BSCAN.bscan_inst/SHIFT
                         net (fo=37, routed)          0.618    31.218    dbg_hub/inst/BSCANID.u_xsdbm_id/SWITCH_N_EXT_BSCAN.bscan_switch/s_bscan_shift
    SLICE_X49Y161        LUT5 (Prop_G6LUT_SLICEL_I4_O)
                                                      0.169    31.387 f  dbg_hub/inst/BSCANID.u_xsdbm_id/SWITCH_N_EXT_BSCAN.bscan_switch/m_bscan_shift[0]_INST_0/O
                         net (fo=4, routed)           0.512    31.899    dbg_hub/inst/BSCANID.u_xsdbm_id/CORE_XSDB.U_ICON/U_CMD/icn_cmd_en_reg[7]
    SLICE_X50Y184        LUT4 (Prop_C6LUT_SLICEL_I1_O)
                                                      0.205    32.104 f  dbg_hub/inst/BSCANID.u_xsdbm_id/CORE_XSDB.U_ICON/U_CMD/iSTAT_CNT[5]_i_4/O
                         net (fo=1, routed)           0.104    32.208    dbg_hub/inst/BSCANID.u_xsdbm_id/CORE_XSDB.U_ICON/U_CMD/iSTAT_CNT[5]_i_4_n_0
    SLICE_X50Y184        LUT5 (Prop_D6LUT_SLICEL_I4_O)
                                                      0.117    32.325 r  dbg_hub/inst/BSCANID.u_xsdbm_id/CORE_XSDB.U_ICON/U_CMD/iSTAT_CNT[5]_i_1/O
                         net (fo=6, routed)           0.139    32.464    dbg_hub/inst/BSCANID.u_xsdbm_id/CORE_XSDB.U_ICON/U_STAT/SR[0]
    SLICE_X49Y184        FDRE                                         r  dbg_hub/inst/BSCANID.u_xsdbm_id/CORE_XSDB.U_ICON/U_STAT/iSTAT_CNT_reg[1]/R
  -------------------------------------------------------------------    -------------------

                         (clock dbg_hub/inst/BSCANID.u_xsdbm_id/SWITCH_N_EXT_BSCAN.bscan_inst/SERIES7_BSCAN.bscan_inst/INTERNAL_TCK rise edge)
                                                     50.000    50.000 r  
    CONFIG_SITE_X0Y0     BSCANE2                      0.000    50.000 r  dbg_hub/inst/BSCANID.u_xsdbm_id/SWITCH_N_EXT_BSCAN.bscan_inst/SERIES7_BSCAN.bscan_inst/INTERNAL_TCK
    CONFIG_SITE_X0Y0     BSCANE2 (Prop_BSCAN1_CONFIG_SITE_INTERNAL_TCK_TCK)
                                                      0.465    50.465 r  dbg_hub/inst/BSCANID.u_xsdbm_id/SWITCH_N_EXT_BSCAN.bscan_inst/SERIES7_BSCAN.bscan_inst/TCK
                         net (fo=1, routed)           0.728    51.193    dbg_hub/inst/BSCANID.u_xsdbm_id/tck_bs
    BUFGCE_X0Y76         BUFGCE (Prop_BUFCE_BUFGCE_I_O)
                                                      0.023    51.216 r  dbg_hub/inst/BSCANID.u_xsdbm_id/SWITCH_N_EXT_BSCAN.u_bufg_icon_tck/O
    X2Y2 (CLOCK_ROOT)    net (fo=478, routed)         1.285    52.501    dbg_hub/inst/BSCANID.u_xsdbm_id/CORE_XSDB.U_ICON/U_STAT/m_bscan_tck[0]
    SLICE_X49Y184        FDRE                                         r  dbg_hub/inst/BSCANID.u_xsdbm_id/CORE_XSDB.U_ICON/U_STAT/iSTAT_CNT_reg[1]/C
                         clock pessimism              0.000    52.501    
                         clock uncertainty           -0.235    52.265    
    SLICE_X49Y184        FDRE (Setup_DFF_SLICEL_C_R)
                                                     -0.049    52.216    dbg_hub/inst/BSCANID.u_xsdbm_id/CORE_XSDB.U_ICON/U_STAT/iSTAT_CNT_reg[1]
  -------------------------------------------------------------------
                         required time                         52.216    
                         arrival time                         -32.464    
  -------------------------------------------------------------------
                         slack                                 19.752    

Slack (MET) :             19.752ns  (required time - arrival time)
  Source:                 dbg_hub/inst/BSCANID.u_xsdbm_id/SWITCH_N_EXT_BSCAN.bscan_inst/SERIES7_BSCAN.bscan_inst/INTERNAL_TCK
                            (falling edge-triggered cell BSCANE2 clocked by dbg_hub/inst/BSCANID.u_xsdbm_id/SWITCH_N_EXT_BSCAN.bscan_inst/SERIES7_BSCAN.bscan_inst/INTERNAL_TCK  {rise@0.000ns fall@25.000ns period=50.000ns})
  Destination:            dbg_hub/inst/BSCANID.u_xsdbm_id/CORE_XSDB.U_ICON/U_STAT/iSTAT_CNT_reg[2]/R
                            (rising edge-triggered cell FDRE clocked by dbg_hub/inst/BSCANID.u_xsdbm_id/SWITCH_N_EXT_BSCAN.bscan_inst/SERIES7_BSCAN.bscan_inst/INTERNAL_TCK  {rise@0.000ns fall@25.000ns period=50.000ns})
  Path Group:             dbg_hub/inst/BSCANID.u_xsdbm_id/SWITCH_N_EXT_BSCAN.bscan_inst/SERIES7_BSCAN.bscan_inst/INTERNAL_TCK
  Path Type:              Setup (Max at Fast Process Corner)
  Requirement:            25.000ns  (dbg_hub/inst/BSCANID.u_xsdbm_id/SWITCH_N_EXT_BSCAN.bscan_inst/SERIES7_BSCAN.bscan_inst/INTERNAL_TCK rise@50.000ns - dbg_hub/inst/BSCANID.u_xsdbm_id/SWITCH_N_EXT_BSCAN.bscan_inst/SERIES7_BSCAN.bscan_inst/INTERNAL_TCK fall@25.000ns)
  Data Path Delay:        7.464ns  (logic 6.091ns (81.607%)  route 1.373ns (18.393%))
  Logic Levels:           3  (LUT4=1 LUT5=2)
  Clock Path Skew:        2.501ns (DCD - SCD + CPR)
    Destination Clock Delay (DCD):    2.501ns = ( 52.501 - 50.000 ) 
    Source Clock Delay      (SCD):    0.000ns = ( 25.000 - 25.000 ) 
    Clock Pessimism Removal (CPR):    0.000ns
  Clock Uncertainty:      0.235ns  ((TSJ^2 + TIJ^2)^1/2 + DJ) / 2 + PE + DCD
    Total System Jitter     (TSJ):    0.071ns
    Total Input Jitter      (TIJ):    0.000ns
    Discrete Jitter          (DJ):    0.000ns
    Phase Error              (PE):    0.000ns
    Duty Cycle Distortion   (DCD):    0.200ns
  Clock Net Delay (Destination): 1.285ns (routing 0.650ns, distribution 0.635ns)

    Location             Delay type                Incr(ns)  Path(ns)    Netlist Resource(s)
  -------------------------------------------------------------------    -------------------
                         (clock dbg_hub/inst/BSCANID.u_xsdbm_id/SWITCH_N_EXT_BSCAN.bscan_inst/SERIES7_BSCAN.bscan_inst/INTERNAL_TCK fall edge)
                                                     25.000    25.000 f  
    CONFIG_SITE_X0Y0     BSCANE2                      0.000    25.000 f  dbg_hub/inst/BSCANID.u_xsdbm_id/SWITCH_N_EXT_BSCAN.bscan_inst/SERIES7_BSCAN.bscan_inst/INTERNAL_TCK
  -------------------------------------------------------------------    -------------------
    CONFIG_SITE_X0Y0     BSCANE2 (Prop_BSCAN1_CONFIG_SITE_INTERNAL_TCK_SHIFT)
                                                      5.600    30.600 f  dbg_hub/inst/BSCANID.u_xsdbm_id/SWITCH_N_EXT_BSCAN.bscan_inst/SERIES7_BSCAN.bscan_inst/SHIFT
                         net (fo=37, routed)          0.618    31.218    dbg_hub/inst/BSCANID.u_xsdbm_id/SWITCH_N_EXT_BSCAN.bscan_switch/s_bscan_shift
    SLICE_X49Y161        LUT5 (Prop_G6LUT_SLICEL_I4_O)
                                                      0.169    31.387 f  dbg_hub/inst/BSCANID.u_xsdbm_id/SWITCH_N_EXT_BSCAN.bscan_switch/m_bscan_shift[0]_INST_0/O
                         net (fo=4, routed)           0.512    31.899    dbg_hub/inst/BSCANID.u_xsdbm_id/CORE_XSDB.U_ICON/U_CMD/icn_cmd_en_reg[7]
    SLICE_X50Y184        LUT4 (Prop_C6LUT_SLICEL_I1_O)
                                                      0.205    32.104 f  dbg_hub/inst/BSCANID.u_xsdbm_id/CORE_XSDB.U_ICON/U_CMD/iSTAT_CNT[5]_i_4/O
                         net (fo=1, routed)           0.104    32.208    dbg_hub/inst/BSCANID.u_xsdbm_id/CORE_XSDB.U_ICON/U_CMD/iSTAT_CNT[5]_i_4_n_0
    SLICE_X50Y184        LUT5 (Prop_D6LUT_SLICEL_I4_O)
                                                      0.117    32.325 r  dbg_hub/inst/BSCANID.u_xsdbm_id/CORE_XSDB.U_ICON/U_CMD/iSTAT_CNT[5]_i_1/O
                         net (fo=6, routed)           0.139    32.464    dbg_hub/inst/BSCANID.u_xsdbm_id/CORE_XSDB.U_ICON/U_STAT/SR[0]
    SLICE_X49Y184        FDRE                                         r  dbg_hub/inst/BSCANID.u_xsdbm_id/CORE_XSDB.U_ICON/U_STAT/iSTAT_CNT_reg[2]/R
  -------------------------------------------------------------------    -------------------

                         (clock dbg_hub/inst/BSCANID.u_xsdbm_id/SWITCH_N_EXT_BSCAN.bscan_inst/SERIES7_BSCAN.bscan_inst/INTERNAL_TCK rise edge)
                                                     50.000    50.000 r  
    CONFIG_SITE_X0Y0     BSCANE2                      0.000    50.000 r  dbg_hub/inst/BSCANID.u_xsdbm_id/SWITCH_N_EXT_BSCAN.bscan_inst/SERIES7_BSCAN.bscan_inst/INTERNAL_TCK
    CONFIG_SITE_X0Y0     BSCANE2 (Prop_BSCAN1_CONFIG_SITE_INTERNAL_TCK_TCK)
                                                      0.465    50.465 r  dbg_hub/inst/BSCANID.u_xsdbm_id/SWITCH_N_EXT_BSCAN.bscan_inst/SERIES7_BSCAN.bscan_inst/TCK
                         net (fo=1, routed)           0.728    51.193    dbg_hub/inst/BSCANID.u_xsdbm_id/tck_bs
    BUFGCE_X0Y76         BUFGCE (Prop_BUFCE_BUFGCE_I_O)
                                                      0.023    51.216 r  dbg_hub/inst/BSCANID.u_xsdbm_id/SWITCH_N_EXT_BSCAN.u_bufg_icon_tck/O
    X2Y2 (CLOCK_ROOT)    net (fo=478, routed)         1.285    52.501    dbg_hub/inst/BSCANID.u_xsdbm_id/CORE_XSDB.U_ICON/U_STAT/m_bscan_tck[0]
    SLICE_X49Y184        FDRE                                         r  dbg_hub/inst/BSCANID.u_xsdbm_id/CORE_XSDB.U_ICON/U_STAT/iSTAT_CNT_reg[2]/C
                         clock pessimism              0.000    52.501    
                         clock uncertainty           -0.235    52.265    
    SLICE_X49Y184        FDRE (Setup_DFF2_SLICEL_C_R)
                                                     -0.049    52.216    dbg_hub/inst/BSCANID.u_xsdbm_id/CORE_XSDB.U_ICON/U_STAT/iSTAT_CNT_reg[2]
  -------------------------------------------------------------------
                         required time                         52.216    
                         arrival time                         -32.464    
  -------------------------------------------------------------------
                         slack                                 19.752    

Slack (MET) :             19.752ns  (required time - arrival time)
  Source:                 dbg_hub/inst/BSCANID.u_xsdbm_id/SWITCH_N_EXT_BSCAN.bscan_inst/SERIES7_BSCAN.bscan_inst/INTERNAL_TCK
                            (falling edge-triggered cell BSCANE2 clocked by dbg_hub/inst/BSCANID.u_xsdbm_id/SWITCH_N_EXT_BSCAN.bscan_inst/SERIES7_BSCAN.bscan_inst/INTERNAL_TCK  {rise@0.000ns fall@25.000ns period=50.000ns})
  Destination:            dbg_hub/inst/BSCANID.u_xsdbm_id/CORE_XSDB.U_ICON/U_STAT/iSTAT_CNT_reg[3]/R
                            (rising edge-triggered cell FDRE clocked by dbg_hub/inst/BSCANID.u_xsdbm_id/SWITCH_N_EXT_BSCAN.bscan_inst/SERIES7_BSCAN.bscan_inst/INTERNAL_TCK  {rise@0.000ns fall@25.000ns period=50.000ns})
  Path Group:             dbg_hub/inst/BSCANID.u_xsdbm_id/SWITCH_N_EXT_BSCAN.bscan_inst/SERIES7_BSCAN.bscan_inst/INTERNAL_TCK
  Path Type:              Setup (Max at Fast Process Corner)
  Requirement:            25.000ns  (dbg_hub/inst/BSCANID.u_xsdbm_id/SWITCH_N_EXT_BSCAN.bscan_inst/SERIES7_BSCAN.bscan_inst/INTERNAL_TCK rise@50.000ns - dbg_hub/inst/BSCANID.u_xsdbm_id/SWITCH_N_EXT_BSCAN.bscan_inst/SERIES7_BSCAN.bscan_inst/INTERNAL_TCK fall@25.000ns)
  Data Path Delay:        7.464ns  (logic 6.091ns (81.607%)  route 1.373ns (18.393%))
  Logic Levels:           3  (LUT4=1 LUT5=2)
  Clock Path Skew:        2.501ns (DCD - SCD + CPR)
    Destination Clock Delay (DCD):    2.501ns = ( 52.501 - 50.000 ) 
    Source Clock Delay      (SCD):    0.000ns = ( 25.000 - 25.000 ) 
    Clock Pessimism Removal (CPR):    0.000ns
  Clock Uncertainty:      0.235ns  ((TSJ^2 + TIJ^2)^1/2 + DJ) / 2 + PE + DCD
    Total System Jitter     (TSJ):    0.071ns
    Total Input Jitter      (TIJ):    0.000ns
    Discrete Jitter          (DJ):    0.000ns
    Phase Error              (PE):    0.000ns
    Duty Cycle Distortion   (DCD):    0.200ns
  Clock Net Delay (Destination): 1.285ns (routing 0.650ns, distribution 0.635ns)

    Location             Delay type                Incr(ns)  Path(ns)    Netlist Resource(s)
  -------------------------------------------------------------------    -------------------
                         (clock dbg_hub/inst/BSCANID.u_xsdbm_id/SWITCH_N_EXT_BSCAN.bscan_inst/SERIES7_BSCAN.bscan_inst/INTERNAL_TCK fall edge)
                                                     25.000    25.000 f  
    CONFIG_SITE_X0Y0     BSCANE2                      0.000    25.000 f  dbg_hub/inst/BSCANID.u_xsdbm_id/SWITCH_N_EXT_BSCAN.bscan_inst/SERIES7_BSCAN.bscan_inst/INTERNAL_TCK
  -------------------------------------------------------------------    -------------------
    CONFIG_SITE_X0Y0     BSCANE2 (Prop_BSCAN1_CONFIG_SITE_INTERNAL_TCK_SHIFT)
                                                      5.600    30.600 f  dbg_hub/inst/BSCANID.u_xsdbm_id/SWITCH_N_EXT_BSCAN.bscan_inst/SERIES7_BSCAN.bscan_inst/SHIFT
                         net (fo=37, routed)          0.618    31.218    dbg_hub/inst/BSCANID.u_xsdbm_id/SWITCH_N_EXT_BSCAN.bscan_switch/s_bscan_shift
    SLICE_X49Y161        LUT5 (Prop_G6LUT_SLICEL_I4_O)
                                                      0.169    31.387 f  dbg_hub/inst/BSCANID.u_xsdbm_id/SWITCH_N_EXT_BSCAN.bscan_switch/m_bscan_shift[0]_INST_0/O
                         net (fo=4, routed)           0.512    31.899    dbg_hub/inst/BSCANID.u_xsdbm_id/CORE_XSDB.U_ICON/U_CMD/icn_cmd_en_reg[7]
    SLICE_X50Y184        LUT4 (Prop_C6LUT_SLICEL_I1_O)
                                                      0.205    32.104 f  dbg_hub/inst/BSCANID.u_xsdbm_id/CORE_XSDB.U_ICON/U_CMD/iSTAT_CNT[5]_i_4/O
                         net (fo=1, routed)           0.104    32.208    dbg_hub/inst/BSCANID.u_xsdbm_id/CORE_XSDB.U_ICON/U_CMD/iSTAT_CNT[5]_i_4_n_0
    SLICE_X50Y184        LUT5 (Prop_D6LUT_SLICEL_I4_O)
                                                      0.117    32.325 r  dbg_hub/inst/BSCANID.u_xsdbm_id/CORE_XSDB.U_ICON/U_CMD/iSTAT_CNT[5]_i_1/O
                         net (fo=6, routed)           0.139    32.464    dbg_hub/inst/BSCANID.u_xsdbm_id/CORE_XSDB.U_ICON/U_STAT/SR[0]
    SLICE_X49Y184        FDRE                                         r  dbg_hub/inst/BSCANID.u_xsdbm_id/CORE_XSDB.U_ICON/U_STAT/iSTAT_CNT_reg[3]/R
  -------------------------------------------------------------------    -------------------

                         (clock dbg_hub/inst/BSCANID.u_xsdbm_id/SWITCH_N_EXT_BSCAN.bscan_inst/SERIES7_BSCAN.bscan_inst/INTERNAL_TCK rise edge)
                                                     50.000    50.000 r  
    CONFIG_SITE_X0Y0     BSCANE2                      0.000    50.000 r  dbg_hub/inst/BSCANID.u_xsdbm_id/SWITCH_N_EXT_BSCAN.bscan_inst/SERIES7_BSCAN.bscan_inst/INTERNAL_TCK
    CONFIG_SITE_X0Y0     BSCANE2 (Prop_BSCAN1_CONFIG_SITE_INTERNAL_TCK_TCK)
                                                      0.465    50.465 r  dbg_hub/inst/BSCANID.u_xsdbm_id/SWITCH_N_EXT_BSCAN.bscan_inst/SERIES7_BSCAN.bscan_inst/TCK
                         net (fo=1, routed)           0.728    51.193    dbg_hub/inst/BSCANID.u_xsdbm_id/tck_bs
    BUFGCE_X0Y76         BUFGCE (Prop_BUFCE_BUFGCE_I_O)
                                                      0.023    51.216 r  dbg_hub/inst/BSCANID.u_xsdbm_id/SWITCH_N_EXT_BSCAN.u_bufg_icon_tck/O
    X2Y2 (CLOCK_ROOT)    net (fo=478, routed)         1.285    52.501    dbg_hub/inst/BSCANID.u_xsdbm_id/CORE_XSDB.U_ICON/U_STAT/m_bscan_tck[0]
    SLICE_X49Y184        FDRE                                         r  dbg_hub/inst/BSCANID.u_xsdbm_id/CORE_XSDB.U_ICON/U_STAT/iSTAT_CNT_reg[3]/C
                         clock pessimism              0.000    52.501    
                         clock uncertainty           -0.235    52.265    
    SLICE_X49Y184        FDRE (Setup_CFF_SLICEL_C_R)
                                                     -0.049    52.216    dbg_hub/inst/BSCANID.u_xsdbm_id/CORE_XSDB.U_ICON/U_STAT/iSTAT_CNT_reg[3]
  -------------------------------------------------------------------
                         required time                         52.216    
                         arrival time                         -32.464    
  -------------------------------------------------------------------
                         slack                                 19.752    

Slack (MET) :             19.752ns  (required time - arrival time)
  Source:                 dbg_hub/inst/BSCANID.u_xsdbm_id/SWITCH_N_EXT_BSCAN.bscan_inst/SERIES7_BSCAN.bscan_inst/INTERNAL_TCK
                            (falling edge-triggered cell BSCANE2 clocked by dbg_hub/inst/BSCANID.u_xsdbm_id/SWITCH_N_EXT_BSCAN.bscan_inst/SERIES7_BSCAN.bscan_inst/INTERNAL_TCK  {rise@0.000ns fall@25.000ns period=50.000ns})
  Destination:            dbg_hub/inst/BSCANID.u_xsdbm_id/CORE_XSDB.U_ICON/U_STAT/iSTAT_CNT_reg[4]/R
                            (rising edge-triggered cell FDRE clocked by dbg_hub/inst/BSCANID.u_xsdbm_id/SWITCH_N_EXT_BSCAN.bscan_inst/SERIES7_BSCAN.bscan_inst/INTERNAL_TCK  {rise@0.000ns fall@25.000ns period=50.000ns})
  Path Group:             dbg_hub/inst/BSCANID.u_xsdbm_id/SWITCH_N_EXT_BSCAN.bscan_inst/SERIES7_BSCAN.bscan_inst/INTERNAL_TCK
  Path Type:              Setup (Max at Fast Process Corner)
  Requirement:            25.000ns  (dbg_hub/inst/BSCANID.u_xsdbm_id/SWITCH_N_EXT_BSCAN.bscan_inst/SERIES7_BSCAN.bscan_inst/INTERNAL_TCK rise@50.000ns - dbg_hub/inst/BSCANID.u_xsdbm_id/SWITCH_N_EXT_BSCAN.bscan_inst/SERIES7_BSCAN.bscan_inst/INTERNAL_TCK fall@25.000ns)
  Data Path Delay:        7.464ns  (logic 6.091ns (81.607%)  route 1.373ns (18.393%))
  Logic Levels:           3  (LUT4=1 LUT5=2)
  Clock Path Skew:        2.501ns (DCD - SCD + CPR)
    Destination Clock Delay (DCD):    2.501ns = ( 52.501 - 50.000 ) 
    Source Clock Delay      (SCD):    0.000ns = ( 25.000 - 25.000 ) 
    Clock Pessimism Removal (CPR):    0.000ns
  Clock Uncertainty:      0.235ns  ((TSJ^2 + TIJ^2)^1/2 + DJ) / 2 + PE + DCD
    Total System Jitter     (TSJ):    0.071ns
    Total Input Jitter      (TIJ):    0.000ns
    Discrete Jitter          (DJ):    0.000ns
    Phase Error              (PE):    0.000ns
    Duty Cycle Distortion   (DCD):    0.200ns
  Clock Net Delay (Destination): 1.285ns (routing 0.650ns, distribution 0.635ns)

    Location             Delay type                Incr(ns)  Path(ns)    Netlist Resource(s)
  -------------------------------------------------------------------    -------------------
                         (clock dbg_hub/inst/BSCANID.u_xsdbm_id/SWITCH_N_EXT_BSCAN.bscan_inst/SERIES7_BSCAN.bscan_inst/INTERNAL_TCK fall edge)
                                                     25.000    25.000 f  
    CONFIG_SITE_X0Y0     BSCANE2                      0.000    25.000 f  dbg_hub/inst/BSCANID.u_xsdbm_id/SWITCH_N_EXT_BSCAN.bscan_inst/SERIES7_BSCAN.bscan_inst/INTERNAL_TCK
  -------------------------------------------------------------------    -------------------
    CONFIG_SITE_X0Y0     BSCANE2 (Prop_BSCAN1_CONFIG_SITE_INTERNAL_TCK_SHIFT)
                                                      5.600    30.600 f  dbg_hub/inst/BSCANID.u_xsdbm_id/SWITCH_N_EXT_BSCAN.bscan_inst/SERIES7_BSCAN.bscan_inst/SHIFT
                         net (fo=37, routed)          0.618    31.218    dbg_hub/inst/BSCANID.u_xsdbm_id/SWITCH_N_EXT_BSCAN.bscan_switch/s_bscan_shift
    SLICE_X49Y161        LUT5 (Prop_G6LUT_SLICEL_I4_O)
                                                      0.169    31.387 f  dbg_hub/inst/BSCANID.u_xsdbm_id/SWITCH_N_EXT_BSCAN.bscan_switch/m_bscan_shift[0]_INST_0/O
                         net (fo=4, routed)           0.512    31.899    dbg_hub/inst/BSCANID.u_xsdbm_id/CORE_XSDB.U_ICON/U_CMD/icn_cmd_en_reg[7]
    SLICE_X50Y184        LUT4 (Prop_C6LUT_SLICEL_I1_O)
                                                      0.205    32.104 f  dbg_hub/inst/BSCANID.u_xsdbm_id/CORE_XSDB.U_ICON/U_CMD/iSTAT_CNT[5]_i_4/O
                         net (fo=1, routed)           0.104    32.208    dbg_hub/inst/BSCANID.u_xsdbm_id/CORE_XSDB.U_ICON/U_CMD/iSTAT_CNT[5]_i_4_n_0
    SLICE_X50Y184        LUT5 (Prop_D6LUT_SLICEL_I4_O)
                                                      0.117    32.325 r  dbg_hub/inst/BSCANID.u_xsdbm_id/CORE_XSDB.U_ICON/U_CMD/iSTAT_CNT[5]_i_1/O
                         net (fo=6, routed)           0.139    32.464    dbg_hub/inst/BSCANID.u_xsdbm_id/CORE_XSDB.U_ICON/U_STAT/SR[0]
    SLICE_X49Y184        FDRE                                         r  dbg_hub/inst/BSCANID.u_xsdbm_id/CORE_XSDB.U_ICON/U_STAT/iSTAT_CNT_reg[4]/R
  -------------------------------------------------------------------    -------------------

                         (clock dbg_hub/inst/BSCANID.u_xsdbm_id/SWITCH_N_EXT_BSCAN.bscan_inst/SERIES7_BSCAN.bscan_inst/INTERNAL_TCK rise edge)
                                                     50.000    50.000 r  
    CONFIG_SITE_X0Y0     BSCANE2                      0.000    50.000 r  dbg_hub/inst/BSCANID.u_xsdbm_id/SWITCH_N_EXT_BSCAN.bscan_inst/SERIES7_BSCAN.bscan_inst/INTERNAL_TCK
    CONFIG_SITE_X0Y0     BSCANE2 (Prop_BSCAN1_CONFIG_SITE_INTERNAL_TCK_TCK)
                                                      0.465    50.465 r  dbg_hub/inst/BSCANID.u_xsdbm_id/SWITCH_N_EXT_BSCAN.bscan_inst/SERIES7_BSCAN.bscan_inst/TCK
                         net (fo=1, routed)           0.728    51.193    dbg_hub/inst/BSCANID.u_xsdbm_id/tck_bs
    BUFGCE_X0Y76         BUFGCE (Prop_BUFCE_BUFGCE_I_O)
                                                      0.023    51.216 r  dbg_hub/inst/BSCANID.u_xsdbm_id/SWITCH_N_EXT_BSCAN.u_bufg_icon_tck/O
    X2Y2 (CLOCK_ROOT)    net (fo=478, routed)         1.285    52.501    dbg_hub/inst/BSCANID.u_xsdbm_id/CORE_XSDB.U_ICON/U_STAT/m_bscan_tck[0]
    SLICE_X49Y184        FDRE                                         r  dbg_hub/inst/BSCANID.u_xsdbm_id/CORE_XSDB.U_ICON/U_STAT/iSTAT_CNT_reg[4]/C
                         clock pessimism              0.000    52.501    
                         clock uncertainty           -0.235    52.265    
    SLICE_X49Y184        FDRE (Setup_CFF2_SLICEL_C_R)
                                                     -0.049    52.216    dbg_hub/inst/BSCANID.u_xsdbm_id/CORE_XSDB.U_ICON/U_STAT/iSTAT_CNT_reg[4]
  -------------------------------------------------------------------
                         required time                         52.216    
                         arrival time                         -32.464    
  -------------------------------------------------------------------
                         slack                                 19.752    

Slack (MET) :             19.752ns  (required time - arrival time)
  Source:                 dbg_hub/inst/BSCANID.u_xsdbm_id/SWITCH_N_EXT_BSCAN.bscan_inst/SERIES7_BSCAN.bscan_inst/INTERNAL_TCK
                            (falling edge-triggered cell BSCANE2 clocked by dbg_hub/inst/BSCANID.u_xsdbm_id/SWITCH_N_EXT_BSCAN.bscan_inst/SERIES7_BSCAN.bscan_inst/INTERNAL_TCK  {rise@0.000ns fall@25.000ns period=50.000ns})
  Destination:            dbg_hub/inst/BSCANID.u_xsdbm_id/CORE_XSDB.U_ICON/U_STAT/iSTAT_CNT_reg[5]/R
                            (rising edge-triggered cell FDRE clocked by dbg_hub/inst/BSCANID.u_xsdbm_id/SWITCH_N_EXT_BSCAN.bscan_inst/SERIES7_BSCAN.bscan_inst/INTERNAL_TCK  {rise@0.000ns fall@25.000ns period=50.000ns})
  Path Group:             dbg_hub/inst/BSCANID.u_xsdbm_id/SWITCH_N_EXT_BSCAN.bscan_inst/SERIES7_BSCAN.bscan_inst/INTERNAL_TCK
  Path Type:              Setup (Max at Fast Process Corner)
  Requirement:            25.000ns  (dbg_hub/inst/BSCANID.u_xsdbm_id/SWITCH_N_EXT_BSCAN.bscan_inst/SERIES7_BSCAN.bscan_inst/INTERNAL_TCK rise@50.000ns - dbg_hub/inst/BSCANID.u_xsdbm_id/SWITCH_N_EXT_BSCAN.bscan_inst/SERIES7_BSCAN.bscan_inst/INTERNAL_TCK fall@25.000ns)
  Data Path Delay:        7.464ns  (logic 6.091ns (81.607%)  route 1.373ns (18.393%))
  Logic Levels:           3  (LUT4=1 LUT5=2)
  Clock Path Skew:        2.501ns (DCD - SCD + CPR)
    Destination Clock Delay (DCD):    2.501ns = ( 52.501 - 50.000 ) 
    Source Clock Delay      (SCD):    0.000ns = ( 25.000 - 25.000 ) 
    Clock Pessimism Removal (CPR):    0.000ns
  Clock Uncertainty:      0.235ns  ((TSJ^2 + TIJ^2)^1/2 + DJ) / 2 + PE + DCD
    Total System Jitter     (TSJ):    0.071ns
    Total Input Jitter      (TIJ):    0.000ns
    Discrete Jitter          (DJ):    0.000ns
    Phase Error              (PE):    0.000ns
    Duty Cycle Distortion   (DCD):    0.200ns
  Clock Net Delay (Destination): 1.285ns (routing 0.650ns, distribution 0.635ns)

    Location             Delay type                Incr(ns)  Path(ns)    Netlist Resource(s)
  -------------------------------------------------------------------    -------------------
                         (clock dbg_hub/inst/BSCANID.u_xsdbm_id/SWITCH_N_EXT_BSCAN.bscan_inst/SERIES7_BSCAN.bscan_inst/INTERNAL_TCK fall edge)
                                                     25.000    25.000 f  
    CONFIG_SITE_X0Y0     BSCANE2                      0.000    25.000 f  dbg_hub/inst/BSCANID.u_xsdbm_id/SWITCH_N_EXT_BSCAN.bscan_inst/SERIES7_BSCAN.bscan_inst/INTERNAL_TCK
  -------------------------------------------------------------------    -------------------
    CONFIG_SITE_X0Y0     BSCANE2 (Prop_BSCAN1_CONFIG_SITE_INTERNAL_TCK_SHIFT)
                                                      5.600    30.600 f  dbg_hub/inst/BSCANID.u_xsdbm_id/SWITCH_N_EXT_BSCAN.bscan_inst/SERIES7_BSCAN.bscan_inst/SHIFT
                         net (fo=37, routed)          0.618    31.218    dbg_hub/inst/BSCANID.u_xsdbm_id/SWITCH_N_EXT_BSCAN.bscan_switch/s_bscan_shift
    SLICE_X49Y161        LUT5 (Prop_G6LUT_SLICEL_I4_O)
                                                      0.169    31.387 f  dbg_hub/inst/BSCANID.u_xsdbm_id/SWITCH_N_EXT_BSCAN.bscan_switch/m_bscan_shift[0]_INST_0/O
                         net (fo=4, routed)           0.512    31.899    dbg_hub/inst/BSCANID.u_xsdbm_id/CORE_XSDB.U_ICON/U_CMD/icn_cmd_en_reg[7]
    SLICE_X50Y184        LUT4 (Prop_C6LUT_SLICEL_I1_O)
                                                      0.205    32.104 f  dbg_hub/inst/BSCANID.u_xsdbm_id/CORE_XSDB.U_ICON/U_CMD/iSTAT_CNT[5]_i_4/O
                         net (fo=1, routed)           0.104    32.208    dbg_hub/inst/BSCANID.u_xsdbm_id/CORE_XSDB.U_ICON/U_CMD/iSTAT_CNT[5]_i_4_n_0
    SLICE_X50Y184        LUT5 (Prop_D6LUT_SLICEL_I4_O)
                                                      0.117    32.325 r  dbg_hub/inst/BSCANID.u_xsdbm_id/CORE_XSDB.U_ICON/U_CMD/iSTAT_CNT[5]_i_1/O
                         net (fo=6, routed)           0.139    32.464    dbg_hub/inst/BSCANID.u_xsdbm_id/CORE_XSDB.U_ICON/U_STAT/SR[0]
    SLICE_X49Y184        FDRE                                         r  dbg_hub/inst/BSCANID.u_xsdbm_id/CORE_XSDB.U_ICON/U_STAT/iSTAT_CNT_reg[5]/R
  -------------------------------------------------------------------    -------------------

                         (clock dbg_hub/inst/BSCANID.u_xsdbm_id/SWITCH_N_EXT_BSCAN.bscan_inst/SERIES7_BSCAN.bscan_inst/INTERNAL_TCK rise edge)
                                                     50.000    50.000 r  
    CONFIG_SITE_X0Y0     BSCANE2                      0.000    50.000 r  dbg_hub/inst/BSCANID.u_xsdbm_id/SWITCH_N_EXT_BSCAN.bscan_inst/SERIES7_BSCAN.bscan_inst/INTERNAL_TCK
    CONFIG_SITE_X0Y0     BSCANE2 (Prop_BSCAN1_CONFIG_SITE_INTERNAL_TCK_TCK)
                                                      0.465    50.465 r  dbg_hub/inst/BSCANID.u_xsdbm_id/SWITCH_N_EXT_BSCAN.bscan_inst/SERIES7_BSCAN.bscan_inst/TCK
                         net (fo=1, routed)           0.728    51.193    dbg_hub/inst/BSCANID.u_xsdbm_id/tck_bs
    BUFGCE_X0Y76         BUFGCE (Prop_BUFCE_BUFGCE_I_O)
                                                      0.023    51.216 r  dbg_hub/inst/BSCANID.u_xsdbm_id/SWITCH_N_EXT_BSCAN.u_bufg_icon_tck/O
    X2Y2 (CLOCK_ROOT)    net (fo=478, routed)         1.285    52.501    dbg_hub/inst/BSCANID.u_xsdbm_id/CORE_XSDB.U_ICON/U_STAT/m_bscan_tck[0]
    SLICE_X49Y184        FDRE                                         r  dbg_hub/inst/BSCANID.u_xsdbm_id/CORE_XSDB.U_ICON/U_STAT/iSTAT_CNT_reg[5]/C
                         clock pessimism              0.000    52.501    
                         clock uncertainty           -0.235    52.265    
    SLICE_X49Y184        FDRE (Setup_AFF_SLICEL_C_R)
                                                     -0.049    52.216    dbg_hub/inst/BSCANID.u_xsdbm_id/CORE_XSDB.U_ICON/U_STAT/iSTAT_CNT_reg[5]
  -------------------------------------------------------------------
                         required time                         52.216    
                         arrival time                         -32.464    
  -------------------------------------------------------------------
                         slack                                 19.752    

Slack (MET) :             19.799ns  (required time - arrival time)
  Source:                 dbg_hub/inst/BSCANID.u_xsdbm_id/SWITCH_N_EXT_BSCAN.bscan_inst/SERIES7_BSCAN.bscan_inst/INTERNAL_TCK
                            (falling edge-triggered cell BSCANE2 clocked by dbg_hub/inst/BSCANID.u_xsdbm_id/SWITCH_N_EXT_BSCAN.bscan_inst/SERIES7_BSCAN.bscan_inst/INTERNAL_TCK  {rise@0.000ns fall@25.000ns period=50.000ns})
  Destination:            dbg_hub/inst/BSCANID.u_xsdbm_id/CORE_XSDB.UUT_MASTER/U_ICON_INTERFACE/icn_cmd_en_reg[0]/R
                            (rising edge-triggered cell FDRE clocked by dbg_hub/inst/BSCANID.u_xsdbm_id/SWITCH_N_EXT_BSCAN.bscan_inst/SERIES7_BSCAN.bscan_inst/INTERNAL_TCK  {rise@0.000ns fall@25.000ns period=50.000ns})
  Path Group:             dbg_hub/inst/BSCANID.u_xsdbm_id/SWITCH_N_EXT_BSCAN.bscan_inst/SERIES7_BSCAN.bscan_inst/INTERNAL_TCK
  Path Type:              Setup (Max at Fast Process Corner)
  Requirement:            25.000ns  (dbg_hub/inst/BSCANID.u_xsdbm_id/SWITCH_N_EXT_BSCAN.bscan_inst/SERIES7_BSCAN.bscan_inst/INTERNAL_TCK rise@50.000ns - dbg_hub/inst/BSCANID.u_xsdbm_id/SWITCH_N_EXT_BSCAN.bscan_inst/SERIES7_BSCAN.bscan_inst/INTERNAL_TCK fall@25.000ns)
  Data Path Delay:        7.419ns  (logic 5.975ns (80.533%)  route 1.444ns (19.467%))
  Logic Levels:           2  (LUT4=1 LUT5=1)
  Clock Path Skew:        2.504ns (DCD - SCD + CPR)
    Destination Clock Delay (DCD):    2.504ns = ( 52.504 - 50.000 ) 
    Source Clock Delay      (SCD):    0.000ns = ( 25.000 - 25.000 ) 
    Clock Pessimism Removal (CPR):    0.000ns
  Clock Uncertainty:      0.235ns  ((TSJ^2 + TIJ^2)^1/2 + DJ) / 2 + PE + DCD
    Total System Jitter     (TSJ):    0.071ns
    Total Input Jitter      (TIJ):    0.000ns
    Discrete Jitter          (DJ):    0.000ns
    Phase Error              (PE):    0.000ns
    Duty Cycle Distortion   (DCD):    0.200ns
  Clock Net Delay (Destination): 1.288ns (routing 0.650ns, distribution 0.638ns)

    Location             Delay type                Incr(ns)  Path(ns)    Netlist Resource(s)
  -------------------------------------------------------------------    -------------------
                         (clock dbg_hub/inst/BSCANID.u_xsdbm_id/SWITCH_N_EXT_BSCAN.bscan_inst/SERIES7_BSCAN.bscan_inst/INTERNAL_TCK fall edge)
                                                     25.000    25.000 f  
    CONFIG_SITE_X0Y0     BSCANE2                      0.000    25.000 f  dbg_hub/inst/BSCANID.u_xsdbm_id/SWITCH_N_EXT_BSCAN.bscan_inst/SERIES7_BSCAN.bscan_inst/INTERNAL_TCK
  -------------------------------------------------------------------    -------------------
    CONFIG_SITE_X0Y0     BSCANE2 (Prop_BSCAN1_CONFIG_SITE_INTERNAL_TCK_SHIFT)
                                                      5.600    30.600 f  dbg_hub/inst/BSCANID.u_xsdbm_id/SWITCH_N_EXT_BSCAN.bscan_inst/SERIES7_BSCAN.bscan_inst/SHIFT
                         net (fo=37, routed)          0.618    31.218    dbg_hub/inst/BSCANID.u_xsdbm_id/SWITCH_N_EXT_BSCAN.bscan_switch/s_bscan_shift
    SLICE_X49Y161        LUT5 (Prop_G6LUT_SLICEL_I4_O)
                                                      0.169    31.387 f  dbg_hub/inst/BSCANID.u_xsdbm_id/SWITCH_N_EXT_BSCAN.bscan_switch/m_bscan_shift[0]_INST_0/O
                         net (fo=4, routed)           0.516    31.903    dbg_hub/inst/BSCANID.u_xsdbm_id/CORE_XSDB.UUT_MASTER/U_ICON_INTERFACE/icn_cmd_en_reg[0]_0
    SLICE_X50Y184        LUT4 (Prop_F6LUT_SLICEL_I2_O)
                                                      0.206    32.109 r  dbg_hub/inst/BSCANID.u_xsdbm_id/CORE_XSDB.UUT_MASTER/U_ICON_INTERFACE/icn_cmd_en[3]_i_1/O
                         net (fo=4, routed)           0.310    32.419    dbg_hub/inst/BSCANID.u_xsdbm_id/CORE_XSDB.UUT_MASTER/U_ICON_INTERFACE/icn_cmd_en[3]_i_1_n_0
    SLICE_X50Y186        FDRE                                         r  dbg_hub/inst/BSCANID.u_xsdbm_id/CORE_XSDB.UUT_MASTER/U_ICON_INTERFACE/icn_cmd_en_reg[0]/R
  -------------------------------------------------------------------    -------------------

                         (clock dbg_hub/inst/BSCANID.u_xsdbm_id/SWITCH_N_EXT_BSCAN.bscan_inst/SERIES7_BSCAN.bscan_inst/INTERNAL_TCK rise edge)
                                                     50.000    50.000 r  
    CONFIG_SITE_X0Y0     BSCANE2                      0.000    50.000 r  dbg_hub/inst/BSCANID.u_xsdbm_id/SWITCH_N_EXT_BSCAN.bscan_inst/SERIES7_BSCAN.bscan_inst/INTERNAL_TCK
    CONFIG_SITE_X0Y0     BSCANE2 (Prop_BSCAN1_CONFIG_SITE_INTERNAL_TCK_TCK)
                                                      0.465    50.465 r  dbg_hub/inst/BSCANID.u_xsdbm_id/SWITCH_N_EXT_BSCAN.bscan_inst/SERIES7_BSCAN.bscan_inst/TCK
                         net (fo=1, routed)           0.728    51.193    dbg_hub/inst/BSCANID.u_xsdbm_id/tck_bs
    BUFGCE_X0Y76         BUFGCE (Prop_BUFCE_BUFGCE_I_O)
                                                      0.023    51.216 r  dbg_hub/inst/BSCANID.u_xsdbm_id/SWITCH_N_EXT_BSCAN.u_bufg_icon_tck/O
    X2Y2 (CLOCK_ROOT)    net (fo=478, routed)         1.288    52.504    dbg_hub/inst/BSCANID.u_xsdbm_id/CORE_XSDB.UUT_MASTER/U_ICON_INTERFACE/m_bscan_tck[0]
    SLICE_X50Y186        FDRE                                         r  dbg_hub/inst/BSCANID.u_xsdbm_id/CORE_XSDB.UUT_MASTER/U_ICON_INTERFACE/icn_cmd_en_reg[0]/C
                         clock pessimism              0.000    52.504    
                         clock uncertainty           -0.235    52.268    
    SLICE_X50Y186        FDRE (Setup_EFF_SLICEL_C_R)
                                                     -0.050    52.218    dbg_hub/inst/BSCANID.u_xsdbm_id/CORE_XSDB.UUT_MASTER/U_ICON_INTERFACE/icn_cmd_en_reg[0]
  -------------------------------------------------------------------
                         required time                         52.218    
                         arrival time                         -32.419    
  -------------------------------------------------------------------
                         slack                                 19.799    

Slack (MET) :             19.799ns  (required time - arrival time)
  Source:                 dbg_hub/inst/BSCANID.u_xsdbm_id/SWITCH_N_EXT_BSCAN.bscan_inst/SERIES7_BSCAN.bscan_inst/INTERNAL_TCK
                            (falling edge-triggered cell BSCANE2 clocked by dbg_hub/inst/BSCANID.u_xsdbm_id/SWITCH_N_EXT_BSCAN.bscan_inst/SERIES7_BSCAN.bscan_inst/INTERNAL_TCK  {rise@0.000ns fall@25.000ns period=50.000ns})
  Destination:            dbg_hub/inst/BSCANID.u_xsdbm_id/CORE_XSDB.UUT_MASTER/U_ICON_INTERFACE/icn_cmd_en_reg[1]/R
                            (rising edge-triggered cell FDRE clocked by dbg_hub/inst/BSCANID.u_xsdbm_id/SWITCH_N_EXT_BSCAN.bscan_inst/SERIES7_BSCAN.bscan_inst/INTERNAL_TCK  {rise@0.000ns fall@25.000ns period=50.000ns})
  Path Group:             dbg_hub/inst/BSCANID.u_xsdbm_id/SWITCH_N_EXT_BSCAN.bscan_inst/SERIES7_BSCAN.bscan_inst/INTERNAL_TCK
  Path Type:              Setup (Max at Fast Process Corner)
  Requirement:            25.000ns  (dbg_hub/inst/BSCANID.u_xsdbm_id/SWITCH_N_EXT_BSCAN.bscan_inst/SERIES7_BSCAN.bscan_inst/INTERNAL_TCK rise@50.000ns - dbg_hub/inst/BSCANID.u_xsdbm_id/SWITCH_N_EXT_BSCAN.bscan_inst/SERIES7_BSCAN.bscan_inst/INTERNAL_TCK fall@25.000ns)
  Data Path Delay:        7.419ns  (logic 5.975ns (80.533%)  route 1.444ns (19.467%))
  Logic Levels:           2  (LUT4=1 LUT5=1)
  Clock Path Skew:        2.504ns (DCD - SCD + CPR)
    Destination Clock Delay (DCD):    2.504ns = ( 52.504 - 50.000 ) 
    Source Clock Delay      (SCD):    0.000ns = ( 25.000 - 25.000 ) 
    Clock Pessimism Removal (CPR):    0.000ns
  Clock Uncertainty:      0.235ns  ((TSJ^2 + TIJ^2)^1/2 + DJ) / 2 + PE + DCD
    Total System Jitter     (TSJ):    0.071ns
    Total Input Jitter      (TIJ):    0.000ns
    Discrete Jitter          (DJ):    0.000ns
    Phase Error              (PE):    0.000ns
    Duty Cycle Distortion   (DCD):    0.200ns
  Clock Net Delay (Destination): 1.288ns (routing 0.650ns, distribution 0.638ns)

    Location             Delay type                Incr(ns)  Path(ns)    Netlist Resource(s)
  -------------------------------------------------------------------    -------------------
                         (clock dbg_hub/inst/BSCANID.u_xsdbm_id/SWITCH_N_EXT_BSCAN.bscan_inst/SERIES7_BSCAN.bscan_inst/INTERNAL_TCK fall edge)
                                                     25.000    25.000 f  
    CONFIG_SITE_X0Y0     BSCANE2                      0.000    25.000 f  dbg_hub/inst/BSCANID.u_xsdbm_id/SWITCH_N_EXT_BSCAN.bscan_inst/SERIES7_BSCAN.bscan_inst/INTERNAL_TCK
  -------------------------------------------------------------------    -------------------
    CONFIG_SITE_X0Y0     BSCANE2 (Prop_BSCAN1_CONFIG_SITE_INTERNAL_TCK_SHIFT)
                                                      5.600    30.600 f  dbg_hub/inst/BSCANID.u_xsdbm_id/SWITCH_N_EXT_BSCAN.bscan_inst/SERIES7_BSCAN.bscan_inst/SHIFT
                         net (fo=37, routed)          0.618    31.218    dbg_hub/inst/BSCANID.u_xsdbm_id/SWITCH_N_EXT_BSCAN.bscan_switch/s_bscan_shift
    SLICE_X49Y161        LUT5 (Prop_G6LUT_SLICEL_I4_O)
                                                      0.169    31.387 f  dbg_hub/inst/BSCANID.u_xsdbm_id/SWITCH_N_EXT_BSCAN.bscan_switch/m_bscan_shift[0]_INST_0/O
                         net (fo=4, routed)           0.516    31.903    dbg_hub/inst/BSCANID.u_xsdbm_id/CORE_XSDB.UUT_MASTER/U_ICON_INTERFACE/icn_cmd_en_reg[0]_0
    SLICE_X50Y184        LUT4 (Prop_F6LUT_SLICEL_I2_O)
                                                      0.206    32.109 r  dbg_hub/inst/BSCANID.u_xsdbm_id/CORE_XSDB.UUT_MASTER/U_ICON_INTERFACE/icn_cmd_en[3]_i_1/O
                         net (fo=4, routed)           0.310    32.419    dbg_hub/inst/BSCANID.u_xsdbm_id/CORE_XSDB.UUT_MASTER/U_ICON_INTERFACE/icn_cmd_en[3]_i_1_n_0
    SLICE_X50Y186        FDRE                                         r  dbg_hub/inst/BSCANID.u_xsdbm_id/CORE_XSDB.UUT_MASTER/U_ICON_INTERFACE/icn_cmd_en_reg[1]/R
  -------------------------------------------------------------------    -------------------

                         (clock dbg_hub/inst/BSCANID.u_xsdbm_id/SWITCH_N_EXT_BSCAN.bscan_inst/SERIES7_BSCAN.bscan_inst/INTERNAL_TCK rise edge)
                                                     50.000    50.000 r  
    CONFIG_SITE_X0Y0     BSCANE2                      0.000    50.000 r  dbg_hub/inst/BSCANID.u_xsdbm_id/SWITCH_N_EXT_BSCAN.bscan_inst/SERIES7_BSCAN.bscan_inst/INTERNAL_TCK
    CONFIG_SITE_X0Y0     BSCANE2 (Prop_BSCAN1_CONFIG_SITE_INTERNAL_TCK_TCK)
                                                      0.465    50.465 r  dbg_hub/inst/BSCANID.u_xsdbm_id/SWITCH_N_EXT_BSCAN.bscan_inst/SERIES7_BSCAN.bscan_inst/TCK
                         net (fo=1, routed)           0.728    51.193    dbg_hub/inst/BSCANID.u_xsdbm_id/tck_bs
    BUFGCE_X0Y76         BUFGCE (Prop_BUFCE_BUFGCE_I_O)
                                                      0.023    51.216 r  dbg_hub/inst/BSCANID.u_xsdbm_id/SWITCH_N_EXT_BSCAN.u_bufg_icon_tck/O
    X2Y2 (CLOCK_ROOT)    net (fo=478, routed)         1.288    52.504    dbg_hub/inst/BSCANID.u_xsdbm_id/CORE_XSDB.UUT_MASTER/U_ICON_INTERFACE/m_bscan_tck[0]
    SLICE_X50Y186        FDRE                                         r  dbg_hub/inst/BSCANID.u_xsdbm_id/CORE_XSDB.UUT_MASTER/U_ICON_INTERFACE/icn_cmd_en_reg[1]/C
                         clock pessimism              0.000    52.504    
                         clock uncertainty           -0.235    52.268    
    SLICE_X50Y186        FDRE (Setup_EFF2_SLICEL_C_R)
                                                     -0.050    52.218    dbg_hub/inst/BSCANID.u_xsdbm_id/CORE_XSDB.UUT_MASTER/U_ICON_INTERFACE/icn_cmd_en_reg[1]
  -------------------------------------------------------------------
                         required time                         52.218    
                         arrival time                         -32.419    
  -------------------------------------------------------------------
                         slack                                 19.799    

Slack (MET) :             19.799ns  (required time - arrival time)
  Source:                 dbg_hub/inst/BSCANID.u_xsdbm_id/SWITCH_N_EXT_BSCAN.bscan_inst/SERIES7_BSCAN.bscan_inst/INTERNAL_TCK
                            (falling edge-triggered cell BSCANE2 clocked by dbg_hub/inst/BSCANID.u_xsdbm_id/SWITCH_N_EXT_BSCAN.bscan_inst/SERIES7_BSCAN.bscan_inst/INTERNAL_TCK  {rise@0.000ns fall@25.000ns period=50.000ns})
  Destination:            dbg_hub/inst/BSCANID.u_xsdbm_id/CORE_XSDB.UUT_MASTER/U_ICON_INTERFACE/icn_cmd_en_reg[2]/R
                            (rising edge-triggered cell FDRE clocked by dbg_hub/inst/BSCANID.u_xsdbm_id/SWITCH_N_EXT_BSCAN.bscan_inst/SERIES7_BSCAN.bscan_inst/INTERNAL_TCK  {rise@0.000ns fall@25.000ns period=50.000ns})
  Path Group:             dbg_hub/inst/BSCANID.u_xsdbm_id/SWITCH_N_EXT_BSCAN.bscan_inst/SERIES7_BSCAN.bscan_inst/INTERNAL_TCK
  Path Type:              Setup (Max at Fast Process Corner)
  Requirement:            25.000ns  (dbg_hub/inst/BSCANID.u_xsdbm_id/SWITCH_N_EXT_BSCAN.bscan_inst/SERIES7_BSCAN.bscan_inst/INTERNAL_TCK rise@50.000ns - dbg_hub/inst/BSCANID.u_xsdbm_id/SWITCH_N_EXT_BSCAN.bscan_inst/SERIES7_BSCAN.bscan_inst/INTERNAL_TCK fall@25.000ns)
  Data Path Delay:        7.419ns  (logic 5.975ns (80.533%)  route 1.444ns (19.467%))
  Logic Levels:           2  (LUT4=1 LUT5=1)
  Clock Path Skew:        2.504ns (DCD - SCD + CPR)
    Destination Clock Delay (DCD):    2.504ns = ( 52.504 - 50.000 ) 
    Source Clock Delay      (SCD):    0.000ns = ( 25.000 - 25.000 ) 
    Clock Pessimism Removal (CPR):    0.000ns
  Clock Uncertainty:      0.235ns  ((TSJ^2 + TIJ^2)^1/2 + DJ) / 2 + PE + DCD
    Total System Jitter     (TSJ):    0.071ns
    Total Input Jitter      (TIJ):    0.000ns
    Discrete Jitter          (DJ):    0.000ns
    Phase Error              (PE):    0.000ns
    Duty Cycle Distortion   (DCD):    0.200ns
  Clock Net Delay (Destination): 1.288ns (routing 0.650ns, distribution 0.638ns)

    Location             Delay type                Incr(ns)  Path(ns)    Netlist Resource(s)
  -------------------------------------------------------------------    -------------------
                         (clock dbg_hub/inst/BSCANID.u_xsdbm_id/SWITCH_N_EXT_BSCAN.bscan_inst/SERIES7_BSCAN.bscan_inst/INTERNAL_TCK fall edge)
                                                     25.000    25.000 f  
    CONFIG_SITE_X0Y0     BSCANE2                      0.000    25.000 f  dbg_hub/inst/BSCANID.u_xsdbm_id/SWITCH_N_EXT_BSCAN.bscan_inst/SERIES7_BSCAN.bscan_inst/INTERNAL_TCK
  -------------------------------------------------------------------    -------------------
    CONFIG_SITE_X0Y0     BSCANE2 (Prop_BSCAN1_CONFIG_SITE_INTERNAL_TCK_SHIFT)
                                                      5.600    30.600 f  dbg_hub/inst/BSCANID.u_xsdbm_id/SWITCH_N_EXT_BSCAN.bscan_inst/SERIES7_BSCAN.bscan_inst/SHIFT
                         net (fo=37, routed)          0.618    31.218    dbg_hub/inst/BSCANID.u_xsdbm_id/SWITCH_N_EXT_BSCAN.bscan_switch/s_bscan_shift
    SLICE_X49Y161        LUT5 (Prop_G6LUT_SLICEL_I4_O)
                                                      0.169    31.387 f  dbg_hub/inst/BSCANID.u_xsdbm_id/SWITCH_N_EXT_BSCAN.bscan_switch/m_bscan_shift[0]_INST_0/O
                         net (fo=4, routed)           0.516    31.903    dbg_hub/inst/BSCANID.u_xsdbm_id/CORE_XSDB.UUT_MASTER/U_ICON_INTERFACE/icn_cmd_en_reg[0]_0
    SLICE_X50Y184        LUT4 (Prop_F6LUT_SLICEL_I2_O)
                                                      0.206    32.109 r  dbg_hub/inst/BSCANID.u_xsdbm_id/CORE_XSDB.UUT_MASTER/U_ICON_INTERFACE/icn_cmd_en[3]_i_1/O
                         net (fo=4, routed)           0.310    32.419    dbg_hub/inst/BSCANID.u_xsdbm_id/CORE_XSDB.UUT_MASTER/U_ICON_INTERFACE/icn_cmd_en[3]_i_1_n_0
    SLICE_X50Y186        FDRE                                         r  dbg_hub/inst/BSCANID.u_xsdbm_id/CORE_XSDB.UUT_MASTER/U_ICON_INTERFACE/icn_cmd_en_reg[2]/R
  -------------------------------------------------------------------    -------------------

                         (clock dbg_hub/inst/BSCANID.u_xsdbm_id/SWITCH_N_EXT_BSCAN.bscan_inst/SERIES7_BSCAN.bscan_inst/INTERNAL_TCK rise edge)
                                                     50.000    50.000 r  
    CONFIG_SITE_X0Y0     BSCANE2                      0.000    50.000 r  dbg_hub/inst/BSCANID.u_xsdbm_id/SWITCH_N_EXT_BSCAN.bscan_inst/SERIES7_BSCAN.bscan_inst/INTERNAL_TCK
    CONFIG_SITE_X0Y0     BSCANE2 (Prop_BSCAN1_CONFIG_SITE_INTERNAL_TCK_TCK)
                                                      0.465    50.465 r  dbg_hub/inst/BSCANID.u_xsdbm_id/SWITCH_N_EXT_BSCAN.bscan_inst/SERIES7_BSCAN.bscan_inst/TCK
                         net (fo=1, routed)           0.728    51.193    dbg_hub/inst/BSCANID.u_xsdbm_id/tck_bs
    BUFGCE_X0Y76         BUFGCE (Prop_BUFCE_BUFGCE_I_O)
                                                      0.023    51.216 r  dbg_hub/inst/BSCANID.u_xsdbm_id/SWITCH_N_EXT_BSCAN.u_bufg_icon_tck/O
    X2Y2 (CLOCK_ROOT)    net (fo=478, routed)         1.288    52.504    dbg_hub/inst/BSCANID.u_xsdbm_id/CORE_XSDB.UUT_MASTER/U_ICON_INTERFACE/m_bscan_tck[0]
    SLICE_X50Y186        FDRE                                         r  dbg_hub/inst/BSCANID.u_xsdbm_id/CORE_XSDB.UUT_MASTER/U_ICON_INTERFACE/icn_cmd_en_reg[2]/C
                         clock pessimism              0.000    52.504    
                         clock uncertainty           -0.235    52.268    
    SLICE_X50Y186        FDRE (Setup_FFF_SLICEL_C_R)
                                                     -0.050    52.218    dbg_hub/inst/BSCANID.u_xsdbm_id/CORE_XSDB.UUT_MASTER/U_ICON_INTERFACE/icn_cmd_en_reg[2]
  -------------------------------------------------------------------
                         required time                         52.218    
                         arrival time                         -32.419    
  -------------------------------------------------------------------
                         slack                                 19.799    





Min Delay Paths
--------------------------------------------------------------------------------------
Slack (MET) :             0.054ns  (arrival time - required time)
  Source:                 dbg_hub/inst/BSCANID.u_xsdbm_id/CORE_XSDB.UUT_MASTER/U_ICON_INTERFACE/U_CMD6_WR/shift_reg_in_reg[1]/C
                            (rising edge-triggered cell FDCE clocked by dbg_hub/inst/BSCANID.u_xsdbm_id/SWITCH_N_EXT_BSCAN.bscan_inst/SERIES7_BSCAN.bscan_inst/INTERNAL_TCK  {rise@0.000ns fall@25.000ns period=50.000ns})
  Destination:            dbg_hub/inst/BSCANID.u_xsdbm_id/CORE_XSDB.UUT_MASTER/U_ICON_INTERFACE/U_CMD6_WR/U_WR_FIFO/SUBCORE_FIFO.xsdbm_v3_0_2_wrfifo_inst/inst_fifo_gen/gconvfifo.rf/grf.rf/gntv_or_sync_fifo.mem/gdm.dm_gen.dm/RAM_reg_0_15_0_13/RAMA/I
                            (rising edge-triggered cell RAMD32 clocked by dbg_hub/inst/BSCANID.u_xsdbm_id/SWITCH_N_EXT_BSCAN.bscan_inst/SERIES7_BSCAN.bscan_inst/INTERNAL_TCK  {rise@0.000ns fall@25.000ns period=50.000ns})
  Path Group:             dbg_hub/inst/BSCANID.u_xsdbm_id/SWITCH_N_EXT_BSCAN.bscan_inst/SERIES7_BSCAN.bscan_inst/INTERNAL_TCK
  Path Type:              Hold (Min at Fast Process Corner)
  Requirement:            0.000ns  (dbg_hub/inst/BSCANID.u_xsdbm_id/SWITCH_N_EXT_BSCAN.bscan_inst/SERIES7_BSCAN.bscan_inst/INTERNAL_TCK rise@0.000ns - dbg_hub/inst/BSCANID.u_xsdbm_id/SWITCH_N_EXT_BSCAN.bscan_inst/SERIES7_BSCAN.bscan_inst/INTERNAL_TCK rise@0.000ns)
  Data Path Delay:        0.171ns  (logic 0.085ns (49.814%)  route 0.086ns (50.186%))
  Logic Levels:           0  
  Clock Path Skew:        0.058ns (DCD - SCD - CPR)
    Destination Clock Delay (DCD):    7.478ns
    Source Clock Delay      (SCD):    2.480ns
    Clock Pessimism Removal (CPR):    4.941ns
  Clock Net Delay (Source):      1.264ns (routing 0.650ns, distribution 0.614ns)
  Clock Net Delay (Destination): 1.427ns (routing 0.709ns, distribution 0.718ns)

    Location             Delay type                Incr(ns)  Path(ns)    Netlist Resource(s)
  -------------------------------------------------------------------    -------------------
                         (clock dbg_hub/inst/BSCANID.u_xsdbm_id/SWITCH_N_EXT_BSCAN.bscan_inst/SERIES7_BSCAN.bscan_inst/INTERNAL_TCK rise edge)
                                                      0.000     0.000 r  
    CONFIG_SITE_X0Y0     BSCANE2                      0.000     0.000 r  dbg_hub/inst/BSCANID.u_xsdbm_id/SWITCH_N_EXT_BSCAN.bscan_inst/SERIES7_BSCAN.bscan_inst/INTERNAL_TCK
    CONFIG_SITE_X0Y0     BSCANE2 (Prop_BSCAN1_CONFIG_SITE_INTERNAL_TCK_TCK)
                                                      0.465     0.465 r  dbg_hub/inst/BSCANID.u_xsdbm_id/SWITCH_N_EXT_BSCAN.bscan_inst/SERIES7_BSCAN.bscan_inst/TCK
                         net (fo=1, routed)           0.728     1.193    dbg_hub/inst/BSCANID.u_xsdbm_id/tck_bs
    BUFGCE_X0Y76         BUFGCE (Prop_BUFCE_BUFGCE_I_O)
                                                      0.023     1.216 r  dbg_hub/inst/BSCANID.u_xsdbm_id/SWITCH_N_EXT_BSCAN.u_bufg_icon_tck/O
    X2Y2 (CLOCK_ROOT)    net (fo=478, routed)         1.264     2.480    dbg_hub/inst/BSCANID.u_xsdbm_id/CORE_XSDB.UUT_MASTER/U_ICON_INTERFACE/U_CMD6_WR/m_bscan_tck[0]
    SLICE_X46Y196        FDCE                                         r  dbg_hub/inst/BSCANID.u_xsdbm_id/CORE_XSDB.UUT_MASTER/U_ICON_INTERFACE/U_CMD6_WR/shift_reg_in_reg[1]/C
  -------------------------------------------------------------------    -------------------
    SLICE_X46Y196        FDCE (Prop_EFF2_SLICEL_C_Q)
                                                      0.085     2.565 r  dbg_hub/inst/BSCANID.u_xsdbm_id/CORE_XSDB.UUT_MASTER/U_ICON_INTERFACE/U_CMD6_WR/shift_reg_in_reg[1]/Q
                         net (fo=2, routed)           0.086     2.651    dbg_hub/inst/BSCANID.u_xsdbm_id/CORE_XSDB.UUT_MASTER/U_ICON_INTERFACE/U_CMD6_WR/U_WR_FIFO/SUBCORE_FIFO.xsdbm_v3_0_2_wrfifo_inst/inst_fifo_gen/gconvfifo.rf/grf.rf/gntv_or_sync_fifo.mem/gdm.dm_gen.dm/RAM_reg_0_15_0_13/DIA0
    SLICE_X45Y196        RAMD32                                       r  dbg_hub/inst/BSCANID.u_xsdbm_id/CORE_XSDB.UUT_MASTER/U_ICON_INTERFACE/U_CMD6_WR/U_WR_FIFO/SUBCORE_FIFO.xsdbm_v3_0_2_wrfifo_inst/inst_fifo_gen/gconvfifo.rf/grf.rf/gntv_or_sync_fifo.mem/gdm.dm_gen.dm/RAM_reg_0_15_0_13/RAMA/I
  -------------------------------------------------------------------    -------------------

                         (clock dbg_hub/inst/BSCANID.u_xsdbm_id/SWITCH_N_EXT_BSCAN.bscan_inst/SERIES7_BSCAN.bscan_inst/INTERNAL_TCK rise edge)
                                                      0.000     0.000 r  
    CONFIG_SITE_X0Y0     BSCANE2                      0.000     0.000 r  dbg_hub/inst/BSCANID.u_xsdbm_id/SWITCH_N_EXT_BSCAN.bscan_inst/SERIES7_BSCAN.bscan_inst/INTERNAL_TCK
    CONFIG_SITE_X0Y0     BSCANE2 (Prop_BSCAN1_CONFIG_SITE_INTERNAL_TCK_TCK)
                                                      4.800     4.800 r  dbg_hub/inst/BSCANID.u_xsdbm_id/SWITCH_N_EXT_BSCAN.bscan_inst/SERIES7_BSCAN.bscan_inst/TCK
                         net (fo=1, routed)           1.225     6.025    dbg_hub/inst/BSCANID.u_xsdbm_id/tck_bs
    BUFGCE_X0Y76         BUFGCE (Prop_BUFCE_BUFGCE_I_O)
                                                      0.026     6.051 r  dbg_hub/inst/BSCANID.u_xsdbm_id/SWITCH_N_EXT_BSCAN.u_bufg_icon_tck/O
    X2Y2 (CLOCK_ROOT)    net (fo=478, routed)         1.427     7.478    dbg_hub/inst/BSCANID.u_xsdbm_id/CORE_XSDB.UUT_MASTER/U_ICON_INTERFACE/U_CMD6_WR/U_WR_FIFO/SUBCORE_FIFO.xsdbm_v3_0_2_wrfifo_inst/inst_fifo_gen/gconvfifo.rf/grf.rf/gntv_or_sync_fifo.mem/gdm.dm_gen.dm/RAM_reg_0_15_0_13/WCLK
    SLICE_X45Y196        RAMD32                                       r  dbg_hub/inst/BSCANID.u_xsdbm_id/CORE_XSDB.UUT_MASTER/U_ICON_INTERFACE/U_CMD6_WR/U_WR_FIFO/SUBCORE_FIFO.xsdbm_v3_0_2_wrfifo_inst/inst_fifo_gen/gconvfifo.rf/grf.rf/gntv_or_sync_fifo.mem/gdm.dm_gen.dm/RAM_reg_0_15_0_13/RAMA/CLK
                         clock pessimism             -4.941     2.538    
    SLICE_X45Y196        RAMD32 (Hold_A5LUT_SLICEM_CLK_I)
                                                      0.059     2.597    dbg_hub/inst/BSCANID.u_xsdbm_id/CORE_XSDB.UUT_MASTER/U_ICON_INTERFACE/U_CMD6_WR/U_WR_FIFO/SUBCORE_FIFO.xsdbm_v3_0_2_wrfifo_inst/inst_fifo_gen/gconvfifo.rf/grf.rf/gntv_or_sync_fifo.mem/gdm.dm_gen.dm/RAM_reg_0_15_0_13/RAMA
  -------------------------------------------------------------------
                         required time                         -2.597    
                         arrival time                           2.651    
  -------------------------------------------------------------------
                         slack                                  0.054    

Slack (MET) :             0.054ns  (arrival time - required time)
  Source:                 dbg_hub/inst/BSCANID.u_xsdbm_id/SWITCH_N_EXT_BSCAN.bscanid_reg[30]/C
                            (rising edge-triggered cell FDRE clocked by dbg_hub/inst/BSCANID.u_xsdbm_id/SWITCH_N_EXT_BSCAN.bscan_inst/SERIES7_BSCAN.bscan_inst/INTERNAL_TCK  {rise@0.000ns fall@25.000ns period=50.000ns})
  Destination:            dbg_hub/inst/BSCANID.u_xsdbm_id/SWITCH_N_EXT_BSCAN.bscanid_reg[29]/D
                            (rising edge-triggered cell FDRE clocked by dbg_hub/inst/BSCANID.u_xsdbm_id/SWITCH_N_EXT_BSCAN.bscan_inst/SERIES7_BSCAN.bscan_inst/INTERNAL_TCK  {rise@0.000ns fall@25.000ns period=50.000ns})
  Path Group:             dbg_hub/inst/BSCANID.u_xsdbm_id/SWITCH_N_EXT_BSCAN.bscan_inst/SERIES7_BSCAN.bscan_inst/INTERNAL_TCK
  Path Type:              Hold (Min at Slow Process Corner)
  Requirement:            0.000ns  (dbg_hub/inst/BSCANID.u_xsdbm_id/SWITCH_N_EXT_BSCAN.bscan_inst/SERIES7_BSCAN.bscan_inst/INTERNAL_TCK rise@0.000ns - dbg_hub/inst/BSCANID.u_xsdbm_id/SWITCH_N_EXT_BSCAN.bscan_inst/SERIES7_BSCAN.bscan_inst/INTERNAL_TCK rise@0.000ns)
  Data Path Delay:        0.260ns  (logic 0.165ns (63.445%)  route 0.095ns (36.555%))
  Logic Levels:           1  (LUT4=1)
  Clock Path Skew:        0.105ns (DCD - SCD - CPR)
    Destination Clock Delay (DCD):    8.735ns
    Source Clock Delay      (SCD):    3.647ns
    Clock Pessimism Removal (CPR):    4.983ns
  Clock Net Delay (Source):      2.023ns (routing 1.087ns, distribution 0.936ns)
  Clock Net Delay (Destination): 2.260ns (routing 1.187ns, distribution 1.073ns)

    Location             Delay type                Incr(ns)  Path(ns)    Netlist Resource(s)
  -------------------------------------------------------------------    -------------------
                         (clock dbg_hub/inst/BSCANID.u_xsdbm_id/SWITCH_N_EXT_BSCAN.bscan_inst/SERIES7_BSCAN.bscan_inst/INTERNAL_TCK rise edge)
                                                      0.000     0.000 r  
    CONFIG_SITE_X0Y0     BSCANE2                      0.000     0.000 r  dbg_hub/inst/BSCANID.u_xsdbm_id/SWITCH_N_EXT_BSCAN.bscan_inst/SERIES7_BSCAN.bscan_inst/INTERNAL_TCK
    CONFIG_SITE_X0Y0     BSCANE2 (Prop_BSCAN1_CONFIG_SITE_INTERNAL_TCK_TCK)
                                                      0.465     0.465 r  dbg_hub/inst/BSCANID.u_xsdbm_id/SWITCH_N_EXT_BSCAN.bscan_inst/SERIES7_BSCAN.bscan_inst/TCK
                         net (fo=1, routed)           1.120     1.585    dbg_hub/inst/BSCANID.u_xsdbm_id/tck_bs
    BUFGCE_X0Y76         BUFGCE (Prop_BUFCE_BUFGCE_I_O)
                                                      0.039     1.624 r  dbg_hub/inst/BSCANID.u_xsdbm_id/SWITCH_N_EXT_BSCAN.u_bufg_icon_tck/O
    X2Y2 (CLOCK_ROOT)    net (fo=478, routed)         2.023     3.647    dbg_hub/inst/BSCANID.u_xsdbm_id/itck_i
    SLICE_X47Y156        FDRE                                         r  dbg_hub/inst/BSCANID.u_xsdbm_id/SWITCH_N_EXT_BSCAN.bscanid_reg[30]/C
  -------------------------------------------------------------------    -------------------
    SLICE_X47Y156        FDRE (Prop_HFF_SLICEL_C_Q)
                                                      0.112     3.759 r  dbg_hub/inst/BSCANID.u_xsdbm_id/SWITCH_N_EXT_BSCAN.bscanid_reg[30]/Q
                         net (fo=2, routed)           0.070     3.829    dbg_hub/inst/BSCANID.u_xsdbm_id/bscanid[30]
    SLICE_X48Y156        LUT4 (Prop_E6LUT_SLICEL_I3_O)
                                                      0.053     3.882 r  dbg_hub/inst/BSCANID.u_xsdbm_id/SWITCH_N_EXT_BSCAN.bscanid[29]_i_1/O
                         net (fo=1, routed)           0.025     3.907    dbg_hub/inst/BSCANID.u_xsdbm_id/p_2_in[29]
    SLICE_X48Y156        FDRE                                         r  dbg_hub/inst/BSCANID.u_xsdbm_id/SWITCH_N_EXT_BSCAN.bscanid_reg[29]/D
  -------------------------------------------------------------------    -------------------

                         (clock dbg_hub/inst/BSCANID.u_xsdbm_id/SWITCH_N_EXT_BSCAN.bscan_inst/SERIES7_BSCAN.bscan_inst/INTERNAL_TCK rise edge)
                                                      0.000     0.000 r  
    CONFIG_SITE_X0Y0     BSCANE2                      0.000     0.000 r  dbg_hub/inst/BSCANID.u_xsdbm_id/SWITCH_N_EXT_BSCAN.bscan_inst/SERIES7_BSCAN.bscan_inst/INTERNAL_TCK
    CONFIG_SITE_X0Y0     BSCANE2 (Prop_BSCAN1_CONFIG_SITE_INTERNAL_TCK_TCK)
                                                      4.800     4.800 r  dbg_hub/inst/BSCANID.u_xsdbm_id/SWITCH_N_EXT_BSCAN.bscan_inst/SERIES7_BSCAN.bscan_inst/TCK
                         net (fo=1, routed)           1.631     6.431    dbg_hub/inst/BSCANID.u_xsdbm_id/tck_bs
    BUFGCE_X0Y76         BUFGCE (Prop_BUFCE_BUFGCE_I_O)
                                                      0.044     6.475 r  dbg_hub/inst/BSCANID.u_xsdbm_id/SWITCH_N_EXT_BSCAN.u_bufg_icon_tck/O
    X2Y2 (CLOCK_ROOT)    net (fo=478, routed)         2.260     8.735    dbg_hub/inst/BSCANID.u_xsdbm_id/itck_i
    SLICE_X48Y156        FDRE                                         r  dbg_hub/inst/BSCANID.u_xsdbm_id/SWITCH_N_EXT_BSCAN.bscanid_reg[29]/C
                         clock pessimism             -4.983     3.752    
    SLICE_X48Y156        FDRE (Hold_EFF_SLICEL_C_D)
                                                      0.101     3.853    dbg_hub/inst/BSCANID.u_xsdbm_id/SWITCH_N_EXT_BSCAN.bscanid_reg[29]
  -------------------------------------------------------------------
                         required time                         -3.853    
                         arrival time                           3.907    
  -------------------------------------------------------------------
                         slack                                  0.054    

Slack (MET) :             0.055ns  (arrival time - required time)
  Source:                 dbg_hub/inst/BSCANID.u_xsdbm_id/CORE_XSDB.UUT_MASTER/U_ICON_INTERFACE/U_CMD6_RD/U_RD_FIFO/SUBCORE_FIFO.xsdbm_v3_0_2_rdfifo_inst/inst_fifo_gen/gconvfifo.rf/grf.rf/gntv_or_sync_fifo.mem/gdm.dm_gen.dm/gpr1.dout_i_reg[12]/C
                            (rising edge-triggered cell FDRE clocked by dbg_hub/inst/BSCANID.u_xsdbm_id/SWITCH_N_EXT_BSCAN.bscan_inst/SERIES7_BSCAN.bscan_inst/INTERNAL_TCK  {rise@0.000ns fall@25.000ns period=50.000ns})
  Destination:            dbg_hub/inst/BSCANID.u_xsdbm_id/CORE_XSDB.UUT_MASTER/U_ICON_INTERFACE/U_CMD6_RD/U_RD_FIFO/SUBCORE_FIFO.xsdbm_v3_0_2_rdfifo_inst/inst_fifo_gen/gconvfifo.rf/grf.rf/gntv_or_sync_fifo.mem/goreg_dm.dout_i_reg[12]/D
                            (rising edge-triggered cell FDRE clocked by dbg_hub/inst/BSCANID.u_xsdbm_id/SWITCH_N_EXT_BSCAN.bscan_inst/SERIES7_BSCAN.bscan_inst/INTERNAL_TCK  {rise@0.000ns fall@25.000ns period=50.000ns})
  Path Group:             dbg_hub/inst/BSCANID.u_xsdbm_id/SWITCH_N_EXT_BSCAN.bscan_inst/SERIES7_BSCAN.bscan_inst/INTERNAL_TCK
  Path Type:              Hold (Min at Slow Process Corner)
  Requirement:            0.000ns  (dbg_hub/inst/BSCANID.u_xsdbm_id/SWITCH_N_EXT_BSCAN.bscan_inst/SERIES7_BSCAN.bscan_inst/INTERNAL_TCK rise@0.000ns - dbg_hub/inst/BSCANID.u_xsdbm_id/SWITCH_N_EXT_BSCAN.bscan_inst/SERIES7_BSCAN.bscan_inst/INTERNAL_TCK rise@0.000ns)
  Data Path Delay:        0.171ns  (logic 0.112ns (65.497%)  route 0.059ns (34.503%))
  Logic Levels:           0  
  Clock Path Skew:        0.013ns (DCD - SCD - CPR)
    Destination Clock Delay (DCD):    8.825ns
    Source Clock Delay      (SCD):    3.739ns
    Clock Pessimism Removal (CPR):    5.073ns
  Clock Net Delay (Source):      2.115ns (routing 1.087ns, distribution 1.028ns)
  Clock Net Delay (Destination): 2.350ns (routing 1.187ns, distribution 1.163ns)

    Location             Delay type                Incr(ns)  Path(ns)    Netlist Resource(s)
  -------------------------------------------------------------------    -------------------
                         (clock dbg_hub/inst/BSCANID.u_xsdbm_id/SWITCH_N_EXT_BSCAN.bscan_inst/SERIES7_BSCAN.bscan_inst/INTERNAL_TCK rise edge)
                                                      0.000     0.000 r  
    CONFIG_SITE_X0Y0     BSCANE2                      0.000     0.000 r  dbg_hub/inst/BSCANID.u_xsdbm_id/SWITCH_N_EXT_BSCAN.bscan_inst/SERIES7_BSCAN.bscan_inst/INTERNAL_TCK
    CONFIG_SITE_X0Y0     BSCANE2 (Prop_BSCAN1_CONFIG_SITE_INTERNAL_TCK_TCK)
                                                      0.465     0.465 r  dbg_hub/inst/BSCANID.u_xsdbm_id/SWITCH_N_EXT_BSCAN.bscan_inst/SERIES7_BSCAN.bscan_inst/TCK
                         net (fo=1, routed)           1.120     1.585    dbg_hub/inst/BSCANID.u_xsdbm_id/tck_bs
    BUFGCE_X0Y76         BUFGCE (Prop_BUFCE_BUFGCE_I_O)
                                                      0.039     1.624 r  dbg_hub/inst/BSCANID.u_xsdbm_id/SWITCH_N_EXT_BSCAN.u_bufg_icon_tck/O
    X2Y2 (CLOCK_ROOT)    net (fo=478, routed)         2.115     3.739    dbg_hub/inst/BSCANID.u_xsdbm_id/CORE_XSDB.UUT_MASTER/U_ICON_INTERFACE/U_CMD6_RD/U_RD_FIFO/SUBCORE_FIFO.xsdbm_v3_0_2_rdfifo_inst/inst_fifo_gen/gconvfifo.rf/grf.rf/gntv_or_sync_fifo.mem/gdm.dm_gen.dm/rd_clk
    SLICE_X50Y196        FDRE                                         r  dbg_hub/inst/BSCANID.u_xsdbm_id/CORE_XSDB.UUT_MASTER/U_ICON_INTERFACE/U_CMD6_RD/U_RD_FIFO/SUBCORE_FIFO.xsdbm_v3_0_2_rdfifo_inst/inst_fifo_gen/gconvfifo.rf/grf.rf/gntv_or_sync_fifo.mem/gdm.dm_gen.dm/gpr1.dout_i_reg[12]/C
  -------------------------------------------------------------------    -------------------
    SLICE_X50Y196        FDRE (Prop_HFF_SLICEL_C_Q)
                                                      0.112     3.851 r  dbg_hub/inst/BSCANID.u_xsdbm_id/CORE_XSDB.UUT_MASTER/U_ICON_INTERFACE/U_CMD6_RD/U_RD_FIFO/SUBCORE_FIFO.xsdbm_v3_0_2_rdfifo_inst/inst_fifo_gen/gconvfifo.rf/grf.rf/gntv_or_sync_fifo.mem/gdm.dm_gen.dm/gpr1.dout_i_reg[12]/Q
                         net (fo=1, routed)           0.059     3.910    dbg_hub/inst/BSCANID.u_xsdbm_id/CORE_XSDB.UUT_MASTER/U_ICON_INTERFACE/U_CMD6_RD/U_RD_FIFO/SUBCORE_FIFO.xsdbm_v3_0_2_rdfifo_inst/inst_fifo_gen/gconvfifo.rf/grf.rf/gntv_or_sync_fifo.mem/dout_i[12]
    SLICE_X50Y196        FDRE                                         r  dbg_hub/inst/BSCANID.u_xsdbm_id/CORE_XSDB.UUT_MASTER/U_ICON_INTERFACE/U_CMD6_RD/U_RD_FIFO/SUBCORE_FIFO.xsdbm_v3_0_2_rdfifo_inst/inst_fifo_gen/gconvfifo.rf/grf.rf/gntv_or_sync_fifo.mem/goreg_dm.dout_i_reg[12]/D
  -------------------------------------------------------------------    -------------------

                         (clock dbg_hub/inst/BSCANID.u_xsdbm_id/SWITCH_N_EXT_BSCAN.bscan_inst/SERIES7_BSCAN.bscan_inst/INTERNAL_TCK rise edge)
                                                      0.000     0.000 r  
    CONFIG_SITE_X0Y0     BSCANE2                      0.000     0.000 r  dbg_hub/inst/BSCANID.u_xsdbm_id/SWITCH_N_EXT_BSCAN.bscan_inst/SERIES7_BSCAN.bscan_inst/INTERNAL_TCK
    CONFIG_SITE_X0Y0     BSCANE2 (Prop_BSCAN1_CONFIG_SITE_INTERNAL_TCK_TCK)
                                                      4.800     4.800 r  dbg_hub/inst/BSCANID.u_xsdbm_id/SWITCH_N_EXT_BSCAN.bscan_inst/SERIES7_BSCAN.bscan_inst/TCK
                         net (fo=1, routed)           1.631     6.431    dbg_hub/inst/BSCANID.u_xsdbm_id/tck_bs
    BUFGCE_X0Y76         BUFGCE (Prop_BUFCE_BUFGCE_I_O)
                                                      0.044     6.475 r  dbg_hub/inst/BSCANID.u_xsdbm_id/SWITCH_N_EXT_BSCAN.u_bufg_icon_tck/O
    X2Y2 (CLOCK_ROOT)    net (fo=478, routed)         2.350     8.825    dbg_hub/inst/BSCANID.u_xsdbm_id/CORE_XSDB.UUT_MASTER/U_ICON_INTERFACE/U_CMD6_RD/U_RD_FIFO/SUBCORE_FIFO.xsdbm_v3_0_2_rdfifo_inst/inst_fifo_gen/gconvfifo.rf/grf.rf/gntv_or_sync_fifo.mem/rd_clk
    SLICE_X50Y196        FDRE                                         r  dbg_hub/inst/BSCANID.u_xsdbm_id/CORE_XSDB.UUT_MASTER/U_ICON_INTERFACE/U_CMD6_RD/U_RD_FIFO/SUBCORE_FIFO.xsdbm_v3_0_2_rdfifo_inst/inst_fifo_gen/gconvfifo.rf/grf.rf/gntv_or_sync_fifo.mem/goreg_dm.dout_i_reg[12]/C
                         clock pessimism             -5.073     3.752    
    SLICE_X50Y196        FDRE (Hold_HFF2_SLICEL_C_D)
                                                      0.103     3.855    dbg_hub/inst/BSCANID.u_xsdbm_id/CORE_XSDB.UUT_MASTER/U_ICON_INTERFACE/U_CMD6_RD/U_RD_FIFO/SUBCORE_FIFO.xsdbm_v3_0_2_rdfifo_inst/inst_fifo_gen/gconvfifo.rf/grf.rf/gntv_or_sync_fifo.mem/goreg_dm.dout_i_reg[12]
  -------------------------------------------------------------------
                         required time                         -3.855    
                         arrival time                           3.910    
  -------------------------------------------------------------------
                         slack                                  0.055    

Slack (MET) :             0.058ns  (arrival time - required time)
  Source:                 dbg_hub/inst/BSCANID.u_xsdbm_id/CORE_XSDB.UUT_MASTER/U_ICON_INTERFACE/U_CMD6_WR/shift_reg_in_reg[15]/C
                            (rising edge-triggered cell FDCE clocked by dbg_hub/inst/BSCANID.u_xsdbm_id/SWITCH_N_EXT_BSCAN.bscan_inst/SERIES7_BSCAN.bscan_inst/INTERNAL_TCK  {rise@0.000ns fall@25.000ns period=50.000ns})
  Destination:            dbg_hub/inst/BSCANID.u_xsdbm_id/CORE_XSDB.UUT_MASTER/U_ICON_INTERFACE/U_CMD6_WR/U_WR_FIFO/SUBCORE_FIFO.xsdbm_v3_0_2_wrfifo_inst/inst_fifo_gen/gconvfifo.rf/grf.rf/gntv_or_sync_fifo.mem/gdm.dm_gen.dm/RAM_reg_0_15_14_15/SP/I
                            (rising edge-triggered cell RAMD32 clocked by dbg_hub/inst/BSCANID.u_xsdbm_id/SWITCH_N_EXT_BSCAN.bscan_inst/SERIES7_BSCAN.bscan_inst/INTERNAL_TCK  {rise@0.000ns fall@25.000ns period=50.000ns})
  Path Group:             dbg_hub/inst/BSCANID.u_xsdbm_id/SWITCH_N_EXT_BSCAN.bscan_inst/SERIES7_BSCAN.bscan_inst/INTERNAL_TCK
  Path Type:              Hold (Min at Fast Process Corner)
  Requirement:            0.000ns  (dbg_hub/inst/BSCANID.u_xsdbm_id/SWITCH_N_EXT_BSCAN.bscan_inst/SERIES7_BSCAN.bscan_inst/INTERNAL_TCK rise@0.000ns - dbg_hub/inst/BSCANID.u_xsdbm_id/SWITCH_N_EXT_BSCAN.bscan_inst/SERIES7_BSCAN.bscan_inst/INTERNAL_TCK rise@0.000ns)
  Data Path Delay:        0.190ns  (logic 0.085ns (44.823%)  route 0.105ns (55.177%))
  Logic Levels:           0  
  Clock Path Skew:        0.089ns (DCD - SCD - CPR)
    Destination Clock Delay (DCD):    7.467ns
    Source Clock Delay      (SCD):    2.469ns
    Clock Pessimism Removal (CPR):    4.909ns
  Clock Net Delay (Source):      1.253ns (routing 0.650ns, distribution 0.603ns)
  Clock Net Delay (Destination): 1.416ns (routing 0.709ns, distribution 0.707ns)

    Location             Delay type                Incr(ns)  Path(ns)    Netlist Resource(s)
  -------------------------------------------------------------------    -------------------
                         (clock dbg_hub/inst/BSCANID.u_xsdbm_id/SWITCH_N_EXT_BSCAN.bscan_inst/SERIES7_BSCAN.bscan_inst/INTERNAL_TCK rise edge)
                                                      0.000     0.000 r  
    CONFIG_SITE_X0Y0     BSCANE2                      0.000     0.000 r  dbg_hub/inst/BSCANID.u_xsdbm_id/SWITCH_N_EXT_BSCAN.bscan_inst/SERIES7_BSCAN.bscan_inst/INTERNAL_TCK
    CONFIG_SITE_X0Y0     BSCANE2 (Prop_BSCAN1_CONFIG_SITE_INTERNAL_TCK_TCK)
                                                      0.465     0.465 r  dbg_hub/inst/BSCANID.u_xsdbm_id/SWITCH_N_EXT_BSCAN.bscan_inst/SERIES7_BSCAN.bscan_inst/TCK
                         net (fo=1, routed)           0.728     1.193    dbg_hub/inst/BSCANID.u_xsdbm_id/tck_bs
    BUFGCE_X0Y76         BUFGCE (Prop_BUFCE_BUFGCE_I_O)
                                                      0.023     1.216 r  dbg_hub/inst/BSCANID.u_xsdbm_id/SWITCH_N_EXT_BSCAN.u_bufg_icon_tck/O
    X2Y2 (CLOCK_ROOT)    net (fo=478, routed)         1.253     2.469    dbg_hub/inst/BSCANID.u_xsdbm_id/CORE_XSDB.UUT_MASTER/U_ICON_INTERFACE/U_CMD6_WR/m_bscan_tck[0]
    SLICE_X44Y196        FDCE                                         r  dbg_hub/inst/BSCANID.u_xsdbm_id/CORE_XSDB.UUT_MASTER/U_ICON_INTERFACE/U_CMD6_WR/shift_reg_in_reg[15]/C
  -------------------------------------------------------------------    -------------------
    SLICE_X44Y196        FDCE (Prop_GFF2_SLICEL_C_Q)
                                                      0.085     2.554 r  dbg_hub/inst/BSCANID.u_xsdbm_id/CORE_XSDB.UUT_MASTER/U_ICON_INTERFACE/U_CMD6_WR/shift_reg_in_reg[15]/Q
                         net (fo=3, routed)           0.105     2.659    dbg_hub/inst/BSCANID.u_xsdbm_id/CORE_XSDB.UUT_MASTER/U_ICON_INTERFACE/U_CMD6_WR/U_WR_FIFO/SUBCORE_FIFO.xsdbm_v3_0_2_wrfifo_inst/inst_fifo_gen/gconvfifo.rf/grf.rf/gntv_or_sync_fifo.mem/gdm.dm_gen.dm/RAM_reg_0_15_14_15/D
    SLICE_X45Y197        RAMD32                                       r  dbg_hub/inst/BSCANID.u_xsdbm_id/CORE_XSDB.UUT_MASTER/U_ICON_INTERFACE/U_CMD6_WR/U_WR_FIFO/SUBCORE_FIFO.xsdbm_v3_0_2_wrfifo_inst/inst_fifo_gen/gconvfifo.rf/grf.rf/gntv_or_sync_fifo.mem/gdm.dm_gen.dm/RAM_reg_0_15_14_15/SP/I
  -------------------------------------------------------------------    -------------------

                         (clock dbg_hub/inst/BSCANID.u_xsdbm_id/SWITCH_N_EXT_BSCAN.bscan_inst/SERIES7_BSCAN.bscan_inst/INTERNAL_TCK rise edge)
                                                      0.000     0.000 r  
    CONFIG_SITE_X0Y0     BSCANE2                      0.000     0.000 r  dbg_hub/inst/BSCANID.u_xsdbm_id/SWITCH_N_EXT_BSCAN.bscan_inst/SERIES7_BSCAN.bscan_inst/INTERNAL_TCK
    CONFIG_SITE_X0Y0     BSCANE2 (Prop_BSCAN1_CONFIG_SITE_INTERNAL_TCK_TCK)
                                                      4.800     4.800 r  dbg_hub/inst/BSCANID.u_xsdbm_id/SWITCH_N_EXT_BSCAN.bscan_inst/SERIES7_BSCAN.bscan_inst/TCK
                         net (fo=1, routed)           1.225     6.025    dbg_hub/inst/BSCANID.u_xsdbm_id/tck_bs
    BUFGCE_X0Y76         BUFGCE (Prop_BUFCE_BUFGCE_I_O)
                                                      0.026     6.051 r  dbg_hub/inst/BSCANID.u_xsdbm_id/SWITCH_N_EXT_BSCAN.u_bufg_icon_tck/O
    X2Y2 (CLOCK_ROOT)    net (fo=478, routed)         1.416     7.467    dbg_hub/inst/BSCANID.u_xsdbm_id/CORE_XSDB.UUT_MASTER/U_ICON_INTERFACE/U_CMD6_WR/U_WR_FIFO/SUBCORE_FIFO.xsdbm_v3_0_2_wrfifo_inst/inst_fifo_gen/gconvfifo.rf/grf.rf/gntv_or_sync_fifo.mem/gdm.dm_gen.dm/RAM_reg_0_15_14_15/WCLK
    SLICE_X45Y197        RAMD32                                       r  dbg_hub/inst/BSCANID.u_xsdbm_id/CORE_XSDB.UUT_MASTER/U_ICON_INTERFACE/U_CMD6_WR/U_WR_FIFO/SUBCORE_FIFO.xsdbm_v3_0_2_wrfifo_inst/inst_fifo_gen/gconvfifo.rf/grf.rf/gntv_or_sync_fifo.mem/gdm.dm_gen.dm/RAM_reg_0_15_14_15/SP/CLK
                         clock pessimism             -4.909     2.558    
    SLICE_X45Y197        RAMD32 (Hold_H6LUT_SLICEM_CLK_I)
                                                      0.043     2.601    dbg_hub/inst/BSCANID.u_xsdbm_id/CORE_XSDB.UUT_MASTER/U_ICON_INTERFACE/U_CMD6_WR/U_WR_FIFO/SUBCORE_FIFO.xsdbm_v3_0_2_wrfifo_inst/inst_fifo_gen/gconvfifo.rf/grf.rf/gntv_or_sync_fifo.mem/gdm.dm_gen.dm/RAM_reg_0_15_14_15/SP
  -------------------------------------------------------------------
                         required time                         -2.601    
                         arrival time                           2.659    
  -------------------------------------------------------------------
                         slack                                  0.058    

Slack (MET) :             0.058ns  (arrival time - required time)
  Source:                 dbg_hub/inst/BSCANID.u_xsdbm_id/CORE_XSDB.UUT_MASTER/U_ICON_INTERFACE/U_CMD6_WR/shift_reg_in_reg[5]/C
                            (rising edge-triggered cell FDCE clocked by dbg_hub/inst/BSCANID.u_xsdbm_id/SWITCH_N_EXT_BSCAN.bscan_inst/SERIES7_BSCAN.bscan_inst/INTERNAL_TCK  {rise@0.000ns fall@25.000ns period=50.000ns})
  Destination:            dbg_hub/inst/BSCANID.u_xsdbm_id/CORE_XSDB.UUT_MASTER/U_ICON_INTERFACE/U_CMD6_WR/U_WR_FIFO/SUBCORE_FIFO.xsdbm_v3_0_2_wrfifo_inst/inst_fifo_gen/gconvfifo.rf/grf.rf/gntv_or_sync_fifo.mem/gdm.dm_gen.dm/RAM_reg_0_15_0_13/RAMC/I
                            (rising edge-triggered cell RAMD32 clocked by dbg_hub/inst/BSCANID.u_xsdbm_id/SWITCH_N_EXT_BSCAN.bscan_inst/SERIES7_BSCAN.bscan_inst/INTERNAL_TCK  {rise@0.000ns fall@25.000ns period=50.000ns})
  Path Group:             dbg_hub/inst/BSCANID.u_xsdbm_id/SWITCH_N_EXT_BSCAN.bscan_inst/SERIES7_BSCAN.bscan_inst/INTERNAL_TCK
  Path Type:              Hold (Min at Fast Process Corner)
  Requirement:            0.000ns  (dbg_hub/inst/BSCANID.u_xsdbm_id/SWITCH_N_EXT_BSCAN.bscan_inst/SERIES7_BSCAN.bscan_inst/INTERNAL_TCK rise@0.000ns - dbg_hub/inst/BSCANID.u_xsdbm_id/SWITCH_N_EXT_BSCAN.bscan_inst/SERIES7_BSCAN.bscan_inst/INTERNAL_TCK rise@0.000ns)
  Data Path Delay:        0.177ns  (logic 0.085ns (47.972%)  route 0.092ns (52.028%))
  Logic Levels:           0  
  Clock Path Skew:        0.058ns (DCD - SCD - CPR)
    Destination Clock Delay (DCD):    7.478ns
    Source Clock Delay      (SCD):    2.480ns
    Clock Pessimism Removal (CPR):    4.941ns
  Clock Net Delay (Source):      1.264ns (routing 0.650ns, distribution 0.614ns)
  Clock Net Delay (Destination): 1.427ns (routing 0.709ns, distribution 0.718ns)

    Location             Delay type                Incr(ns)  Path(ns)    Netlist Resource(s)
  -------------------------------------------------------------------    -------------------
                         (clock dbg_hub/inst/BSCANID.u_xsdbm_id/SWITCH_N_EXT_BSCAN.bscan_inst/SERIES7_BSCAN.bscan_inst/INTERNAL_TCK rise edge)
                                                      0.000     0.000 r  
    CONFIG_SITE_X0Y0     BSCANE2                      0.000     0.000 r  dbg_hub/inst/BSCANID.u_xsdbm_id/SWITCH_N_EXT_BSCAN.bscan_inst/SERIES7_BSCAN.bscan_inst/INTERNAL_TCK
    CONFIG_SITE_X0Y0     BSCANE2 (Prop_BSCAN1_CONFIG_SITE_INTERNAL_TCK_TCK)
                                                      0.465     0.465 r  dbg_hub/inst/BSCANID.u_xsdbm_id/SWITCH_N_EXT_BSCAN.bscan_inst/SERIES7_BSCAN.bscan_inst/TCK
                         net (fo=1, routed)           0.728     1.193    dbg_hub/inst/BSCANID.u_xsdbm_id/tck_bs
    BUFGCE_X0Y76         BUFGCE (Prop_BUFCE_BUFGCE_I_O)
                                                      0.023     1.216 r  dbg_hub/inst/BSCANID.u_xsdbm_id/SWITCH_N_EXT_BSCAN.u_bufg_icon_tck/O
    X2Y2 (CLOCK_ROOT)    net (fo=478, routed)         1.264     2.480    dbg_hub/inst/BSCANID.u_xsdbm_id/CORE_XSDB.UUT_MASTER/U_ICON_INTERFACE/U_CMD6_WR/m_bscan_tck[0]
    SLICE_X46Y196        FDCE                                         r  dbg_hub/inst/BSCANID.u_xsdbm_id/CORE_XSDB.UUT_MASTER/U_ICON_INTERFACE/U_CMD6_WR/shift_reg_in_reg[5]/C
  -------------------------------------------------------------------    -------------------
    SLICE_X46Y196        FDCE (Prop_GFF2_SLICEL_C_Q)
                                                      0.085     2.565 r  dbg_hub/inst/BSCANID.u_xsdbm_id/CORE_XSDB.UUT_MASTER/U_ICON_INTERFACE/U_CMD6_WR/shift_reg_in_reg[5]/Q
                         net (fo=2, routed)           0.092     2.657    dbg_hub/inst/BSCANID.u_xsdbm_id/CORE_XSDB.UUT_MASTER/U_ICON_INTERFACE/U_CMD6_WR/U_WR_FIFO/SUBCORE_FIFO.xsdbm_v3_0_2_wrfifo_inst/inst_fifo_gen/gconvfifo.rf/grf.rf/gntv_or_sync_fifo.mem/gdm.dm_gen.dm/RAM_reg_0_15_0_13/DIC0
    SLICE_X45Y196        RAMD32                                       r  dbg_hub/inst/BSCANID.u_xsdbm_id/CORE_XSDB.UUT_MASTER/U_ICON_INTERFACE/U_CMD6_WR/U_WR_FIFO/SUBCORE_FIFO.xsdbm_v3_0_2_wrfifo_inst/inst_fifo_gen/gconvfifo.rf/grf.rf/gntv_or_sync_fifo.mem/gdm.dm_gen.dm/RAM_reg_0_15_0_13/RAMC/I
  -------------------------------------------------------------------    -------------------

                         (clock dbg_hub/inst/BSCANID.u_xsdbm_id/SWITCH_N_EXT_BSCAN.bscan_inst/SERIES7_BSCAN.bscan_inst/INTERNAL_TCK rise edge)
                                                      0.000     0.000 r  
    CONFIG_SITE_X0Y0     BSCANE2                      0.000     0.000 r  dbg_hub/inst/BSCANID.u_xsdbm_id/SWITCH_N_EXT_BSCAN.bscan_inst/SERIES7_BSCAN.bscan_inst/INTERNAL_TCK
    CONFIG_SITE_X0Y0     BSCANE2 (Prop_BSCAN1_CONFIG_SITE_INTERNAL_TCK_TCK)
                                                      4.800     4.800 r  dbg_hub/inst/BSCANID.u_xsdbm_id/SWITCH_N_EXT_BSCAN.bscan_inst/SERIES7_BSCAN.bscan_inst/TCK
                         net (fo=1, routed)           1.225     6.025    dbg_hub/inst/BSCANID.u_xsdbm_id/tck_bs
    BUFGCE_X0Y76         BUFGCE (Prop_BUFCE_BUFGCE_I_O)
                                                      0.026     6.051 r  dbg_hub/inst/BSCANID.u_xsdbm_id/SWITCH_N_EXT_BSCAN.u_bufg_icon_tck/O
    X2Y2 (CLOCK_ROOT)    net (fo=478, routed)         1.427     7.478    dbg_hub/inst/BSCANID.u_xsdbm_id/CORE_XSDB.UUT_MASTER/U_ICON_INTERFACE/U_CMD6_WR/U_WR_FIFO/SUBCORE_FIFO.xsdbm_v3_0_2_wrfifo_inst/inst_fifo_gen/gconvfifo.rf/grf.rf/gntv_or_sync_fifo.mem/gdm.dm_gen.dm/RAM_reg_0_15_0_13/WCLK
    SLICE_X45Y196        RAMD32                                       r  dbg_hub/inst/BSCANID.u_xsdbm_id/CORE_XSDB.UUT_MASTER/U_ICON_INTERFACE/U_CMD6_WR/U_WR_FIFO/SUBCORE_FIFO.xsdbm_v3_0_2_wrfifo_inst/inst_fifo_gen/gconvfifo.rf/grf.rf/gntv_or_sync_fifo.mem/gdm.dm_gen.dm/RAM_reg_0_15_0_13/RAMC/CLK
                         clock pessimism             -4.941     2.538    
    SLICE_X45Y196        RAMD32 (Hold_C5LUT_SLICEM_CLK_I)
                                                      0.061     2.599    dbg_hub/inst/BSCANID.u_xsdbm_id/CORE_XSDB.UUT_MASTER/U_ICON_INTERFACE/U_CMD6_WR/U_WR_FIFO/SUBCORE_FIFO.xsdbm_v3_0_2_wrfifo_inst/inst_fifo_gen/gconvfifo.rf/grf.rf/gntv_or_sync_fifo.mem/gdm.dm_gen.dm/RAM_reg_0_15_0_13/RAMC
  -------------------------------------------------------------------
                         required time                         -2.599    
                         arrival time                           2.657    
  -------------------------------------------------------------------
                         slack                                  0.058    

Slack (MET) :             0.059ns  (arrival time - required time)
  Source:                 dbg_hub/inst/BSCANID.u_xsdbm_id/CORE_XSDB.UUT_MASTER/U_ICON_INTERFACE/U_CMD1/icn_cmd_din_temp_reg/C
                            (rising edge-triggered cell FDRE clocked by dbg_hub/inst/BSCANID.u_xsdbm_id/SWITCH_N_EXT_BSCAN.bscan_inst/SERIES7_BSCAN.bscan_inst/INTERNAL_TCK  {rise@0.000ns fall@25.000ns period=50.000ns})
  Destination:            dbg_hub/inst/BSCANID.u_xsdbm_id/CORE_XSDB.UUT_MASTER/U_ICON_INTERFACE/U_CMD1/shift_reg_in_reg[1]/D
                            (rising edge-triggered cell FDRE clocked by dbg_hub/inst/BSCANID.u_xsdbm_id/SWITCH_N_EXT_BSCAN.bscan_inst/SERIES7_BSCAN.bscan_inst/INTERNAL_TCK  {rise@0.000ns fall@25.000ns period=50.000ns})
  Path Group:             dbg_hub/inst/BSCANID.u_xsdbm_id/SWITCH_N_EXT_BSCAN.bscan_inst/SERIES7_BSCAN.bscan_inst/INTERNAL_TCK
  Path Type:              Hold (Min at Slow Process Corner)
  Requirement:            0.000ns  (dbg_hub/inst/BSCANID.u_xsdbm_id/SWITCH_N_EXT_BSCAN.bscan_inst/SERIES7_BSCAN.bscan_inst/INTERNAL_TCK rise@0.000ns - dbg_hub/inst/BSCANID.u_xsdbm_id/SWITCH_N_EXT_BSCAN.bscan_inst/SERIES7_BSCAN.bscan_inst/INTERNAL_TCK rise@0.000ns)
  Data Path Delay:        0.174ns  (logic 0.112ns (64.368%)  route 0.062ns (35.632%))
  Logic Levels:           0  
  Clock Path Skew:        0.013ns (DCD - SCD - CPR)
    Destination Clock Delay (DCD):    8.815ns
    Source Clock Delay      (SCD):    3.737ns
    Clock Pessimism Removal (CPR):    5.065ns
  Clock Net Delay (Source):      2.113ns (routing 1.087ns, distribution 1.026ns)
  Clock Net Delay (Destination): 2.340ns (routing 1.187ns, distribution 1.153ns)

    Location             Delay type                Incr(ns)  Path(ns)    Netlist Resource(s)
  -------------------------------------------------------------------    -------------------
                         (clock dbg_hub/inst/BSCANID.u_xsdbm_id/SWITCH_N_EXT_BSCAN.bscan_inst/SERIES7_BSCAN.bscan_inst/INTERNAL_TCK rise edge)
                                                      0.000     0.000 r  
    CONFIG_SITE_X0Y0     BSCANE2                      0.000     0.000 r  dbg_hub/inst/BSCANID.u_xsdbm_id/SWITCH_N_EXT_BSCAN.bscan_inst/SERIES7_BSCAN.bscan_inst/INTERNAL_TCK
    CONFIG_SITE_X0Y0     BSCANE2 (Prop_BSCAN1_CONFIG_SITE_INTERNAL_TCK_TCK)
                                                      0.465     0.465 r  dbg_hub/inst/BSCANID.u_xsdbm_id/SWITCH_N_EXT_BSCAN.bscan_inst/SERIES7_BSCAN.bscan_inst/TCK
                         net (fo=1, routed)           1.120     1.585    dbg_hub/inst/BSCANID.u_xsdbm_id/tck_bs
    BUFGCE_X0Y76         BUFGCE (Prop_BUFCE_BUFGCE_I_O)
                                                      0.039     1.624 r  dbg_hub/inst/BSCANID.u_xsdbm_id/SWITCH_N_EXT_BSCAN.u_bufg_icon_tck/O
    X2Y2 (CLOCK_ROOT)    net (fo=478, routed)         2.113     3.737    dbg_hub/inst/BSCANID.u_xsdbm_id/CORE_XSDB.UUT_MASTER/U_ICON_INTERFACE/U_CMD1/m_bscan_tck[0]
    SLICE_X51Y189        FDRE                                         r  dbg_hub/inst/BSCANID.u_xsdbm_id/CORE_XSDB.UUT_MASTER/U_ICON_INTERFACE/U_CMD1/icn_cmd_din_temp_reg/C
  -------------------------------------------------------------------    -------------------
    SLICE_X51Y189        FDRE (Prop_HFF_SLICEL_C_Q)
                                                      0.112     3.849 r  dbg_hub/inst/BSCANID.u_xsdbm_id/CORE_XSDB.UUT_MASTER/U_ICON_INTERFACE/U_CMD1/icn_cmd_din_temp_reg/Q
                         net (fo=1, routed)           0.062     3.911    dbg_hub/inst/BSCANID.u_xsdbm_id/CORE_XSDB.UUT_MASTER/U_ICON_INTERFACE/U_CMD1/icn_cmd_din_temp
    SLICE_X51Y189        FDRE                                         r  dbg_hub/inst/BSCANID.u_xsdbm_id/CORE_XSDB.UUT_MASTER/U_ICON_INTERFACE/U_CMD1/shift_reg_in_reg[1]/D
  -------------------------------------------------------------------    -------------------

                         (clock dbg_hub/inst/BSCANID.u_xsdbm_id/SWITCH_N_EXT_BSCAN.bscan_inst/SERIES7_BSCAN.bscan_inst/INTERNAL_TCK rise edge)
                                                      0.000     0.000 r  
    CONFIG_SITE_X0Y0     BSCANE2                      0.000     0.000 r  dbg_hub/inst/BSCANID.u_xsdbm_id/SWITCH_N_EXT_BSCAN.bscan_inst/SERIES7_BSCAN.bscan_inst/INTERNAL_TCK
    CONFIG_SITE_X0Y0     BSCANE2 (Prop_BSCAN1_CONFIG_SITE_INTERNAL_TCK_TCK)
                                                      4.800     4.800 r  dbg_hub/inst/BSCANID.u_xsdbm_id/SWITCH_N_EXT_BSCAN.bscan_inst/SERIES7_BSCAN.bscan_inst/TCK
                         net (fo=1, routed)           1.631     6.431    dbg_hub/inst/BSCANID.u_xsdbm_id/tck_bs
    BUFGCE_X0Y76         BUFGCE (Prop_BUFCE_BUFGCE_I_O)
                                                      0.044     6.475 r  dbg_hub/inst/BSCANID.u_xsdbm_id/SWITCH_N_EXT_BSCAN.u_bufg_icon_tck/O
    X2Y2 (CLOCK_ROOT)    net (fo=478, routed)         2.340     8.815    dbg_hub/inst/BSCANID.u_xsdbm_id/CORE_XSDB.UUT_MASTER/U_ICON_INTERFACE/U_CMD1/m_bscan_tck[0]
    SLICE_X51Y189        FDRE                                         r  dbg_hub/inst/BSCANID.u_xsdbm_id/CORE_XSDB.UUT_MASTER/U_ICON_INTERFACE/U_CMD1/shift_reg_in_reg[1]/C
                         clock pessimism             -5.065     3.750    
    SLICE_X51Y189        FDRE (Hold_EFF2_SLICEL_C_D)
                                                      0.102     3.852    dbg_hub/inst/BSCANID.u_xsdbm_id/CORE_XSDB.UUT_MASTER/U_ICON_INTERFACE/U_CMD1/shift_reg_in_reg[1]
  -------------------------------------------------------------------
                         required time                         -3.852    
                         arrival time                           3.911    
  -------------------------------------------------------------------
                         slack                                  0.059    

Slack (MET) :             0.060ns  (arrival time - required time)
  Source:                 dbg_hub/inst/BSCANID.u_xsdbm_id/CORE_XSDB.UUT_MASTER/U_ICON_INTERFACE/U_CMD6_WR/shift_reg_in_reg[9]/C
                            (rising edge-triggered cell FDCE clocked by dbg_hub/inst/BSCANID.u_xsdbm_id/SWITCH_N_EXT_BSCAN.bscan_inst/SERIES7_BSCAN.bscan_inst/INTERNAL_TCK  {rise@0.000ns fall@25.000ns period=50.000ns})
  Destination:            dbg_hub/inst/BSCANID.u_xsdbm_id/CORE_XSDB.UUT_MASTER/U_ICON_INTERFACE/U_CMD6_WR/U_WR_FIFO/SUBCORE_FIFO.xsdbm_v3_0_2_wrfifo_inst/inst_fifo_gen/gconvfifo.rf/grf.rf/gntv_or_sync_fifo.mem/gdm.dm_gen.dm/RAM_reg_0_15_0_13/RAME/I
                            (rising edge-triggered cell RAMD32 clocked by dbg_hub/inst/BSCANID.u_xsdbm_id/SWITCH_N_EXT_BSCAN.bscan_inst/SERIES7_BSCAN.bscan_inst/INTERNAL_TCK  {rise@0.000ns fall@25.000ns period=50.000ns})
  Path Group:             dbg_hub/inst/BSCANID.u_xsdbm_id/SWITCH_N_EXT_BSCAN.bscan_inst/SERIES7_BSCAN.bscan_inst/INTERNAL_TCK
  Path Type:              Hold (Min at Fast Process Corner)
  Requirement:            0.000ns  (dbg_hub/inst/BSCANID.u_xsdbm_id/SWITCH_N_EXT_BSCAN.bscan_inst/SERIES7_BSCAN.bscan_inst/INTERNAL_TCK rise@0.000ns - dbg_hub/inst/BSCANID.u_xsdbm_id/SWITCH_N_EXT_BSCAN.bscan_inst/SERIES7_BSCAN.bscan_inst/INTERNAL_TCK rise@0.000ns)
  Data Path Delay:        0.221ns  (logic 0.084ns (38.006%)  route 0.137ns (61.994%))
  Logic Levels:           0  
  Clock Path Skew:        0.100ns (DCD - SCD - CPR)
    Destination Clock Delay (DCD):    7.478ns
    Source Clock Delay      (SCD):    2.469ns
    Clock Pessimism Removal (CPR):    4.909ns
  Clock Net Delay (Source):      1.253ns (routing 0.650ns, distribution 0.603ns)
  Clock Net Delay (Destination): 1.427ns (routing 0.709ns, distribution 0.718ns)

    Location             Delay type                Incr(ns)  Path(ns)    Netlist Resource(s)
  -------------------------------------------------------------------    -------------------
                         (clock dbg_hub/inst/BSCANID.u_xsdbm_id/SWITCH_N_EXT_BSCAN.bscan_inst/SERIES7_BSCAN.bscan_inst/INTERNAL_TCK rise edge)
                                                      0.000     0.000 r  
    CONFIG_SITE_X0Y0     BSCANE2                      0.000     0.000 r  dbg_hub/inst/BSCANID.u_xsdbm_id/SWITCH_N_EXT_BSCAN.bscan_inst/SERIES7_BSCAN.bscan_inst/INTERNAL_TCK
    CONFIG_SITE_X0Y0     BSCANE2 (Prop_BSCAN1_CONFIG_SITE_INTERNAL_TCK_TCK)
                                                      0.465     0.465 r  dbg_hub/inst/BSCANID.u_xsdbm_id/SWITCH_N_EXT_BSCAN.bscan_inst/SERIES7_BSCAN.bscan_inst/TCK
                         net (fo=1, routed)           0.728     1.193    dbg_hub/inst/BSCANID.u_xsdbm_id/tck_bs
    BUFGCE_X0Y76         BUFGCE (Prop_BUFCE_BUFGCE_I_O)
                                                      0.023     1.216 r  dbg_hub/inst/BSCANID.u_xsdbm_id/SWITCH_N_EXT_BSCAN.u_bufg_icon_tck/O
    X2Y2 (CLOCK_ROOT)    net (fo=478, routed)         1.253     2.469    dbg_hub/inst/BSCANID.u_xsdbm_id/CORE_XSDB.UUT_MASTER/U_ICON_INTERFACE/U_CMD6_WR/m_bscan_tck[0]
    SLICE_X44Y196        FDCE                                         r  dbg_hub/inst/BSCANID.u_xsdbm_id/CORE_XSDB.UUT_MASTER/U_ICON_INTERFACE/U_CMD6_WR/shift_reg_in_reg[9]/C
  -------------------------------------------------------------------    -------------------
    SLICE_X44Y196        FDCE (Prop_HFF_SLICEL_C_Q)
                                                      0.084     2.553 r  dbg_hub/inst/BSCANID.u_xsdbm_id/CORE_XSDB.UUT_MASTER/U_ICON_INTERFACE/U_CMD6_WR/shift_reg_in_reg[9]/Q
                         net (fo=2, routed)           0.137     2.690    dbg_hub/inst/BSCANID.u_xsdbm_id/CORE_XSDB.UUT_MASTER/U_ICON_INTERFACE/U_CMD6_WR/U_WR_FIFO/SUBCORE_FIFO.xsdbm_v3_0_2_wrfifo_inst/inst_fifo_gen/gconvfifo.rf/grf.rf/gntv_or_sync_fifo.mem/gdm.dm_gen.dm/RAM_reg_0_15_0_13/DIE0
    SLICE_X45Y196        RAMD32                                       r  dbg_hub/inst/BSCANID.u_xsdbm_id/CORE_XSDB.UUT_MASTER/U_ICON_INTERFACE/U_CMD6_WR/U_WR_FIFO/SUBCORE_FIFO.xsdbm_v3_0_2_wrfifo_inst/inst_fifo_gen/gconvfifo.rf/grf.rf/gntv_or_sync_fifo.mem/gdm.dm_gen.dm/RAM_reg_0_15_0_13/RAME/I
  -------------------------------------------------------------------    -------------------

                         (clock dbg_hub/inst/BSCANID.u_xsdbm_id/SWITCH_N_EXT_BSCAN.bscan_inst/SERIES7_BSCAN.bscan_inst/INTERNAL_TCK rise edge)
                                                      0.000     0.000 r  
    CONFIG_SITE_X0Y0     BSCANE2                      0.000     0.000 r  dbg_hub/inst/BSCANID.u_xsdbm_id/SWITCH_N_EXT_BSCAN.bscan_inst/SERIES7_BSCAN.bscan_inst/INTERNAL_TCK
    CONFIG_SITE_X0Y0     BSCANE2 (Prop_BSCAN1_CONFIG_SITE_INTERNAL_TCK_TCK)
                                                      4.800     4.800 r  dbg_hub/inst/BSCANID.u_xsdbm_id/SWITCH_N_EXT_BSCAN.bscan_inst/SERIES7_BSCAN.bscan_inst/TCK
                         net (fo=1, routed)           1.225     6.025    dbg_hub/inst/BSCANID.u_xsdbm_id/tck_bs
    BUFGCE_X0Y76         BUFGCE (Prop_BUFCE_BUFGCE_I_O)
                                                      0.026     6.051 r  dbg_hub/inst/BSCANID.u_xsdbm_id/SWITCH_N_EXT_BSCAN.u_bufg_icon_tck/O
    X2Y2 (CLOCK_ROOT)    net (fo=478, routed)         1.427     7.478    dbg_hub/inst/BSCANID.u_xsdbm_id/CORE_XSDB.UUT_MASTER/U_ICON_INTERFACE/U_CMD6_WR/U_WR_FIFO/SUBCORE_FIFO.xsdbm_v3_0_2_wrfifo_inst/inst_fifo_gen/gconvfifo.rf/grf.rf/gntv_or_sync_fifo.mem/gdm.dm_gen.dm/RAM_reg_0_15_0_13/WCLK
    SLICE_X45Y196        RAMD32                                       r  dbg_hub/inst/BSCANID.u_xsdbm_id/CORE_XSDB.UUT_MASTER/U_ICON_INTERFACE/U_CMD6_WR/U_WR_FIFO/SUBCORE_FIFO.xsdbm_v3_0_2_wrfifo_inst/inst_fifo_gen/gconvfifo.rf/grf.rf/gntv_or_sync_fifo.mem/gdm.dm_gen.dm/RAM_reg_0_15_0_13/RAME/CLK
                         clock pessimism             -4.909     2.569    
    SLICE_X45Y196        RAMD32 (Hold_E5LUT_SLICEM_CLK_I)
                                                      0.061     2.630    dbg_hub/inst/BSCANID.u_xsdbm_id/CORE_XSDB.UUT_MASTER/U_ICON_INTERFACE/U_CMD6_WR/U_WR_FIFO/SUBCORE_FIFO.xsdbm_v3_0_2_wrfifo_inst/inst_fifo_gen/gconvfifo.rf/grf.rf/gntv_or_sync_fifo.mem/gdm.dm_gen.dm/RAM_reg_0_15_0_13/RAME
  -------------------------------------------------------------------
                         required time                         -2.630    
                         arrival time                           2.690    
  -------------------------------------------------------------------
                         slack                                  0.060    

Slack (MET) :             0.061ns  (arrival time - required time)
  Source:                 dbg_hub/inst/BSCANID.u_xsdbm_id/CORE_XSDB.UUT_MASTER/U_ICON_INTERFACE/U_CMD6_WR/U_WR_FIFO/SUBCORE_FIFO.xsdbm_v3_0_2_wrfifo_inst/inst_fifo_gen/gconvfifo.rf/grf.rf/gntv_or_sync_fifo.gl0.wr/wpntr/gic0.gc0.count_reg[1]/C
                            (rising edge-triggered cell FDPE clocked by dbg_hub/inst/BSCANID.u_xsdbm_id/SWITCH_N_EXT_BSCAN.bscan_inst/SERIES7_BSCAN.bscan_inst/INTERNAL_TCK  {rise@0.000ns fall@25.000ns period=50.000ns})
  Destination:            dbg_hub/inst/BSCANID.u_xsdbm_id/CORE_XSDB.UUT_MASTER/U_ICON_INTERFACE/U_CMD6_WR/U_WR_FIFO/SUBCORE_FIFO.xsdbm_v3_0_2_wrfifo_inst/inst_fifo_gen/gconvfifo.rf/grf.rf/gntv_or_sync_fifo.gl0.wr/wpntr/gic0.gc0.count_d1_reg[1]/D
                            (rising edge-triggered cell FDCE clocked by dbg_hub/inst/BSCANID.u_xsdbm_id/SWITCH_N_EXT_BSCAN.bscan_inst/SERIES7_BSCAN.bscan_inst/INTERNAL_TCK  {rise@0.000ns fall@25.000ns period=50.000ns})
  Path Group:             dbg_hub/inst/BSCANID.u_xsdbm_id/SWITCH_N_EXT_BSCAN.bscan_inst/SERIES7_BSCAN.bscan_inst/INTERNAL_TCK
  Path Type:              Hold (Min at Slow Process Corner)
  Requirement:            0.000ns  (dbg_hub/inst/BSCANID.u_xsdbm_id/SWITCH_N_EXT_BSCAN.bscan_inst/SERIES7_BSCAN.bscan_inst/INTERNAL_TCK rise@0.000ns - dbg_hub/inst/BSCANID.u_xsdbm_id/SWITCH_N_EXT_BSCAN.bscan_inst/SERIES7_BSCAN.bscan_inst/INTERNAL_TCK rise@0.000ns)
  Data Path Delay:        0.213ns  (logic 0.113ns (52.976%)  route 0.100ns (47.024%))
  Logic Levels:           0  
  Clock Path Skew:        0.051ns (DCD - SCD - CPR)
    Destination Clock Delay (DCD):    8.777ns
    Source Clock Delay      (SCD):    3.685ns
    Clock Pessimism Removal (CPR):    5.041ns
  Clock Net Delay (Source):      2.061ns (routing 1.087ns, distribution 0.974ns)
  Clock Net Delay (Destination): 2.302ns (routing 1.187ns, distribution 1.115ns)

    Location             Delay type                Incr(ns)  Path(ns)    Netlist Resource(s)
  -------------------------------------------------------------------    -------------------
                         (clock dbg_hub/inst/BSCANID.u_xsdbm_id/SWITCH_N_EXT_BSCAN.bscan_inst/SERIES7_BSCAN.bscan_inst/INTERNAL_TCK rise edge)
                                                      0.000     0.000 r  
    CONFIG_SITE_X0Y0     BSCANE2                      0.000     0.000 r  dbg_hub/inst/BSCANID.u_xsdbm_id/SWITCH_N_EXT_BSCAN.bscan_inst/SERIES7_BSCAN.bscan_inst/INTERNAL_TCK
    CONFIG_SITE_X0Y0     BSCANE2 (Prop_BSCAN1_CONFIG_SITE_INTERNAL_TCK_TCK)
                                                      0.465     0.465 r  dbg_hub/inst/BSCANID.u_xsdbm_id/SWITCH_N_EXT_BSCAN.bscan_inst/SERIES7_BSCAN.bscan_inst/TCK
                         net (fo=1, routed)           1.120     1.585    dbg_hub/inst/BSCANID.u_xsdbm_id/tck_bs
    BUFGCE_X0Y76         BUFGCE (Prop_BUFCE_BUFGCE_I_O)
                                                      0.039     1.624 r  dbg_hub/inst/BSCANID.u_xsdbm_id/SWITCH_N_EXT_BSCAN.u_bufg_icon_tck/O
    X2Y2 (CLOCK_ROOT)    net (fo=478, routed)         2.061     3.685    dbg_hub/inst/BSCANID.u_xsdbm_id/CORE_XSDB.UUT_MASTER/U_ICON_INTERFACE/U_CMD6_WR/U_WR_FIFO/SUBCORE_FIFO.xsdbm_v3_0_2_wrfifo_inst/inst_fifo_gen/gconvfifo.rf/grf.rf/gntv_or_sync_fifo.gl0.wr/wpntr/wr_clk
    SLICE_X44Y200        FDPE                                         r  dbg_hub/inst/BSCANID.u_xsdbm_id/CORE_XSDB.UUT_MASTER/U_ICON_INTERFACE/U_CMD6_WR/U_WR_FIFO/SUBCORE_FIFO.xsdbm_v3_0_2_wrfifo_inst/inst_fifo_gen/gconvfifo.rf/grf.rf/gntv_or_sync_fifo.gl0.wr/wpntr/gic0.gc0.count_reg[1]/C
  -------------------------------------------------------------------    -------------------
    SLICE_X44Y200        FDPE (Prop_BFF2_SLICEL_C_Q)
                                                      0.113     3.798 r  dbg_hub/inst/BSCANID.u_xsdbm_id/CORE_XSDB.UUT_MASTER/U_ICON_INTERFACE/U_CMD6_WR/U_WR_FIFO/SUBCORE_FIFO.xsdbm_v3_0_2_wrfifo_inst/inst_fifo_gen/gconvfifo.rf/grf.rf/gntv_or_sync_fifo.gl0.wr/wpntr/gic0.gc0.count_reg[1]/Q
                         net (fo=5, routed)           0.100     3.898    dbg_hub/inst/BSCANID.u_xsdbm_id/CORE_XSDB.UUT_MASTER/U_ICON_INTERFACE/U_CMD6_WR/U_WR_FIFO/SUBCORE_FIFO.xsdbm_v3_0_2_wrfifo_inst/inst_fifo_gen/gconvfifo.rf/grf.rf/gntv_or_sync_fifo.gl0.wr/wpntr/Q[1]
    SLICE_X44Y199        FDCE                                         r  dbg_hub/inst/BSCANID.u_xsdbm_id/CORE_XSDB.UUT_MASTER/U_ICON_INTERFACE/U_CMD6_WR/U_WR_FIFO/SUBCORE_FIFO.xsdbm_v3_0_2_wrfifo_inst/inst_fifo_gen/gconvfifo.rf/grf.rf/gntv_or_sync_fifo.gl0.wr/wpntr/gic0.gc0.count_d1_reg[1]/D
  -------------------------------------------------------------------    -------------------

                         (clock dbg_hub/inst/BSCANID.u_xsdbm_id/SWITCH_N_EXT_BSCAN.bscan_inst/SERIES7_BSCAN.bscan_inst/INTERNAL_TCK rise edge)
                                                      0.000     0.000 r  
    CONFIG_SITE_X0Y0     BSCANE2                      0.000     0.000 r  dbg_hub/inst/BSCANID.u_xsdbm_id/SWITCH_N_EXT_BSCAN.bscan_inst/SERIES7_BSCAN.bscan_inst/INTERNAL_TCK
    CONFIG_SITE_X0Y0     BSCANE2 (Prop_BSCAN1_CONFIG_SITE_INTERNAL_TCK_TCK)
                                                      4.800     4.800 r  dbg_hub/inst/BSCANID.u_xsdbm_id/SWITCH_N_EXT_BSCAN.bscan_inst/SERIES7_BSCAN.bscan_inst/TCK
                         net (fo=1, routed)           1.631     6.431    dbg_hub/inst/BSCANID.u_xsdbm_id/tck_bs
    BUFGCE_X0Y76         BUFGCE (Prop_BUFCE_BUFGCE_I_O)
                                                      0.044     6.475 r  dbg_hub/inst/BSCANID.u_xsdbm_id/SWITCH_N_EXT_BSCAN.u_bufg_icon_tck/O
    X2Y2 (CLOCK_ROOT)    net (fo=478, routed)         2.302     8.777    dbg_hub/inst/BSCANID.u_xsdbm_id/CORE_XSDB.UUT_MASTER/U_ICON_INTERFACE/U_CMD6_WR/U_WR_FIFO/SUBCORE_FIFO.xsdbm_v3_0_2_wrfifo_inst/inst_fifo_gen/gconvfifo.rf/grf.rf/gntv_or_sync_fifo.gl0.wr/wpntr/wr_clk
    SLICE_X44Y199        FDCE                                         r  dbg_hub/inst/BSCANID.u_xsdbm_id/CORE_XSDB.UUT_MASTER/U_ICON_INTERFACE/U_CMD6_WR/U_WR_FIFO/SUBCORE_FIFO.xsdbm_v3_0_2_wrfifo_inst/inst_fifo_gen/gconvfifo.rf/grf.rf/gntv_or_sync_fifo.gl0.wr/wpntr/gic0.gc0.count_d1_reg[1]/C
                         clock pessimism             -5.041     3.736    
    SLICE_X44Y199        FDCE (Hold_EFF2_SLICEL_C_D)
                                                      0.102     3.838    dbg_hub/inst/BSCANID.u_xsdbm_id/CORE_XSDB.UUT_MASTER/U_ICON_INTERFACE/U_CMD6_WR/U_WR_FIFO/SUBCORE_FIFO.xsdbm_v3_0_2_wrfifo_inst/inst_fifo_gen/gconvfifo.rf/grf.rf/gntv_or_sync_fifo.gl0.wr/wpntr/gic0.gc0.count_d1_reg[1]
  -------------------------------------------------------------------
                         required time                         -3.838    
                         arrival time                           3.898    
  -------------------------------------------------------------------
                         slack                                  0.061    

Slack (MET) :             0.063ns  (arrival time - required time)
  Source:                 dbg_hub/inst/BSCANID.u_xsdbm_id/SWITCH_N_EXT_BSCAN.bscan_switch/temp_curid_reg[26]/C
                            (rising edge-triggered cell FDRE clocked by dbg_hub/inst/BSCANID.u_xsdbm_id/SWITCH_N_EXT_BSCAN.bscan_inst/SERIES7_BSCAN.bscan_inst/INTERNAL_TCK  {rise@0.000ns fall@25.000ns period=50.000ns})
  Destination:            dbg_hub/inst/BSCANID.u_xsdbm_id/SWITCH_N_EXT_BSCAN.bscan_switch/temp_curid_reg[25]/D
                            (rising edge-triggered cell FDRE clocked by dbg_hub/inst/BSCANID.u_xsdbm_id/SWITCH_N_EXT_BSCAN.bscan_inst/SERIES7_BSCAN.bscan_inst/INTERNAL_TCK  {rise@0.000ns fall@25.000ns period=50.000ns})
  Path Group:             dbg_hub/inst/BSCANID.u_xsdbm_id/SWITCH_N_EXT_BSCAN.bscan_inst/SERIES7_BSCAN.bscan_inst/INTERNAL_TCK
  Path Type:              Hold (Min at Slow Process Corner)
  Requirement:            0.000ns  (dbg_hub/inst/BSCANID.u_xsdbm_id/SWITCH_N_EXT_BSCAN.bscan_inst/SERIES7_BSCAN.bscan_inst/INTERNAL_TCK rise@0.000ns - dbg_hub/inst/BSCANID.u_xsdbm_id/SWITCH_N_EXT_BSCAN.bscan_inst/SERIES7_BSCAN.bscan_inst/INTERNAL_TCK rise@0.000ns)
  Data Path Delay:        0.178ns  (logic 0.112ns (62.921%)  route 0.066ns (37.079%))
  Logic Levels:           0  
  Clock Path Skew:        0.013ns (DCD - SCD - CPR)
    Destination Clock Delay (DCD):    8.738ns
    Source Clock Delay      (SCD):    3.667ns
    Clock Pessimism Removal (CPR):    5.058ns
  Clock Net Delay (Source):      2.043ns (routing 1.087ns, distribution 0.956ns)
  Clock Net Delay (Destination): 2.263ns (routing 1.187ns, distribution 1.076ns)

    Location             Delay type                Incr(ns)  Path(ns)    Netlist Resource(s)
  -------------------------------------------------------------------    -------------------
                         (clock dbg_hub/inst/BSCANID.u_xsdbm_id/SWITCH_N_EXT_BSCAN.bscan_inst/SERIES7_BSCAN.bscan_inst/INTERNAL_TCK rise edge)
                                                      0.000     0.000 r  
    CONFIG_SITE_X0Y0     BSCANE2                      0.000     0.000 r  dbg_hub/inst/BSCANID.u_xsdbm_id/SWITCH_N_EXT_BSCAN.bscan_inst/SERIES7_BSCAN.bscan_inst/INTERNAL_TCK
    CONFIG_SITE_X0Y0     BSCANE2 (Prop_BSCAN1_CONFIG_SITE_INTERNAL_TCK_TCK)
                                                      0.465     0.465 r  dbg_hub/inst/BSCANID.u_xsdbm_id/SWITCH_N_EXT_BSCAN.bscan_inst/SERIES7_BSCAN.bscan_inst/TCK
                         net (fo=1, routed)           1.120     1.585    dbg_hub/inst/BSCANID.u_xsdbm_id/tck_bs
    BUFGCE_X0Y76         BUFGCE (Prop_BUFCE_BUFGCE_I_O)
                                                      0.039     1.624 r  dbg_hub/inst/BSCANID.u_xsdbm_id/SWITCH_N_EXT_BSCAN.u_bufg_icon_tck/O
    X2Y2 (CLOCK_ROOT)    net (fo=478, routed)         2.043     3.667    dbg_hub/inst/BSCANID.u_xsdbm_id/SWITCH_N_EXT_BSCAN.bscan_switch/s_bscan_tck
    SLICE_X49Y151        FDRE                                         r  dbg_hub/inst/BSCANID.u_xsdbm_id/SWITCH_N_EXT_BSCAN.bscan_switch/temp_curid_reg[26]/C
  -------------------------------------------------------------------    -------------------
    SLICE_X49Y151        FDRE (Prop_FFF_SLICEL_C_Q)
                                                      0.112     3.779 r  dbg_hub/inst/BSCANID.u_xsdbm_id/SWITCH_N_EXT_BSCAN.bscan_switch/temp_curid_reg[26]/Q
                         net (fo=2, routed)           0.066     3.845    dbg_hub/inst/BSCANID.u_xsdbm_id/SWITCH_N_EXT_BSCAN.bscan_switch/temp_curid[26]
    SLICE_X49Y151        FDRE                                         r  dbg_hub/inst/BSCANID.u_xsdbm_id/SWITCH_N_EXT_BSCAN.bscan_switch/temp_curid_reg[25]/D
  -------------------------------------------------------------------    -------------------

                         (clock dbg_hub/inst/BSCANID.u_xsdbm_id/SWITCH_N_EXT_BSCAN.bscan_inst/SERIES7_BSCAN.bscan_inst/INTERNAL_TCK rise edge)
                                                      0.000     0.000 r  
    CONFIG_SITE_X0Y0     BSCANE2                      0.000     0.000 r  dbg_hub/inst/BSCANID.u_xsdbm_id/SWITCH_N_EXT_BSCAN.bscan_inst/SERIES7_BSCAN.bscan_inst/INTERNAL_TCK
    CONFIG_SITE_X0Y0     BSCANE2 (Prop_BSCAN1_CONFIG_SITE_INTERNAL_TCK_TCK)
                                                      4.800     4.800 r  dbg_hub/inst/BSCANID.u_xsdbm_id/SWITCH_N_EXT_BSCAN.bscan_inst/SERIES7_BSCAN.bscan_inst/TCK
                         net (fo=1, routed)           1.631     6.431    dbg_hub/inst/BSCANID.u_xsdbm_id/tck_bs
    BUFGCE_X0Y76         BUFGCE (Prop_BUFCE_BUFGCE_I_O)
                                                      0.044     6.475 r  dbg_hub/inst/BSCANID.u_xsdbm_id/SWITCH_N_EXT_BSCAN.u_bufg_icon_tck/O
    X2Y2 (CLOCK_ROOT)    net (fo=478, routed)         2.263     8.738    dbg_hub/inst/BSCANID.u_xsdbm_id/SWITCH_N_EXT_BSCAN.bscan_switch/s_bscan_tck
    SLICE_X49Y151        FDRE                                         r  dbg_hub/inst/BSCANID.u_xsdbm_id/SWITCH_N_EXT_BSCAN.bscan_switch/temp_curid_reg[25]/C
                         clock pessimism             -5.058     3.680    
    SLICE_X49Y151        FDRE (Hold_EFF2_SLICEL_C_D)
                                                      0.102     3.782    dbg_hub/inst/BSCANID.u_xsdbm_id/SWITCH_N_EXT_BSCAN.bscan_switch/temp_curid_reg[25]
  -------------------------------------------------------------------
                         required time                         -3.782    
                         arrival time                           3.845    
  -------------------------------------------------------------------
                         slack                                  0.063    

Slack (MET) :             0.063ns  (arrival time - required time)
  Source:                 dbg_hub/inst/BSCANID.u_xsdbm_id/CORE_XSDB.U_ICON/U_SYNC/iSYNC_WORD_reg[2]/C
                            (rising edge-triggered cell FDRE clocked by dbg_hub/inst/BSCANID.u_xsdbm_id/SWITCH_N_EXT_BSCAN.bscan_inst/SERIES7_BSCAN.bscan_inst/INTERNAL_TCK  {rise@0.000ns fall@25.000ns period=50.000ns})
  Destination:            dbg_hub/inst/BSCANID.u_xsdbm_id/CORE_XSDB.U_ICON/U_SYNC/iSYNC_WORD_reg[1]/D
                            (rising edge-triggered cell FDRE clocked by dbg_hub/inst/BSCANID.u_xsdbm_id/SWITCH_N_EXT_BSCAN.bscan_inst/SERIES7_BSCAN.bscan_inst/INTERNAL_TCK  {rise@0.000ns fall@25.000ns period=50.000ns})
  Path Group:             dbg_hub/inst/BSCANID.u_xsdbm_id/SWITCH_N_EXT_BSCAN.bscan_inst/SERIES7_BSCAN.bscan_inst/INTERNAL_TCK
  Path Type:              Hold (Min at Slow Process Corner)
  Requirement:            0.000ns  (dbg_hub/inst/BSCANID.u_xsdbm_id/SWITCH_N_EXT_BSCAN.bscan_inst/SERIES7_BSCAN.bscan_inst/INTERNAL_TCK rise@0.000ns - dbg_hub/inst/BSCANID.u_xsdbm_id/SWITCH_N_EXT_BSCAN.bscan_inst/SERIES7_BSCAN.bscan_inst/INTERNAL_TCK rise@0.000ns)
  Data Path Delay:        0.178ns  (logic 0.112ns (62.921%)  route 0.066ns (37.079%))
  Logic Levels:           0  
  Clock Path Skew:        0.013ns (DCD - SCD - CPR)
    Destination Clock Delay (DCD):    8.832ns
    Source Clock Delay      (SCD):    3.745ns
    Clock Pessimism Removal (CPR):    5.074ns
  Clock Net Delay (Source):      2.121ns (routing 1.087ns, distribution 1.034ns)
  Clock Net Delay (Destination): 2.357ns (routing 1.187ns, distribution 1.170ns)

    Location             Delay type                Incr(ns)  Path(ns)    Netlist Resource(s)
  -------------------------------------------------------------------    -------------------
                         (clock dbg_hub/inst/BSCANID.u_xsdbm_id/SWITCH_N_EXT_BSCAN.bscan_inst/SERIES7_BSCAN.bscan_inst/INTERNAL_TCK rise edge)
                                                      0.000     0.000 r  
    CONFIG_SITE_X0Y0     BSCANE2                      0.000     0.000 r  dbg_hub/inst/BSCANID.u_xsdbm_id/SWITCH_N_EXT_BSCAN.bscan_inst/SERIES7_BSCAN.bscan_inst/INTERNAL_TCK
    CONFIG_SITE_X0Y0     BSCANE2 (Prop_BSCAN1_CONFIG_SITE_INTERNAL_TCK_TCK)
                                                      0.465     0.465 r  dbg_hub/inst/BSCANID.u_xsdbm_id/SWITCH_N_EXT_BSCAN.bscan_inst/SERIES7_BSCAN.bscan_inst/TCK
                         net (fo=1, routed)           1.120     1.585    dbg_hub/inst/BSCANID.u_xsdbm_id/tck_bs
    BUFGCE_X0Y76         BUFGCE (Prop_BUFCE_BUFGCE_I_O)
                                                      0.039     1.624 r  dbg_hub/inst/BSCANID.u_xsdbm_id/SWITCH_N_EXT_BSCAN.u_bufg_icon_tck/O
    X2Y2 (CLOCK_ROOT)    net (fo=478, routed)         2.121     3.745    dbg_hub/inst/BSCANID.u_xsdbm_id/CORE_XSDB.U_ICON/U_SYNC/m_bscan_tck[0]
    SLICE_X50Y182        FDRE                                         r  dbg_hub/inst/BSCANID.u_xsdbm_id/CORE_XSDB.U_ICON/U_SYNC/iSYNC_WORD_reg[2]/C
  -------------------------------------------------------------------    -------------------
    SLICE_X50Y182        FDRE (Prop_FFF_SLICEL_C_Q)
                                                      0.112     3.857 r  dbg_hub/inst/BSCANID.u_xsdbm_id/CORE_XSDB.U_ICON/U_SYNC/iSYNC_WORD_reg[2]/Q
                         net (fo=2, routed)           0.066     3.923    dbg_hub/inst/BSCANID.u_xsdbm_id/CORE_XSDB.U_ICON/U_SYNC/iSYNC_WORD[2]
    SLICE_X50Y182        FDRE                                         r  dbg_hub/inst/BSCANID.u_xsdbm_id/CORE_XSDB.U_ICON/U_SYNC/iSYNC_WORD_reg[1]/D
  -------------------------------------------------------------------    -------------------

                         (clock dbg_hub/inst/BSCANID.u_xsdbm_id/SWITCH_N_EXT_BSCAN.bscan_inst/SERIES7_BSCAN.bscan_inst/INTERNAL_TCK rise edge)
                                                      0.000     0.000 r  
    CONFIG_SITE_X0Y0     BSCANE2                      0.000     0.000 r  dbg_hub/inst/BSCANID.u_xsdbm_id/SWITCH_N_EXT_BSCAN.bscan_inst/SERIES7_BSCAN.bscan_inst/INTERNAL_TCK
    CONFIG_SITE_X0Y0     BSCANE2 (Prop_BSCAN1_CONFIG_SITE_INTERNAL_TCK_TCK)
                                                      4.800     4.800 r  dbg_hub/inst/BSCANID.u_xsdbm_id/SWITCH_N_EXT_BSCAN.bscan_inst/SERIES7_BSCAN.bscan_inst/TCK
                         net (fo=1, routed)           1.631     6.431    dbg_hub/inst/BSCANID.u_xsdbm_id/tck_bs
    BUFGCE_X0Y76         BUFGCE (Prop_BUFCE_BUFGCE_I_O)
                                                      0.044     6.475 r  dbg_hub/inst/BSCANID.u_xsdbm_id/SWITCH_N_EXT_BSCAN.u_bufg_icon_tck/O
    X2Y2 (CLOCK_ROOT)    net (fo=478, routed)         2.357     8.832    dbg_hub/inst/BSCANID.u_xsdbm_id/CORE_XSDB.U_ICON/U_SYNC/m_bscan_tck[0]
    SLICE_X50Y182        FDRE                                         r  dbg_hub/inst/BSCANID.u_xsdbm_id/CORE_XSDB.U_ICON/U_SYNC/iSYNC_WORD_reg[1]/C
                         clock pessimism             -5.074     3.758    
    SLICE_X50Y182        FDRE (Hold_EFF2_SLICEL_C_D)
                                                      0.102     3.860    dbg_hub/inst/BSCANID.u_xsdbm_id/CORE_XSDB.U_ICON/U_SYNC/iSYNC_WORD_reg[1]
  -------------------------------------------------------------------
                         required time                         -3.860    
                         arrival time                           3.923    
  -------------------------------------------------------------------
                         slack                                  0.063    





Pulse Width Checks
--------------------------------------------------------------------------------------
Clock Name:         dbg_hub/inst/BSCANID.u_xsdbm_id/SWITCH_N_EXT_BSCAN.bscan_inst/SERIES7_BSCAN.bscan_inst/INTERNAL_TCK
Waveform(ns):       { 0.000 25.000 }
Period(ns):         50.000
Sources:            { dbg_hub/inst/BSCANID.u_xsdbm_id/SWITCH_N_EXT_BSCAN.bscan_inst/SERIES7_BSCAN.bscan_inst/INTERNAL_TCK }

Check Type        Corner  Lib Pin     Reference Pin  Required(ns)  Actual(ns)  Slack(ns)  Location       Pin
Min Period        n/a     RAMD32/CLK  n/a            1.524         50.000      48.476     SLICE_X45Y196  dbg_hub/inst/BSCANID.u_xsdbm_id/CORE_XSDB.UUT_MASTER/U_ICON_INTERFACE/U_CMD6_WR/U_WR_FIFO/SUBCORE_FIFO.xsdbm_v3_0_2_wrfifo_inst/inst_fifo_gen/gconvfifo.rf/grf.rf/gntv_or_sync_fifo.mem/gdm.dm_gen.dm/RAM_reg_0_15_0_13/RAMA/CLK
Min Period        n/a     RAMD32/CLK  n/a            1.524         50.000      48.476     SLICE_X45Y196  dbg_hub/inst/BSCANID.u_xsdbm_id/CORE_XSDB.UUT_MASTER/U_ICON_INTERFACE/U_CMD6_WR/U_WR_FIFO/SUBCORE_FIFO.xsdbm_v3_0_2_wrfifo_inst/inst_fifo_gen/gconvfifo.rf/grf.rf/gntv_or_sync_fifo.mem/gdm.dm_gen.dm/RAM_reg_0_15_0_13/RAMA_D1/CLK
Min Period        n/a     RAMD32/CLK  n/a            1.524         50.000      48.476     SLICE_X45Y196  dbg_hub/inst/BSCANID.u_xsdbm_id/CORE_XSDB.UUT_MASTER/U_ICON_INTERFACE/U_CMD6_WR/U_WR_FIFO/SUBCORE_FIFO.xsdbm_v3_0_2_wrfifo_inst/inst_fifo_gen/gconvfifo.rf/grf.rf/gntv_or_sync_fifo.mem/gdm.dm_gen.dm/RAM_reg_0_15_0_13/RAMB/CLK
Min Period        n/a     RAMD32/CLK  n/a            1.524         50.000      48.476     SLICE_X45Y196  dbg_hub/inst/BSCANID.u_xsdbm_id/CORE_XSDB.UUT_MASTER/U_ICON_INTERFACE/U_CMD6_WR/U_WR_FIFO/SUBCORE_FIFO.xsdbm_v3_0_2_wrfifo_inst/inst_fifo_gen/gconvfifo.rf/grf.rf/gntv_or_sync_fifo.mem/gdm.dm_gen.dm/RAM_reg_0_15_0_13/RAMB_D1/CLK
Min Period        n/a     RAMD32/CLK  n/a            1.524         50.000      48.476     SLICE_X45Y196  dbg_hub/inst/BSCANID.u_xsdbm_id/CORE_XSDB.UUT_MASTER/U_ICON_INTERFACE/U_CMD6_WR/U_WR_FIFO/SUBCORE_FIFO.xsdbm_v3_0_2_wrfifo_inst/inst_fifo_gen/gconvfifo.rf/grf.rf/gntv_or_sync_fifo.mem/gdm.dm_gen.dm/RAM_reg_0_15_0_13/RAMC/CLK
Min Period        n/a     RAMD32/CLK  n/a            1.524         50.000      48.476     SLICE_X45Y196  dbg_hub/inst/BSCANID.u_xsdbm_id/CORE_XSDB.UUT_MASTER/U_ICON_INTERFACE/U_CMD6_WR/U_WR_FIFO/SUBCORE_FIFO.xsdbm_v3_0_2_wrfifo_inst/inst_fifo_gen/gconvfifo.rf/grf.rf/gntv_or_sync_fifo.mem/gdm.dm_gen.dm/RAM_reg_0_15_0_13/RAMC_D1/CLK
Min Period        n/a     RAMD32/CLK  n/a            1.524         50.000      48.476     SLICE_X45Y196  dbg_hub/inst/BSCANID.u_xsdbm_id/CORE_XSDB.UUT_MASTER/U_ICON_INTERFACE/U_CMD6_WR/U_WR_FIFO/SUBCORE_FIFO.xsdbm_v3_0_2_wrfifo_inst/inst_fifo_gen/gconvfifo.rf/grf.rf/gntv_or_sync_fifo.mem/gdm.dm_gen.dm/RAM_reg_0_15_0_13/RAMD/CLK
Min Period        n/a     RAMD32/CLK  n/a            1.524         50.000      48.476     SLICE_X45Y196  dbg_hub/inst/BSCANID.u_xsdbm_id/CORE_XSDB.UUT_MASTER/U_ICON_INTERFACE/U_CMD6_WR/U_WR_FIFO/SUBCORE_FIFO.xsdbm_v3_0_2_wrfifo_inst/inst_fifo_gen/gconvfifo.rf/grf.rf/gntv_or_sync_fifo.mem/gdm.dm_gen.dm/RAM_reg_0_15_0_13/RAMD_D1/CLK
Min Period        n/a     RAMD32/CLK  n/a            1.524         50.000      48.476     SLICE_X45Y196  dbg_hub/inst/BSCANID.u_xsdbm_id/CORE_XSDB.UUT_MASTER/U_ICON_INTERFACE/U_CMD6_WR/U_WR_FIFO/SUBCORE_FIFO.xsdbm_v3_0_2_wrfifo_inst/inst_fifo_gen/gconvfifo.rf/grf.rf/gntv_or_sync_fifo.mem/gdm.dm_gen.dm/RAM_reg_0_15_0_13/RAME/CLK
Min Period        n/a     RAMD32/CLK  n/a            1.524         50.000      48.476     SLICE_X45Y196  dbg_hub/inst/BSCANID.u_xsdbm_id/CORE_XSDB.UUT_MASTER/U_ICON_INTERFACE/U_CMD6_WR/U_WR_FIFO/SUBCORE_FIFO.xsdbm_v3_0_2_wrfifo_inst/inst_fifo_gen/gconvfifo.rf/grf.rf/gntv_or_sync_fifo.mem/gdm.dm_gen.dm/RAM_reg_0_15_0_13/RAME_D1/CLK
Low Pulse Width   Slow    RAMD32/CLK  n/a            0.762         25.000      24.238     SLICE_X45Y196  dbg_hub/inst/BSCANID.u_xsdbm_id/CORE_XSDB.UUT_MASTER/U_ICON_INTERFACE/U_CMD6_WR/U_WR_FIFO/SUBCORE_FIFO.xsdbm_v3_0_2_wrfifo_inst/inst_fifo_gen/gconvfifo.rf/grf.rf/gntv_or_sync_fifo.mem/gdm.dm_gen.dm/RAM_reg_0_15_0_13/RAMA/CLK
Low Pulse Width   Fast    RAMD32/CLK  n/a            0.762         25.000      24.238     SLICE_X45Y196  dbg_hub/inst/BSCANID.u_xsdbm_id/CORE_XSDB.UUT_MASTER/U_ICON_INTERFACE/U_CMD6_WR/U_WR_FIFO/SUBCORE_FIFO.xsdbm_v3_0_2_wrfifo_inst/inst_fifo_gen/gconvfifo.rf/grf.rf/gntv_or_sync_fifo.mem/gdm.dm_gen.dm/RAM_reg_0_15_0_13/RAMA/CLK
Low Pulse Width   Slow    RAMD32/CLK  n/a            0.762         25.000      24.238     SLICE_X45Y196  dbg_hub/inst/BSCANID.u_xsdbm_id/CORE_XSDB.UUT_MASTER/U_ICON_INTERFACE/U_CMD6_WR/U_WR_FIFO/SUBCORE_FIFO.xsdbm_v3_0_2_wrfifo_inst/inst_fifo_gen/gconvfifo.rf/grf.rf/gntv_or_sync_fifo.mem/gdm.dm_gen.dm/RAM_reg_0_15_0_13/RAMA_D1/CLK
Low Pulse Width   Fast    RAMD32/CLK  n/a            0.762         25.000      24.238     SLICE_X45Y196  dbg_hub/inst/BSCANID.u_xsdbm_id/CORE_XSDB.UUT_MASTER/U_ICON_INTERFACE/U_CMD6_WR/U_WR_FIFO/SUBCORE_FIFO.xsdbm_v3_0_2_wrfifo_inst/inst_fifo_gen/gconvfifo.rf/grf.rf/gntv_or_sync_fifo.mem/gdm.dm_gen.dm/RAM_reg_0_15_0_13/RAMA_D1/CLK
Low Pulse Width   Slow    RAMD32/CLK  n/a            0.762         25.000      24.238     SLICE_X45Y196  dbg_hub/inst/BSCANID.u_xsdbm_id/CORE_XSDB.UUT_MASTER/U_ICON_INTERFACE/U_CMD6_WR/U_WR_FIFO/SUBCORE_FIFO.xsdbm_v3_0_2_wrfifo_inst/inst_fifo_gen/gconvfifo.rf/grf.rf/gntv_or_sync_fifo.mem/gdm.dm_gen.dm/RAM_reg_0_15_0_13/RAMB/CLK
Low Pulse Width   Fast    RAMD32/CLK  n/a            0.762         25.000      24.238     SLICE_X45Y196  dbg_hub/inst/BSCANID.u_xsdbm_id/CORE_XSDB.UUT_MASTER/U_ICON_INTERFACE/U_CMD6_WR/U_WR_FIFO/SUBCORE_FIFO.xsdbm_v3_0_2_wrfifo_inst/inst_fifo_gen/gconvfifo.rf/grf.rf/gntv_or_sync_fifo.mem/gdm.dm_gen.dm/RAM_reg_0_15_0_13/RAMB/CLK
Low Pulse Width   Slow    RAMD32/CLK  n/a            0.762         25.000      24.238     SLICE_X45Y196  dbg_hub/inst/BSCANID.u_xsdbm_id/CORE_XSDB.UUT_MASTER/U_ICON_INTERFACE/U_CMD6_WR/U_WR_FIFO/SUBCORE_FIFO.xsdbm_v3_0_2_wrfifo_inst/inst_fifo_gen/gconvfifo.rf/grf.rf/gntv_or_sync_fifo.mem/gdm.dm_gen.dm/RAM_reg_0_15_0_13/RAMB_D1/CLK
Low Pulse Width   Fast    RAMD32/CLK  n/a            0.762         25.000      24.238     SLICE_X45Y196  dbg_hub/inst/BSCANID.u_xsdbm_id/CORE_XSDB.UUT_MASTER/U_ICON_INTERFACE/U_CMD6_WR/U_WR_FIFO/SUBCORE_FIFO.xsdbm_v3_0_2_wrfifo_inst/inst_fifo_gen/gconvfifo.rf/grf.rf/gntv_or_sync_fifo.mem/gdm.dm_gen.dm/RAM_reg_0_15_0_13/RAMB_D1/CLK
Low Pulse Width   Slow    RAMD32/CLK  n/a            0.762         25.000      24.238     SLICE_X45Y196  dbg_hub/inst/BSCANID.u_xsdbm_id/CORE_XSDB.UUT_MASTER/U_ICON_INTERFACE/U_CMD6_WR/U_WR_FIFO/SUBCORE_FIFO.xsdbm_v3_0_2_wrfifo_inst/inst_fifo_gen/gconvfifo.rf/grf.rf/gntv_or_sync_fifo.mem/gdm.dm_gen.dm/RAM_reg_0_15_0_13/RAMC/CLK
Low Pulse Width   Fast    RAMD32/CLK  n/a            0.762         25.000      24.238     SLICE_X45Y196  dbg_hub/inst/BSCANID.u_xsdbm_id/CORE_XSDB.UUT_MASTER/U_ICON_INTERFACE/U_CMD6_WR/U_WR_FIFO/SUBCORE_FIFO.xsdbm_v3_0_2_wrfifo_inst/inst_fifo_gen/gconvfifo.rf/grf.rf/gntv_or_sync_fifo.mem/gdm.dm_gen.dm/RAM_reg_0_15_0_13/RAMC/CLK
High Pulse Width  Slow    RAMD32/CLK  n/a            0.762         25.000      24.238     SLICE_X45Y196  dbg_hub/inst/BSCANID.u_xsdbm_id/CORE_XSDB.UUT_MASTER/U_ICON_INTERFACE/U_CMD6_WR/U_WR_FIFO/SUBCORE_FIFO.xsdbm_v3_0_2_wrfifo_inst/inst_fifo_gen/gconvfifo.rf/grf.rf/gntv_or_sync_fifo.mem/gdm.dm_gen.dm/RAM_reg_0_15_0_13/RAMA/CLK
High Pulse Width  Fast    RAMD32/CLK  n/a            0.762         25.000      24.238     SLICE_X45Y196  dbg_hub/inst/BSCANID.u_xsdbm_id/CORE_XSDB.UUT_MASTER/U_ICON_INTERFACE/U_CMD6_WR/U_WR_FIFO/SUBCORE_FIFO.xsdbm_v3_0_2_wrfifo_inst/inst_fifo_gen/gconvfifo.rf/grf.rf/gntv_or_sync_fifo.mem/gdm.dm_gen.dm/RAM_reg_0_15_0_13/RAMA/CLK
High Pulse Width  Slow    RAMD32/CLK  n/a            0.762         25.000      24.238     SLICE_X45Y196  dbg_hub/inst/BSCANID.u_xsdbm_id/CORE_XSDB.UUT_MASTER/U_ICON_INTERFACE/U_CMD6_WR/U_WR_FIFO/SUBCORE_FIFO.xsdbm_v3_0_2_wrfifo_inst/inst_fifo_gen/gconvfifo.rf/grf.rf/gntv_or_sync_fifo.mem/gdm.dm_gen.dm/RAM_reg_0_15_0_13/RAMA_D1/CLK
High Pulse Width  Fast    RAMD32/CLK  n/a            0.762         25.000      24.238     SLICE_X45Y196  dbg_hub/inst/BSCANID.u_xsdbm_id/CORE_XSDB.UUT_MASTER/U_ICON_INTERFACE/U_CMD6_WR/U_WR_FIFO/SUBCORE_FIFO.xsdbm_v3_0_2_wrfifo_inst/inst_fifo_gen/gconvfifo.rf/grf.rf/gntv_or_sync_fifo.mem/gdm.dm_gen.dm/RAM_reg_0_15_0_13/RAMA_D1/CLK
High Pulse Width  Slow    RAMD32/CLK  n/a            0.762         25.000      24.238     SLICE_X45Y196  dbg_hub/inst/BSCANID.u_xsdbm_id/CORE_XSDB.UUT_MASTER/U_ICON_INTERFACE/U_CMD6_WR/U_WR_FIFO/SUBCORE_FIFO.xsdbm_v3_0_2_wrfifo_inst/inst_fifo_gen/gconvfifo.rf/grf.rf/gntv_or_sync_fifo.mem/gdm.dm_gen.dm/RAM_reg_0_15_0_13/RAMB/CLK
High Pulse Width  Fast    RAMD32/CLK  n/a            0.762         25.000      24.238     SLICE_X45Y196  dbg_hub/inst/BSCANID.u_xsdbm_id/CORE_XSDB.UUT_MASTER/U_ICON_INTERFACE/U_CMD6_WR/U_WR_FIFO/SUBCORE_FIFO.xsdbm_v3_0_2_wrfifo_inst/inst_fifo_gen/gconvfifo.rf/grf.rf/gntv_or_sync_fifo.mem/gdm.dm_gen.dm/RAM_reg_0_15_0_13/RAMB/CLK
High Pulse Width  Slow    RAMD32/CLK  n/a            0.762         25.000      24.238     SLICE_X45Y196  dbg_hub/inst/BSCANID.u_xsdbm_id/CORE_XSDB.UUT_MASTER/U_ICON_INTERFACE/U_CMD6_WR/U_WR_FIFO/SUBCORE_FIFO.xsdbm_v3_0_2_wrfifo_inst/inst_fifo_gen/gconvfifo.rf/grf.rf/gntv_or_sync_fifo.mem/gdm.dm_gen.dm/RAM_reg_0_15_0_13/RAMB_D1/CLK
High Pulse Width  Fast    RAMD32/CLK  n/a            0.762         25.000      24.238     SLICE_X45Y196  dbg_hub/inst/BSCANID.u_xsdbm_id/CORE_XSDB.UUT_MASTER/U_ICON_INTERFACE/U_CMD6_WR/U_WR_FIFO/SUBCORE_FIFO.xsdbm_v3_0_2_wrfifo_inst/inst_fifo_gen/gconvfifo.rf/grf.rf/gntv_or_sync_fifo.mem/gdm.dm_gen.dm/RAM_reg_0_15_0_13/RAMB_D1/CLK
High Pulse Width  Slow    RAMD32/CLK  n/a            0.762         25.000      24.238     SLICE_X45Y196  dbg_hub/inst/BSCANID.u_xsdbm_id/CORE_XSDB.UUT_MASTER/U_ICON_INTERFACE/U_CMD6_WR/U_WR_FIFO/SUBCORE_FIFO.xsdbm_v3_0_2_wrfifo_inst/inst_fifo_gen/gconvfifo.rf/grf.rf/gntv_or_sync_fifo.mem/gdm.dm_gen.dm/RAM_reg_0_15_0_13/RAMC/CLK
High Pulse Width  Fast    RAMD32/CLK  n/a            0.762         25.000      24.238     SLICE_X45Y196  dbg_hub/inst/BSCANID.u_xsdbm_id/CORE_XSDB.UUT_MASTER/U_ICON_INTERFACE/U_CMD6_WR/U_WR_FIFO/SUBCORE_FIFO.xsdbm_v3_0_2_wrfifo_inst/inst_fifo_gen/gconvfifo.rf/grf.rf/gntv_or_sync_fifo.mem/gdm.dm_gen.dm/RAM_reg_0_15_0_13/RAMC/CLK



---------------------------------------------------------------------------------------------------
From Clock:  dbg_hub/inst/BSCANID.u_xsdbm_id/SWITCH_N_EXT_BSCAN.bscan_inst/SERIES7_BSCAN.bscan_inst/INTERNAL_TCK
  To Clock:  clk_pl_0

Setup :            0  Failing Endpoints,  Worst Slack       49.439ns,  Total Violation        0.000ns
Hold  :           NA  Failing Endpoints,  Worst Slack           NA  ,  Total Violation           NA
---------------------------------------------------------------------------------------------------


Max Delay Paths
--------------------------------------------------------------------------------------
Slack (MET) :             49.439ns  (required time - arrival time)
  Source:                 dbg_hub/inst/BSCANID.u_xsdbm_id/CORE_XSDB.UUT_MASTER/U_ICON_INTERFACE/U_CMD6_WR/U_WR_FIFO/SUBCORE_FIFO.xsdbm_v3_0_2_wrfifo_inst/inst_fifo_gen/gconvfifo.rf/grf.rf/gntv_or_sync_fifo.gcx.clkx/gnxpm_cdc.wr_pntr_gc_reg[0]/C
                            (rising edge-triggered cell FDCE clocked by dbg_hub/inst/BSCANID.u_xsdbm_id/SWITCH_N_EXT_BSCAN.bscan_inst/SERIES7_BSCAN.bscan_inst/INTERNAL_TCK  {rise@0.000ns fall@25.000ns period=50.000ns})
  Destination:            dbg_hub/inst/BSCANID.u_xsdbm_id/CORE_XSDB.UUT_MASTER/U_ICON_INTERFACE/U_CMD6_WR/U_WR_FIFO/SUBCORE_FIFO.xsdbm_v3_0_2_wrfifo_inst/inst_fifo_gen/gconvfifo.rf/grf.rf/gntv_or_sync_fifo.gcx.clkx/gnxpm_cdc.gsync_stage[1].rd_stg_inst/Q_reg_reg[0]/D
                            (rising edge-triggered cell FDCE clocked by clk_pl_0  {rise@0.000ns fall@5.000ns period=10.000ns})
  Path Group:             clk_pl_0
  Path Type:              Setup (Max at Slow Process Corner)
  Requirement:            50.000ns  (MaxDelay Path 50.000ns)
  Data Path Delay:        0.606ns  (logic 0.113ns (18.647%)  route 0.493ns (81.353%))
  Logic Levels:           0  
  Timing Exception:       MaxDelay Path 50.000ns -datapath_only

    Location             Delay type                Incr(ns)  Path(ns)    Netlist Resource(s)
  -------------------------------------------------------------------    -------------------
    SLICE_X44Y197                                     0.000     0.000 r  dbg_hub/inst/BSCANID.u_xsdbm_id/CORE_XSDB.UUT_MASTER/U_ICON_INTERFACE/U_CMD6_WR/U_WR_FIFO/SUBCORE_FIFO.xsdbm_v3_0_2_wrfifo_inst/inst_fifo_gen/gconvfifo.rf/grf.rf/gntv_or_sync_fifo.gcx.clkx/gnxpm_cdc.wr_pntr_gc_reg[0]/C
    SLICE_X44Y197        FDCE (Prop_HFF_SLICEL_C_Q)
                                                      0.113     0.113 r  dbg_hub/inst/BSCANID.u_xsdbm_id/CORE_XSDB.UUT_MASTER/U_ICON_INTERFACE/U_CMD6_WR/U_WR_FIFO/SUBCORE_FIFO.xsdbm_v3_0_2_wrfifo_inst/inst_fifo_gen/gconvfifo.rf/grf.rf/gntv_or_sync_fifo.gcx.clkx/gnxpm_cdc.wr_pntr_gc_reg[0]/Q
                         net (fo=1, routed)           0.493     0.606    dbg_hub/inst/BSCANID.u_xsdbm_id/CORE_XSDB.UUT_MASTER/U_ICON_INTERFACE/U_CMD6_WR/U_WR_FIFO/SUBCORE_FIFO.xsdbm_v3_0_2_wrfifo_inst/inst_fifo_gen/gconvfifo.rf/grf.rf/gntv_or_sync_fifo.gcx.clkx/gnxpm_cdc.gsync_stage[1].rd_stg_inst/Q[0]
    SLICE_X43Y196        FDCE                                         r  dbg_hub/inst/BSCANID.u_xsdbm_id/CORE_XSDB.UUT_MASTER/U_ICON_INTERFACE/U_CMD6_WR/U_WR_FIFO/SUBCORE_FIFO.xsdbm_v3_0_2_wrfifo_inst/inst_fifo_gen/gconvfifo.rf/grf.rf/gntv_or_sync_fifo.gcx.clkx/gnxpm_cdc.gsync_stage[1].rd_stg_inst/Q_reg_reg[0]/D
  -------------------------------------------------------------------    -------------------

                         max delay                   50.000    50.000    
    SLICE_X43Y196        FDCE (Setup_CFF2_SLICEM_C_D)
                                                      0.045    50.045    dbg_hub/inst/BSCANID.u_xsdbm_id/CORE_XSDB.UUT_MASTER/U_ICON_INTERFACE/U_CMD6_WR/U_WR_FIFO/SUBCORE_FIFO.xsdbm_v3_0_2_wrfifo_inst/inst_fifo_gen/gconvfifo.rf/grf.rf/gntv_or_sync_fifo.gcx.clkx/gnxpm_cdc.gsync_stage[1].rd_stg_inst/Q_reg_reg[0]
  -------------------------------------------------------------------
                         required time                         50.045    
                         arrival time                          -0.606    
  -------------------------------------------------------------------
                         slack                                 49.439    

Slack (MET) :             49.450ns  (required time - arrival time)
  Source:                 dbg_hub/inst/BSCANID.u_xsdbm_id/CORE_XSDB.UUT_MASTER/U_ICON_INTERFACE/U_CMD6_WR/U_WR_FIFO/SUBCORE_FIFO.xsdbm_v3_0_2_wrfifo_inst/inst_fifo_gen/gconvfifo.rf/grf.rf/gntv_or_sync_fifo.gcx.clkx/gnxpm_cdc.wr_pntr_gc_reg[1]/C
                            (rising edge-triggered cell FDCE clocked by dbg_hub/inst/BSCANID.u_xsdbm_id/SWITCH_N_EXT_BSCAN.bscan_inst/SERIES7_BSCAN.bscan_inst/INTERNAL_TCK  {rise@0.000ns fall@25.000ns period=50.000ns})
  Destination:            dbg_hub/inst/BSCANID.u_xsdbm_id/CORE_XSDB.UUT_MASTER/U_ICON_INTERFACE/U_CMD6_WR/U_WR_FIFO/SUBCORE_FIFO.xsdbm_v3_0_2_wrfifo_inst/inst_fifo_gen/gconvfifo.rf/grf.rf/gntv_or_sync_fifo.gcx.clkx/gnxpm_cdc.gsync_stage[1].rd_stg_inst/Q_reg_reg[1]/D
                            (rising edge-triggered cell FDCE clocked by clk_pl_0  {rise@0.000ns fall@5.000ns period=10.000ns})
  Path Group:             clk_pl_0
  Path Type:              Setup (Max at Slow Process Corner)
  Requirement:            50.000ns  (MaxDelay Path 50.000ns)
  Data Path Delay:        0.596ns  (logic 0.115ns (19.295%)  route 0.481ns (80.705%))
  Logic Levels:           0  
  Timing Exception:       MaxDelay Path 50.000ns -datapath_only

    Location             Delay type                Incr(ns)  Path(ns)    Netlist Resource(s)
  -------------------------------------------------------------------    -------------------
    SLICE_X44Y197                                     0.000     0.000 r  dbg_hub/inst/BSCANID.u_xsdbm_id/CORE_XSDB.UUT_MASTER/U_ICON_INTERFACE/U_CMD6_WR/U_WR_FIFO/SUBCORE_FIFO.xsdbm_v3_0_2_wrfifo_inst/inst_fifo_gen/gconvfifo.rf/grf.rf/gntv_or_sync_fifo.gcx.clkx/gnxpm_cdc.wr_pntr_gc_reg[1]/C
    SLICE_X44Y197        FDCE (Prop_HFF2_SLICEL_C_Q)
                                                      0.115     0.115 r  dbg_hub/inst/BSCANID.u_xsdbm_id/CORE_XSDB.UUT_MASTER/U_ICON_INTERFACE/U_CMD6_WR/U_WR_FIFO/SUBCORE_FIFO.xsdbm_v3_0_2_wrfifo_inst/inst_fifo_gen/gconvfifo.rf/grf.rf/gntv_or_sync_fifo.gcx.clkx/gnxpm_cdc.wr_pntr_gc_reg[1]/Q
                         net (fo=1, routed)           0.481     0.596    dbg_hub/inst/BSCANID.u_xsdbm_id/CORE_XSDB.UUT_MASTER/U_ICON_INTERFACE/U_CMD6_WR/U_WR_FIFO/SUBCORE_FIFO.xsdbm_v3_0_2_wrfifo_inst/inst_fifo_gen/gconvfifo.rf/grf.rf/gntv_or_sync_fifo.gcx.clkx/gnxpm_cdc.gsync_stage[1].rd_stg_inst/Q[1]
    SLICE_X43Y196        FDCE                                         r  dbg_hub/inst/BSCANID.u_xsdbm_id/CORE_XSDB.UUT_MASTER/U_ICON_INTERFACE/U_CMD6_WR/U_WR_FIFO/SUBCORE_FIFO.xsdbm_v3_0_2_wrfifo_inst/inst_fifo_gen/gconvfifo.rf/grf.rf/gntv_or_sync_fifo.gcx.clkx/gnxpm_cdc.gsync_stage[1].rd_stg_inst/Q_reg_reg[1]/D
  -------------------------------------------------------------------    -------------------

                         max delay                   50.000    50.000    
    SLICE_X43Y196        FDCE (Setup_HFF2_SLICEM_C_D)
                                                      0.046    50.046    dbg_hub/inst/BSCANID.u_xsdbm_id/CORE_XSDB.UUT_MASTER/U_ICON_INTERFACE/U_CMD6_WR/U_WR_FIFO/SUBCORE_FIFO.xsdbm_v3_0_2_wrfifo_inst/inst_fifo_gen/gconvfifo.rf/grf.rf/gntv_or_sync_fifo.gcx.clkx/gnxpm_cdc.gsync_stage[1].rd_stg_inst/Q_reg_reg[1]
  -------------------------------------------------------------------
                         required time                         50.046    
                         arrival time                          -0.596    
  -------------------------------------------------------------------
                         slack                                 49.450    

Slack (MET) :             49.506ns  (required time - arrival time)
  Source:                 dbg_hub/inst/BSCANID.u_xsdbm_id/CORE_XSDB.UUT_MASTER/U_ICON_INTERFACE/U_CMD6_RD/U_RD_FIFO/SUBCORE_FIFO.xsdbm_v3_0_2_rdfifo_inst/inst_fifo_gen/gconvfifo.rf/grf.rf/gntv_or_sync_fifo.gcx.clkx/gnxpm_cdc.rd_pntr_gc_reg[0]/C
                            (rising edge-triggered cell FDCE clocked by dbg_hub/inst/BSCANID.u_xsdbm_id/SWITCH_N_EXT_BSCAN.bscan_inst/SERIES7_BSCAN.bscan_inst/INTERNAL_TCK  {rise@0.000ns fall@25.000ns period=50.000ns})
  Destination:            dbg_hub/inst/BSCANID.u_xsdbm_id/CORE_XSDB.UUT_MASTER/U_ICON_INTERFACE/U_CMD6_RD/U_RD_FIFO/SUBCORE_FIFO.xsdbm_v3_0_2_rdfifo_inst/inst_fifo_gen/gconvfifo.rf/grf.rf/gntv_or_sync_fifo.gcx.clkx/gnxpm_cdc.gsync_stage[1].wr_stg_inst/Q_reg_reg[0]/D
                            (rising edge-triggered cell FDCE clocked by clk_pl_0  {rise@0.000ns fall@5.000ns period=10.000ns})
  Path Group:             clk_pl_0
  Path Type:              Setup (Max at Slow Process Corner)
  Requirement:            50.000ns  (MaxDelay Path 50.000ns)
  Data Path Delay:        0.540ns  (logic 0.114ns (21.111%)  route 0.426ns (78.889%))
  Logic Levels:           0  
  Timing Exception:       MaxDelay Path 50.000ns -datapath_only

    Location             Delay type                Incr(ns)  Path(ns)    Netlist Resource(s)
  -------------------------------------------------------------------    -------------------
    SLICE_X50Y200                                     0.000     0.000 r  dbg_hub/inst/BSCANID.u_xsdbm_id/CORE_XSDB.UUT_MASTER/U_ICON_INTERFACE/U_CMD6_RD/U_RD_FIFO/SUBCORE_FIFO.xsdbm_v3_0_2_rdfifo_inst/inst_fifo_gen/gconvfifo.rf/grf.rf/gntv_or_sync_fifo.gcx.clkx/gnxpm_cdc.rd_pntr_gc_reg[0]/C
    SLICE_X50Y200        FDCE (Prop_EFF_SLICEL_C_Q)
                                                      0.114     0.114 r  dbg_hub/inst/BSCANID.u_xsdbm_id/CORE_XSDB.UUT_MASTER/U_ICON_INTERFACE/U_CMD6_RD/U_RD_FIFO/SUBCORE_FIFO.xsdbm_v3_0_2_rdfifo_inst/inst_fifo_gen/gconvfifo.rf/grf.rf/gntv_or_sync_fifo.gcx.clkx/gnxpm_cdc.rd_pntr_gc_reg[0]/Q
                         net (fo=1, routed)           0.426     0.540    dbg_hub/inst/BSCANID.u_xsdbm_id/CORE_XSDB.UUT_MASTER/U_ICON_INTERFACE/U_CMD6_RD/U_RD_FIFO/SUBCORE_FIFO.xsdbm_v3_0_2_rdfifo_inst/inst_fifo_gen/gconvfifo.rf/grf.rf/gntv_or_sync_fifo.gcx.clkx/gnxpm_cdc.gsync_stage[1].wr_stg_inst/Q[0]
    SLICE_X50Y201        FDCE                                         r  dbg_hub/inst/BSCANID.u_xsdbm_id/CORE_XSDB.UUT_MASTER/U_ICON_INTERFACE/U_CMD6_RD/U_RD_FIFO/SUBCORE_FIFO.xsdbm_v3_0_2_rdfifo_inst/inst_fifo_gen/gconvfifo.rf/grf.rf/gntv_or_sync_fifo.gcx.clkx/gnxpm_cdc.gsync_stage[1].wr_stg_inst/Q_reg_reg[0]/D
  -------------------------------------------------------------------    -------------------

                         max delay                   50.000    50.000    
    SLICE_X50Y201        FDCE (Setup_BFF2_SLICEL_C_D)
                                                      0.046    50.046    dbg_hub/inst/BSCANID.u_xsdbm_id/CORE_XSDB.UUT_MASTER/U_ICON_INTERFACE/U_CMD6_RD/U_RD_FIFO/SUBCORE_FIFO.xsdbm_v3_0_2_rdfifo_inst/inst_fifo_gen/gconvfifo.rf/grf.rf/gntv_or_sync_fifo.gcx.clkx/gnxpm_cdc.gsync_stage[1].wr_stg_inst/Q_reg_reg[0]
  -------------------------------------------------------------------
                         required time                         50.046    
                         arrival time                          -0.540    
  -------------------------------------------------------------------
                         slack                                 49.506    

Slack (MET) :             49.599ns  (required time - arrival time)
  Source:                 dbg_hub/inst/BSCANID.u_xsdbm_id/CORE_XSDB.UUT_MASTER/U_ICON_INTERFACE/U_CMD6_RD/U_RD_FIFO/SUBCORE_FIFO.xsdbm_v3_0_2_rdfifo_inst/inst_fifo_gen/gconvfifo.rf/grf.rf/gntv_or_sync_fifo.gcx.clkx/gnxpm_cdc.rd_pntr_gc_reg[3]/C
                            (rising edge-triggered cell FDCE clocked by dbg_hub/inst/BSCANID.u_xsdbm_id/SWITCH_N_EXT_BSCAN.bscan_inst/SERIES7_BSCAN.bscan_inst/INTERNAL_TCK  {rise@0.000ns fall@25.000ns period=50.000ns})
  Destination:            dbg_hub/inst/BSCANID.u_xsdbm_id/CORE_XSDB.UUT_MASTER/U_ICON_INTERFACE/U_CMD6_RD/U_RD_FIFO/SUBCORE_FIFO.xsdbm_v3_0_2_rdfifo_inst/inst_fifo_gen/gconvfifo.rf/grf.rf/gntv_or_sync_fifo.gcx.clkx/gnxpm_cdc.gsync_stage[1].wr_stg_inst/Q_reg_reg[3]/D
                            (rising edge-triggered cell FDCE clocked by clk_pl_0  {rise@0.000ns fall@5.000ns period=10.000ns})
  Path Group:             clk_pl_0
  Path Type:              Setup (Max at Slow Process Corner)
  Requirement:            50.000ns  (MaxDelay Path 50.000ns)
  Data Path Delay:        0.447ns  (logic 0.117ns (26.174%)  route 0.330ns (73.826%))
  Logic Levels:           0  
  Timing Exception:       MaxDelay Path 50.000ns -datapath_only

    Location             Delay type                Incr(ns)  Path(ns)    Netlist Resource(s)
  -------------------------------------------------------------------    -------------------
    SLICE_X50Y200                                     0.000     0.000 r  dbg_hub/inst/BSCANID.u_xsdbm_id/CORE_XSDB.UUT_MASTER/U_ICON_INTERFACE/U_CMD6_RD/U_RD_FIFO/SUBCORE_FIFO.xsdbm_v3_0_2_rdfifo_inst/inst_fifo_gen/gconvfifo.rf/grf.rf/gntv_or_sync_fifo.gcx.clkx/gnxpm_cdc.rd_pntr_gc_reg[3]/C
    SLICE_X50Y200        FDCE (Prop_FFF2_SLICEL_C_Q)
                                                      0.117     0.117 r  dbg_hub/inst/BSCANID.u_xsdbm_id/CORE_XSDB.UUT_MASTER/U_ICON_INTERFACE/U_CMD6_RD/U_RD_FIFO/SUBCORE_FIFO.xsdbm_v3_0_2_rdfifo_inst/inst_fifo_gen/gconvfifo.rf/grf.rf/gntv_or_sync_fifo.gcx.clkx/gnxpm_cdc.rd_pntr_gc_reg[3]/Q
                         net (fo=1, routed)           0.330     0.447    dbg_hub/inst/BSCANID.u_xsdbm_id/CORE_XSDB.UUT_MASTER/U_ICON_INTERFACE/U_CMD6_RD/U_RD_FIFO/SUBCORE_FIFO.xsdbm_v3_0_2_rdfifo_inst/inst_fifo_gen/gconvfifo.rf/grf.rf/gntv_or_sync_fifo.gcx.clkx/gnxpm_cdc.gsync_stage[1].wr_stg_inst/Q[3]
    SLICE_X50Y200        FDCE                                         r  dbg_hub/inst/BSCANID.u_xsdbm_id/CORE_XSDB.UUT_MASTER/U_ICON_INTERFACE/U_CMD6_RD/U_RD_FIFO/SUBCORE_FIFO.xsdbm_v3_0_2_rdfifo_inst/inst_fifo_gen/gconvfifo.rf/grf.rf/gntv_or_sync_fifo.gcx.clkx/gnxpm_cdc.gsync_stage[1].wr_stg_inst/Q_reg_reg[3]/D
  -------------------------------------------------------------------    -------------------

                         max delay                   50.000    50.000    
    SLICE_X50Y200        FDCE (Setup_DFF2_SLICEL_C_D)
                                                      0.046    50.046    dbg_hub/inst/BSCANID.u_xsdbm_id/CORE_XSDB.UUT_MASTER/U_ICON_INTERFACE/U_CMD6_RD/U_RD_FIFO/SUBCORE_FIFO.xsdbm_v3_0_2_rdfifo_inst/inst_fifo_gen/gconvfifo.rf/grf.rf/gntv_or_sync_fifo.gcx.clkx/gnxpm_cdc.gsync_stage[1].wr_stg_inst/Q_reg_reg[3]
  -------------------------------------------------------------------
                         required time                         50.046    
                         arrival time                          -0.447    
  -------------------------------------------------------------------
                         slack                                 49.599    

Slack (MET) :             49.646ns  (required time - arrival time)
  Source:                 dbg_hub/inst/BSCANID.u_xsdbm_id/CORE_XSDB.UUT_MASTER/U_ICON_INTERFACE/U_CMD6_WR/U_WR_FIFO/SUBCORE_FIFO.xsdbm_v3_0_2_wrfifo_inst/inst_fifo_gen/gconvfifo.rf/grf.rf/gntv_or_sync_fifo.gcx.clkx/gnxpm_cdc.wr_pntr_gc_reg[2]/C
                            (rising edge-triggered cell FDCE clocked by dbg_hub/inst/BSCANID.u_xsdbm_id/SWITCH_N_EXT_BSCAN.bscan_inst/SERIES7_BSCAN.bscan_inst/INTERNAL_TCK  {rise@0.000ns fall@25.000ns period=50.000ns})
  Destination:            dbg_hub/inst/BSCANID.u_xsdbm_id/CORE_XSDB.UUT_MASTER/U_ICON_INTERFACE/U_CMD6_WR/U_WR_FIFO/SUBCORE_FIFO.xsdbm_v3_0_2_wrfifo_inst/inst_fifo_gen/gconvfifo.rf/grf.rf/gntv_or_sync_fifo.gcx.clkx/gnxpm_cdc.gsync_stage[1].rd_stg_inst/Q_reg_reg[2]/D
                            (rising edge-triggered cell FDCE clocked by clk_pl_0  {rise@0.000ns fall@5.000ns period=10.000ns})
  Path Group:             clk_pl_0
  Path Type:              Setup (Max at Slow Process Corner)
  Requirement:            50.000ns  (MaxDelay Path 50.000ns)
  Data Path Delay:        0.400ns  (logic 0.114ns (28.500%)  route 0.286ns (71.500%))
  Logic Levels:           0  
  Timing Exception:       MaxDelay Path 50.000ns -datapath_only

    Location             Delay type                Incr(ns)  Path(ns)    Netlist Resource(s)
  -------------------------------------------------------------------    -------------------
    SLICE_X44Y197                                     0.000     0.000 r  dbg_hub/inst/BSCANID.u_xsdbm_id/CORE_XSDB.UUT_MASTER/U_ICON_INTERFACE/U_CMD6_WR/U_WR_FIFO/SUBCORE_FIFO.xsdbm_v3_0_2_wrfifo_inst/inst_fifo_gen/gconvfifo.rf/grf.rf/gntv_or_sync_fifo.gcx.clkx/gnxpm_cdc.wr_pntr_gc_reg[2]/C
    SLICE_X44Y197        FDCE (Prop_GFF_SLICEL_C_Q)
                                                      0.114     0.114 r  dbg_hub/inst/BSCANID.u_xsdbm_id/CORE_XSDB.UUT_MASTER/U_ICON_INTERFACE/U_CMD6_WR/U_WR_FIFO/SUBCORE_FIFO.xsdbm_v3_0_2_wrfifo_inst/inst_fifo_gen/gconvfifo.rf/grf.rf/gntv_or_sync_fifo.gcx.clkx/gnxpm_cdc.wr_pntr_gc_reg[2]/Q
                         net (fo=1, routed)           0.286     0.400    dbg_hub/inst/BSCANID.u_xsdbm_id/CORE_XSDB.UUT_MASTER/U_ICON_INTERFACE/U_CMD6_WR/U_WR_FIFO/SUBCORE_FIFO.xsdbm_v3_0_2_wrfifo_inst/inst_fifo_gen/gconvfifo.rf/grf.rf/gntv_or_sync_fifo.gcx.clkx/gnxpm_cdc.gsync_stage[1].rd_stg_inst/Q[2]
    SLICE_X44Y197        FDCE                                         r  dbg_hub/inst/BSCANID.u_xsdbm_id/CORE_XSDB.UUT_MASTER/U_ICON_INTERFACE/U_CMD6_WR/U_WR_FIFO/SUBCORE_FIFO.xsdbm_v3_0_2_wrfifo_inst/inst_fifo_gen/gconvfifo.rf/grf.rf/gntv_or_sync_fifo.gcx.clkx/gnxpm_cdc.gsync_stage[1].rd_stg_inst/Q_reg_reg[2]/D
  -------------------------------------------------------------------    -------------------

                         max delay                   50.000    50.000    
    SLICE_X44Y197        FDCE (Setup_CFF2_SLICEL_C_D)
                                                      0.046    50.046    dbg_hub/inst/BSCANID.u_xsdbm_id/CORE_XSDB.UUT_MASTER/U_ICON_INTERFACE/U_CMD6_WR/U_WR_FIFO/SUBCORE_FIFO.xsdbm_v3_0_2_wrfifo_inst/inst_fifo_gen/gconvfifo.rf/grf.rf/gntv_or_sync_fifo.gcx.clkx/gnxpm_cdc.gsync_stage[1].rd_stg_inst/Q_reg_reg[2]
  -------------------------------------------------------------------
                         required time                         50.046    
                         arrival time                          -0.400    
  -------------------------------------------------------------------
                         slack                                 49.646    

Slack (MET) :             49.651ns  (required time - arrival time)
  Source:                 dbg_hub/inst/BSCANID.u_xsdbm_id/CORE_XSDB.UUT_MASTER/U_ICON_INTERFACE/U_CMD6_RD/U_RD_FIFO/SUBCORE_FIFO.xsdbm_v3_0_2_rdfifo_inst/inst_fifo_gen/gconvfifo.rf/grf.rf/gntv_or_sync_fifo.gcx.clkx/gnxpm_cdc.rd_pntr_gc_reg[1]/C
                            (rising edge-triggered cell FDCE clocked by dbg_hub/inst/BSCANID.u_xsdbm_id/SWITCH_N_EXT_BSCAN.bscan_inst/SERIES7_BSCAN.bscan_inst/INTERNAL_TCK  {rise@0.000ns fall@25.000ns period=50.000ns})
  Destination:            dbg_hub/inst/BSCANID.u_xsdbm_id/CORE_XSDB.UUT_MASTER/U_ICON_INTERFACE/U_CMD6_RD/U_RD_FIFO/SUBCORE_FIFO.xsdbm_v3_0_2_rdfifo_inst/inst_fifo_gen/gconvfifo.rf/grf.rf/gntv_or_sync_fifo.gcx.clkx/gnxpm_cdc.gsync_stage[1].wr_stg_inst/Q_reg_reg[1]/D
                            (rising edge-triggered cell FDCE clocked by clk_pl_0  {rise@0.000ns fall@5.000ns period=10.000ns})
  Path Group:             clk_pl_0
  Path Type:              Setup (Max at Slow Process Corner)
  Requirement:            50.000ns  (MaxDelay Path 50.000ns)
  Data Path Delay:        0.395ns  (logic 0.115ns (29.114%)  route 0.280ns (70.886%))
  Logic Levels:           0  
  Timing Exception:       MaxDelay Path 50.000ns -datapath_only

    Location             Delay type                Incr(ns)  Path(ns)    Netlist Resource(s)
  -------------------------------------------------------------------    -------------------
    SLICE_X50Y200                                     0.000     0.000 r  dbg_hub/inst/BSCANID.u_xsdbm_id/CORE_XSDB.UUT_MASTER/U_ICON_INTERFACE/U_CMD6_RD/U_RD_FIFO/SUBCORE_FIFO.xsdbm_v3_0_2_rdfifo_inst/inst_fifo_gen/gconvfifo.rf/grf.rf/gntv_or_sync_fifo.gcx.clkx/gnxpm_cdc.rd_pntr_gc_reg[1]/C
    SLICE_X50Y200        FDCE (Prop_HFF2_SLICEL_C_Q)
                                                      0.115     0.115 r  dbg_hub/inst/BSCANID.u_xsdbm_id/CORE_XSDB.UUT_MASTER/U_ICON_INTERFACE/U_CMD6_RD/U_RD_FIFO/SUBCORE_FIFO.xsdbm_v3_0_2_rdfifo_inst/inst_fifo_gen/gconvfifo.rf/grf.rf/gntv_or_sync_fifo.gcx.clkx/gnxpm_cdc.rd_pntr_gc_reg[1]/Q
                         net (fo=1, routed)           0.280     0.395    dbg_hub/inst/BSCANID.u_xsdbm_id/CORE_XSDB.UUT_MASTER/U_ICON_INTERFACE/U_CMD6_RD/U_RD_FIFO/SUBCORE_FIFO.xsdbm_v3_0_2_rdfifo_inst/inst_fifo_gen/gconvfifo.rf/grf.rf/gntv_or_sync_fifo.gcx.clkx/gnxpm_cdc.gsync_stage[1].wr_stg_inst/Q[1]
    SLICE_X50Y201        FDCE                                         r  dbg_hub/inst/BSCANID.u_xsdbm_id/CORE_XSDB.UUT_MASTER/U_ICON_INTERFACE/U_CMD6_RD/U_RD_FIFO/SUBCORE_FIFO.xsdbm_v3_0_2_rdfifo_inst/inst_fifo_gen/gconvfifo.rf/grf.rf/gntv_or_sync_fifo.gcx.clkx/gnxpm_cdc.gsync_stage[1].wr_stg_inst/Q_reg_reg[1]/D
  -------------------------------------------------------------------    -------------------

                         max delay                   50.000    50.000    
    SLICE_X50Y201        FDCE (Setup_HFF2_SLICEL_C_D)
                                                      0.046    50.046    dbg_hub/inst/BSCANID.u_xsdbm_id/CORE_XSDB.UUT_MASTER/U_ICON_INTERFACE/U_CMD6_RD/U_RD_FIFO/SUBCORE_FIFO.xsdbm_v3_0_2_rdfifo_inst/inst_fifo_gen/gconvfifo.rf/grf.rf/gntv_or_sync_fifo.gcx.clkx/gnxpm_cdc.gsync_stage[1].wr_stg_inst/Q_reg_reg[1]
  -------------------------------------------------------------------
                         required time                         50.046    
                         arrival time                          -0.395    
  -------------------------------------------------------------------
                         slack                                 49.651    

Slack (MET) :             49.657ns  (required time - arrival time)
  Source:                 dbg_hub/inst/BSCANID.u_xsdbm_id/CORE_XSDB.UUT_MASTER/U_ICON_INTERFACE/U_CMD6_WR/U_WR_FIFO/SUBCORE_FIFO.xsdbm_v3_0_2_wrfifo_inst/inst_fifo_gen/gconvfifo.rf/grf.rf/gntv_or_sync_fifo.gcx.clkx/gnxpm_cdc.wr_pntr_gc_reg[3]/C
                            (rising edge-triggered cell FDCE clocked by dbg_hub/inst/BSCANID.u_xsdbm_id/SWITCH_N_EXT_BSCAN.bscan_inst/SERIES7_BSCAN.bscan_inst/INTERNAL_TCK  {rise@0.000ns fall@25.000ns period=50.000ns})
  Destination:            dbg_hub/inst/BSCANID.u_xsdbm_id/CORE_XSDB.UUT_MASTER/U_ICON_INTERFACE/U_CMD6_WR/U_WR_FIFO/SUBCORE_FIFO.xsdbm_v3_0_2_wrfifo_inst/inst_fifo_gen/gconvfifo.rf/grf.rf/gntv_or_sync_fifo.gcx.clkx/gnxpm_cdc.gsync_stage[1].rd_stg_inst/Q_reg_reg[3]/D
                            (rising edge-triggered cell FDCE clocked by clk_pl_0  {rise@0.000ns fall@5.000ns period=10.000ns})
  Path Group:             clk_pl_0
  Path Type:              Setup (Max at Slow Process Corner)
  Requirement:            50.000ns  (MaxDelay Path 50.000ns)
  Data Path Delay:        0.389ns  (logic 0.114ns (29.306%)  route 0.275ns (70.694%))
  Logic Levels:           0  
  Timing Exception:       MaxDelay Path 50.000ns -datapath_only

    Location             Delay type                Incr(ns)  Path(ns)    Netlist Resource(s)
  -------------------------------------------------------------------    -------------------
    SLICE_X44Y197                                     0.000     0.000 r  dbg_hub/inst/BSCANID.u_xsdbm_id/CORE_XSDB.UUT_MASTER/U_ICON_INTERFACE/U_CMD6_WR/U_WR_FIFO/SUBCORE_FIFO.xsdbm_v3_0_2_wrfifo_inst/inst_fifo_gen/gconvfifo.rf/grf.rf/gntv_or_sync_fifo.gcx.clkx/gnxpm_cdc.wr_pntr_gc_reg[3]/C
    SLICE_X44Y197        FDCE (Prop_EFF_SLICEL_C_Q)
                                                      0.114     0.114 r  dbg_hub/inst/BSCANID.u_xsdbm_id/CORE_XSDB.UUT_MASTER/U_ICON_INTERFACE/U_CMD6_WR/U_WR_FIFO/SUBCORE_FIFO.xsdbm_v3_0_2_wrfifo_inst/inst_fifo_gen/gconvfifo.rf/grf.rf/gntv_or_sync_fifo.gcx.clkx/gnxpm_cdc.wr_pntr_gc_reg[3]/Q
                         net (fo=1, routed)           0.275     0.389    dbg_hub/inst/BSCANID.u_xsdbm_id/CORE_XSDB.UUT_MASTER/U_ICON_INTERFACE/U_CMD6_WR/U_WR_FIFO/SUBCORE_FIFO.xsdbm_v3_0_2_wrfifo_inst/inst_fifo_gen/gconvfifo.rf/grf.rf/gntv_or_sync_fifo.gcx.clkx/gnxpm_cdc.gsync_stage[1].rd_stg_inst/Q[3]
    SLICE_X44Y197        FDCE                                         r  dbg_hub/inst/BSCANID.u_xsdbm_id/CORE_XSDB.UUT_MASTER/U_ICON_INTERFACE/U_CMD6_WR/U_WR_FIFO/SUBCORE_FIFO.xsdbm_v3_0_2_wrfifo_inst/inst_fifo_gen/gconvfifo.rf/grf.rf/gntv_or_sync_fifo.gcx.clkx/gnxpm_cdc.gsync_stage[1].rd_stg_inst/Q_reg_reg[3]/D
  -------------------------------------------------------------------    -------------------

                         max delay                   50.000    50.000    
    SLICE_X44Y197        FDCE (Setup_BFF2_SLICEL_C_D)
                                                      0.046    50.046    dbg_hub/inst/BSCANID.u_xsdbm_id/CORE_XSDB.UUT_MASTER/U_ICON_INTERFACE/U_CMD6_WR/U_WR_FIFO/SUBCORE_FIFO.xsdbm_v3_0_2_wrfifo_inst/inst_fifo_gen/gconvfifo.rf/grf.rf/gntv_or_sync_fifo.gcx.clkx/gnxpm_cdc.gsync_stage[1].rd_stg_inst/Q_reg_reg[3]
  -------------------------------------------------------------------
                         required time                         50.046    
                         arrival time                          -0.389    
  -------------------------------------------------------------------
                         slack                                 49.657    

Slack (MET) :             49.716ns  (required time - arrival time)
  Source:                 dbg_hub/inst/BSCANID.u_xsdbm_id/CORE_XSDB.UUT_MASTER/U_ICON_INTERFACE/U_CMD6_RD/U_RD_FIFO/SUBCORE_FIFO.xsdbm_v3_0_2_rdfifo_inst/inst_fifo_gen/gconvfifo.rf/grf.rf/gntv_or_sync_fifo.gcx.clkx/gnxpm_cdc.rd_pntr_gc_reg[2]/C
                            (rising edge-triggered cell FDCE clocked by dbg_hub/inst/BSCANID.u_xsdbm_id/SWITCH_N_EXT_BSCAN.bscan_inst/SERIES7_BSCAN.bscan_inst/INTERNAL_TCK  {rise@0.000ns fall@25.000ns period=50.000ns})
  Destination:            dbg_hub/inst/BSCANID.u_xsdbm_id/CORE_XSDB.UUT_MASTER/U_ICON_INTERFACE/U_CMD6_RD/U_RD_FIFO/SUBCORE_FIFO.xsdbm_v3_0_2_rdfifo_inst/inst_fifo_gen/gconvfifo.rf/grf.rf/gntv_or_sync_fifo.gcx.clkx/gnxpm_cdc.gsync_stage[1].wr_stg_inst/Q_reg_reg[2]/D
                            (rising edge-triggered cell FDCE clocked by clk_pl_0  {rise@0.000ns fall@5.000ns period=10.000ns})
  Path Group:             clk_pl_0
  Path Type:              Setup (Max at Slow Process Corner)
  Requirement:            50.000ns  (MaxDelay Path 50.000ns)
  Data Path Delay:        0.330ns  (logic 0.113ns (34.242%)  route 0.217ns (65.758%))
  Logic Levels:           0  
  Timing Exception:       MaxDelay Path 50.000ns -datapath_only

    Location             Delay type                Incr(ns)  Path(ns)    Netlist Resource(s)
  -------------------------------------------------------------------    -------------------
    SLICE_X50Y200                                     0.000     0.000 r  dbg_hub/inst/BSCANID.u_xsdbm_id/CORE_XSDB.UUT_MASTER/U_ICON_INTERFACE/U_CMD6_RD/U_RD_FIFO/SUBCORE_FIFO.xsdbm_v3_0_2_rdfifo_inst/inst_fifo_gen/gconvfifo.rf/grf.rf/gntv_or_sync_fifo.gcx.clkx/gnxpm_cdc.rd_pntr_gc_reg[2]/C
    SLICE_X50Y200        FDCE (Prop_FFF_SLICEL_C_Q)
                                                      0.113     0.113 r  dbg_hub/inst/BSCANID.u_xsdbm_id/CORE_XSDB.UUT_MASTER/U_ICON_INTERFACE/U_CMD6_RD/U_RD_FIFO/SUBCORE_FIFO.xsdbm_v3_0_2_rdfifo_inst/inst_fifo_gen/gconvfifo.rf/grf.rf/gntv_or_sync_fifo.gcx.clkx/gnxpm_cdc.rd_pntr_gc_reg[2]/Q
                         net (fo=1, routed)           0.217     0.330    dbg_hub/inst/BSCANID.u_xsdbm_id/CORE_XSDB.UUT_MASTER/U_ICON_INTERFACE/U_CMD6_RD/U_RD_FIFO/SUBCORE_FIFO.xsdbm_v3_0_2_rdfifo_inst/inst_fifo_gen/gconvfifo.rf/grf.rf/gntv_or_sync_fifo.gcx.clkx/gnxpm_cdc.gsync_stage[1].wr_stg_inst/Q[2]
    SLICE_X50Y201        FDCE                                         r  dbg_hub/inst/BSCANID.u_xsdbm_id/CORE_XSDB.UUT_MASTER/U_ICON_INTERFACE/U_CMD6_RD/U_RD_FIFO/SUBCORE_FIFO.xsdbm_v3_0_2_rdfifo_inst/inst_fifo_gen/gconvfifo.rf/grf.rf/gntv_or_sync_fifo.gcx.clkx/gnxpm_cdc.gsync_stage[1].wr_stg_inst/Q_reg_reg[2]/D
  -------------------------------------------------------------------    -------------------

                         max delay                   50.000    50.000    
    SLICE_X50Y201        FDCE (Setup_GFF2_SLICEL_C_D)
                                                      0.046    50.046    dbg_hub/inst/BSCANID.u_xsdbm_id/CORE_XSDB.UUT_MASTER/U_ICON_INTERFACE/U_CMD6_RD/U_RD_FIFO/SUBCORE_FIFO.xsdbm_v3_0_2_rdfifo_inst/inst_fifo_gen/gconvfifo.rf/grf.rf/gntv_or_sync_fifo.gcx.clkx/gnxpm_cdc.gsync_stage[1].wr_stg_inst/Q_reg_reg[2]
  -------------------------------------------------------------------
                         required time                         50.046    
                         arrival time                          -0.330    
  -------------------------------------------------------------------
                         slack                                 49.716    





---------------------------------------------------------------------------------------------------
From Clock:  clk_pl_0
  To Clock:  dbg_hub/inst/BSCANID.u_xsdbm_id/SWITCH_N_EXT_BSCAN.bscan_inst/SERIES7_BSCAN.bscan_inst/INTERNAL_TCK

Setup :            0  Failing Endpoints,  Worst Slack        9.491ns,  Total Violation        0.000ns
Hold  :           NA  Failing Endpoints,  Worst Slack           NA  ,  Total Violation           NA
---------------------------------------------------------------------------------------------------


Max Delay Paths
--------------------------------------------------------------------------------------
Slack (MET) :             9.491ns  (required time - arrival time)
  Source:                 dbg_hub/inst/BSCANID.u_xsdbm_id/CORE_XSDB.UUT_MASTER/U_ICON_INTERFACE/U_CMD6_WR/U_WR_FIFO/SUBCORE_FIFO.xsdbm_v3_0_2_wrfifo_inst/inst_fifo_gen/gconvfifo.rf/grf.rf/gntv_or_sync_fifo.gcx.clkx/gnxpm_cdc.rd_pntr_gc_reg[0]/C
                            (rising edge-triggered cell FDCE clocked by clk_pl_0  {rise@0.000ns fall@5.000ns period=10.000ns})
  Destination:            dbg_hub/inst/BSCANID.u_xsdbm_id/CORE_XSDB.UUT_MASTER/U_ICON_INTERFACE/U_CMD6_WR/U_WR_FIFO/SUBCORE_FIFO.xsdbm_v3_0_2_wrfifo_inst/inst_fifo_gen/gconvfifo.rf/grf.rf/gntv_or_sync_fifo.gcx.clkx/gnxpm_cdc.gsync_stage[1].wr_stg_inst/Q_reg_reg[0]/D
                            (rising edge-triggered cell FDCE clocked by dbg_hub/inst/BSCANID.u_xsdbm_id/SWITCH_N_EXT_BSCAN.bscan_inst/SERIES7_BSCAN.bscan_inst/INTERNAL_TCK  {rise@0.000ns fall@25.000ns period=50.000ns})
  Path Group:             dbg_hub/inst/BSCANID.u_xsdbm_id/SWITCH_N_EXT_BSCAN.bscan_inst/SERIES7_BSCAN.bscan_inst/INTERNAL_TCK
  Path Type:              Setup (Max at Slow Process Corner)
  Requirement:            10.000ns  (MaxDelay Path 10.000ns)
  Data Path Delay:        0.555ns  (logic 0.113ns (20.360%)  route 0.442ns (79.640%))
  Logic Levels:           0  
  Timing Exception:       MaxDelay Path 10.000ns -datapath_only

    Location             Delay type                Incr(ns)  Path(ns)    Netlist Resource(s)
  -------------------------------------------------------------------    -------------------
    SLICE_X43Y197                                     0.000     0.000 r  dbg_hub/inst/BSCANID.u_xsdbm_id/CORE_XSDB.UUT_MASTER/U_ICON_INTERFACE/U_CMD6_WR/U_WR_FIFO/SUBCORE_FIFO.xsdbm_v3_0_2_wrfifo_inst/inst_fifo_gen/gconvfifo.rf/grf.rf/gntv_or_sync_fifo.gcx.clkx/gnxpm_cdc.rd_pntr_gc_reg[0]/C
    SLICE_X43Y197        FDCE (Prop_EFF_SLICEM_C_Q)
                                                      0.113     0.113 r  dbg_hub/inst/BSCANID.u_xsdbm_id/CORE_XSDB.UUT_MASTER/U_ICON_INTERFACE/U_CMD6_WR/U_WR_FIFO/SUBCORE_FIFO.xsdbm_v3_0_2_wrfifo_inst/inst_fifo_gen/gconvfifo.rf/grf.rf/gntv_or_sync_fifo.gcx.clkx/gnxpm_cdc.rd_pntr_gc_reg[0]/Q
                         net (fo=1, routed)           0.442     0.555    dbg_hub/inst/BSCANID.u_xsdbm_id/CORE_XSDB.UUT_MASTER/U_ICON_INTERFACE/U_CMD6_WR/U_WR_FIFO/SUBCORE_FIFO.xsdbm_v3_0_2_wrfifo_inst/inst_fifo_gen/gconvfifo.rf/grf.rf/gntv_or_sync_fifo.gcx.clkx/gnxpm_cdc.gsync_stage[1].wr_stg_inst/Q[0]
    SLICE_X44Y198        FDCE                                         r  dbg_hub/inst/BSCANID.u_xsdbm_id/CORE_XSDB.UUT_MASTER/U_ICON_INTERFACE/U_CMD6_WR/U_WR_FIFO/SUBCORE_FIFO.xsdbm_v3_0_2_wrfifo_inst/inst_fifo_gen/gconvfifo.rf/grf.rf/gntv_or_sync_fifo.gcx.clkx/gnxpm_cdc.gsync_stage[1].wr_stg_inst/Q_reg_reg[0]/D
  -------------------------------------------------------------------    -------------------

                         max delay                   10.000    10.000    
    SLICE_X44Y198        FDCE (Setup_GFF2_SLICEL_C_D)
                                                      0.046    10.046    dbg_hub/inst/BSCANID.u_xsdbm_id/CORE_XSDB.UUT_MASTER/U_ICON_INTERFACE/U_CMD6_WR/U_WR_FIFO/SUBCORE_FIFO.xsdbm_v3_0_2_wrfifo_inst/inst_fifo_gen/gconvfifo.rf/grf.rf/gntv_or_sync_fifo.gcx.clkx/gnxpm_cdc.gsync_stage[1].wr_stg_inst/Q_reg_reg[0]
  -------------------------------------------------------------------
                         required time                         10.046    
                         arrival time                          -0.555    
  -------------------------------------------------------------------
                         slack                                  9.491    

Slack (MET) :             9.510ns  (required time - arrival time)
  Source:                 dbg_hub/inst/BSCANID.u_xsdbm_id/CORE_XSDB.UUT_MASTER/U_ICON_INTERFACE/U_CMD6_WR/U_WR_FIFO/SUBCORE_FIFO.xsdbm_v3_0_2_wrfifo_inst/inst_fifo_gen/gconvfifo.rf/grf.rf/gntv_or_sync_fifo.gcx.clkx/gnxpm_cdc.rd_pntr_gc_reg[2]/C
                            (rising edge-triggered cell FDCE clocked by clk_pl_0  {rise@0.000ns fall@5.000ns period=10.000ns})
  Destination:            dbg_hub/inst/BSCANID.u_xsdbm_id/CORE_XSDB.UUT_MASTER/U_ICON_INTERFACE/U_CMD6_WR/U_WR_FIFO/SUBCORE_FIFO.xsdbm_v3_0_2_wrfifo_inst/inst_fifo_gen/gconvfifo.rf/grf.rf/gntv_or_sync_fifo.gcx.clkx/gnxpm_cdc.gsync_stage[1].wr_stg_inst/Q_reg_reg[2]/D
                            (rising edge-triggered cell FDCE clocked by dbg_hub/inst/BSCANID.u_xsdbm_id/SWITCH_N_EXT_BSCAN.bscan_inst/SERIES7_BSCAN.bscan_inst/INTERNAL_TCK  {rise@0.000ns fall@25.000ns period=50.000ns})
  Path Group:             dbg_hub/inst/BSCANID.u_xsdbm_id/SWITCH_N_EXT_BSCAN.bscan_inst/SERIES7_BSCAN.bscan_inst/INTERNAL_TCK
  Path Type:              Setup (Max at Slow Process Corner)
  Requirement:            10.000ns  (MaxDelay Path 10.000ns)
  Data Path Delay:        0.536ns  (logic 0.118ns (22.015%)  route 0.418ns (77.985%))
  Logic Levels:           0  
  Timing Exception:       MaxDelay Path 10.000ns -datapath_only

    Location             Delay type                Incr(ns)  Path(ns)    Netlist Resource(s)
  -------------------------------------------------------------------    -------------------
    SLICE_X43Y197                                     0.000     0.000 r  dbg_hub/inst/BSCANID.u_xsdbm_id/CORE_XSDB.UUT_MASTER/U_ICON_INTERFACE/U_CMD6_WR/U_WR_FIFO/SUBCORE_FIFO.xsdbm_v3_0_2_wrfifo_inst/inst_fifo_gen/gconvfifo.rf/grf.rf/gntv_or_sync_fifo.gcx.clkx/gnxpm_cdc.rd_pntr_gc_reg[2]/C
    SLICE_X43Y197        FDCE (Prop_EFF2_SLICEM_C_Q)
                                                      0.118     0.118 r  dbg_hub/inst/BSCANID.u_xsdbm_id/CORE_XSDB.UUT_MASTER/U_ICON_INTERFACE/U_CMD6_WR/U_WR_FIFO/SUBCORE_FIFO.xsdbm_v3_0_2_wrfifo_inst/inst_fifo_gen/gconvfifo.rf/grf.rf/gntv_or_sync_fifo.gcx.clkx/gnxpm_cdc.rd_pntr_gc_reg[2]/Q
                         net (fo=1, routed)           0.418     0.536    dbg_hub/inst/BSCANID.u_xsdbm_id/CORE_XSDB.UUT_MASTER/U_ICON_INTERFACE/U_CMD6_WR/U_WR_FIFO/SUBCORE_FIFO.xsdbm_v3_0_2_wrfifo_inst/inst_fifo_gen/gconvfifo.rf/grf.rf/gntv_or_sync_fifo.gcx.clkx/gnxpm_cdc.gsync_stage[1].wr_stg_inst/Q[2]
    SLICE_X44Y198        FDCE                                         r  dbg_hub/inst/BSCANID.u_xsdbm_id/CORE_XSDB.UUT_MASTER/U_ICON_INTERFACE/U_CMD6_WR/U_WR_FIFO/SUBCORE_FIFO.xsdbm_v3_0_2_wrfifo_inst/inst_fifo_gen/gconvfifo.rf/grf.rf/gntv_or_sync_fifo.gcx.clkx/gnxpm_cdc.gsync_stage[1].wr_stg_inst/Q_reg_reg[2]/D
  -------------------------------------------------------------------    -------------------

                         max delay                   10.000    10.000    
    SLICE_X44Y198        FDCE (Setup_BFF2_SLICEL_C_D)
                                                      0.046    10.046    dbg_hub/inst/BSCANID.u_xsdbm_id/CORE_XSDB.UUT_MASTER/U_ICON_INTERFACE/U_CMD6_WR/U_WR_FIFO/SUBCORE_FIFO.xsdbm_v3_0_2_wrfifo_inst/inst_fifo_gen/gconvfifo.rf/grf.rf/gntv_or_sync_fifo.gcx.clkx/gnxpm_cdc.gsync_stage[1].wr_stg_inst/Q_reg_reg[2]
  -------------------------------------------------------------------
                         required time                         10.046    
                         arrival time                          -0.536    
  -------------------------------------------------------------------
                         slack                                  9.510    

Slack (MET) :             9.546ns  (required time - arrival time)
  Source:                 dbg_hub/inst/BSCANID.u_xsdbm_id/CORE_XSDB.UUT_MASTER/U_ICON_INTERFACE/U_CMD6_RD/U_RD_FIFO/SUBCORE_FIFO.xsdbm_v3_0_2_rdfifo_inst/inst_fifo_gen/gconvfifo.rf/grf.rf/gntv_or_sync_fifo.gcx.clkx/gnxpm_cdc.wr_pntr_gc_reg[3]/C
                            (rising edge-triggered cell FDCE clocked by clk_pl_0  {rise@0.000ns fall@5.000ns period=10.000ns})
  Destination:            dbg_hub/inst/BSCANID.u_xsdbm_id/CORE_XSDB.UUT_MASTER/U_ICON_INTERFACE/U_CMD6_RD/U_RD_FIFO/SUBCORE_FIFO.xsdbm_v3_0_2_rdfifo_inst/inst_fifo_gen/gconvfifo.rf/grf.rf/gntv_or_sync_fifo.gcx.clkx/gnxpm_cdc.gsync_stage[1].rd_stg_inst/Q_reg_reg[3]/D
                            (rising edge-triggered cell FDCE clocked by dbg_hub/inst/BSCANID.u_xsdbm_id/SWITCH_N_EXT_BSCAN.bscan_inst/SERIES7_BSCAN.bscan_inst/INTERNAL_TCK  {rise@0.000ns fall@25.000ns period=50.000ns})
  Path Group:             dbg_hub/inst/BSCANID.u_xsdbm_id/SWITCH_N_EXT_BSCAN.bscan_inst/SERIES7_BSCAN.bscan_inst/INTERNAL_TCK
  Path Type:              Setup (Max at Slow Process Corner)
  Requirement:            10.000ns  (MaxDelay Path 10.000ns)
  Data Path Delay:        0.500ns  (logic 0.113ns (22.600%)  route 0.387ns (77.400%))
  Logic Levels:           0  
  Timing Exception:       MaxDelay Path 10.000ns -datapath_only

    Location             Delay type                Incr(ns)  Path(ns)    Netlist Resource(s)
  -------------------------------------------------------------------    -------------------
    SLICE_X50Y200                                     0.000     0.000 r  dbg_hub/inst/BSCANID.u_xsdbm_id/CORE_XSDB.UUT_MASTER/U_ICON_INTERFACE/U_CMD6_RD/U_RD_FIFO/SUBCORE_FIFO.xsdbm_v3_0_2_rdfifo_inst/inst_fifo_gen/gconvfifo.rf/grf.rf/gntv_or_sync_fifo.gcx.clkx/gnxpm_cdc.wr_pntr_gc_reg[3]/C
    SLICE_X50Y200        FDCE (Prop_BFF_SLICEL_C_Q)
                                                      0.113     0.113 r  dbg_hub/inst/BSCANID.u_xsdbm_id/CORE_XSDB.UUT_MASTER/U_ICON_INTERFACE/U_CMD6_RD/U_RD_FIFO/SUBCORE_FIFO.xsdbm_v3_0_2_rdfifo_inst/inst_fifo_gen/gconvfifo.rf/grf.rf/gntv_or_sync_fifo.gcx.clkx/gnxpm_cdc.wr_pntr_gc_reg[3]/Q
                         net (fo=1, routed)           0.387     0.500    dbg_hub/inst/BSCANID.u_xsdbm_id/CORE_XSDB.UUT_MASTER/U_ICON_INTERFACE/U_CMD6_RD/U_RD_FIFO/SUBCORE_FIFO.xsdbm_v3_0_2_rdfifo_inst/inst_fifo_gen/gconvfifo.rf/grf.rf/gntv_or_sync_fifo.gcx.clkx/gnxpm_cdc.gsync_stage[1].rd_stg_inst/Q[3]
    SLICE_X50Y200        FDCE                                         r  dbg_hub/inst/BSCANID.u_xsdbm_id/CORE_XSDB.UUT_MASTER/U_ICON_INTERFACE/U_CMD6_RD/U_RD_FIFO/SUBCORE_FIFO.xsdbm_v3_0_2_rdfifo_inst/inst_fifo_gen/gconvfifo.rf/grf.rf/gntv_or_sync_fifo.gcx.clkx/gnxpm_cdc.gsync_stage[1].rd_stg_inst/Q_reg_reg[3]/D
  -------------------------------------------------------------------    -------------------

                         max delay                   10.000    10.000    
    SLICE_X50Y200        FDCE (Setup_GFF2_SLICEL_C_D)
                                                      0.046    10.046    dbg_hub/inst/BSCANID.u_xsdbm_id/CORE_XSDB.UUT_MASTER/U_ICON_INTERFACE/U_CMD6_RD/U_RD_FIFO/SUBCORE_FIFO.xsdbm_v3_0_2_rdfifo_inst/inst_fifo_gen/gconvfifo.rf/grf.rf/gntv_or_sync_fifo.gcx.clkx/gnxpm_cdc.gsync_stage[1].rd_stg_inst/Q_reg_reg[3]
  -------------------------------------------------------------------
                         required time                         10.046    
                         arrival time                          -0.500    
  -------------------------------------------------------------------
                         slack                                  9.546    

Slack (MET) :             9.551ns  (required time - arrival time)
  Source:                 dbg_hub/inst/BSCANID.u_xsdbm_id/CORE_XSDB.UUT_MASTER/U_ICON_INTERFACE/U_CMD6_WR/U_WR_FIFO/SUBCORE_FIFO.xsdbm_v3_0_2_wrfifo_inst/inst_fifo_gen/gconvfifo.rf/grf.rf/gntv_or_sync_fifo.gcx.clkx/gnxpm_cdc.rd_pntr_gc_reg[3]/C
                            (rising edge-triggered cell FDCE clocked by clk_pl_0  {rise@0.000ns fall@5.000ns period=10.000ns})
  Destination:            dbg_hub/inst/BSCANID.u_xsdbm_id/CORE_XSDB.UUT_MASTER/U_ICON_INTERFACE/U_CMD6_WR/U_WR_FIFO/SUBCORE_FIFO.xsdbm_v3_0_2_wrfifo_inst/inst_fifo_gen/gconvfifo.rf/grf.rf/gntv_or_sync_fifo.gcx.clkx/gnxpm_cdc.gsync_stage[1].wr_stg_inst/Q_reg_reg[3]/D
                            (rising edge-triggered cell FDCE clocked by dbg_hub/inst/BSCANID.u_xsdbm_id/SWITCH_N_EXT_BSCAN.bscan_inst/SERIES7_BSCAN.bscan_inst/INTERNAL_TCK  {rise@0.000ns fall@25.000ns period=50.000ns})
  Path Group:             dbg_hub/inst/BSCANID.u_xsdbm_id/SWITCH_N_EXT_BSCAN.bscan_inst/SERIES7_BSCAN.bscan_inst/INTERNAL_TCK
  Path Type:              Setup (Max at Slow Process Corner)
  Requirement:            10.000ns  (MaxDelay Path 10.000ns)
  Data Path Delay:        0.495ns  (logic 0.113ns (22.828%)  route 0.382ns (77.172%))
  Logic Levels:           0  
  Timing Exception:       MaxDelay Path 10.000ns -datapath_only

    Location             Delay type                Incr(ns)  Path(ns)    Netlist Resource(s)
  -------------------------------------------------------------------    -------------------
    SLICE_X44Y197                                     0.000     0.000 r  dbg_hub/inst/BSCANID.u_xsdbm_id/CORE_XSDB.UUT_MASTER/U_ICON_INTERFACE/U_CMD6_WR/U_WR_FIFO/SUBCORE_FIFO.xsdbm_v3_0_2_wrfifo_inst/inst_fifo_gen/gconvfifo.rf/grf.rf/gntv_or_sync_fifo.gcx.clkx/gnxpm_cdc.rd_pntr_gc_reg[3]/C
    SLICE_X44Y197        FDCE (Prop_BFF_SLICEL_C_Q)
                                                      0.113     0.113 r  dbg_hub/inst/BSCANID.u_xsdbm_id/CORE_XSDB.UUT_MASTER/U_ICON_INTERFACE/U_CMD6_WR/U_WR_FIFO/SUBCORE_FIFO.xsdbm_v3_0_2_wrfifo_inst/inst_fifo_gen/gconvfifo.rf/grf.rf/gntv_or_sync_fifo.gcx.clkx/gnxpm_cdc.rd_pntr_gc_reg[3]/Q
                         net (fo=1, routed)           0.382     0.495    dbg_hub/inst/BSCANID.u_xsdbm_id/CORE_XSDB.UUT_MASTER/U_ICON_INTERFACE/U_CMD6_WR/U_WR_FIFO/SUBCORE_FIFO.xsdbm_v3_0_2_wrfifo_inst/inst_fifo_gen/gconvfifo.rf/grf.rf/gntv_or_sync_fifo.gcx.clkx/gnxpm_cdc.gsync_stage[1].wr_stg_inst/Q[3]
    SLICE_X44Y197        FDCE                                         r  dbg_hub/inst/BSCANID.u_xsdbm_id/CORE_XSDB.UUT_MASTER/U_ICON_INTERFACE/U_CMD6_WR/U_WR_FIFO/SUBCORE_FIFO.xsdbm_v3_0_2_wrfifo_inst/inst_fifo_gen/gconvfifo.rf/grf.rf/gntv_or_sync_fifo.gcx.clkx/gnxpm_cdc.gsync_stage[1].wr_stg_inst/Q_reg_reg[3]/D
  -------------------------------------------------------------------    -------------------

                         max delay                   10.000    10.000    
    SLICE_X44Y197        FDCE (Setup_GFF2_SLICEL_C_D)
                                                      0.046    10.046    dbg_hub/inst/BSCANID.u_xsdbm_id/CORE_XSDB.UUT_MASTER/U_ICON_INTERFACE/U_CMD6_WR/U_WR_FIFO/SUBCORE_FIFO.xsdbm_v3_0_2_wrfifo_inst/inst_fifo_gen/gconvfifo.rf/grf.rf/gntv_or_sync_fifo.gcx.clkx/gnxpm_cdc.gsync_stage[1].wr_stg_inst/Q_reg_reg[3]
  -------------------------------------------------------------------
                         required time                         10.046    
                         arrival time                          -0.495    
  -------------------------------------------------------------------
                         slack                                  9.551    

Slack (MET) :             9.603ns  (required time - arrival time)
  Source:                 dbg_hub/inst/BSCANID.u_xsdbm_id/CORE_XSDB.UUT_MASTER/U_ICON_INTERFACE/U_CMD6_RD/U_RD_FIFO/SUBCORE_FIFO.xsdbm_v3_0_2_rdfifo_inst/inst_fifo_gen/gconvfifo.rf/grf.rf/gntv_or_sync_fifo.gcx.clkx/gnxpm_cdc.wr_pntr_gc_reg[0]/C
                            (rising edge-triggered cell FDCE clocked by clk_pl_0  {rise@0.000ns fall@5.000ns period=10.000ns})
  Destination:            dbg_hub/inst/BSCANID.u_xsdbm_id/CORE_XSDB.UUT_MASTER/U_ICON_INTERFACE/U_CMD6_RD/U_RD_FIFO/SUBCORE_FIFO.xsdbm_v3_0_2_rdfifo_inst/inst_fifo_gen/gconvfifo.rf/grf.rf/gntv_or_sync_fifo.gcx.clkx/gnxpm_cdc.gsync_stage[1].rd_stg_inst/Q_reg_reg[0]/D
                            (rising edge-triggered cell FDCE clocked by dbg_hub/inst/BSCANID.u_xsdbm_id/SWITCH_N_EXT_BSCAN.bscan_inst/SERIES7_BSCAN.bscan_inst/INTERNAL_TCK  {rise@0.000ns fall@25.000ns period=50.000ns})
  Path Group:             dbg_hub/inst/BSCANID.u_xsdbm_id/SWITCH_N_EXT_BSCAN.bscan_inst/SERIES7_BSCAN.bscan_inst/INTERNAL_TCK
  Path Type:              Setup (Max at Slow Process Corner)
  Requirement:            10.000ns  (MaxDelay Path 10.000ns)
  Data Path Delay:        0.443ns  (logic 0.114ns (25.734%)  route 0.329ns (74.266%))
  Logic Levels:           0  
  Timing Exception:       MaxDelay Path 10.000ns -datapath_only

    Location             Delay type                Incr(ns)  Path(ns)    Netlist Resource(s)
  -------------------------------------------------------------------    -------------------
    SLICE_X51Y199                                     0.000     0.000 r  dbg_hub/inst/BSCANID.u_xsdbm_id/CORE_XSDB.UUT_MASTER/U_ICON_INTERFACE/U_CMD6_RD/U_RD_FIFO/SUBCORE_FIFO.xsdbm_v3_0_2_rdfifo_inst/inst_fifo_gen/gconvfifo.rf/grf.rf/gntv_or_sync_fifo.gcx.clkx/gnxpm_cdc.wr_pntr_gc_reg[0]/C
    SLICE_X51Y199        FDCE (Prop_DFF_SLICEL_C_Q)
                                                      0.114     0.114 r  dbg_hub/inst/BSCANID.u_xsdbm_id/CORE_XSDB.UUT_MASTER/U_ICON_INTERFACE/U_CMD6_RD/U_RD_FIFO/SUBCORE_FIFO.xsdbm_v3_0_2_rdfifo_inst/inst_fifo_gen/gconvfifo.rf/grf.rf/gntv_or_sync_fifo.gcx.clkx/gnxpm_cdc.wr_pntr_gc_reg[0]/Q
                         net (fo=1, routed)           0.329     0.443    dbg_hub/inst/BSCANID.u_xsdbm_id/CORE_XSDB.UUT_MASTER/U_ICON_INTERFACE/U_CMD6_RD/U_RD_FIFO/SUBCORE_FIFO.xsdbm_v3_0_2_rdfifo_inst/inst_fifo_gen/gconvfifo.rf/grf.rf/gntv_or_sync_fifo.gcx.clkx/gnxpm_cdc.gsync_stage[1].rd_stg_inst/Q[0]
    SLICE_X51Y200        FDCE                                         r  dbg_hub/inst/BSCANID.u_xsdbm_id/CORE_XSDB.UUT_MASTER/U_ICON_INTERFACE/U_CMD6_RD/U_RD_FIFO/SUBCORE_FIFO.xsdbm_v3_0_2_rdfifo_inst/inst_fifo_gen/gconvfifo.rf/grf.rf/gntv_or_sync_fifo.gcx.clkx/gnxpm_cdc.gsync_stage[1].rd_stg_inst/Q_reg_reg[0]/D
  -------------------------------------------------------------------    -------------------

                         max delay                   10.000    10.000    
    SLICE_X51Y200        FDCE (Setup_DFF2_SLICEL_C_D)
                                                      0.046    10.046    dbg_hub/inst/BSCANID.u_xsdbm_id/CORE_XSDB.UUT_MASTER/U_ICON_INTERFACE/U_CMD6_RD/U_RD_FIFO/SUBCORE_FIFO.xsdbm_v3_0_2_rdfifo_inst/inst_fifo_gen/gconvfifo.rf/grf.rf/gntv_or_sync_fifo.gcx.clkx/gnxpm_cdc.gsync_stage[1].rd_stg_inst/Q_reg_reg[0]
  -------------------------------------------------------------------
                         required time                         10.046    
                         arrival time                          -0.443    
  -------------------------------------------------------------------
                         slack                                  9.603    

Slack (MET) :             9.609ns  (required time - arrival time)
  Source:                 dbg_hub/inst/BSCANID.u_xsdbm_id/CORE_XSDB.UUT_MASTER/U_ICON_INTERFACE/U_CMD6_RD/U_RD_FIFO/SUBCORE_FIFO.xsdbm_v3_0_2_rdfifo_inst/inst_fifo_gen/gconvfifo.rf/grf.rf/gntv_or_sync_fifo.gcx.clkx/gnxpm_cdc.wr_pntr_gc_reg[2]/C
                            (rising edge-triggered cell FDCE clocked by clk_pl_0  {rise@0.000ns fall@5.000ns period=10.000ns})
  Destination:            dbg_hub/inst/BSCANID.u_xsdbm_id/CORE_XSDB.UUT_MASTER/U_ICON_INTERFACE/U_CMD6_RD/U_RD_FIFO/SUBCORE_FIFO.xsdbm_v3_0_2_rdfifo_inst/inst_fifo_gen/gconvfifo.rf/grf.rf/gntv_or_sync_fifo.gcx.clkx/gnxpm_cdc.gsync_stage[1].rd_stg_inst/Q_reg_reg[2]/D
                            (rising edge-triggered cell FDCE clocked by dbg_hub/inst/BSCANID.u_xsdbm_id/SWITCH_N_EXT_BSCAN.bscan_inst/SERIES7_BSCAN.bscan_inst/INTERNAL_TCK  {rise@0.000ns fall@25.000ns period=50.000ns})
  Path Group:             dbg_hub/inst/BSCANID.u_xsdbm_id/SWITCH_N_EXT_BSCAN.bscan_inst/SERIES7_BSCAN.bscan_inst/INTERNAL_TCK
  Path Type:              Setup (Max at Slow Process Corner)
  Requirement:            10.000ns  (MaxDelay Path 10.000ns)
  Data Path Delay:        0.437ns  (logic 0.114ns (26.087%)  route 0.323ns (73.913%))
  Logic Levels:           0  
  Timing Exception:       MaxDelay Path 10.000ns -datapath_only

    Location             Delay type                Incr(ns)  Path(ns)    Netlist Resource(s)
  -------------------------------------------------------------------    -------------------
    SLICE_X51Y199                                     0.000     0.000 r  dbg_hub/inst/BSCANID.u_xsdbm_id/CORE_XSDB.UUT_MASTER/U_ICON_INTERFACE/U_CMD6_RD/U_RD_FIFO/SUBCORE_FIFO.xsdbm_v3_0_2_rdfifo_inst/inst_fifo_gen/gconvfifo.rf/grf.rf/gntv_or_sync_fifo.gcx.clkx/gnxpm_cdc.wr_pntr_gc_reg[2]/C
    SLICE_X51Y199        FDCE (Prop_CFF_SLICEL_C_Q)
                                                      0.114     0.114 r  dbg_hub/inst/BSCANID.u_xsdbm_id/CORE_XSDB.UUT_MASTER/U_ICON_INTERFACE/U_CMD6_RD/U_RD_FIFO/SUBCORE_FIFO.xsdbm_v3_0_2_rdfifo_inst/inst_fifo_gen/gconvfifo.rf/grf.rf/gntv_or_sync_fifo.gcx.clkx/gnxpm_cdc.wr_pntr_gc_reg[2]/Q
                         net (fo=1, routed)           0.323     0.437    dbg_hub/inst/BSCANID.u_xsdbm_id/CORE_XSDB.UUT_MASTER/U_ICON_INTERFACE/U_CMD6_RD/U_RD_FIFO/SUBCORE_FIFO.xsdbm_v3_0_2_rdfifo_inst/inst_fifo_gen/gconvfifo.rf/grf.rf/gntv_or_sync_fifo.gcx.clkx/gnxpm_cdc.gsync_stage[1].rd_stg_inst/Q[2]
    SLICE_X51Y200        FDCE                                         r  dbg_hub/inst/BSCANID.u_xsdbm_id/CORE_XSDB.UUT_MASTER/U_ICON_INTERFACE/U_CMD6_RD/U_RD_FIFO/SUBCORE_FIFO.xsdbm_v3_0_2_rdfifo_inst/inst_fifo_gen/gconvfifo.rf/grf.rf/gntv_or_sync_fifo.gcx.clkx/gnxpm_cdc.gsync_stage[1].rd_stg_inst/Q_reg_reg[2]/D
  -------------------------------------------------------------------    -------------------

                         max delay                   10.000    10.000    
    SLICE_X51Y200        FDCE (Setup_GFF2_SLICEL_C_D)
                                                      0.046    10.046    dbg_hub/inst/BSCANID.u_xsdbm_id/CORE_XSDB.UUT_MASTER/U_ICON_INTERFACE/U_CMD6_RD/U_RD_FIFO/SUBCORE_FIFO.xsdbm_v3_0_2_rdfifo_inst/inst_fifo_gen/gconvfifo.rf/grf.rf/gntv_or_sync_fifo.gcx.clkx/gnxpm_cdc.gsync_stage[1].rd_stg_inst/Q_reg_reg[2]
  -------------------------------------------------------------------
                         required time                         10.046    
                         arrival time                          -0.437    
  -------------------------------------------------------------------
                         slack                                  9.609    

Slack (MET) :             9.661ns  (required time - arrival time)
  Source:                 dbg_hub/inst/BSCANID.u_xsdbm_id/CORE_XSDB.UUT_MASTER/U_ICON_INTERFACE/U_CMD6_WR/U_WR_FIFO/SUBCORE_FIFO.xsdbm_v3_0_2_wrfifo_inst/inst_fifo_gen/gconvfifo.rf/grf.rf/gntv_or_sync_fifo.gcx.clkx/gnxpm_cdc.rd_pntr_gc_reg[1]/C
                            (rising edge-triggered cell FDCE clocked by clk_pl_0  {rise@0.000ns fall@5.000ns period=10.000ns})
  Destination:            dbg_hub/inst/BSCANID.u_xsdbm_id/CORE_XSDB.UUT_MASTER/U_ICON_INTERFACE/U_CMD6_WR/U_WR_FIFO/SUBCORE_FIFO.xsdbm_v3_0_2_wrfifo_inst/inst_fifo_gen/gconvfifo.rf/grf.rf/gntv_or_sync_fifo.gcx.clkx/gnxpm_cdc.gsync_stage[1].wr_stg_inst/Q_reg_reg[1]/D
                            (rising edge-triggered cell FDCE clocked by dbg_hub/inst/BSCANID.u_xsdbm_id/SWITCH_N_EXT_BSCAN.bscan_inst/SERIES7_BSCAN.bscan_inst/INTERNAL_TCK  {rise@0.000ns fall@25.000ns period=50.000ns})
  Path Group:             dbg_hub/inst/BSCANID.u_xsdbm_id/SWITCH_N_EXT_BSCAN.bscan_inst/SERIES7_BSCAN.bscan_inst/INTERNAL_TCK
  Path Type:              Setup (Max at Slow Process Corner)
  Requirement:            10.000ns  (MaxDelay Path 10.000ns)
  Data Path Delay:        0.385ns  (logic 0.115ns (29.870%)  route 0.270ns (70.130%))
  Logic Levels:           0  
  Timing Exception:       MaxDelay Path 10.000ns -datapath_only

    Location             Delay type                Incr(ns)  Path(ns)    Netlist Resource(s)
  -------------------------------------------------------------------    -------------------
    SLICE_X44Y197                                     0.000     0.000 r  dbg_hub/inst/BSCANID.u_xsdbm_id/CORE_XSDB.UUT_MASTER/U_ICON_INTERFACE/U_CMD6_WR/U_WR_FIFO/SUBCORE_FIFO.xsdbm_v3_0_2_wrfifo_inst/inst_fifo_gen/gconvfifo.rf/grf.rf/gntv_or_sync_fifo.gcx.clkx/gnxpm_cdc.rd_pntr_gc_reg[1]/C
    SLICE_X44Y197        FDCE (Prop_DFF2_SLICEL_C_Q)
                                                      0.115     0.115 r  dbg_hub/inst/BSCANID.u_xsdbm_id/CORE_XSDB.UUT_MASTER/U_ICON_INTERFACE/U_CMD6_WR/U_WR_FIFO/SUBCORE_FIFO.xsdbm_v3_0_2_wrfifo_inst/inst_fifo_gen/gconvfifo.rf/grf.rf/gntv_or_sync_fifo.gcx.clkx/gnxpm_cdc.rd_pntr_gc_reg[1]/Q
                         net (fo=1, routed)           0.270     0.385    dbg_hub/inst/BSCANID.u_xsdbm_id/CORE_XSDB.UUT_MASTER/U_ICON_INTERFACE/U_CMD6_WR/U_WR_FIFO/SUBCORE_FIFO.xsdbm_v3_0_2_wrfifo_inst/inst_fifo_gen/gconvfifo.rf/grf.rf/gntv_or_sync_fifo.gcx.clkx/gnxpm_cdc.gsync_stage[1].wr_stg_inst/Q[1]
    SLICE_X44Y198        FDCE                                         r  dbg_hub/inst/BSCANID.u_xsdbm_id/CORE_XSDB.UUT_MASTER/U_ICON_INTERFACE/U_CMD6_WR/U_WR_FIFO/SUBCORE_FIFO.xsdbm_v3_0_2_wrfifo_inst/inst_fifo_gen/gconvfifo.rf/grf.rf/gntv_or_sync_fifo.gcx.clkx/gnxpm_cdc.gsync_stage[1].wr_stg_inst/Q_reg_reg[1]/D
  -------------------------------------------------------------------    -------------------

                         max delay                   10.000    10.000    
    SLICE_X44Y198        FDCE (Setup_CFF2_SLICEL_C_D)
                                                      0.046    10.046    dbg_hub/inst/BSCANID.u_xsdbm_id/CORE_XSDB.UUT_MASTER/U_ICON_INTERFACE/U_CMD6_WR/U_WR_FIFO/SUBCORE_FIFO.xsdbm_v3_0_2_wrfifo_inst/inst_fifo_gen/gconvfifo.rf/grf.rf/gntv_or_sync_fifo.gcx.clkx/gnxpm_cdc.gsync_stage[1].wr_stg_inst/Q_reg_reg[1]
  -------------------------------------------------------------------
                         required time                         10.046    
                         arrival time                          -0.385    
  -------------------------------------------------------------------
                         slack                                  9.661    

Slack (MET) :             9.715ns  (required time - arrival time)
  Source:                 dbg_hub/inst/BSCANID.u_xsdbm_id/CORE_XSDB.UUT_MASTER/U_ICON_INTERFACE/U_CMD6_RD/U_RD_FIFO/SUBCORE_FIFO.xsdbm_v3_0_2_rdfifo_inst/inst_fifo_gen/gconvfifo.rf/grf.rf/gntv_or_sync_fifo.gcx.clkx/gnxpm_cdc.wr_pntr_gc_reg[1]/C
                            (rising edge-triggered cell FDCE clocked by clk_pl_0  {rise@0.000ns fall@5.000ns period=10.000ns})
  Destination:            dbg_hub/inst/BSCANID.u_xsdbm_id/CORE_XSDB.UUT_MASTER/U_ICON_INTERFACE/U_CMD6_RD/U_RD_FIFO/SUBCORE_FIFO.xsdbm_v3_0_2_rdfifo_inst/inst_fifo_gen/gconvfifo.rf/grf.rf/gntv_or_sync_fifo.gcx.clkx/gnxpm_cdc.gsync_stage[1].rd_stg_inst/Q_reg_reg[1]/D
                            (rising edge-triggered cell FDCE clocked by dbg_hub/inst/BSCANID.u_xsdbm_id/SWITCH_N_EXT_BSCAN.bscan_inst/SERIES7_BSCAN.bscan_inst/INTERNAL_TCK  {rise@0.000ns fall@25.000ns period=50.000ns})
  Path Group:             dbg_hub/inst/BSCANID.u_xsdbm_id/SWITCH_N_EXT_BSCAN.bscan_inst/SERIES7_BSCAN.bscan_inst/INTERNAL_TCK
  Path Type:              Setup (Max at Slow Process Corner)
  Requirement:            10.000ns  (MaxDelay Path 10.000ns)
  Data Path Delay:        0.331ns  (logic 0.115ns (34.743%)  route 0.216ns (65.257%))
  Logic Levels:           0  
  Timing Exception:       MaxDelay Path 10.000ns -datapath_only

    Location             Delay type                Incr(ns)  Path(ns)    Netlist Resource(s)
  -------------------------------------------------------------------    -------------------
    SLICE_X51Y199                                     0.000     0.000 r  dbg_hub/inst/BSCANID.u_xsdbm_id/CORE_XSDB.UUT_MASTER/U_ICON_INTERFACE/U_CMD6_RD/U_RD_FIFO/SUBCORE_FIFO.xsdbm_v3_0_2_rdfifo_inst/inst_fifo_gen/gconvfifo.rf/grf.rf/gntv_or_sync_fifo.gcx.clkx/gnxpm_cdc.wr_pntr_gc_reg[1]/C
    SLICE_X51Y199        FDCE (Prop_DFF2_SLICEL_C_Q)
                                                      0.115     0.115 r  dbg_hub/inst/BSCANID.u_xsdbm_id/CORE_XSDB.UUT_MASTER/U_ICON_INTERFACE/U_CMD6_RD/U_RD_FIFO/SUBCORE_FIFO.xsdbm_v3_0_2_rdfifo_inst/inst_fifo_gen/gconvfifo.rf/grf.rf/gntv_or_sync_fifo.gcx.clkx/gnxpm_cdc.wr_pntr_gc_reg[1]/Q
                         net (fo=1, routed)           0.216     0.331    dbg_hub/inst/BSCANID.u_xsdbm_id/CORE_XSDB.UUT_MASTER/U_ICON_INTERFACE/U_CMD6_RD/U_RD_FIFO/SUBCORE_FIFO.xsdbm_v3_0_2_rdfifo_inst/inst_fifo_gen/gconvfifo.rf/grf.rf/gntv_or_sync_fifo.gcx.clkx/gnxpm_cdc.gsync_stage[1].rd_stg_inst/Q[1]
    SLICE_X51Y200        FDCE                                         r  dbg_hub/inst/BSCANID.u_xsdbm_id/CORE_XSDB.UUT_MASTER/U_ICON_INTERFACE/U_CMD6_RD/U_RD_FIFO/SUBCORE_FIFO.xsdbm_v3_0_2_rdfifo_inst/inst_fifo_gen/gconvfifo.rf/grf.rf/gntv_or_sync_fifo.gcx.clkx/gnxpm_cdc.gsync_stage[1].rd_stg_inst/Q_reg_reg[1]/D
  -------------------------------------------------------------------    -------------------

                         max delay                   10.000    10.000    
    SLICE_X51Y200        FDCE (Setup_HFF2_SLICEL_C_D)
                                                      0.046    10.046    dbg_hub/inst/BSCANID.u_xsdbm_id/CORE_XSDB.UUT_MASTER/U_ICON_INTERFACE/U_CMD6_RD/U_RD_FIFO/SUBCORE_FIFO.xsdbm_v3_0_2_rdfifo_inst/inst_fifo_gen/gconvfifo.rf/grf.rf/gntv_or_sync_fifo.gcx.clkx/gnxpm_cdc.gsync_stage[1].rd_stg_inst/Q_reg_reg[1]
  -------------------------------------------------------------------
                         required time                         10.046    
                         arrival time                          -0.331    
  -------------------------------------------------------------------
                         slack                                  9.715    





---------------------------------------------------------------------------------------------------
Path Group:  **async_default**
From Clock:  clk_pl_0
  To Clock:  clk_pl_0

Setup :            0  Failing Endpoints,  Worst Slack        8.574ns,  Total Violation        0.000ns
Hold  :            0  Failing Endpoints,  Worst Slack        0.172ns,  Total Violation        0.000ns
---------------------------------------------------------------------------------------------------


Max Delay Paths
--------------------------------------------------------------------------------------
Slack (MET) :             8.574ns  (required time - arrival time)
  Source:                 dbg_hub/inst/BSCANID.u_xsdbm_id/CORE_XSDB.UUT_MASTER/U_ICON_INTERFACE/U_CMD1/ctl_reg_reg[0]/C
                            (rising edge-triggered cell FDRE clocked by clk_pl_0  {rise@0.000ns fall@5.000ns period=10.000ns})
  Destination:            dbg_hub/inst/BSCANID.u_xsdbm_id/CORE_XSDB.UUT_MASTER/U_XSDB_BUS_CONTROLLER/inc_addr_r_reg/CLR
                            (recovery check against rising-edge clock clk_pl_0  {rise@0.000ns fall@5.000ns period=10.000ns})
  Path Group:             **async_default**
  Path Type:              Recovery (Max at Slow Process Corner)
  Requirement:            10.000ns  (clk_pl_0 rise@10.000ns - clk_pl_0 rise@0.000ns)
  Data Path Delay:        1.051ns  (logic 0.113ns (10.756%)  route 0.938ns (89.244%))
  Logic Levels:           0  
  Clock Path Skew:        -0.122ns (DCD - SCD + CPR)
    Destination Clock Delay (DCD):    2.628ns = ( 12.628 - 10.000 ) 
    Source Clock Delay      (SCD):    2.960ns
    Clock Pessimism Removal (CPR):    0.209ns
  Clock Uncertainty:      0.160ns  ((TSJ^2 + DJ^2)^1/2) / 2 + PE
    Total System Jitter     (TSJ):    0.071ns
    Discrete Jitter          (DJ):    0.312ns
    Phase Error              (PE):    0.000ns
  Clock Net Delay (Source):      2.693ns (routing 1.401ns, distribution 1.292ns)
  Clock Net Delay (Destination): 2.412ns (routing 1.282ns, distribution 1.130ns)

    Location             Delay type                Incr(ns)  Path(ns)    Netlist Resource(s)
  -------------------------------------------------------------------    -------------------
                         (clock clk_pl_0 rise edge)
                                                      0.000     0.000 r  
    PS8_X0Y0             PS8                          0.000     0.000 r  kria_starter_kit_i/zynq_ultra_ps_e_0/U0/PS8_i/PLCLK[0]
                         net (fo=1, routed)           0.229     0.229    kria_starter_kit_i/zynq_ultra_ps_e_0/U0/pl_clk_unbuffered[0]
    BUFG_PS_X0Y90        BUFG_PS (Prop_BUFG_PS_I_O)
                                                      0.038     0.267 r  kria_starter_kit_i/zynq_ultra_ps_e_0/U0/buffer_pl_clk_0.PL_CLK_0_BUFG/O
    X1Y2 (CLOCK_ROOT)    net (fo=1510, routed)        2.693     2.960    dbg_hub/inst/BSCANID.u_xsdbm_id/CORE_XSDB.UUT_MASTER/U_ICON_INTERFACE/U_CMD1/clk
    SLICE_X51Y190        FDRE                                         r  dbg_hub/inst/BSCANID.u_xsdbm_id/CORE_XSDB.UUT_MASTER/U_ICON_INTERFACE/U_CMD1/ctl_reg_reg[0]/C
  -------------------------------------------------------------------    -------------------
    SLICE_X51Y190        FDRE (Prop_HFF_SLICEL_C_Q)
                                                      0.113     3.073 f  dbg_hub/inst/BSCANID.u_xsdbm_id/CORE_XSDB.UUT_MASTER/U_ICON_INTERFACE/U_CMD1/ctl_reg_reg[0]/Q
                         net (fo=176, routed)         0.938     4.010    dbg_hub/inst/BSCANID.u_xsdbm_id/CORE_XSDB.UUT_MASTER/U_XSDB_BUS_CONTROLLER/out[0]
    SLICE_X49Y192        FDCE                                         f  dbg_hub/inst/BSCANID.u_xsdbm_id/CORE_XSDB.UUT_MASTER/U_XSDB_BUS_CONTROLLER/inc_addr_r_reg/CLR
  -------------------------------------------------------------------    -------------------

                         (clock clk_pl_0 rise edge)
                                                     10.000    10.000 r  
    PS8_X0Y0             PS8                          0.000    10.000 r  kria_starter_kit_i/zynq_ultra_ps_e_0/U0/PS8_i/PLCLK[0]
                         net (fo=1, routed)           0.181    10.181    kria_starter_kit_i/zynq_ultra_ps_e_0/U0/pl_clk_unbuffered[0]
    BUFG_PS_X0Y90        BUFG_PS (Prop_BUFG_PS_I_O)
                                                      0.035    10.216 r  kria_starter_kit_i/zynq_ultra_ps_e_0/U0/buffer_pl_clk_0.PL_CLK_0_BUFG/O
    X1Y2 (CLOCK_ROOT)    net (fo=1510, routed)        2.412    12.628    dbg_hub/inst/BSCANID.u_xsdbm_id/CORE_XSDB.UUT_MASTER/U_XSDB_BUS_CONTROLLER/clk
    SLICE_X49Y192        FDCE                                         r  dbg_hub/inst/BSCANID.u_xsdbm_id/CORE_XSDB.UUT_MASTER/U_XSDB_BUS_CONTROLLER/inc_addr_r_reg/C
                         clock pessimism              0.209    12.837    
                         clock uncertainty           -0.160    12.677    
    SLICE_X49Y192        FDCE (Recov_DFF_SLICEL_C_CLR)
                                                     -0.093    12.584    dbg_hub/inst/BSCANID.u_xsdbm_id/CORE_XSDB.UUT_MASTER/U_XSDB_BUS_CONTROLLER/inc_addr_r_reg
  -------------------------------------------------------------------
                         required time                         12.584    
                         arrival time                          -4.010    
  -------------------------------------------------------------------
                         slack                                  8.574    

Slack (MET) :             8.574ns  (required time - arrival time)
  Source:                 dbg_hub/inst/BSCANID.u_xsdbm_id/CORE_XSDB.UUT_MASTER/U_ICON_INTERFACE/U_CMD1/ctl_reg_reg[0]/C
                            (rising edge-triggered cell FDRE clocked by clk_pl_0  {rise@0.000ns fall@5.000ns period=10.000ns})
  Destination:            dbg_hub/inst/BSCANID.u_xsdbm_id/CORE_XSDB.UUT_MASTER/U_XSDB_BUS_CONTROLLER/sl_dwe_r_reg[0]/CLR
                            (recovery check against rising-edge clock clk_pl_0  {rise@0.000ns fall@5.000ns period=10.000ns})
  Path Group:             **async_default**
  Path Type:              Recovery (Max at Slow Process Corner)
  Requirement:            10.000ns  (clk_pl_0 rise@10.000ns - clk_pl_0 rise@0.000ns)
  Data Path Delay:        1.051ns  (logic 0.113ns (10.756%)  route 0.938ns (89.244%))
  Logic Levels:           0  
  Clock Path Skew:        -0.122ns (DCD - SCD + CPR)
    Destination Clock Delay (DCD):    2.628ns = ( 12.628 - 10.000 ) 
    Source Clock Delay      (SCD):    2.960ns
    Clock Pessimism Removal (CPR):    0.209ns
  Clock Uncertainty:      0.160ns  ((TSJ^2 + DJ^2)^1/2) / 2 + PE
    Total System Jitter     (TSJ):    0.071ns
    Discrete Jitter          (DJ):    0.312ns
    Phase Error              (PE):    0.000ns
  Clock Net Delay (Source):      2.693ns (routing 1.401ns, distribution 1.292ns)
  Clock Net Delay (Destination): 2.412ns (routing 1.282ns, distribution 1.130ns)

    Location             Delay type                Incr(ns)  Path(ns)    Netlist Resource(s)
  -------------------------------------------------------------------    -------------------
                         (clock clk_pl_0 rise edge)
                                                      0.000     0.000 r  
    PS8_X0Y0             PS8                          0.000     0.000 r  kria_starter_kit_i/zynq_ultra_ps_e_0/U0/PS8_i/PLCLK[0]
                         net (fo=1, routed)           0.229     0.229    kria_starter_kit_i/zynq_ultra_ps_e_0/U0/pl_clk_unbuffered[0]
    BUFG_PS_X0Y90        BUFG_PS (Prop_BUFG_PS_I_O)
                                                      0.038     0.267 r  kria_starter_kit_i/zynq_ultra_ps_e_0/U0/buffer_pl_clk_0.PL_CLK_0_BUFG/O
    X1Y2 (CLOCK_ROOT)    net (fo=1510, routed)        2.693     2.960    dbg_hub/inst/BSCANID.u_xsdbm_id/CORE_XSDB.UUT_MASTER/U_ICON_INTERFACE/U_CMD1/clk
    SLICE_X51Y190        FDRE                                         r  dbg_hub/inst/BSCANID.u_xsdbm_id/CORE_XSDB.UUT_MASTER/U_ICON_INTERFACE/U_CMD1/ctl_reg_reg[0]/C
  -------------------------------------------------------------------    -------------------
    SLICE_X51Y190        FDRE (Prop_HFF_SLICEL_C_Q)
                                                      0.113     3.073 f  dbg_hub/inst/BSCANID.u_xsdbm_id/CORE_XSDB.UUT_MASTER/U_ICON_INTERFACE/U_CMD1/ctl_reg_reg[0]/Q
                         net (fo=176, routed)         0.938     4.010    dbg_hub/inst/BSCANID.u_xsdbm_id/CORE_XSDB.UUT_MASTER/U_XSDB_BUS_CONTROLLER/out[0]
    SLICE_X49Y192        FDCE                                         f  dbg_hub/inst/BSCANID.u_xsdbm_id/CORE_XSDB.UUT_MASTER/U_XSDB_BUS_CONTROLLER/sl_dwe_r_reg[0]/CLR
  -------------------------------------------------------------------    -------------------

                         (clock clk_pl_0 rise edge)
                                                     10.000    10.000 r  
    PS8_X0Y0             PS8                          0.000    10.000 r  kria_starter_kit_i/zynq_ultra_ps_e_0/U0/PS8_i/PLCLK[0]
                         net (fo=1, routed)           0.181    10.181    kria_starter_kit_i/zynq_ultra_ps_e_0/U0/pl_clk_unbuffered[0]
    BUFG_PS_X0Y90        BUFG_PS (Prop_BUFG_PS_I_O)
                                                      0.035    10.216 r  kria_starter_kit_i/zynq_ultra_ps_e_0/U0/buffer_pl_clk_0.PL_CLK_0_BUFG/O
    X1Y2 (CLOCK_ROOT)    net (fo=1510, routed)        2.412    12.628    dbg_hub/inst/BSCANID.u_xsdbm_id/CORE_XSDB.UUT_MASTER/U_XSDB_BUS_CONTROLLER/clk
    SLICE_X49Y192        FDCE                                         r  dbg_hub/inst/BSCANID.u_xsdbm_id/CORE_XSDB.UUT_MASTER/U_XSDB_BUS_CONTROLLER/sl_dwe_r_reg[0]/C
                         clock pessimism              0.209    12.837    
                         clock uncertainty           -0.160    12.677    
    SLICE_X49Y192        FDCE (Recov_CFF_SLICEL_C_CLR)
                                                     -0.093    12.584    dbg_hub/inst/BSCANID.u_xsdbm_id/CORE_XSDB.UUT_MASTER/U_XSDB_BUS_CONTROLLER/sl_dwe_r_reg[0]
  -------------------------------------------------------------------
                         required time                         12.584    
                         arrival time                          -4.010    
  -------------------------------------------------------------------
                         slack                                  8.574    

Slack (MET) :             8.632ns  (required time - arrival time)
  Source:                 dbg_hub/inst/BSCANID.u_xsdbm_id/CORE_XSDB.UUT_MASTER/U_ICON_INTERFACE/U_CMD6_RD/U_RD_FIFO/SUBCORE_FIFO.xsdbm_v3_0_2_rdfifo_inst/inst_fifo_gen/gconvfifo.rf/grf.rf/rstblk/ngwrdrst.grst.g7serrst.wr_rst_reg_reg[1]/C
                            (rising edge-triggered cell FDPE clocked by clk_pl_0  {rise@0.000ns fall@5.000ns period=10.000ns})
  Destination:            dbg_hub/inst/BSCANID.u_xsdbm_id/CORE_XSDB.UUT_MASTER/U_ICON_INTERFACE/U_CMD6_RD/U_RD_FIFO/SUBCORE_FIFO.xsdbm_v3_0_2_rdfifo_inst/inst_fifo_gen/gconvfifo.rf/grf.rf/gntv_or_sync_fifo.gl0.wr/wpntr/gic0.gc0.count_d1_reg[1]/CLR
                            (recovery check against rising-edge clock clk_pl_0  {rise@0.000ns fall@5.000ns period=10.000ns})
  Path Group:             **async_default**
  Path Type:              Recovery (Max at Slow Process Corner)
  Requirement:            10.000ns  (clk_pl_0 rise@10.000ns - clk_pl_0 rise@0.000ns)
  Data Path Delay:        1.049ns  (logic 0.116ns (11.057%)  route 0.933ns (88.943%))
  Logic Levels:           0  
  Clock Path Skew:        -0.066ns (DCD - SCD + CPR)
    Destination Clock Delay (DCD):    2.630ns = ( 12.630 - 10.000 ) 
    Source Clock Delay      (SCD):    2.966ns
    Clock Pessimism Removal (CPR):    0.270ns
  Clock Uncertainty:      0.160ns  ((TSJ^2 + DJ^2)^1/2) / 2 + PE
    Total System Jitter     (TSJ):    0.071ns
    Discrete Jitter          (DJ):    0.312ns
    Phase Error              (PE):    0.000ns
  Clock Net Delay (Source):      2.699ns (routing 1.401ns, distribution 1.298ns)
  Clock Net Delay (Destination): 2.414ns (routing 1.282ns, distribution 1.132ns)

    Location             Delay type                Incr(ns)  Path(ns)    Netlist Resource(s)
  -------------------------------------------------------------------    -------------------
                         (clock clk_pl_0 rise edge)
                                                      0.000     0.000 r  
    PS8_X0Y0             PS8                          0.000     0.000 r  kria_starter_kit_i/zynq_ultra_ps_e_0/U0/PS8_i/PLCLK[0]
                         net (fo=1, routed)           0.229     0.229    kria_starter_kit_i/zynq_ultra_ps_e_0/U0/pl_clk_unbuffered[0]
    BUFG_PS_X0Y90        BUFG_PS (Prop_BUFG_PS_I_O)
                                                      0.038     0.267 r  kria_starter_kit_i/zynq_ultra_ps_e_0/U0/buffer_pl_clk_0.PL_CLK_0_BUFG/O
    X1Y2 (CLOCK_ROOT)    net (fo=1510, routed)        2.699     2.966    dbg_hub/inst/BSCANID.u_xsdbm_id/CORE_XSDB.UUT_MASTER/U_ICON_INTERFACE/U_CMD6_RD/U_RD_FIFO/SUBCORE_FIFO.xsdbm_v3_0_2_rdfifo_inst/inst_fifo_gen/gconvfifo.rf/grf.rf/rstblk/wr_clk
    SLICE_X51Y201        FDPE                                         r  dbg_hub/inst/BSCANID.u_xsdbm_id/CORE_XSDB.UUT_MASTER/U_ICON_INTERFACE/U_CMD6_RD/U_RD_FIFO/SUBCORE_FIFO.xsdbm_v3_0_2_rdfifo_inst/inst_fifo_gen/gconvfifo.rf/grf.rf/rstblk/ngwrdrst.grst.g7serrst.wr_rst_reg_reg[1]/C
  -------------------------------------------------------------------    -------------------
    SLICE_X51Y201        FDPE (Prop_EFF2_SLICEL_C_Q)
                                                      0.116     3.082 f  dbg_hub/inst/BSCANID.u_xsdbm_id/CORE_XSDB.UUT_MASTER/U_ICON_INTERFACE/U_CMD6_RD/U_RD_FIFO/SUBCORE_FIFO.xsdbm_v3_0_2_rdfifo_inst/inst_fifo_gen/gconvfifo.rf/grf.rf/rstblk/ngwrdrst.grst.g7serrst.wr_rst_reg_reg[1]/Q
                         net (fo=12, routed)          0.933     4.015    dbg_hub/inst/BSCANID.u_xsdbm_id/CORE_XSDB.UUT_MASTER/U_ICON_INTERFACE/U_CMD6_RD/U_RD_FIFO/SUBCORE_FIFO.xsdbm_v3_0_2_rdfifo_inst/inst_fifo_gen/gconvfifo.rf/grf.rf/gntv_or_sync_fifo.gl0.wr/wpntr/gic0.gc0.count_reg[0]_0[0]
    SLICE_X50Y199        FDCE                                         f  dbg_hub/inst/BSCANID.u_xsdbm_id/CORE_XSDB.UUT_MASTER/U_ICON_INTERFACE/U_CMD6_RD/U_RD_FIFO/SUBCORE_FIFO.xsdbm_v3_0_2_rdfifo_inst/inst_fifo_gen/gconvfifo.rf/grf.rf/gntv_or_sync_fifo.gl0.wr/wpntr/gic0.gc0.count_d1_reg[1]/CLR
  -------------------------------------------------------------------    -------------------

                         (clock clk_pl_0 rise edge)
                                                     10.000    10.000 r  
    PS8_X0Y0             PS8                          0.000    10.000 r  kria_starter_kit_i/zynq_ultra_ps_e_0/U0/PS8_i/PLCLK[0]
                         net (fo=1, routed)           0.181    10.181    kria_starter_kit_i/zynq_ultra_ps_e_0/U0/pl_clk_unbuffered[0]
    BUFG_PS_X0Y90        BUFG_PS (Prop_BUFG_PS_I_O)
                                                      0.035    10.216 r  kria_starter_kit_i/zynq_ultra_ps_e_0/U0/buffer_pl_clk_0.PL_CLK_0_BUFG/O
    X1Y2 (CLOCK_ROOT)    net (fo=1510, routed)        2.414    12.630    dbg_hub/inst/BSCANID.u_xsdbm_id/CORE_XSDB.UUT_MASTER/U_ICON_INTERFACE/U_CMD6_RD/U_RD_FIFO/SUBCORE_FIFO.xsdbm_v3_0_2_rdfifo_inst/inst_fifo_gen/gconvfifo.rf/grf.rf/gntv_or_sync_fifo.gl0.wr/wpntr/wr_clk
    SLICE_X50Y199        FDCE                                         r  dbg_hub/inst/BSCANID.u_xsdbm_id/CORE_XSDB.UUT_MASTER/U_ICON_INTERFACE/U_CMD6_RD/U_RD_FIFO/SUBCORE_FIFO.xsdbm_v3_0_2_rdfifo_inst/inst_fifo_gen/gconvfifo.rf/grf.rf/gntv_or_sync_fifo.gl0.wr/wpntr/gic0.gc0.count_d1_reg[1]/C
                         clock pessimism              0.270    12.900    
                         clock uncertainty           -0.160    12.740    
    SLICE_X50Y199        FDCE (Recov_AFF_SLICEL_C_CLR)
                                                     -0.093    12.647    dbg_hub/inst/BSCANID.u_xsdbm_id/CORE_XSDB.UUT_MASTER/U_ICON_INTERFACE/U_CMD6_RD/U_RD_FIFO/SUBCORE_FIFO.xsdbm_v3_0_2_rdfifo_inst/inst_fifo_gen/gconvfifo.rf/grf.rf/gntv_or_sync_fifo.gl0.wr/wpntr/gic0.gc0.count_d1_reg[1]
  -------------------------------------------------------------------
                         required time                         12.647    
                         arrival time                          -4.015    
  -------------------------------------------------------------------
                         slack                                  8.632    

Slack (MET) :             8.632ns  (required time - arrival time)
  Source:                 dbg_hub/inst/BSCANID.u_xsdbm_id/CORE_XSDB.UUT_MASTER/U_ICON_INTERFACE/U_CMD6_RD/U_RD_FIFO/SUBCORE_FIFO.xsdbm_v3_0_2_rdfifo_inst/inst_fifo_gen/gconvfifo.rf/grf.rf/rstblk/ngwrdrst.grst.g7serrst.wr_rst_reg_reg[1]/C
                            (rising edge-triggered cell FDPE clocked by clk_pl_0  {rise@0.000ns fall@5.000ns period=10.000ns})
  Destination:            dbg_hub/inst/BSCANID.u_xsdbm_id/CORE_XSDB.UUT_MASTER/U_ICON_INTERFACE/U_CMD6_RD/U_RD_FIFO/SUBCORE_FIFO.xsdbm_v3_0_2_rdfifo_inst/inst_fifo_gen/gconvfifo.rf/grf.rf/gntv_or_sync_fifo.gl0.wr/wpntr/gic0.gc0.count_d1_reg[2]/CLR
                            (recovery check against rising-edge clock clk_pl_0  {rise@0.000ns fall@5.000ns period=10.000ns})
  Path Group:             **async_default**
  Path Type:              Recovery (Max at Slow Process Corner)
  Requirement:            10.000ns  (clk_pl_0 rise@10.000ns - clk_pl_0 rise@0.000ns)
  Data Path Delay:        1.049ns  (logic 0.116ns (11.057%)  route 0.933ns (88.943%))
  Logic Levels:           0  
  Clock Path Skew:        -0.066ns (DCD - SCD + CPR)
    Destination Clock Delay (DCD):    2.630ns = ( 12.630 - 10.000 ) 
    Source Clock Delay      (SCD):    2.966ns
    Clock Pessimism Removal (CPR):    0.270ns
  Clock Uncertainty:      0.160ns  ((TSJ^2 + DJ^2)^1/2) / 2 + PE
    Total System Jitter     (TSJ):    0.071ns
    Discrete Jitter          (DJ):    0.312ns
    Phase Error              (PE):    0.000ns
  Clock Net Delay (Source):      2.699ns (routing 1.401ns, distribution 1.298ns)
  Clock Net Delay (Destination): 2.414ns (routing 1.282ns, distribution 1.132ns)

    Location             Delay type                Incr(ns)  Path(ns)    Netlist Resource(s)
  -------------------------------------------------------------------    -------------------
                         (clock clk_pl_0 rise edge)
                                                      0.000     0.000 r  
    PS8_X0Y0             PS8                          0.000     0.000 r  kria_starter_kit_i/zynq_ultra_ps_e_0/U0/PS8_i/PLCLK[0]
                         net (fo=1, routed)           0.229     0.229    kria_starter_kit_i/zynq_ultra_ps_e_0/U0/pl_clk_unbuffered[0]
    BUFG_PS_X0Y90        BUFG_PS (Prop_BUFG_PS_I_O)
                                                      0.038     0.267 r  kria_starter_kit_i/zynq_ultra_ps_e_0/U0/buffer_pl_clk_0.PL_CLK_0_BUFG/O
    X1Y2 (CLOCK_ROOT)    net (fo=1510, routed)        2.699     2.966    dbg_hub/inst/BSCANID.u_xsdbm_id/CORE_XSDB.UUT_MASTER/U_ICON_INTERFACE/U_CMD6_RD/U_RD_FIFO/SUBCORE_FIFO.xsdbm_v3_0_2_rdfifo_inst/inst_fifo_gen/gconvfifo.rf/grf.rf/rstblk/wr_clk
    SLICE_X51Y201        FDPE                                         r  dbg_hub/inst/BSCANID.u_xsdbm_id/CORE_XSDB.UUT_MASTER/U_ICON_INTERFACE/U_CMD6_RD/U_RD_FIFO/SUBCORE_FIFO.xsdbm_v3_0_2_rdfifo_inst/inst_fifo_gen/gconvfifo.rf/grf.rf/rstblk/ngwrdrst.grst.g7serrst.wr_rst_reg_reg[1]/C
  -------------------------------------------------------------------    -------------------
    SLICE_X51Y201        FDPE (Prop_EFF2_SLICEL_C_Q)
                                                      0.116     3.082 f  dbg_hub/inst/BSCANID.u_xsdbm_id/CORE_XSDB.UUT_MASTER/U_ICON_INTERFACE/U_CMD6_RD/U_RD_FIFO/SUBCORE_FIFO.xsdbm_v3_0_2_rdfifo_inst/inst_fifo_gen/gconvfifo.rf/grf.rf/rstblk/ngwrdrst.grst.g7serrst.wr_rst_reg_reg[1]/Q
                         net (fo=12, routed)          0.933     4.015    dbg_hub/inst/BSCANID.u_xsdbm_id/CORE_XSDB.UUT_MASTER/U_ICON_INTERFACE/U_CMD6_RD/U_RD_FIFO/SUBCORE_FIFO.xsdbm_v3_0_2_rdfifo_inst/inst_fifo_gen/gconvfifo.rf/grf.rf/gntv_or_sync_fifo.gl0.wr/wpntr/gic0.gc0.count_reg[0]_0[0]
    SLICE_X50Y199        FDCE                                         f  dbg_hub/inst/BSCANID.u_xsdbm_id/CORE_XSDB.UUT_MASTER/U_ICON_INTERFACE/U_CMD6_RD/U_RD_FIFO/SUBCORE_FIFO.xsdbm_v3_0_2_rdfifo_inst/inst_fifo_gen/gconvfifo.rf/grf.rf/gntv_or_sync_fifo.gl0.wr/wpntr/gic0.gc0.count_d1_reg[2]/CLR
  -------------------------------------------------------------------    -------------------

                         (clock clk_pl_0 rise edge)
                                                     10.000    10.000 r  
    PS8_X0Y0             PS8                          0.000    10.000 r  kria_starter_kit_i/zynq_ultra_ps_e_0/U0/PS8_i/PLCLK[0]
                         net (fo=1, routed)           0.181    10.181    kria_starter_kit_i/zynq_ultra_ps_e_0/U0/pl_clk_unbuffered[0]
    BUFG_PS_X0Y90        BUFG_PS (Prop_BUFG_PS_I_O)
                                                      0.035    10.216 r  kria_starter_kit_i/zynq_ultra_ps_e_0/U0/buffer_pl_clk_0.PL_CLK_0_BUFG/O
    X1Y2 (CLOCK_ROOT)    net (fo=1510, routed)        2.414    12.630    dbg_hub/inst/BSCANID.u_xsdbm_id/CORE_XSDB.UUT_MASTER/U_ICON_INTERFACE/U_CMD6_RD/U_RD_FIFO/SUBCORE_FIFO.xsdbm_v3_0_2_rdfifo_inst/inst_fifo_gen/gconvfifo.rf/grf.rf/gntv_or_sync_fifo.gl0.wr/wpntr/wr_clk
    SLICE_X50Y199        FDCE                                         r  dbg_hub/inst/BSCANID.u_xsdbm_id/CORE_XSDB.UUT_MASTER/U_ICON_INTERFACE/U_CMD6_RD/U_RD_FIFO/SUBCORE_FIFO.xsdbm_v3_0_2_rdfifo_inst/inst_fifo_gen/gconvfifo.rf/grf.rf/gntv_or_sync_fifo.gl0.wr/wpntr/gic0.gc0.count_d1_reg[2]/C
                         clock pessimism              0.270    12.900    
                         clock uncertainty           -0.160    12.740    
    SLICE_X50Y199        FDCE (Recov_AFF2_SLICEL_C_CLR)
                                                     -0.093    12.647    dbg_hub/inst/BSCANID.u_xsdbm_id/CORE_XSDB.UUT_MASTER/U_ICON_INTERFACE/U_CMD6_RD/U_RD_FIFO/SUBCORE_FIFO.xsdbm_v3_0_2_rdfifo_inst/inst_fifo_gen/gconvfifo.rf/grf.rf/gntv_or_sync_fifo.gl0.wr/wpntr/gic0.gc0.count_d1_reg[2]
  -------------------------------------------------------------------
                         required time                         12.647    
                         arrival time                          -4.015    
  -------------------------------------------------------------------
                         slack                                  8.632    

Slack (MET) :             8.632ns  (required time - arrival time)
  Source:                 dbg_hub/inst/BSCANID.u_xsdbm_id/CORE_XSDB.UUT_MASTER/U_ICON_INTERFACE/U_CMD6_RD/U_RD_FIFO/SUBCORE_FIFO.xsdbm_v3_0_2_rdfifo_inst/inst_fifo_gen/gconvfifo.rf/grf.rf/rstblk/ngwrdrst.grst.g7serrst.wr_rst_reg_reg[1]/C
                            (rising edge-triggered cell FDPE clocked by clk_pl_0  {rise@0.000ns fall@5.000ns period=10.000ns})
  Destination:            dbg_hub/inst/BSCANID.u_xsdbm_id/CORE_XSDB.UUT_MASTER/U_ICON_INTERFACE/U_CMD6_RD/U_RD_FIFO/SUBCORE_FIFO.xsdbm_v3_0_2_rdfifo_inst/inst_fifo_gen/gconvfifo.rf/grf.rf/gntv_or_sync_fifo.gl0.wr/wpntr/gic0.gc0.count_d1_reg[3]/CLR
                            (recovery check against rising-edge clock clk_pl_0  {rise@0.000ns fall@5.000ns period=10.000ns})
  Path Group:             **async_default**
  Path Type:              Recovery (Max at Slow Process Corner)
  Requirement:            10.000ns  (clk_pl_0 rise@10.000ns - clk_pl_0 rise@0.000ns)
  Data Path Delay:        1.049ns  (logic 0.116ns (11.057%)  route 0.933ns (88.943%))
  Logic Levels:           0  
  Clock Path Skew:        -0.066ns (DCD - SCD + CPR)
    Destination Clock Delay (DCD):    2.630ns = ( 12.630 - 10.000 ) 
    Source Clock Delay      (SCD):    2.966ns
    Clock Pessimism Removal (CPR):    0.270ns
  Clock Uncertainty:      0.160ns  ((TSJ^2 + DJ^2)^1/2) / 2 + PE
    Total System Jitter     (TSJ):    0.071ns
    Discrete Jitter          (DJ):    0.312ns
    Phase Error              (PE):    0.000ns
  Clock Net Delay (Source):      2.699ns (routing 1.401ns, distribution 1.298ns)
  Clock Net Delay (Destination): 2.414ns (routing 1.282ns, distribution 1.132ns)

    Location             Delay type                Incr(ns)  Path(ns)    Netlist Resource(s)
  -------------------------------------------------------------------    -------------------
                         (clock clk_pl_0 rise edge)
                                                      0.000     0.000 r  
    PS8_X0Y0             PS8                          0.000     0.000 r  kria_starter_kit_i/zynq_ultra_ps_e_0/U0/PS8_i/PLCLK[0]
                         net (fo=1, routed)           0.229     0.229    kria_starter_kit_i/zynq_ultra_ps_e_0/U0/pl_clk_unbuffered[0]
    BUFG_PS_X0Y90        BUFG_PS (Prop_BUFG_PS_I_O)
                                                      0.038     0.267 r  kria_starter_kit_i/zynq_ultra_ps_e_0/U0/buffer_pl_clk_0.PL_CLK_0_BUFG/O
    X1Y2 (CLOCK_ROOT)    net (fo=1510, routed)        2.699     2.966    dbg_hub/inst/BSCANID.u_xsdbm_id/CORE_XSDB.UUT_MASTER/U_ICON_INTERFACE/U_CMD6_RD/U_RD_FIFO/SUBCORE_FIFO.xsdbm_v3_0_2_rdfifo_inst/inst_fifo_gen/gconvfifo.rf/grf.rf/rstblk/wr_clk
    SLICE_X51Y201        FDPE                                         r  dbg_hub/inst/BSCANID.u_xsdbm_id/CORE_XSDB.UUT_MASTER/U_ICON_INTERFACE/U_CMD6_RD/U_RD_FIFO/SUBCORE_FIFO.xsdbm_v3_0_2_rdfifo_inst/inst_fifo_gen/gconvfifo.rf/grf.rf/rstblk/ngwrdrst.grst.g7serrst.wr_rst_reg_reg[1]/C
  -------------------------------------------------------------------    -------------------
    SLICE_X51Y201        FDPE (Prop_EFF2_SLICEL_C_Q)
                                                      0.116     3.082 f  dbg_hub/inst/BSCANID.u_xsdbm_id/CORE_XSDB.UUT_MASTER/U_ICON_INTERFACE/U_CMD6_RD/U_RD_FIFO/SUBCORE_FIFO.xsdbm_v3_0_2_rdfifo_inst/inst_fifo_gen/gconvfifo.rf/grf.rf/rstblk/ngwrdrst.grst.g7serrst.wr_rst_reg_reg[1]/Q
                         net (fo=12, routed)          0.933     4.015    dbg_hub/inst/BSCANID.u_xsdbm_id/CORE_XSDB.UUT_MASTER/U_ICON_INTERFACE/U_CMD6_RD/U_RD_FIFO/SUBCORE_FIFO.xsdbm_v3_0_2_rdfifo_inst/inst_fifo_gen/gconvfifo.rf/grf.rf/gntv_or_sync_fifo.gl0.wr/wpntr/gic0.gc0.count_reg[0]_0[0]
    SLICE_X50Y199        FDCE                                         f  dbg_hub/inst/BSCANID.u_xsdbm_id/CORE_XSDB.UUT_MASTER/U_ICON_INTERFACE/U_CMD6_RD/U_RD_FIFO/SUBCORE_FIFO.xsdbm_v3_0_2_rdfifo_inst/inst_fifo_gen/gconvfifo.rf/grf.rf/gntv_or_sync_fifo.gl0.wr/wpntr/gic0.gc0.count_d1_reg[3]/CLR
  -------------------------------------------------------------------    -------------------

                         (clock clk_pl_0 rise edge)
                                                     10.000    10.000 r  
    PS8_X0Y0             PS8                          0.000    10.000 r  kria_starter_kit_i/zynq_ultra_ps_e_0/U0/PS8_i/PLCLK[0]
                         net (fo=1, routed)           0.181    10.181    kria_starter_kit_i/zynq_ultra_ps_e_0/U0/pl_clk_unbuffered[0]
    BUFG_PS_X0Y90        BUFG_PS (Prop_BUFG_PS_I_O)
                                                      0.035    10.216 r  kria_starter_kit_i/zynq_ultra_ps_e_0/U0/buffer_pl_clk_0.PL_CLK_0_BUFG/O
    X1Y2 (CLOCK_ROOT)    net (fo=1510, routed)        2.414    12.630    dbg_hub/inst/BSCANID.u_xsdbm_id/CORE_XSDB.UUT_MASTER/U_ICON_INTERFACE/U_CMD6_RD/U_RD_FIFO/SUBCORE_FIFO.xsdbm_v3_0_2_rdfifo_inst/inst_fifo_gen/gconvfifo.rf/grf.rf/gntv_or_sync_fifo.gl0.wr/wpntr/wr_clk
    SLICE_X50Y199        FDCE                                         r  dbg_hub/inst/BSCANID.u_xsdbm_id/CORE_XSDB.UUT_MASTER/U_ICON_INTERFACE/U_CMD6_RD/U_RD_FIFO/SUBCORE_FIFO.xsdbm_v3_0_2_rdfifo_inst/inst_fifo_gen/gconvfifo.rf/grf.rf/gntv_or_sync_fifo.gl0.wr/wpntr/gic0.gc0.count_d1_reg[3]/C
                         clock pessimism              0.270    12.900    
                         clock uncertainty           -0.160    12.740    
    SLICE_X50Y199        FDCE (Recov_BFF_SLICEL_C_CLR)
                                                     -0.093    12.647    dbg_hub/inst/BSCANID.u_xsdbm_id/CORE_XSDB.UUT_MASTER/U_ICON_INTERFACE/U_CMD6_RD/U_RD_FIFO/SUBCORE_FIFO.xsdbm_v3_0_2_rdfifo_inst/inst_fifo_gen/gconvfifo.rf/grf.rf/gntv_or_sync_fifo.gl0.wr/wpntr/gic0.gc0.count_d1_reg[3]
  -------------------------------------------------------------------
                         required time                         12.647    
                         arrival time                          -4.015    
  -------------------------------------------------------------------
                         slack                                  8.632    

Slack (MET) :             8.632ns  (required time - arrival time)
  Source:                 dbg_hub/inst/BSCANID.u_xsdbm_id/CORE_XSDB.UUT_MASTER/U_ICON_INTERFACE/U_CMD6_RD/U_RD_FIFO/SUBCORE_FIFO.xsdbm_v3_0_2_rdfifo_inst/inst_fifo_gen/gconvfifo.rf/grf.rf/rstblk/ngwrdrst.grst.g7serrst.wr_rst_reg_reg[1]/C
                            (rising edge-triggered cell FDPE clocked by clk_pl_0  {rise@0.000ns fall@5.000ns period=10.000ns})
  Destination:            dbg_hub/inst/BSCANID.u_xsdbm_id/CORE_XSDB.UUT_MASTER/U_ICON_INTERFACE/U_CMD6_RD/U_RD_FIFO/SUBCORE_FIFO.xsdbm_v3_0_2_rdfifo_inst/inst_fifo_gen/gconvfifo.rf/grf.rf/gntv_or_sync_fifo.gl0.wr/wpntr/gic0.gc0.count_d2_reg[2]/CLR
                            (recovery check against rising-edge clock clk_pl_0  {rise@0.000ns fall@5.000ns period=10.000ns})
  Path Group:             **async_default**
  Path Type:              Recovery (Max at Slow Process Corner)
  Requirement:            10.000ns  (clk_pl_0 rise@10.000ns - clk_pl_0 rise@0.000ns)
  Data Path Delay:        1.049ns  (logic 0.116ns (11.057%)  route 0.933ns (88.943%))
  Logic Levels:           0  
  Clock Path Skew:        -0.066ns (DCD - SCD + CPR)
    Destination Clock Delay (DCD):    2.630ns = ( 12.630 - 10.000 ) 
    Source Clock Delay      (SCD):    2.966ns
    Clock Pessimism Removal (CPR):    0.270ns
  Clock Uncertainty:      0.160ns  ((TSJ^2 + DJ^2)^1/2) / 2 + PE
    Total System Jitter     (TSJ):    0.071ns
    Discrete Jitter          (DJ):    0.312ns
    Phase Error              (PE):    0.000ns
  Clock Net Delay (Source):      2.699ns (routing 1.401ns, distribution 1.298ns)
  Clock Net Delay (Destination): 2.414ns (routing 1.282ns, distribution 1.132ns)

    Location             Delay type                Incr(ns)  Path(ns)    Netlist Resource(s)
  -------------------------------------------------------------------    -------------------
                         (clock clk_pl_0 rise edge)
                                                      0.000     0.000 r  
    PS8_X0Y0             PS8                          0.000     0.000 r  kria_starter_kit_i/zynq_ultra_ps_e_0/U0/PS8_i/PLCLK[0]
                         net (fo=1, routed)           0.229     0.229    kria_starter_kit_i/zynq_ultra_ps_e_0/U0/pl_clk_unbuffered[0]
    BUFG_PS_X0Y90        BUFG_PS (Prop_BUFG_PS_I_O)
                                                      0.038     0.267 r  kria_starter_kit_i/zynq_ultra_ps_e_0/U0/buffer_pl_clk_0.PL_CLK_0_BUFG/O
    X1Y2 (CLOCK_ROOT)    net (fo=1510, routed)        2.699     2.966    dbg_hub/inst/BSCANID.u_xsdbm_id/CORE_XSDB.UUT_MASTER/U_ICON_INTERFACE/U_CMD6_RD/U_RD_FIFO/SUBCORE_FIFO.xsdbm_v3_0_2_rdfifo_inst/inst_fifo_gen/gconvfifo.rf/grf.rf/rstblk/wr_clk
    SLICE_X51Y201        FDPE                                         r  dbg_hub/inst/BSCANID.u_xsdbm_id/CORE_XSDB.UUT_MASTER/U_ICON_INTERFACE/U_CMD6_RD/U_RD_FIFO/SUBCORE_FIFO.xsdbm_v3_0_2_rdfifo_inst/inst_fifo_gen/gconvfifo.rf/grf.rf/rstblk/ngwrdrst.grst.g7serrst.wr_rst_reg_reg[1]/C
  -------------------------------------------------------------------    -------------------
    SLICE_X51Y201        FDPE (Prop_EFF2_SLICEL_C_Q)
                                                      0.116     3.082 f  dbg_hub/inst/BSCANID.u_xsdbm_id/CORE_XSDB.UUT_MASTER/U_ICON_INTERFACE/U_CMD6_RD/U_RD_FIFO/SUBCORE_FIFO.xsdbm_v3_0_2_rdfifo_inst/inst_fifo_gen/gconvfifo.rf/grf.rf/rstblk/ngwrdrst.grst.g7serrst.wr_rst_reg_reg[1]/Q
                         net (fo=12, routed)          0.933     4.015    dbg_hub/inst/BSCANID.u_xsdbm_id/CORE_XSDB.UUT_MASTER/U_ICON_INTERFACE/U_CMD6_RD/U_RD_FIFO/SUBCORE_FIFO.xsdbm_v3_0_2_rdfifo_inst/inst_fifo_gen/gconvfifo.rf/grf.rf/gntv_or_sync_fifo.gl0.wr/wpntr/gic0.gc0.count_reg[0]_0[0]
    SLICE_X50Y199        FDCE                                         f  dbg_hub/inst/BSCANID.u_xsdbm_id/CORE_XSDB.UUT_MASTER/U_ICON_INTERFACE/U_CMD6_RD/U_RD_FIFO/SUBCORE_FIFO.xsdbm_v3_0_2_rdfifo_inst/inst_fifo_gen/gconvfifo.rf/grf.rf/gntv_or_sync_fifo.gl0.wr/wpntr/gic0.gc0.count_d2_reg[2]/CLR
  -------------------------------------------------------------------    -------------------

                         (clock clk_pl_0 rise edge)
                                                     10.000    10.000 r  
    PS8_X0Y0             PS8                          0.000    10.000 r  kria_starter_kit_i/zynq_ultra_ps_e_0/U0/PS8_i/PLCLK[0]
                         net (fo=1, routed)           0.181    10.181    kria_starter_kit_i/zynq_ultra_ps_e_0/U0/pl_clk_unbuffered[0]
    BUFG_PS_X0Y90        BUFG_PS (Prop_BUFG_PS_I_O)
                                                      0.035    10.216 r  kria_starter_kit_i/zynq_ultra_ps_e_0/U0/buffer_pl_clk_0.PL_CLK_0_BUFG/O
    X1Y2 (CLOCK_ROOT)    net (fo=1510, routed)        2.414    12.630    dbg_hub/inst/BSCANID.u_xsdbm_id/CORE_XSDB.UUT_MASTER/U_ICON_INTERFACE/U_CMD6_RD/U_RD_FIFO/SUBCORE_FIFO.xsdbm_v3_0_2_rdfifo_inst/inst_fifo_gen/gconvfifo.rf/grf.rf/gntv_or_sync_fifo.gl0.wr/wpntr/wr_clk
    SLICE_X50Y199        FDCE                                         r  dbg_hub/inst/BSCANID.u_xsdbm_id/CORE_XSDB.UUT_MASTER/U_ICON_INTERFACE/U_CMD6_RD/U_RD_FIFO/SUBCORE_FIFO.xsdbm_v3_0_2_rdfifo_inst/inst_fifo_gen/gconvfifo.rf/grf.rf/gntv_or_sync_fifo.gl0.wr/wpntr/gic0.gc0.count_d2_reg[2]/C
                         clock pessimism              0.270    12.900    
                         clock uncertainty           -0.160    12.740    
    SLICE_X50Y199        FDCE (Recov_BFF2_SLICEL_C_CLR)
                                                     -0.093    12.647    dbg_hub/inst/BSCANID.u_xsdbm_id/CORE_XSDB.UUT_MASTER/U_ICON_INTERFACE/U_CMD6_RD/U_RD_FIFO/SUBCORE_FIFO.xsdbm_v3_0_2_rdfifo_inst/inst_fifo_gen/gconvfifo.rf/grf.rf/gntv_or_sync_fifo.gl0.wr/wpntr/gic0.gc0.count_d2_reg[2]
  -------------------------------------------------------------------
                         required time                         12.647    
                         arrival time                          -4.015    
  -------------------------------------------------------------------
                         slack                                  8.632    

Slack (MET) :             8.632ns  (required time - arrival time)
  Source:                 dbg_hub/inst/BSCANID.u_xsdbm_id/CORE_XSDB.UUT_MASTER/U_ICON_INTERFACE/U_CMD6_RD/U_RD_FIFO/SUBCORE_FIFO.xsdbm_v3_0_2_rdfifo_inst/inst_fifo_gen/gconvfifo.rf/grf.rf/rstblk/ngwrdrst.grst.g7serrst.wr_rst_reg_reg[1]/C
                            (rising edge-triggered cell FDPE clocked by clk_pl_0  {rise@0.000ns fall@5.000ns period=10.000ns})
  Destination:            dbg_hub/inst/BSCANID.u_xsdbm_id/CORE_XSDB.UUT_MASTER/U_ICON_INTERFACE/U_CMD6_RD/U_RD_FIFO/SUBCORE_FIFO.xsdbm_v3_0_2_rdfifo_inst/inst_fifo_gen/gconvfifo.rf/grf.rf/gntv_or_sync_fifo.gl0.wr/wpntr/gic0.gc0.count_d2_reg[3]/CLR
                            (recovery check against rising-edge clock clk_pl_0  {rise@0.000ns fall@5.000ns period=10.000ns})
  Path Group:             **async_default**
  Path Type:              Recovery (Max at Slow Process Corner)
  Requirement:            10.000ns  (clk_pl_0 rise@10.000ns - clk_pl_0 rise@0.000ns)
  Data Path Delay:        1.049ns  (logic 0.116ns (11.057%)  route 0.933ns (88.943%))
  Logic Levels:           0  
  Clock Path Skew:        -0.066ns (DCD - SCD + CPR)
    Destination Clock Delay (DCD):    2.630ns = ( 12.630 - 10.000 ) 
    Source Clock Delay      (SCD):    2.966ns
    Clock Pessimism Removal (CPR):    0.270ns
  Clock Uncertainty:      0.160ns  ((TSJ^2 + DJ^2)^1/2) / 2 + PE
    Total System Jitter     (TSJ):    0.071ns
    Discrete Jitter          (DJ):    0.312ns
    Phase Error              (PE):    0.000ns
  Clock Net Delay (Source):      2.699ns (routing 1.401ns, distribution 1.298ns)
  Clock Net Delay (Destination): 2.414ns (routing 1.282ns, distribution 1.132ns)

    Location             Delay type                Incr(ns)  Path(ns)    Netlist Resource(s)
  -------------------------------------------------------------------    -------------------
                         (clock clk_pl_0 rise edge)
                                                      0.000     0.000 r  
    PS8_X0Y0             PS8                          0.000     0.000 r  kria_starter_kit_i/zynq_ultra_ps_e_0/U0/PS8_i/PLCLK[0]
                         net (fo=1, routed)           0.229     0.229    kria_starter_kit_i/zynq_ultra_ps_e_0/U0/pl_clk_unbuffered[0]
    BUFG_PS_X0Y90        BUFG_PS (Prop_BUFG_PS_I_O)
                                                      0.038     0.267 r  kria_starter_kit_i/zynq_ultra_ps_e_0/U0/buffer_pl_clk_0.PL_CLK_0_BUFG/O
    X1Y2 (CLOCK_ROOT)    net (fo=1510, routed)        2.699     2.966    dbg_hub/inst/BSCANID.u_xsdbm_id/CORE_XSDB.UUT_MASTER/U_ICON_INTERFACE/U_CMD6_RD/U_RD_FIFO/SUBCORE_FIFO.xsdbm_v3_0_2_rdfifo_inst/inst_fifo_gen/gconvfifo.rf/grf.rf/rstblk/wr_clk
    SLICE_X51Y201        FDPE                                         r  dbg_hub/inst/BSCANID.u_xsdbm_id/CORE_XSDB.UUT_MASTER/U_ICON_INTERFACE/U_CMD6_RD/U_RD_FIFO/SUBCORE_FIFO.xsdbm_v3_0_2_rdfifo_inst/inst_fifo_gen/gconvfifo.rf/grf.rf/rstblk/ngwrdrst.grst.g7serrst.wr_rst_reg_reg[1]/C
  -------------------------------------------------------------------    -------------------
    SLICE_X51Y201        FDPE (Prop_EFF2_SLICEL_C_Q)
                                                      0.116     3.082 f  dbg_hub/inst/BSCANID.u_xsdbm_id/CORE_XSDB.UUT_MASTER/U_ICON_INTERFACE/U_CMD6_RD/U_RD_FIFO/SUBCORE_FIFO.xsdbm_v3_0_2_rdfifo_inst/inst_fifo_gen/gconvfifo.rf/grf.rf/rstblk/ngwrdrst.grst.g7serrst.wr_rst_reg_reg[1]/Q
                         net (fo=12, routed)          0.933     4.015    dbg_hub/inst/BSCANID.u_xsdbm_id/CORE_XSDB.UUT_MASTER/U_ICON_INTERFACE/U_CMD6_RD/U_RD_FIFO/SUBCORE_FIFO.xsdbm_v3_0_2_rdfifo_inst/inst_fifo_gen/gconvfifo.rf/grf.rf/gntv_or_sync_fifo.gl0.wr/wpntr/gic0.gc0.count_reg[0]_0[0]
    SLICE_X50Y199        FDCE                                         f  dbg_hub/inst/BSCANID.u_xsdbm_id/CORE_XSDB.UUT_MASTER/U_ICON_INTERFACE/U_CMD6_RD/U_RD_FIFO/SUBCORE_FIFO.xsdbm_v3_0_2_rdfifo_inst/inst_fifo_gen/gconvfifo.rf/grf.rf/gntv_or_sync_fifo.gl0.wr/wpntr/gic0.gc0.count_d2_reg[3]/CLR
  -------------------------------------------------------------------    -------------------

                         (clock clk_pl_0 rise edge)
                                                     10.000    10.000 r  
    PS8_X0Y0             PS8                          0.000    10.000 r  kria_starter_kit_i/zynq_ultra_ps_e_0/U0/PS8_i/PLCLK[0]
                         net (fo=1, routed)           0.181    10.181    kria_starter_kit_i/zynq_ultra_ps_e_0/U0/pl_clk_unbuffered[0]
    BUFG_PS_X0Y90        BUFG_PS (Prop_BUFG_PS_I_O)
                                                      0.035    10.216 r  kria_starter_kit_i/zynq_ultra_ps_e_0/U0/buffer_pl_clk_0.PL_CLK_0_BUFG/O
    X1Y2 (CLOCK_ROOT)    net (fo=1510, routed)        2.414    12.630    dbg_hub/inst/BSCANID.u_xsdbm_id/CORE_XSDB.UUT_MASTER/U_ICON_INTERFACE/U_CMD6_RD/U_RD_FIFO/SUBCORE_FIFO.xsdbm_v3_0_2_rdfifo_inst/inst_fifo_gen/gconvfifo.rf/grf.rf/gntv_or_sync_fifo.gl0.wr/wpntr/wr_clk
    SLICE_X50Y199        FDCE                                         r  dbg_hub/inst/BSCANID.u_xsdbm_id/CORE_XSDB.UUT_MASTER/U_ICON_INTERFACE/U_CMD6_RD/U_RD_FIFO/SUBCORE_FIFO.xsdbm_v3_0_2_rdfifo_inst/inst_fifo_gen/gconvfifo.rf/grf.rf/gntv_or_sync_fifo.gl0.wr/wpntr/gic0.gc0.count_d2_reg[3]/C
                         clock pessimism              0.270    12.900    
                         clock uncertainty           -0.160    12.740    
    SLICE_X50Y199        FDCE (Recov_CFF_SLICEL_C_CLR)
                                                     -0.093    12.647    dbg_hub/inst/BSCANID.u_xsdbm_id/CORE_XSDB.UUT_MASTER/U_ICON_INTERFACE/U_CMD6_RD/U_RD_FIFO/SUBCORE_FIFO.xsdbm_v3_0_2_rdfifo_inst/inst_fifo_gen/gconvfifo.rf/grf.rf/gntv_or_sync_fifo.gl0.wr/wpntr/gic0.gc0.count_d2_reg[3]
  -------------------------------------------------------------------
                         required time                         12.647    
                         arrival time                          -4.015    
  -------------------------------------------------------------------
                         slack                                  8.632    

Slack (MET) :             8.632ns  (required time - arrival time)
  Source:                 dbg_hub/inst/BSCANID.u_xsdbm_id/CORE_XSDB.UUT_MASTER/U_ICON_INTERFACE/U_CMD6_RD/U_RD_FIFO/SUBCORE_FIFO.xsdbm_v3_0_2_rdfifo_inst/inst_fifo_gen/gconvfifo.rf/grf.rf/rstblk/ngwrdrst.grst.g7serrst.wr_rst_reg_reg[1]/C
                            (rising edge-triggered cell FDPE clocked by clk_pl_0  {rise@0.000ns fall@5.000ns period=10.000ns})
  Destination:            dbg_hub/inst/BSCANID.u_xsdbm_id/CORE_XSDB.UUT_MASTER/U_ICON_INTERFACE/U_CMD6_RD/U_RD_FIFO/SUBCORE_FIFO.xsdbm_v3_0_2_rdfifo_inst/inst_fifo_gen/gconvfifo.rf/grf.rf/gntv_or_sync_fifo.gl0.wr/wpntr/gic0.gc0.count_reg[1]/PRE
                            (recovery check against rising-edge clock clk_pl_0  {rise@0.000ns fall@5.000ns period=10.000ns})
  Path Group:             **async_default**
  Path Type:              Recovery (Max at Slow Process Corner)
  Requirement:            10.000ns  (clk_pl_0 rise@10.000ns - clk_pl_0 rise@0.000ns)
  Data Path Delay:        1.049ns  (logic 0.116ns (11.057%)  route 0.933ns (88.943%))
  Logic Levels:           0  
  Clock Path Skew:        -0.066ns (DCD - SCD + CPR)
    Destination Clock Delay (DCD):    2.630ns = ( 12.630 - 10.000 ) 
    Source Clock Delay      (SCD):    2.966ns
    Clock Pessimism Removal (CPR):    0.270ns
  Clock Uncertainty:      0.160ns  ((TSJ^2 + DJ^2)^1/2) / 2 + PE
    Total System Jitter     (TSJ):    0.071ns
    Discrete Jitter          (DJ):    0.312ns
    Phase Error              (PE):    0.000ns
  Clock Net Delay (Source):      2.699ns (routing 1.401ns, distribution 1.298ns)
  Clock Net Delay (Destination): 2.414ns (routing 1.282ns, distribution 1.132ns)

    Location             Delay type                Incr(ns)  Path(ns)    Netlist Resource(s)
  -------------------------------------------------------------------    -------------------
                         (clock clk_pl_0 rise edge)
                                                      0.000     0.000 r  
    PS8_X0Y0             PS8                          0.000     0.000 r  kria_starter_kit_i/zynq_ultra_ps_e_0/U0/PS8_i/PLCLK[0]
                         net (fo=1, routed)           0.229     0.229    kria_starter_kit_i/zynq_ultra_ps_e_0/U0/pl_clk_unbuffered[0]
    BUFG_PS_X0Y90        BUFG_PS (Prop_BUFG_PS_I_O)
                                                      0.038     0.267 r  kria_starter_kit_i/zynq_ultra_ps_e_0/U0/buffer_pl_clk_0.PL_CLK_0_BUFG/O
    X1Y2 (CLOCK_ROOT)    net (fo=1510, routed)        2.699     2.966    dbg_hub/inst/BSCANID.u_xsdbm_id/CORE_XSDB.UUT_MASTER/U_ICON_INTERFACE/U_CMD6_RD/U_RD_FIFO/SUBCORE_FIFO.xsdbm_v3_0_2_rdfifo_inst/inst_fifo_gen/gconvfifo.rf/grf.rf/rstblk/wr_clk
    SLICE_X51Y201        FDPE                                         r  dbg_hub/inst/BSCANID.u_xsdbm_id/CORE_XSDB.UUT_MASTER/U_ICON_INTERFACE/U_CMD6_RD/U_RD_FIFO/SUBCORE_FIFO.xsdbm_v3_0_2_rdfifo_inst/inst_fifo_gen/gconvfifo.rf/grf.rf/rstblk/ngwrdrst.grst.g7serrst.wr_rst_reg_reg[1]/C
  -------------------------------------------------------------------    -------------------
    SLICE_X51Y201        FDPE (Prop_EFF2_SLICEL_C_Q)
                                                      0.116     3.082 f  dbg_hub/inst/BSCANID.u_xsdbm_id/CORE_XSDB.UUT_MASTER/U_ICON_INTERFACE/U_CMD6_RD/U_RD_FIFO/SUBCORE_FIFO.xsdbm_v3_0_2_rdfifo_inst/inst_fifo_gen/gconvfifo.rf/grf.rf/rstblk/ngwrdrst.grst.g7serrst.wr_rst_reg_reg[1]/Q
                         net (fo=12, routed)          0.933     4.015    dbg_hub/inst/BSCANID.u_xsdbm_id/CORE_XSDB.UUT_MASTER/U_ICON_INTERFACE/U_CMD6_RD/U_RD_FIFO/SUBCORE_FIFO.xsdbm_v3_0_2_rdfifo_inst/inst_fifo_gen/gconvfifo.rf/grf.rf/gntv_or_sync_fifo.gl0.wr/wpntr/gic0.gc0.count_reg[0]_0[0]
    SLICE_X50Y199        FDPE                                         f  dbg_hub/inst/BSCANID.u_xsdbm_id/CORE_XSDB.UUT_MASTER/U_ICON_INTERFACE/U_CMD6_RD/U_RD_FIFO/SUBCORE_FIFO.xsdbm_v3_0_2_rdfifo_inst/inst_fifo_gen/gconvfifo.rf/grf.rf/gntv_or_sync_fifo.gl0.wr/wpntr/gic0.gc0.count_reg[1]/PRE
  -------------------------------------------------------------------    -------------------

                         (clock clk_pl_0 rise edge)
                                                     10.000    10.000 r  
    PS8_X0Y0             PS8                          0.000    10.000 r  kria_starter_kit_i/zynq_ultra_ps_e_0/U0/PS8_i/PLCLK[0]
                         net (fo=1, routed)           0.181    10.181    kria_starter_kit_i/zynq_ultra_ps_e_0/U0/pl_clk_unbuffered[0]
    BUFG_PS_X0Y90        BUFG_PS (Prop_BUFG_PS_I_O)
                                                      0.035    10.216 r  kria_starter_kit_i/zynq_ultra_ps_e_0/U0/buffer_pl_clk_0.PL_CLK_0_BUFG/O
    X1Y2 (CLOCK_ROOT)    net (fo=1510, routed)        2.414    12.630    dbg_hub/inst/BSCANID.u_xsdbm_id/CORE_XSDB.UUT_MASTER/U_ICON_INTERFACE/U_CMD6_RD/U_RD_FIFO/SUBCORE_FIFO.xsdbm_v3_0_2_rdfifo_inst/inst_fifo_gen/gconvfifo.rf/grf.rf/gntv_or_sync_fifo.gl0.wr/wpntr/wr_clk
    SLICE_X50Y199        FDPE                                         r  dbg_hub/inst/BSCANID.u_xsdbm_id/CORE_XSDB.UUT_MASTER/U_ICON_INTERFACE/U_CMD6_RD/U_RD_FIFO/SUBCORE_FIFO.xsdbm_v3_0_2_rdfifo_inst/inst_fifo_gen/gconvfifo.rf/grf.rf/gntv_or_sync_fifo.gl0.wr/wpntr/gic0.gc0.count_reg[1]/C
                         clock pessimism              0.270    12.900    
                         clock uncertainty           -0.160    12.740    
    SLICE_X50Y199        FDPE (Recov_CFF2_SLICEL_C_PRE)
                                                     -0.093    12.647    dbg_hub/inst/BSCANID.u_xsdbm_id/CORE_XSDB.UUT_MASTER/U_ICON_INTERFACE/U_CMD6_RD/U_RD_FIFO/SUBCORE_FIFO.xsdbm_v3_0_2_rdfifo_inst/inst_fifo_gen/gconvfifo.rf/grf.rf/gntv_or_sync_fifo.gl0.wr/wpntr/gic0.gc0.count_reg[1]
  -------------------------------------------------------------------
                         required time                         12.647    
                         arrival time                          -4.015    
  -------------------------------------------------------------------
                         slack                                  8.632    

Slack (MET) :             8.632ns  (required time - arrival time)
  Source:                 dbg_hub/inst/BSCANID.u_xsdbm_id/CORE_XSDB.UUT_MASTER/U_ICON_INTERFACE/U_CMD6_RD/U_RD_FIFO/SUBCORE_FIFO.xsdbm_v3_0_2_rdfifo_inst/inst_fifo_gen/gconvfifo.rf/grf.rf/rstblk/ngwrdrst.grst.g7serrst.wr_rst_reg_reg[1]/C
                            (rising edge-triggered cell FDPE clocked by clk_pl_0  {rise@0.000ns fall@5.000ns period=10.000ns})
  Destination:            dbg_hub/inst/BSCANID.u_xsdbm_id/CORE_XSDB.UUT_MASTER/U_ICON_INTERFACE/U_CMD6_RD/U_RD_FIFO/SUBCORE_FIFO.xsdbm_v3_0_2_rdfifo_inst/inst_fifo_gen/gconvfifo.rf/grf.rf/gntv_or_sync_fifo.gl0.wr/wpntr/gic0.gc0.count_reg[2]/CLR
                            (recovery check against rising-edge clock clk_pl_0  {rise@0.000ns fall@5.000ns period=10.000ns})
  Path Group:             **async_default**
  Path Type:              Recovery (Max at Slow Process Corner)
  Requirement:            10.000ns  (clk_pl_0 rise@10.000ns - clk_pl_0 rise@0.000ns)
  Data Path Delay:        1.049ns  (logic 0.116ns (11.057%)  route 0.933ns (88.943%))
  Logic Levels:           0  
  Clock Path Skew:        -0.066ns (DCD - SCD + CPR)
    Destination Clock Delay (DCD):    2.630ns = ( 12.630 - 10.000 ) 
    Source Clock Delay      (SCD):    2.966ns
    Clock Pessimism Removal (CPR):    0.270ns
  Clock Uncertainty:      0.160ns  ((TSJ^2 + DJ^2)^1/2) / 2 + PE
    Total System Jitter     (TSJ):    0.071ns
    Discrete Jitter          (DJ):    0.312ns
    Phase Error              (PE):    0.000ns
  Clock Net Delay (Source):      2.699ns (routing 1.401ns, distribution 1.298ns)
  Clock Net Delay (Destination): 2.414ns (routing 1.282ns, distribution 1.132ns)

    Location             Delay type                Incr(ns)  Path(ns)    Netlist Resource(s)
  -------------------------------------------------------------------    -------------------
                         (clock clk_pl_0 rise edge)
                                                      0.000     0.000 r  
    PS8_X0Y0             PS8                          0.000     0.000 r  kria_starter_kit_i/zynq_ultra_ps_e_0/U0/PS8_i/PLCLK[0]
                         net (fo=1, routed)           0.229     0.229    kria_starter_kit_i/zynq_ultra_ps_e_0/U0/pl_clk_unbuffered[0]
    BUFG_PS_X0Y90        BUFG_PS (Prop_BUFG_PS_I_O)
                                                      0.038     0.267 r  kria_starter_kit_i/zynq_ultra_ps_e_0/U0/buffer_pl_clk_0.PL_CLK_0_BUFG/O
    X1Y2 (CLOCK_ROOT)    net (fo=1510, routed)        2.699     2.966    dbg_hub/inst/BSCANID.u_xsdbm_id/CORE_XSDB.UUT_MASTER/U_ICON_INTERFACE/U_CMD6_RD/U_RD_FIFO/SUBCORE_FIFO.xsdbm_v3_0_2_rdfifo_inst/inst_fifo_gen/gconvfifo.rf/grf.rf/rstblk/wr_clk
    SLICE_X51Y201        FDPE                                         r  dbg_hub/inst/BSCANID.u_xsdbm_id/CORE_XSDB.UUT_MASTER/U_ICON_INTERFACE/U_CMD6_RD/U_RD_FIFO/SUBCORE_FIFO.xsdbm_v3_0_2_rdfifo_inst/inst_fifo_gen/gconvfifo.rf/grf.rf/rstblk/ngwrdrst.grst.g7serrst.wr_rst_reg_reg[1]/C
  -------------------------------------------------------------------    -------------------
    SLICE_X51Y201        FDPE (Prop_EFF2_SLICEL_C_Q)
                                                      0.116     3.082 f  dbg_hub/inst/BSCANID.u_xsdbm_id/CORE_XSDB.UUT_MASTER/U_ICON_INTERFACE/U_CMD6_RD/U_RD_FIFO/SUBCORE_FIFO.xsdbm_v3_0_2_rdfifo_inst/inst_fifo_gen/gconvfifo.rf/grf.rf/rstblk/ngwrdrst.grst.g7serrst.wr_rst_reg_reg[1]/Q
                         net (fo=12, routed)          0.933     4.015    dbg_hub/inst/BSCANID.u_xsdbm_id/CORE_XSDB.UUT_MASTER/U_ICON_INTERFACE/U_CMD6_RD/U_RD_FIFO/SUBCORE_FIFO.xsdbm_v3_0_2_rdfifo_inst/inst_fifo_gen/gconvfifo.rf/grf.rf/gntv_or_sync_fifo.gl0.wr/wpntr/gic0.gc0.count_reg[0]_0[0]
    SLICE_X50Y199        FDCE                                         f  dbg_hub/inst/BSCANID.u_xsdbm_id/CORE_XSDB.UUT_MASTER/U_ICON_INTERFACE/U_CMD6_RD/U_RD_FIFO/SUBCORE_FIFO.xsdbm_v3_0_2_rdfifo_inst/inst_fifo_gen/gconvfifo.rf/grf.rf/gntv_or_sync_fifo.gl0.wr/wpntr/gic0.gc0.count_reg[2]/CLR
  -------------------------------------------------------------------    -------------------

                         (clock clk_pl_0 rise edge)
                                                     10.000    10.000 r  
    PS8_X0Y0             PS8                          0.000    10.000 r  kria_starter_kit_i/zynq_ultra_ps_e_0/U0/PS8_i/PLCLK[0]
                         net (fo=1, routed)           0.181    10.181    kria_starter_kit_i/zynq_ultra_ps_e_0/U0/pl_clk_unbuffered[0]
    BUFG_PS_X0Y90        BUFG_PS (Prop_BUFG_PS_I_O)
                                                      0.035    10.216 r  kria_starter_kit_i/zynq_ultra_ps_e_0/U0/buffer_pl_clk_0.PL_CLK_0_BUFG/O
    X1Y2 (CLOCK_ROOT)    net (fo=1510, routed)        2.414    12.630    dbg_hub/inst/BSCANID.u_xsdbm_id/CORE_XSDB.UUT_MASTER/U_ICON_INTERFACE/U_CMD6_RD/U_RD_FIFO/SUBCORE_FIFO.xsdbm_v3_0_2_rdfifo_inst/inst_fifo_gen/gconvfifo.rf/grf.rf/gntv_or_sync_fifo.gl0.wr/wpntr/wr_clk
    SLICE_X50Y199        FDCE                                         r  dbg_hub/inst/BSCANID.u_xsdbm_id/CORE_XSDB.UUT_MASTER/U_ICON_INTERFACE/U_CMD6_RD/U_RD_FIFO/SUBCORE_FIFO.xsdbm_v3_0_2_rdfifo_inst/inst_fifo_gen/gconvfifo.rf/grf.rf/gntv_or_sync_fifo.gl0.wr/wpntr/gic0.gc0.count_reg[2]/C
                         clock pessimism              0.270    12.900    
                         clock uncertainty           -0.160    12.740    
    SLICE_X50Y199        FDCE (Recov_DFF_SLICEL_C_CLR)
                                                     -0.093    12.647    dbg_hub/inst/BSCANID.u_xsdbm_id/CORE_XSDB.UUT_MASTER/U_ICON_INTERFACE/U_CMD6_RD/U_RD_FIFO/SUBCORE_FIFO.xsdbm_v3_0_2_rdfifo_inst/inst_fifo_gen/gconvfifo.rf/grf.rf/gntv_or_sync_fifo.gl0.wr/wpntr/gic0.gc0.count_reg[2]
  -------------------------------------------------------------------
                         required time                         12.647    
                         arrival time                          -4.015    
  -------------------------------------------------------------------
                         slack                                  8.632    

Slack (MET) :             8.632ns  (required time - arrival time)
  Source:                 dbg_hub/inst/BSCANID.u_xsdbm_id/CORE_XSDB.UUT_MASTER/U_ICON_INTERFACE/U_CMD6_RD/U_RD_FIFO/SUBCORE_FIFO.xsdbm_v3_0_2_rdfifo_inst/inst_fifo_gen/gconvfifo.rf/grf.rf/rstblk/ngwrdrst.grst.g7serrst.wr_rst_reg_reg[1]/C
                            (rising edge-triggered cell FDPE clocked by clk_pl_0  {rise@0.000ns fall@5.000ns period=10.000ns})
  Destination:            dbg_hub/inst/BSCANID.u_xsdbm_id/CORE_XSDB.UUT_MASTER/U_ICON_INTERFACE/U_CMD6_RD/U_RD_FIFO/SUBCORE_FIFO.xsdbm_v3_0_2_rdfifo_inst/inst_fifo_gen/gconvfifo.rf/grf.rf/gntv_or_sync_fifo.gl0.wr/wpntr/gic0.gc0.count_reg[3]/CLR
                            (recovery check against rising-edge clock clk_pl_0  {rise@0.000ns fall@5.000ns period=10.000ns})
  Path Group:             **async_default**
  Path Type:              Recovery (Max at Slow Process Corner)
  Requirement:            10.000ns  (clk_pl_0 rise@10.000ns - clk_pl_0 rise@0.000ns)
  Data Path Delay:        1.049ns  (logic 0.116ns (11.057%)  route 0.933ns (88.943%))
  Logic Levels:           0  
  Clock Path Skew:        -0.066ns (DCD - SCD + CPR)
    Destination Clock Delay (DCD):    2.630ns = ( 12.630 - 10.000 ) 
    Source Clock Delay      (SCD):    2.966ns
    Clock Pessimism Removal (CPR):    0.270ns
  Clock Uncertainty:      0.160ns  ((TSJ^2 + DJ^2)^1/2) / 2 + PE
    Total System Jitter     (TSJ):    0.071ns
    Discrete Jitter          (DJ):    0.312ns
    Phase Error              (PE):    0.000ns
  Clock Net Delay (Source):      2.699ns (routing 1.401ns, distribution 1.298ns)
  Clock Net Delay (Destination): 2.414ns (routing 1.282ns, distribution 1.132ns)

    Location             Delay type                Incr(ns)  Path(ns)    Netlist Resource(s)
  -------------------------------------------------------------------    -------------------
                         (clock clk_pl_0 rise edge)
                                                      0.000     0.000 r  
    PS8_X0Y0             PS8                          0.000     0.000 r  kria_starter_kit_i/zynq_ultra_ps_e_0/U0/PS8_i/PLCLK[0]
                         net (fo=1, routed)           0.229     0.229    kria_starter_kit_i/zynq_ultra_ps_e_0/U0/pl_clk_unbuffered[0]
    BUFG_PS_X0Y90        BUFG_PS (Prop_BUFG_PS_I_O)
                                                      0.038     0.267 r  kria_starter_kit_i/zynq_ultra_ps_e_0/U0/buffer_pl_clk_0.PL_CLK_0_BUFG/O
    X1Y2 (CLOCK_ROOT)    net (fo=1510, routed)        2.699     2.966    dbg_hub/inst/BSCANID.u_xsdbm_id/CORE_XSDB.UUT_MASTER/U_ICON_INTERFACE/U_CMD6_RD/U_RD_FIFO/SUBCORE_FIFO.xsdbm_v3_0_2_rdfifo_inst/inst_fifo_gen/gconvfifo.rf/grf.rf/rstblk/wr_clk
    SLICE_X51Y201        FDPE                                         r  dbg_hub/inst/BSCANID.u_xsdbm_id/CORE_XSDB.UUT_MASTER/U_ICON_INTERFACE/U_CMD6_RD/U_RD_FIFO/SUBCORE_FIFO.xsdbm_v3_0_2_rdfifo_inst/inst_fifo_gen/gconvfifo.rf/grf.rf/rstblk/ngwrdrst.grst.g7serrst.wr_rst_reg_reg[1]/C
  -------------------------------------------------------------------    -------------------
    SLICE_X51Y201        FDPE (Prop_EFF2_SLICEL_C_Q)
                                                      0.116     3.082 f  dbg_hub/inst/BSCANID.u_xsdbm_id/CORE_XSDB.UUT_MASTER/U_ICON_INTERFACE/U_CMD6_RD/U_RD_FIFO/SUBCORE_FIFO.xsdbm_v3_0_2_rdfifo_inst/inst_fifo_gen/gconvfifo.rf/grf.rf/rstblk/ngwrdrst.grst.g7serrst.wr_rst_reg_reg[1]/Q
                         net (fo=12, routed)          0.933     4.015    dbg_hub/inst/BSCANID.u_xsdbm_id/CORE_XSDB.UUT_MASTER/U_ICON_INTERFACE/U_CMD6_RD/U_RD_FIFO/SUBCORE_FIFO.xsdbm_v3_0_2_rdfifo_inst/inst_fifo_gen/gconvfifo.rf/grf.rf/gntv_or_sync_fifo.gl0.wr/wpntr/gic0.gc0.count_reg[0]_0[0]
    SLICE_X50Y199        FDCE                                         f  dbg_hub/inst/BSCANID.u_xsdbm_id/CORE_XSDB.UUT_MASTER/U_ICON_INTERFACE/U_CMD6_RD/U_RD_FIFO/SUBCORE_FIFO.xsdbm_v3_0_2_rdfifo_inst/inst_fifo_gen/gconvfifo.rf/grf.rf/gntv_or_sync_fifo.gl0.wr/wpntr/gic0.gc0.count_reg[3]/CLR
  -------------------------------------------------------------------    -------------------

                         (clock clk_pl_0 rise edge)
                                                     10.000    10.000 r  
    PS8_X0Y0             PS8                          0.000    10.000 r  kria_starter_kit_i/zynq_ultra_ps_e_0/U0/PS8_i/PLCLK[0]
                         net (fo=1, routed)           0.181    10.181    kria_starter_kit_i/zynq_ultra_ps_e_0/U0/pl_clk_unbuffered[0]
    BUFG_PS_X0Y90        BUFG_PS (Prop_BUFG_PS_I_O)
                                                      0.035    10.216 r  kria_starter_kit_i/zynq_ultra_ps_e_0/U0/buffer_pl_clk_0.PL_CLK_0_BUFG/O
    X1Y2 (CLOCK_ROOT)    net (fo=1510, routed)        2.414    12.630    dbg_hub/inst/BSCANID.u_xsdbm_id/CORE_XSDB.UUT_MASTER/U_ICON_INTERFACE/U_CMD6_RD/U_RD_FIFO/SUBCORE_FIFO.xsdbm_v3_0_2_rdfifo_inst/inst_fifo_gen/gconvfifo.rf/grf.rf/gntv_or_sync_fifo.gl0.wr/wpntr/wr_clk
    SLICE_X50Y199        FDCE                                         r  dbg_hub/inst/BSCANID.u_xsdbm_id/CORE_XSDB.UUT_MASTER/U_ICON_INTERFACE/U_CMD6_RD/U_RD_FIFO/SUBCORE_FIFO.xsdbm_v3_0_2_rdfifo_inst/inst_fifo_gen/gconvfifo.rf/grf.rf/gntv_or_sync_fifo.gl0.wr/wpntr/gic0.gc0.count_reg[3]/C
                         clock pessimism              0.270    12.900    
                         clock uncertainty           -0.160    12.740    
    SLICE_X50Y199        FDCE (Recov_DFF2_SLICEL_C_CLR)
                                                     -0.093    12.647    dbg_hub/inst/BSCANID.u_xsdbm_id/CORE_XSDB.UUT_MASTER/U_ICON_INTERFACE/U_CMD6_RD/U_RD_FIFO/SUBCORE_FIFO.xsdbm_v3_0_2_rdfifo_inst/inst_fifo_gen/gconvfifo.rf/grf.rf/gntv_or_sync_fifo.gl0.wr/wpntr/gic0.gc0.count_reg[3]
  -------------------------------------------------------------------
                         required time                         12.647    
                         arrival time                          -4.015    
  -------------------------------------------------------------------
                         slack                                  8.632    





Min Delay Paths
--------------------------------------------------------------------------------------
Slack (MET) :             0.172ns  (arrival time - required time)
  Source:                 dbg_hub/inst/BSCANID.u_xsdbm_id/CORE_XSDB.UUT_MASTER/U_ICON_INTERFACE/U_CMD6_WR/U_WR_FIFO/SUBCORE_FIFO.xsdbm_v3_0_2_wrfifo_inst/inst_fifo_gen/gconvfifo.rf/grf.rf/rstblk/ngwrdrst.grst.g7serrst.rd_rst_reg_reg[1]/C
                            (rising edge-triggered cell FDPE clocked by clk_pl_0  {rise@0.000ns fall@5.000ns period=10.000ns})
  Destination:            dbg_hub/inst/BSCANID.u_xsdbm_id/CORE_XSDB.UUT_MASTER/U_ICON_INTERFACE/U_CMD6_WR/U_WR_FIFO/SUBCORE_FIFO.xsdbm_v3_0_2_wrfifo_inst/inst_fifo_gen/gconvfifo.rf/grf.rf/gntv_or_sync_fifo.gcx.clkx/gnxpm_cdc.gsync_stage[1].rd_stg_inst/Q_reg_reg[2]/CLR
                            (removal check against rising-edge clock clk_pl_0  {rise@0.000ns fall@5.000ns period=10.000ns})
  Path Group:             **async_default**
  Path Type:              Removal (Min at Fast Process Corner)
  Requirement:            0.000ns  (clk_pl_0 rise@0.000ns - clk_pl_0 rise@0.000ns)
  Data Path Delay:        0.169ns  (logic 0.085ns (50.397%)  route 0.084ns (49.603%))
  Logic Levels:           0  
  Clock Path Skew:        0.015ns (DCD - SCD - CPR)
    Destination Clock Delay (DCD):    1.759ns
    Source Clock Delay      (SCD):    1.590ns
    Clock Pessimism Removal (CPR):    0.154ns
  Clock Net Delay (Source):      1.439ns (routing 0.785ns, distribution 0.654ns)
  Clock Net Delay (Destination): 1.572ns (routing 0.861ns, distribution 0.711ns)

    Location             Delay type                Incr(ns)  Path(ns)    Netlist Resource(s)
  -------------------------------------------------------------------    -------------------
                         (clock clk_pl_0 rise edge)
                                                      0.000     0.000 r  
    PS8_X0Y0             PS8                          0.000     0.000 r  kria_starter_kit_i/zynq_ultra_ps_e_0/U0/PS8_i/PLCLK[0]
                         net (fo=1, routed)           0.129     0.129    kria_starter_kit_i/zynq_ultra_ps_e_0/U0/pl_clk_unbuffered[0]
    BUFG_PS_X0Y90        BUFG_PS (Prop_BUFG_PS_I_O)
                                                      0.022     0.151 r  kria_starter_kit_i/zynq_ultra_ps_e_0/U0/buffer_pl_clk_0.PL_CLK_0_BUFG/O
    X1Y2 (CLOCK_ROOT)    net (fo=1510, routed)        1.439     1.590    dbg_hub/inst/BSCANID.u_xsdbm_id/CORE_XSDB.UUT_MASTER/U_ICON_INTERFACE/U_CMD6_WR/U_WR_FIFO/SUBCORE_FIFO.xsdbm_v3_0_2_wrfifo_inst/inst_fifo_gen/gconvfifo.rf/grf.rf/rstblk/rd_clk
    SLICE_X44Y196        FDPE                                         r  dbg_hub/inst/BSCANID.u_xsdbm_id/CORE_XSDB.UUT_MASTER/U_ICON_INTERFACE/U_CMD6_WR/U_WR_FIFO/SUBCORE_FIFO.xsdbm_v3_0_2_wrfifo_inst/inst_fifo_gen/gconvfifo.rf/grf.rf/rstblk/ngwrdrst.grst.g7serrst.rd_rst_reg_reg[1]/C
  -------------------------------------------------------------------    -------------------
    SLICE_X44Y196        FDPE (Prop_AFF2_SLICEL_C_Q)
                                                      0.085     1.675 f  dbg_hub/inst/BSCANID.u_xsdbm_id/CORE_XSDB.UUT_MASTER/U_ICON_INTERFACE/U_CMD6_WR/U_WR_FIFO/SUBCORE_FIFO.xsdbm_v3_0_2_wrfifo_inst/inst_fifo_gen/gconvfifo.rf/grf.rf/rstblk/ngwrdrst.grst.g7serrst.rd_rst_reg_reg[1]/Q
                         net (fo=16, routed)          0.084     1.759    dbg_hub/inst/BSCANID.u_xsdbm_id/CORE_XSDB.UUT_MASTER/U_ICON_INTERFACE/U_CMD6_WR/U_WR_FIFO/SUBCORE_FIFO.xsdbm_v3_0_2_wrfifo_inst/inst_fifo_gen/gconvfifo.rf/grf.rf/gntv_or_sync_fifo.gcx.clkx/gnxpm_cdc.gsync_stage[1].rd_stg_inst/Q_reg_reg[0]_0[0]
    SLICE_X44Y197        FDCE                                         f  dbg_hub/inst/BSCANID.u_xsdbm_id/CORE_XSDB.UUT_MASTER/U_ICON_INTERFACE/U_CMD6_WR/U_WR_FIFO/SUBCORE_FIFO.xsdbm_v3_0_2_wrfifo_inst/inst_fifo_gen/gconvfifo.rf/grf.rf/gntv_or_sync_fifo.gcx.clkx/gnxpm_cdc.gsync_stage[1].rd_stg_inst/Q_reg_reg[2]/CLR
  -------------------------------------------------------------------    -------------------

                         (clock clk_pl_0 rise edge)
                                                      0.000     0.000 r  
    PS8_X0Y0             PS8                          0.000     0.000 r  kria_starter_kit_i/zynq_ultra_ps_e_0/U0/PS8_i/PLCLK[0]
                         net (fo=1, routed)           0.164     0.164    kria_starter_kit_i/zynq_ultra_ps_e_0/U0/pl_clk_unbuffered[0]
    BUFG_PS_X0Y90        BUFG_PS (Prop_BUFG_PS_I_O)
                                                      0.023     0.187 r  kria_starter_kit_i/zynq_ultra_ps_e_0/U0/buffer_pl_clk_0.PL_CLK_0_BUFG/O
    X1Y2 (CLOCK_ROOT)    net (fo=1510, routed)        1.572     1.759    dbg_hub/inst/BSCANID.u_xsdbm_id/CORE_XSDB.UUT_MASTER/U_ICON_INTERFACE/U_CMD6_WR/U_WR_FIFO/SUBCORE_FIFO.xsdbm_v3_0_2_wrfifo_inst/inst_fifo_gen/gconvfifo.rf/grf.rf/gntv_or_sync_fifo.gcx.clkx/gnxpm_cdc.gsync_stage[1].rd_stg_inst/rd_clk
    SLICE_X44Y197        FDCE                                         r  dbg_hub/inst/BSCANID.u_xsdbm_id/CORE_XSDB.UUT_MASTER/U_ICON_INTERFACE/U_CMD6_WR/U_WR_FIFO/SUBCORE_FIFO.xsdbm_v3_0_2_wrfifo_inst/inst_fifo_gen/gconvfifo.rf/grf.rf/gntv_or_sync_fifo.gcx.clkx/gnxpm_cdc.gsync_stage[1].rd_stg_inst/Q_reg_reg[2]/C
                         clock pessimism             -0.154     1.605    
    SLICE_X44Y197        FDCE (Remov_CFF2_SLICEL_C_CLR)
                                                     -0.018     1.587    dbg_hub/inst/BSCANID.u_xsdbm_id/CORE_XSDB.UUT_MASTER/U_ICON_INTERFACE/U_CMD6_WR/U_WR_FIFO/SUBCORE_FIFO.xsdbm_v3_0_2_wrfifo_inst/inst_fifo_gen/gconvfifo.rf/grf.rf/gntv_or_sync_fifo.gcx.clkx/gnxpm_cdc.gsync_stage[1].rd_stg_inst/Q_reg_reg[2]
  -------------------------------------------------------------------
                         required time                         -1.587    
                         arrival time                           1.759    
  -------------------------------------------------------------------
                         slack                                  0.172    

Slack (MET) :             0.172ns  (arrival time - required time)
  Source:                 dbg_hub/inst/BSCANID.u_xsdbm_id/CORE_XSDB.UUT_MASTER/U_ICON_INTERFACE/U_CMD6_WR/U_WR_FIFO/SUBCORE_FIFO.xsdbm_v3_0_2_wrfifo_inst/inst_fifo_gen/gconvfifo.rf/grf.rf/rstblk/ngwrdrst.grst.g7serrst.rd_rst_reg_reg[1]/C
                            (rising edge-triggered cell FDPE clocked by clk_pl_0  {rise@0.000ns fall@5.000ns period=10.000ns})
  Destination:            dbg_hub/inst/BSCANID.u_xsdbm_id/CORE_XSDB.UUT_MASTER/U_ICON_INTERFACE/U_CMD6_WR/U_WR_FIFO/SUBCORE_FIFO.xsdbm_v3_0_2_wrfifo_inst/inst_fifo_gen/gconvfifo.rf/grf.rf/gntv_or_sync_fifo.gcx.clkx/gnxpm_cdc.gsync_stage[1].rd_stg_inst/Q_reg_reg[3]/CLR
                            (removal check against rising-edge clock clk_pl_0  {rise@0.000ns fall@5.000ns period=10.000ns})
  Path Group:             **async_default**
  Path Type:              Removal (Min at Fast Process Corner)
  Requirement:            0.000ns  (clk_pl_0 rise@0.000ns - clk_pl_0 rise@0.000ns)
  Data Path Delay:        0.169ns  (logic 0.085ns (50.397%)  route 0.084ns (49.603%))
  Logic Levels:           0  
  Clock Path Skew:        0.015ns (DCD - SCD - CPR)
    Destination Clock Delay (DCD):    1.759ns
    Source Clock Delay      (SCD):    1.590ns
    Clock Pessimism Removal (CPR):    0.154ns
  Clock Net Delay (Source):      1.439ns (routing 0.785ns, distribution 0.654ns)
  Clock Net Delay (Destination): 1.572ns (routing 0.861ns, distribution 0.711ns)

    Location             Delay type                Incr(ns)  Path(ns)    Netlist Resource(s)
  -------------------------------------------------------------------    -------------------
                         (clock clk_pl_0 rise edge)
                                                      0.000     0.000 r  
    PS8_X0Y0             PS8                          0.000     0.000 r  kria_starter_kit_i/zynq_ultra_ps_e_0/U0/PS8_i/PLCLK[0]
                         net (fo=1, routed)           0.129     0.129    kria_starter_kit_i/zynq_ultra_ps_e_0/U0/pl_clk_unbuffered[0]
    BUFG_PS_X0Y90        BUFG_PS (Prop_BUFG_PS_I_O)
                                                      0.022     0.151 r  kria_starter_kit_i/zynq_ultra_ps_e_0/U0/buffer_pl_clk_0.PL_CLK_0_BUFG/O
    X1Y2 (CLOCK_ROOT)    net (fo=1510, routed)        1.439     1.590    dbg_hub/inst/BSCANID.u_xsdbm_id/CORE_XSDB.UUT_MASTER/U_ICON_INTERFACE/U_CMD6_WR/U_WR_FIFO/SUBCORE_FIFO.xsdbm_v3_0_2_wrfifo_inst/inst_fifo_gen/gconvfifo.rf/grf.rf/rstblk/rd_clk
    SLICE_X44Y196        FDPE                                         r  dbg_hub/inst/BSCANID.u_xsdbm_id/CORE_XSDB.UUT_MASTER/U_ICON_INTERFACE/U_CMD6_WR/U_WR_FIFO/SUBCORE_FIFO.xsdbm_v3_0_2_wrfifo_inst/inst_fifo_gen/gconvfifo.rf/grf.rf/rstblk/ngwrdrst.grst.g7serrst.rd_rst_reg_reg[1]/C
  -------------------------------------------------------------------    -------------------
    SLICE_X44Y196        FDPE (Prop_AFF2_SLICEL_C_Q)
                                                      0.085     1.675 f  dbg_hub/inst/BSCANID.u_xsdbm_id/CORE_XSDB.UUT_MASTER/U_ICON_INTERFACE/U_CMD6_WR/U_WR_FIFO/SUBCORE_FIFO.xsdbm_v3_0_2_wrfifo_inst/inst_fifo_gen/gconvfifo.rf/grf.rf/rstblk/ngwrdrst.grst.g7serrst.rd_rst_reg_reg[1]/Q
                         net (fo=16, routed)          0.084     1.759    dbg_hub/inst/BSCANID.u_xsdbm_id/CORE_XSDB.UUT_MASTER/U_ICON_INTERFACE/U_CMD6_WR/U_WR_FIFO/SUBCORE_FIFO.xsdbm_v3_0_2_wrfifo_inst/inst_fifo_gen/gconvfifo.rf/grf.rf/gntv_or_sync_fifo.gcx.clkx/gnxpm_cdc.gsync_stage[1].rd_stg_inst/Q_reg_reg[0]_0[0]
    SLICE_X44Y197        FDCE                                         f  dbg_hub/inst/BSCANID.u_xsdbm_id/CORE_XSDB.UUT_MASTER/U_ICON_INTERFACE/U_CMD6_WR/U_WR_FIFO/SUBCORE_FIFO.xsdbm_v3_0_2_wrfifo_inst/inst_fifo_gen/gconvfifo.rf/grf.rf/gntv_or_sync_fifo.gcx.clkx/gnxpm_cdc.gsync_stage[1].rd_stg_inst/Q_reg_reg[3]/CLR
  -------------------------------------------------------------------    -------------------

                         (clock clk_pl_0 rise edge)
                                                      0.000     0.000 r  
    PS8_X0Y0             PS8                          0.000     0.000 r  kria_starter_kit_i/zynq_ultra_ps_e_0/U0/PS8_i/PLCLK[0]
                         net (fo=1, routed)           0.164     0.164    kria_starter_kit_i/zynq_ultra_ps_e_0/U0/pl_clk_unbuffered[0]
    BUFG_PS_X0Y90        BUFG_PS (Prop_BUFG_PS_I_O)
                                                      0.023     0.187 r  kria_starter_kit_i/zynq_ultra_ps_e_0/U0/buffer_pl_clk_0.PL_CLK_0_BUFG/O
    X1Y2 (CLOCK_ROOT)    net (fo=1510, routed)        1.572     1.759    dbg_hub/inst/BSCANID.u_xsdbm_id/CORE_XSDB.UUT_MASTER/U_ICON_INTERFACE/U_CMD6_WR/U_WR_FIFO/SUBCORE_FIFO.xsdbm_v3_0_2_wrfifo_inst/inst_fifo_gen/gconvfifo.rf/grf.rf/gntv_or_sync_fifo.gcx.clkx/gnxpm_cdc.gsync_stage[1].rd_stg_inst/rd_clk
    SLICE_X44Y197        FDCE                                         r  dbg_hub/inst/BSCANID.u_xsdbm_id/CORE_XSDB.UUT_MASTER/U_ICON_INTERFACE/U_CMD6_WR/U_WR_FIFO/SUBCORE_FIFO.xsdbm_v3_0_2_wrfifo_inst/inst_fifo_gen/gconvfifo.rf/grf.rf/gntv_or_sync_fifo.gcx.clkx/gnxpm_cdc.gsync_stage[1].rd_stg_inst/Q_reg_reg[3]/C
                         clock pessimism             -0.154     1.605    
    SLICE_X44Y197        FDCE (Remov_BFF2_SLICEL_C_CLR)
                                                     -0.018     1.587    dbg_hub/inst/BSCANID.u_xsdbm_id/CORE_XSDB.UUT_MASTER/U_ICON_INTERFACE/U_CMD6_WR/U_WR_FIFO/SUBCORE_FIFO.xsdbm_v3_0_2_wrfifo_inst/inst_fifo_gen/gconvfifo.rf/grf.rf/gntv_or_sync_fifo.gcx.clkx/gnxpm_cdc.gsync_stage[1].rd_stg_inst/Q_reg_reg[3]
  -------------------------------------------------------------------
                         required time                         -1.587    
                         arrival time                           1.759    
  -------------------------------------------------------------------
                         slack                                  0.172    

Slack (MET) :             0.172ns  (arrival time - required time)
  Source:                 dbg_hub/inst/BSCANID.u_xsdbm_id/CORE_XSDB.UUT_MASTER/U_ICON_INTERFACE/U_CMD6_WR/U_WR_FIFO/SUBCORE_FIFO.xsdbm_v3_0_2_wrfifo_inst/inst_fifo_gen/gconvfifo.rf/grf.rf/rstblk/ngwrdrst.grst.g7serrst.rd_rst_reg_reg[1]/C
                            (rising edge-triggered cell FDPE clocked by clk_pl_0  {rise@0.000ns fall@5.000ns period=10.000ns})
  Destination:            dbg_hub/inst/BSCANID.u_xsdbm_id/CORE_XSDB.UUT_MASTER/U_ICON_INTERFACE/U_CMD6_WR/U_WR_FIFO/SUBCORE_FIFO.xsdbm_v3_0_2_wrfifo_inst/inst_fifo_gen/gconvfifo.rf/grf.rf/gntv_or_sync_fifo.gcx.clkx/gnxpm_cdc.gsync_stage[2].rd_stg_inst/Q_reg_reg[2]/CLR
                            (removal check against rising-edge clock clk_pl_0  {rise@0.000ns fall@5.000ns period=10.000ns})
  Path Group:             **async_default**
  Path Type:              Removal (Min at Fast Process Corner)
  Requirement:            0.000ns  (clk_pl_0 rise@0.000ns - clk_pl_0 rise@0.000ns)
  Data Path Delay:        0.169ns  (logic 0.085ns (50.397%)  route 0.084ns (49.603%))
  Logic Levels:           0  
  Clock Path Skew:        0.015ns (DCD - SCD - CPR)
    Destination Clock Delay (DCD):    1.759ns
    Source Clock Delay      (SCD):    1.590ns
    Clock Pessimism Removal (CPR):    0.154ns
  Clock Net Delay (Source):      1.439ns (routing 0.785ns, distribution 0.654ns)
  Clock Net Delay (Destination): 1.572ns (routing 0.861ns, distribution 0.711ns)

    Location             Delay type                Incr(ns)  Path(ns)    Netlist Resource(s)
  -------------------------------------------------------------------    -------------------
                         (clock clk_pl_0 rise edge)
                                                      0.000     0.000 r  
    PS8_X0Y0             PS8                          0.000     0.000 r  kria_starter_kit_i/zynq_ultra_ps_e_0/U0/PS8_i/PLCLK[0]
                         net (fo=1, routed)           0.129     0.129    kria_starter_kit_i/zynq_ultra_ps_e_0/U0/pl_clk_unbuffered[0]
    BUFG_PS_X0Y90        BUFG_PS (Prop_BUFG_PS_I_O)
                                                      0.022     0.151 r  kria_starter_kit_i/zynq_ultra_ps_e_0/U0/buffer_pl_clk_0.PL_CLK_0_BUFG/O
    X1Y2 (CLOCK_ROOT)    net (fo=1510, routed)        1.439     1.590    dbg_hub/inst/BSCANID.u_xsdbm_id/CORE_XSDB.UUT_MASTER/U_ICON_INTERFACE/U_CMD6_WR/U_WR_FIFO/SUBCORE_FIFO.xsdbm_v3_0_2_wrfifo_inst/inst_fifo_gen/gconvfifo.rf/grf.rf/rstblk/rd_clk
    SLICE_X44Y196        FDPE                                         r  dbg_hub/inst/BSCANID.u_xsdbm_id/CORE_XSDB.UUT_MASTER/U_ICON_INTERFACE/U_CMD6_WR/U_WR_FIFO/SUBCORE_FIFO.xsdbm_v3_0_2_wrfifo_inst/inst_fifo_gen/gconvfifo.rf/grf.rf/rstblk/ngwrdrst.grst.g7serrst.rd_rst_reg_reg[1]/C
  -------------------------------------------------------------------    -------------------
    SLICE_X44Y196        FDPE (Prop_AFF2_SLICEL_C_Q)
                                                      0.085     1.675 f  dbg_hub/inst/BSCANID.u_xsdbm_id/CORE_XSDB.UUT_MASTER/U_ICON_INTERFACE/U_CMD6_WR/U_WR_FIFO/SUBCORE_FIFO.xsdbm_v3_0_2_wrfifo_inst/inst_fifo_gen/gconvfifo.rf/grf.rf/rstblk/ngwrdrst.grst.g7serrst.rd_rst_reg_reg[1]/Q
                         net (fo=16, routed)          0.084     1.759    dbg_hub/inst/BSCANID.u_xsdbm_id/CORE_XSDB.UUT_MASTER/U_ICON_INTERFACE/U_CMD6_WR/U_WR_FIFO/SUBCORE_FIFO.xsdbm_v3_0_2_wrfifo_inst/inst_fifo_gen/gconvfifo.rf/grf.rf/gntv_or_sync_fifo.gcx.clkx/gnxpm_cdc.gsync_stage[2].rd_stg_inst/Q_reg_reg[0]_0[0]
    SLICE_X44Y197        FDCE                                         f  dbg_hub/inst/BSCANID.u_xsdbm_id/CORE_XSDB.UUT_MASTER/U_ICON_INTERFACE/U_CMD6_WR/U_WR_FIFO/SUBCORE_FIFO.xsdbm_v3_0_2_wrfifo_inst/inst_fifo_gen/gconvfifo.rf/grf.rf/gntv_or_sync_fifo.gcx.clkx/gnxpm_cdc.gsync_stage[2].rd_stg_inst/Q_reg_reg[2]/CLR
  -------------------------------------------------------------------    -------------------

                         (clock clk_pl_0 rise edge)
                                                      0.000     0.000 r  
    PS8_X0Y0             PS8                          0.000     0.000 r  kria_starter_kit_i/zynq_ultra_ps_e_0/U0/PS8_i/PLCLK[0]
                         net (fo=1, routed)           0.164     0.164    kria_starter_kit_i/zynq_ultra_ps_e_0/U0/pl_clk_unbuffered[0]
    BUFG_PS_X0Y90        BUFG_PS (Prop_BUFG_PS_I_O)
                                                      0.023     0.187 r  kria_starter_kit_i/zynq_ultra_ps_e_0/U0/buffer_pl_clk_0.PL_CLK_0_BUFG/O
    X1Y2 (CLOCK_ROOT)    net (fo=1510, routed)        1.572     1.759    dbg_hub/inst/BSCANID.u_xsdbm_id/CORE_XSDB.UUT_MASTER/U_ICON_INTERFACE/U_CMD6_WR/U_WR_FIFO/SUBCORE_FIFO.xsdbm_v3_0_2_wrfifo_inst/inst_fifo_gen/gconvfifo.rf/grf.rf/gntv_or_sync_fifo.gcx.clkx/gnxpm_cdc.gsync_stage[2].rd_stg_inst/rd_clk
    SLICE_X44Y197        FDCE                                         r  dbg_hub/inst/BSCANID.u_xsdbm_id/CORE_XSDB.UUT_MASTER/U_ICON_INTERFACE/U_CMD6_WR/U_WR_FIFO/SUBCORE_FIFO.xsdbm_v3_0_2_wrfifo_inst/inst_fifo_gen/gconvfifo.rf/grf.rf/gntv_or_sync_fifo.gcx.clkx/gnxpm_cdc.gsync_stage[2].rd_stg_inst/Q_reg_reg[2]/C
                         clock pessimism             -0.154     1.605    
    SLICE_X44Y197        FDCE (Remov_AFF2_SLICEL_C_CLR)
                                                     -0.018     1.587    dbg_hub/inst/BSCANID.u_xsdbm_id/CORE_XSDB.UUT_MASTER/U_ICON_INTERFACE/U_CMD6_WR/U_WR_FIFO/SUBCORE_FIFO.xsdbm_v3_0_2_wrfifo_inst/inst_fifo_gen/gconvfifo.rf/grf.rf/gntv_or_sync_fifo.gcx.clkx/gnxpm_cdc.gsync_stage[2].rd_stg_inst/Q_reg_reg[2]
  -------------------------------------------------------------------
                         required time                         -1.587    
                         arrival time                           1.759    
  -------------------------------------------------------------------
                         slack                                  0.172    

Slack (MET) :             0.172ns  (arrival time - required time)
  Source:                 dbg_hub/inst/BSCANID.u_xsdbm_id/CORE_XSDB.UUT_MASTER/U_ICON_INTERFACE/U_CMD6_WR/U_WR_FIFO/SUBCORE_FIFO.xsdbm_v3_0_2_wrfifo_inst/inst_fifo_gen/gconvfifo.rf/grf.rf/rstblk/ngwrdrst.grst.g7serrst.rd_rst_reg_reg[1]/C
                            (rising edge-triggered cell FDPE clocked by clk_pl_0  {rise@0.000ns fall@5.000ns period=10.000ns})
  Destination:            dbg_hub/inst/BSCANID.u_xsdbm_id/CORE_XSDB.UUT_MASTER/U_ICON_INTERFACE/U_CMD6_WR/U_WR_FIFO/SUBCORE_FIFO.xsdbm_v3_0_2_wrfifo_inst/inst_fifo_gen/gconvfifo.rf/grf.rf/gntv_or_sync_fifo.gcx.clkx/gnxpm_cdc.gsync_stage[2].rd_stg_inst/Q_reg_reg[3]/CLR
                            (removal check against rising-edge clock clk_pl_0  {rise@0.000ns fall@5.000ns period=10.000ns})
  Path Group:             **async_default**
  Path Type:              Removal (Min at Fast Process Corner)
  Requirement:            0.000ns  (clk_pl_0 rise@0.000ns - clk_pl_0 rise@0.000ns)
  Data Path Delay:        0.169ns  (logic 0.085ns (50.397%)  route 0.084ns (49.603%))
  Logic Levels:           0  
  Clock Path Skew:        0.015ns (DCD - SCD - CPR)
    Destination Clock Delay (DCD):    1.759ns
    Source Clock Delay      (SCD):    1.590ns
    Clock Pessimism Removal (CPR):    0.154ns
  Clock Net Delay (Source):      1.439ns (routing 0.785ns, distribution 0.654ns)
  Clock Net Delay (Destination): 1.572ns (routing 0.861ns, distribution 0.711ns)

    Location             Delay type                Incr(ns)  Path(ns)    Netlist Resource(s)
  -------------------------------------------------------------------    -------------------
                         (clock clk_pl_0 rise edge)
                                                      0.000     0.000 r  
    PS8_X0Y0             PS8                          0.000     0.000 r  kria_starter_kit_i/zynq_ultra_ps_e_0/U0/PS8_i/PLCLK[0]
                         net (fo=1, routed)           0.129     0.129    kria_starter_kit_i/zynq_ultra_ps_e_0/U0/pl_clk_unbuffered[0]
    BUFG_PS_X0Y90        BUFG_PS (Prop_BUFG_PS_I_O)
                                                      0.022     0.151 r  kria_starter_kit_i/zynq_ultra_ps_e_0/U0/buffer_pl_clk_0.PL_CLK_0_BUFG/O
    X1Y2 (CLOCK_ROOT)    net (fo=1510, routed)        1.439     1.590    dbg_hub/inst/BSCANID.u_xsdbm_id/CORE_XSDB.UUT_MASTER/U_ICON_INTERFACE/U_CMD6_WR/U_WR_FIFO/SUBCORE_FIFO.xsdbm_v3_0_2_wrfifo_inst/inst_fifo_gen/gconvfifo.rf/grf.rf/rstblk/rd_clk
    SLICE_X44Y196        FDPE                                         r  dbg_hub/inst/BSCANID.u_xsdbm_id/CORE_XSDB.UUT_MASTER/U_ICON_INTERFACE/U_CMD6_WR/U_WR_FIFO/SUBCORE_FIFO.xsdbm_v3_0_2_wrfifo_inst/inst_fifo_gen/gconvfifo.rf/grf.rf/rstblk/ngwrdrst.grst.g7serrst.rd_rst_reg_reg[1]/C
  -------------------------------------------------------------------    -------------------
    SLICE_X44Y196        FDPE (Prop_AFF2_SLICEL_C_Q)
                                                      0.085     1.675 f  dbg_hub/inst/BSCANID.u_xsdbm_id/CORE_XSDB.UUT_MASTER/U_ICON_INTERFACE/U_CMD6_WR/U_WR_FIFO/SUBCORE_FIFO.xsdbm_v3_0_2_wrfifo_inst/inst_fifo_gen/gconvfifo.rf/grf.rf/rstblk/ngwrdrst.grst.g7serrst.rd_rst_reg_reg[1]/Q
                         net (fo=16, routed)          0.084     1.759    dbg_hub/inst/BSCANID.u_xsdbm_id/CORE_XSDB.UUT_MASTER/U_ICON_INTERFACE/U_CMD6_WR/U_WR_FIFO/SUBCORE_FIFO.xsdbm_v3_0_2_wrfifo_inst/inst_fifo_gen/gconvfifo.rf/grf.rf/gntv_or_sync_fifo.gcx.clkx/gnxpm_cdc.gsync_stage[2].rd_stg_inst/Q_reg_reg[0]_0[0]
    SLICE_X44Y197        FDCE                                         f  dbg_hub/inst/BSCANID.u_xsdbm_id/CORE_XSDB.UUT_MASTER/U_ICON_INTERFACE/U_CMD6_WR/U_WR_FIFO/SUBCORE_FIFO.xsdbm_v3_0_2_wrfifo_inst/inst_fifo_gen/gconvfifo.rf/grf.rf/gntv_or_sync_fifo.gcx.clkx/gnxpm_cdc.gsync_stage[2].rd_stg_inst/Q_reg_reg[3]/CLR
  -------------------------------------------------------------------    -------------------

                         (clock clk_pl_0 rise edge)
                                                      0.000     0.000 r  
    PS8_X0Y0             PS8                          0.000     0.000 r  kria_starter_kit_i/zynq_ultra_ps_e_0/U0/PS8_i/PLCLK[0]
                         net (fo=1, routed)           0.164     0.164    kria_starter_kit_i/zynq_ultra_ps_e_0/U0/pl_clk_unbuffered[0]
    BUFG_PS_X0Y90        BUFG_PS (Prop_BUFG_PS_I_O)
                                                      0.023     0.187 r  kria_starter_kit_i/zynq_ultra_ps_e_0/U0/buffer_pl_clk_0.PL_CLK_0_BUFG/O
    X1Y2 (CLOCK_ROOT)    net (fo=1510, routed)        1.572     1.759    dbg_hub/inst/BSCANID.u_xsdbm_id/CORE_XSDB.UUT_MASTER/U_ICON_INTERFACE/U_CMD6_WR/U_WR_FIFO/SUBCORE_FIFO.xsdbm_v3_0_2_wrfifo_inst/inst_fifo_gen/gconvfifo.rf/grf.rf/gntv_or_sync_fifo.gcx.clkx/gnxpm_cdc.gsync_stage[2].rd_stg_inst/rd_clk
    SLICE_X44Y197        FDCE                                         r  dbg_hub/inst/BSCANID.u_xsdbm_id/CORE_XSDB.UUT_MASTER/U_ICON_INTERFACE/U_CMD6_WR/U_WR_FIFO/SUBCORE_FIFO.xsdbm_v3_0_2_wrfifo_inst/inst_fifo_gen/gconvfifo.rf/grf.rf/gntv_or_sync_fifo.gcx.clkx/gnxpm_cdc.gsync_stage[2].rd_stg_inst/Q_reg_reg[3]/C
                         clock pessimism             -0.154     1.605    
    SLICE_X44Y197        FDCE (Remov_AFF_SLICEL_C_CLR)
                                                     -0.018     1.587    dbg_hub/inst/BSCANID.u_xsdbm_id/CORE_XSDB.UUT_MASTER/U_ICON_INTERFACE/U_CMD6_WR/U_WR_FIFO/SUBCORE_FIFO.xsdbm_v3_0_2_wrfifo_inst/inst_fifo_gen/gconvfifo.rf/grf.rf/gntv_or_sync_fifo.gcx.clkx/gnxpm_cdc.gsync_stage[2].rd_stg_inst/Q_reg_reg[3]
  -------------------------------------------------------------------
                         required time                         -1.587    
                         arrival time                           1.759    
  -------------------------------------------------------------------
                         slack                                  0.172    

Slack (MET) :             0.172ns  (arrival time - required time)
  Source:                 dbg_hub/inst/BSCANID.u_xsdbm_id/CORE_XSDB.UUT_MASTER/U_ICON_INTERFACE/U_CMD6_WR/U_WR_FIFO/SUBCORE_FIFO.xsdbm_v3_0_2_wrfifo_inst/inst_fifo_gen/gconvfifo.rf/grf.rf/rstblk/ngwrdrst.grst.g7serrst.rd_rst_reg_reg[1]/C
                            (rising edge-triggered cell FDPE clocked by clk_pl_0  {rise@0.000ns fall@5.000ns period=10.000ns})
  Destination:            dbg_hub/inst/BSCANID.u_xsdbm_id/CORE_XSDB.UUT_MASTER/U_ICON_INTERFACE/U_CMD6_WR/U_WR_FIFO/SUBCORE_FIFO.xsdbm_v3_0_2_wrfifo_inst/inst_fifo_gen/gconvfifo.rf/grf.rf/gntv_or_sync_fifo.gcx.clkx/gnxpm_cdc.rd_pntr_gc_reg[1]/CLR
                            (removal check against rising-edge clock clk_pl_0  {rise@0.000ns fall@5.000ns period=10.000ns})
  Path Group:             **async_default**
  Path Type:              Removal (Min at Fast Process Corner)
  Requirement:            0.000ns  (clk_pl_0 rise@0.000ns - clk_pl_0 rise@0.000ns)
  Data Path Delay:        0.169ns  (logic 0.085ns (50.397%)  route 0.084ns (49.603%))
  Logic Levels:           0  
  Clock Path Skew:        0.015ns (DCD - SCD - CPR)
    Destination Clock Delay (DCD):    1.759ns
    Source Clock Delay      (SCD):    1.590ns
    Clock Pessimism Removal (CPR):    0.154ns
  Clock Net Delay (Source):      1.439ns (routing 0.785ns, distribution 0.654ns)
  Clock Net Delay (Destination): 1.572ns (routing 0.861ns, distribution 0.711ns)

    Location             Delay type                Incr(ns)  Path(ns)    Netlist Resource(s)
  -------------------------------------------------------------------    -------------------
                         (clock clk_pl_0 rise edge)
                                                      0.000     0.000 r  
    PS8_X0Y0             PS8                          0.000     0.000 r  kria_starter_kit_i/zynq_ultra_ps_e_0/U0/PS8_i/PLCLK[0]
                         net (fo=1, routed)           0.129     0.129    kria_starter_kit_i/zynq_ultra_ps_e_0/U0/pl_clk_unbuffered[0]
    BUFG_PS_X0Y90        BUFG_PS (Prop_BUFG_PS_I_O)
                                                      0.022     0.151 r  kria_starter_kit_i/zynq_ultra_ps_e_0/U0/buffer_pl_clk_0.PL_CLK_0_BUFG/O
    X1Y2 (CLOCK_ROOT)    net (fo=1510, routed)        1.439     1.590    dbg_hub/inst/BSCANID.u_xsdbm_id/CORE_XSDB.UUT_MASTER/U_ICON_INTERFACE/U_CMD6_WR/U_WR_FIFO/SUBCORE_FIFO.xsdbm_v3_0_2_wrfifo_inst/inst_fifo_gen/gconvfifo.rf/grf.rf/rstblk/rd_clk
    SLICE_X44Y196        FDPE                                         r  dbg_hub/inst/BSCANID.u_xsdbm_id/CORE_XSDB.UUT_MASTER/U_ICON_INTERFACE/U_CMD6_WR/U_WR_FIFO/SUBCORE_FIFO.xsdbm_v3_0_2_wrfifo_inst/inst_fifo_gen/gconvfifo.rf/grf.rf/rstblk/ngwrdrst.grst.g7serrst.rd_rst_reg_reg[1]/C
  -------------------------------------------------------------------    -------------------
    SLICE_X44Y196        FDPE (Prop_AFF2_SLICEL_C_Q)
                                                      0.085     1.675 f  dbg_hub/inst/BSCANID.u_xsdbm_id/CORE_XSDB.UUT_MASTER/U_ICON_INTERFACE/U_CMD6_WR/U_WR_FIFO/SUBCORE_FIFO.xsdbm_v3_0_2_wrfifo_inst/inst_fifo_gen/gconvfifo.rf/grf.rf/rstblk/ngwrdrst.grst.g7serrst.rd_rst_reg_reg[1]/Q
                         net (fo=16, routed)          0.084     1.759    dbg_hub/inst/BSCANID.u_xsdbm_id/CORE_XSDB.UUT_MASTER/U_ICON_INTERFACE/U_CMD6_WR/U_WR_FIFO/SUBCORE_FIFO.xsdbm_v3_0_2_wrfifo_inst/inst_fifo_gen/gconvfifo.rf/grf.rf/gntv_or_sync_fifo.gcx.clkx/Q_reg_reg[0][0]
    SLICE_X44Y197        FDCE                                         f  dbg_hub/inst/BSCANID.u_xsdbm_id/CORE_XSDB.UUT_MASTER/U_ICON_INTERFACE/U_CMD6_WR/U_WR_FIFO/SUBCORE_FIFO.xsdbm_v3_0_2_wrfifo_inst/inst_fifo_gen/gconvfifo.rf/grf.rf/gntv_or_sync_fifo.gcx.clkx/gnxpm_cdc.rd_pntr_gc_reg[1]/CLR
  -------------------------------------------------------------------    -------------------

                         (clock clk_pl_0 rise edge)
                                                      0.000     0.000 r  
    PS8_X0Y0             PS8                          0.000     0.000 r  kria_starter_kit_i/zynq_ultra_ps_e_0/U0/PS8_i/PLCLK[0]
                         net (fo=1, routed)           0.164     0.164    kria_starter_kit_i/zynq_ultra_ps_e_0/U0/pl_clk_unbuffered[0]
    BUFG_PS_X0Y90        BUFG_PS (Prop_BUFG_PS_I_O)
                                                      0.023     0.187 r  kria_starter_kit_i/zynq_ultra_ps_e_0/U0/buffer_pl_clk_0.PL_CLK_0_BUFG/O
    X1Y2 (CLOCK_ROOT)    net (fo=1510, routed)        1.572     1.759    dbg_hub/inst/BSCANID.u_xsdbm_id/CORE_XSDB.UUT_MASTER/U_ICON_INTERFACE/U_CMD6_WR/U_WR_FIFO/SUBCORE_FIFO.xsdbm_v3_0_2_wrfifo_inst/inst_fifo_gen/gconvfifo.rf/grf.rf/gntv_or_sync_fifo.gcx.clkx/rd_clk
    SLICE_X44Y197        FDCE                                         r  dbg_hub/inst/BSCANID.u_xsdbm_id/CORE_XSDB.UUT_MASTER/U_ICON_INTERFACE/U_CMD6_WR/U_WR_FIFO/SUBCORE_FIFO.xsdbm_v3_0_2_wrfifo_inst/inst_fifo_gen/gconvfifo.rf/grf.rf/gntv_or_sync_fifo.gcx.clkx/gnxpm_cdc.rd_pntr_gc_reg[1]/C
                         clock pessimism             -0.154     1.605    
    SLICE_X44Y197        FDCE (Remov_DFF2_SLICEL_C_CLR)
                                                     -0.018     1.587    dbg_hub/inst/BSCANID.u_xsdbm_id/CORE_XSDB.UUT_MASTER/U_ICON_INTERFACE/U_CMD6_WR/U_WR_FIFO/SUBCORE_FIFO.xsdbm_v3_0_2_wrfifo_inst/inst_fifo_gen/gconvfifo.rf/grf.rf/gntv_or_sync_fifo.gcx.clkx/gnxpm_cdc.rd_pntr_gc_reg[1]
  -------------------------------------------------------------------
                         required time                         -1.587    
                         arrival time                           1.759    
  -------------------------------------------------------------------
                         slack                                  0.172    

Slack (MET) :             0.172ns  (arrival time - required time)
  Source:                 dbg_hub/inst/BSCANID.u_xsdbm_id/CORE_XSDB.UUT_MASTER/U_ICON_INTERFACE/U_CMD6_WR/U_WR_FIFO/SUBCORE_FIFO.xsdbm_v3_0_2_wrfifo_inst/inst_fifo_gen/gconvfifo.rf/grf.rf/rstblk/ngwrdrst.grst.g7serrst.rd_rst_reg_reg[1]/C
                            (rising edge-triggered cell FDPE clocked by clk_pl_0  {rise@0.000ns fall@5.000ns period=10.000ns})
  Destination:            dbg_hub/inst/BSCANID.u_xsdbm_id/CORE_XSDB.UUT_MASTER/U_ICON_INTERFACE/U_CMD6_WR/U_WR_FIFO/SUBCORE_FIFO.xsdbm_v3_0_2_wrfifo_inst/inst_fifo_gen/gconvfifo.rf/grf.rf/gntv_or_sync_fifo.gcx.clkx/gnxpm_cdc.rd_pntr_gc_reg[3]/CLR
                            (removal check against rising-edge clock clk_pl_0  {rise@0.000ns fall@5.000ns period=10.000ns})
  Path Group:             **async_default**
  Path Type:              Removal (Min at Fast Process Corner)
  Requirement:            0.000ns  (clk_pl_0 rise@0.000ns - clk_pl_0 rise@0.000ns)
  Data Path Delay:        0.169ns  (logic 0.085ns (50.397%)  route 0.084ns (49.603%))
  Logic Levels:           0  
  Clock Path Skew:        0.015ns (DCD - SCD - CPR)
    Destination Clock Delay (DCD):    1.759ns
    Source Clock Delay      (SCD):    1.590ns
    Clock Pessimism Removal (CPR):    0.154ns
  Clock Net Delay (Source):      1.439ns (routing 0.785ns, distribution 0.654ns)
  Clock Net Delay (Destination): 1.572ns (routing 0.861ns, distribution 0.711ns)

    Location             Delay type                Incr(ns)  Path(ns)    Netlist Resource(s)
  -------------------------------------------------------------------    -------------------
                         (clock clk_pl_0 rise edge)
                                                      0.000     0.000 r  
    PS8_X0Y0             PS8                          0.000     0.000 r  kria_starter_kit_i/zynq_ultra_ps_e_0/U0/PS8_i/PLCLK[0]
                         net (fo=1, routed)           0.129     0.129    kria_starter_kit_i/zynq_ultra_ps_e_0/U0/pl_clk_unbuffered[0]
    BUFG_PS_X0Y90        BUFG_PS (Prop_BUFG_PS_I_O)
                                                      0.022     0.151 r  kria_starter_kit_i/zynq_ultra_ps_e_0/U0/buffer_pl_clk_0.PL_CLK_0_BUFG/O
    X1Y2 (CLOCK_ROOT)    net (fo=1510, routed)        1.439     1.590    dbg_hub/inst/BSCANID.u_xsdbm_id/CORE_XSDB.UUT_MASTER/U_ICON_INTERFACE/U_CMD6_WR/U_WR_FIFO/SUBCORE_FIFO.xsdbm_v3_0_2_wrfifo_inst/inst_fifo_gen/gconvfifo.rf/grf.rf/rstblk/rd_clk
    SLICE_X44Y196        FDPE                                         r  dbg_hub/inst/BSCANID.u_xsdbm_id/CORE_XSDB.UUT_MASTER/U_ICON_INTERFACE/U_CMD6_WR/U_WR_FIFO/SUBCORE_FIFO.xsdbm_v3_0_2_wrfifo_inst/inst_fifo_gen/gconvfifo.rf/grf.rf/rstblk/ngwrdrst.grst.g7serrst.rd_rst_reg_reg[1]/C
  -------------------------------------------------------------------    -------------------
    SLICE_X44Y196        FDPE (Prop_AFF2_SLICEL_C_Q)
                                                      0.085     1.675 f  dbg_hub/inst/BSCANID.u_xsdbm_id/CORE_XSDB.UUT_MASTER/U_ICON_INTERFACE/U_CMD6_WR/U_WR_FIFO/SUBCORE_FIFO.xsdbm_v3_0_2_wrfifo_inst/inst_fifo_gen/gconvfifo.rf/grf.rf/rstblk/ngwrdrst.grst.g7serrst.rd_rst_reg_reg[1]/Q
                         net (fo=16, routed)          0.084     1.759    dbg_hub/inst/BSCANID.u_xsdbm_id/CORE_XSDB.UUT_MASTER/U_ICON_INTERFACE/U_CMD6_WR/U_WR_FIFO/SUBCORE_FIFO.xsdbm_v3_0_2_wrfifo_inst/inst_fifo_gen/gconvfifo.rf/grf.rf/gntv_or_sync_fifo.gcx.clkx/Q_reg_reg[0][0]
    SLICE_X44Y197        FDCE                                         f  dbg_hub/inst/BSCANID.u_xsdbm_id/CORE_XSDB.UUT_MASTER/U_ICON_INTERFACE/U_CMD6_WR/U_WR_FIFO/SUBCORE_FIFO.xsdbm_v3_0_2_wrfifo_inst/inst_fifo_gen/gconvfifo.rf/grf.rf/gntv_or_sync_fifo.gcx.clkx/gnxpm_cdc.rd_pntr_gc_reg[3]/CLR
  -------------------------------------------------------------------    -------------------

                         (clock clk_pl_0 rise edge)
                                                      0.000     0.000 r  
    PS8_X0Y0             PS8                          0.000     0.000 r  kria_starter_kit_i/zynq_ultra_ps_e_0/U0/PS8_i/PLCLK[0]
                         net (fo=1, routed)           0.164     0.164    kria_starter_kit_i/zynq_ultra_ps_e_0/U0/pl_clk_unbuffered[0]
    BUFG_PS_X0Y90        BUFG_PS (Prop_BUFG_PS_I_O)
                                                      0.023     0.187 r  kria_starter_kit_i/zynq_ultra_ps_e_0/U0/buffer_pl_clk_0.PL_CLK_0_BUFG/O
    X1Y2 (CLOCK_ROOT)    net (fo=1510, routed)        1.572     1.759    dbg_hub/inst/BSCANID.u_xsdbm_id/CORE_XSDB.UUT_MASTER/U_ICON_INTERFACE/U_CMD6_WR/U_WR_FIFO/SUBCORE_FIFO.xsdbm_v3_0_2_wrfifo_inst/inst_fifo_gen/gconvfifo.rf/grf.rf/gntv_or_sync_fifo.gcx.clkx/rd_clk
    SLICE_X44Y197        FDCE                                         r  dbg_hub/inst/BSCANID.u_xsdbm_id/CORE_XSDB.UUT_MASTER/U_ICON_INTERFACE/U_CMD6_WR/U_WR_FIFO/SUBCORE_FIFO.xsdbm_v3_0_2_wrfifo_inst/inst_fifo_gen/gconvfifo.rf/grf.rf/gntv_or_sync_fifo.gcx.clkx/gnxpm_cdc.rd_pntr_gc_reg[3]/C
                         clock pessimism             -0.154     1.605    
    SLICE_X44Y197        FDCE (Remov_BFF_SLICEL_C_CLR)
                                                     -0.018     1.587    dbg_hub/inst/BSCANID.u_xsdbm_id/CORE_XSDB.UUT_MASTER/U_ICON_INTERFACE/U_CMD6_WR/U_WR_FIFO/SUBCORE_FIFO.xsdbm_v3_0_2_wrfifo_inst/inst_fifo_gen/gconvfifo.rf/grf.rf/gntv_or_sync_fifo.gcx.clkx/gnxpm_cdc.rd_pntr_gc_reg[3]
  -------------------------------------------------------------------
                         required time                         -1.587    
                         arrival time                           1.759    
  -------------------------------------------------------------------
                         slack                                  0.172    

Slack (MET) :             0.203ns  (arrival time - required time)
  Source:                 dbg_hub/inst/BSCANID.u_xsdbm_id/CORE_XSDB.UUT_MASTER/U_ICON_INTERFACE/U_CMD6_WR/U_WR_FIFO/SUBCORE_FIFO.xsdbm_v3_0_2_wrfifo_inst/inst_fifo_gen/gconvfifo.rf/grf.rf/rstblk/ngwrdrst.grst.g7serrst.rst_rd_reg2_reg/C
                            (rising edge-triggered cell FDPE clocked by clk_pl_0  {rise@0.000ns fall@5.000ns period=10.000ns})
  Destination:            dbg_hub/inst/BSCANID.u_xsdbm_id/CORE_XSDB.UUT_MASTER/U_ICON_INTERFACE/U_CMD6_WR/U_WR_FIFO/SUBCORE_FIFO.xsdbm_v3_0_2_wrfifo_inst/inst_fifo_gen/gconvfifo.rf/grf.rf/rstblk/ngwrdrst.grst.g7serrst.rd_rst_asreg_reg/PRE
                            (removal check against rising-edge clock clk_pl_0  {rise@0.000ns fall@5.000ns period=10.000ns})
  Path Group:             **async_default**
  Path Type:              Removal (Min at Fast Process Corner)
  Requirement:            0.000ns  (clk_pl_0 rise@0.000ns - clk_pl_0 rise@0.000ns)
  Data Path Delay:        0.209ns  (logic 0.084ns (40.191%)  route 0.125ns (59.809%))
  Logic Levels:           0  
  Clock Path Skew:        0.024ns (DCD - SCD - CPR)
    Destination Clock Delay (DCD):    1.782ns
    Source Clock Delay      (SCD):    1.604ns
    Clock Pessimism Removal (CPR):    0.153ns
  Clock Net Delay (Source):      1.453ns (routing 0.785ns, distribution 0.668ns)
  Clock Net Delay (Destination): 1.595ns (routing 0.861ns, distribution 0.734ns)

    Location             Delay type                Incr(ns)  Path(ns)    Netlist Resource(s)
  -------------------------------------------------------------------    -------------------
                         (clock clk_pl_0 rise edge)
                                                      0.000     0.000 r  
    PS8_X0Y0             PS8                          0.000     0.000 r  kria_starter_kit_i/zynq_ultra_ps_e_0/U0/PS8_i/PLCLK[0]
                         net (fo=1, routed)           0.129     0.129    kria_starter_kit_i/zynq_ultra_ps_e_0/U0/pl_clk_unbuffered[0]
    BUFG_PS_X0Y90        BUFG_PS (Prop_BUFG_PS_I_O)
                                                      0.022     0.151 r  kria_starter_kit_i/zynq_ultra_ps_e_0/U0/buffer_pl_clk_0.PL_CLK_0_BUFG/O
    X1Y2 (CLOCK_ROOT)    net (fo=1510, routed)        1.453     1.604    dbg_hub/inst/BSCANID.u_xsdbm_id/CORE_XSDB.UUT_MASTER/U_ICON_INTERFACE/U_CMD6_WR/U_WR_FIFO/SUBCORE_FIFO.xsdbm_v3_0_2_wrfifo_inst/inst_fifo_gen/gconvfifo.rf/grf.rf/rstblk/rd_clk
    SLICE_X45Y197        FDPE                                         r  dbg_hub/inst/BSCANID.u_xsdbm_id/CORE_XSDB.UUT_MASTER/U_ICON_INTERFACE/U_CMD6_WR/U_WR_FIFO/SUBCORE_FIFO.xsdbm_v3_0_2_wrfifo_inst/inst_fifo_gen/gconvfifo.rf/grf.rf/rstblk/ngwrdrst.grst.g7serrst.rst_rd_reg2_reg/C
  -------------------------------------------------------------------    -------------------
    SLICE_X45Y197        FDPE (Prop_AFF2_SLICEM_C_Q)
                                                      0.084     1.688 f  dbg_hub/inst/BSCANID.u_xsdbm_id/CORE_XSDB.UUT_MASTER/U_ICON_INTERFACE/U_CMD6_WR/U_WR_FIFO/SUBCORE_FIFO.xsdbm_v3_0_2_wrfifo_inst/inst_fifo_gen/gconvfifo.rf/grf.rf/rstblk/ngwrdrst.grst.g7serrst.rst_rd_reg2_reg/Q
                         net (fo=1, routed)           0.125     1.813    dbg_hub/inst/BSCANID.u_xsdbm_id/CORE_XSDB.UUT_MASTER/U_ICON_INTERFACE/U_CMD6_WR/U_WR_FIFO/SUBCORE_FIFO.xsdbm_v3_0_2_wrfifo_inst/inst_fifo_gen/gconvfifo.rf/grf.rf/rstblk/ngwrdrst.grst.rst_rd_reg2
    SLICE_X45Y198        FDPE                                         f  dbg_hub/inst/BSCANID.u_xsdbm_id/CORE_XSDB.UUT_MASTER/U_ICON_INTERFACE/U_CMD6_WR/U_WR_FIFO/SUBCORE_FIFO.xsdbm_v3_0_2_wrfifo_inst/inst_fifo_gen/gconvfifo.rf/grf.rf/rstblk/ngwrdrst.grst.g7serrst.rd_rst_asreg_reg/PRE
  -------------------------------------------------------------------    -------------------

                         (clock clk_pl_0 rise edge)
                                                      0.000     0.000 r  
    PS8_X0Y0             PS8                          0.000     0.000 r  kria_starter_kit_i/zynq_ultra_ps_e_0/U0/PS8_i/PLCLK[0]
                         net (fo=1, routed)           0.164     0.164    kria_starter_kit_i/zynq_ultra_ps_e_0/U0/pl_clk_unbuffered[0]
    BUFG_PS_X0Y90        BUFG_PS (Prop_BUFG_PS_I_O)
                                                      0.023     0.187 r  kria_starter_kit_i/zynq_ultra_ps_e_0/U0/buffer_pl_clk_0.PL_CLK_0_BUFG/O
    X1Y2 (CLOCK_ROOT)    net (fo=1510, routed)        1.595     1.782    dbg_hub/inst/BSCANID.u_xsdbm_id/CORE_XSDB.UUT_MASTER/U_ICON_INTERFACE/U_CMD6_WR/U_WR_FIFO/SUBCORE_FIFO.xsdbm_v3_0_2_wrfifo_inst/inst_fifo_gen/gconvfifo.rf/grf.rf/rstblk/rd_clk
    SLICE_X45Y198        FDPE                                         r  dbg_hub/inst/BSCANID.u_xsdbm_id/CORE_XSDB.UUT_MASTER/U_ICON_INTERFACE/U_CMD6_WR/U_WR_FIFO/SUBCORE_FIFO.xsdbm_v3_0_2_wrfifo_inst/inst_fifo_gen/gconvfifo.rf/grf.rf/rstblk/ngwrdrst.grst.g7serrst.rd_rst_asreg_reg/C
                         clock pessimism             -0.153     1.628    
    SLICE_X45Y198        FDPE (Remov_HFF2_SLICEM_C_PRE)
                                                     -0.018     1.610    dbg_hub/inst/BSCANID.u_xsdbm_id/CORE_XSDB.UUT_MASTER/U_ICON_INTERFACE/U_CMD6_WR/U_WR_FIFO/SUBCORE_FIFO.xsdbm_v3_0_2_wrfifo_inst/inst_fifo_gen/gconvfifo.rf/grf.rf/rstblk/ngwrdrst.grst.g7serrst.rd_rst_asreg_reg
  -------------------------------------------------------------------
                         required time                         -1.610    
                         arrival time                           1.813    
  -------------------------------------------------------------------
                         slack                                  0.203    

Slack (MET) :             0.214ns  (arrival time - required time)
  Source:                 dbg_hub/inst/BSCANID.u_xsdbm_id/CORE_XSDB.UUT_MASTER/U_XSDB_BUS_CONTROLLER/clr_abort_rd_reg/C
                            (rising edge-triggered cell FDCE clocked by clk_pl_0  {rise@0.000ns fall@5.000ns period=10.000ns})
  Destination:            dbg_hub/inst/BSCANID.u_xsdbm_id/CORE_XSDB.UUT_MASTER/U_XSDB_BUS_CONTROLLER/U_RD_ABORT_FLAG/G_NEG_EDGE.flag_reg/CLR
                            (removal check against rising-edge clock clk_pl_0  {rise@0.000ns fall@5.000ns period=10.000ns})
  Path Group:             **async_default**
  Path Type:              Removal (Min at Fast Process Corner)
  Requirement:            0.000ns  (clk_pl_0 rise@0.000ns - clk_pl_0 rise@0.000ns)
  Data Path Delay:        0.245ns  (logic 0.084ns (34.266%)  route 0.161ns (65.734%))
  Logic Levels:           0  
  Clock Path Skew:        0.049ns (DCD - SCD - CPR)
    Destination Clock Delay (DCD):    1.811ns
    Source Clock Delay      (SCD):    1.634ns
    Clock Pessimism Removal (CPR):    0.129ns
  Clock Net Delay (Source):      1.483ns (routing 0.785ns, distribution 0.698ns)
  Clock Net Delay (Destination): 1.624ns (routing 0.861ns, distribution 0.763ns)

    Location             Delay type                Incr(ns)  Path(ns)    Netlist Resource(s)
  -------------------------------------------------------------------    -------------------
                         (clock clk_pl_0 rise edge)
                                                      0.000     0.000 r  
    PS8_X0Y0             PS8                          0.000     0.000 r  kria_starter_kit_i/zynq_ultra_ps_e_0/U0/PS8_i/PLCLK[0]
                         net (fo=1, routed)           0.129     0.129    kria_starter_kit_i/zynq_ultra_ps_e_0/U0/pl_clk_unbuffered[0]
    BUFG_PS_X0Y90        BUFG_PS (Prop_BUFG_PS_I_O)
                                                      0.022     0.151 r  kria_starter_kit_i/zynq_ultra_ps_e_0/U0/buffer_pl_clk_0.PL_CLK_0_BUFG/O
    X1Y2 (CLOCK_ROOT)    net (fo=1510, routed)        1.483     1.634    dbg_hub/inst/BSCANID.u_xsdbm_id/CORE_XSDB.UUT_MASTER/U_XSDB_BUS_CONTROLLER/clk
    SLICE_X49Y191        FDCE                                         r  dbg_hub/inst/BSCANID.u_xsdbm_id/CORE_XSDB.UUT_MASTER/U_XSDB_BUS_CONTROLLER/clr_abort_rd_reg/C
  -------------------------------------------------------------------    -------------------
    SLICE_X49Y191        FDCE (Prop_HFF_SLICEL_C_Q)
                                                      0.084     1.718 f  dbg_hub/inst/BSCANID.u_xsdbm_id/CORE_XSDB.UUT_MASTER/U_XSDB_BUS_CONTROLLER/clr_abort_rd_reg/Q
                         net (fo=2, routed)           0.161     1.879    dbg_hub/inst/BSCANID.u_xsdbm_id/CORE_XSDB.UUT_MASTER/U_XSDB_BUS_CONTROLLER/U_RD_ABORT_FLAG/clr_abort_rd
    SLICE_X51Y191        FDCE                                         f  dbg_hub/inst/BSCANID.u_xsdbm_id/CORE_XSDB.UUT_MASTER/U_XSDB_BUS_CONTROLLER/U_RD_ABORT_FLAG/G_NEG_EDGE.flag_reg/CLR
  -------------------------------------------------------------------    -------------------

                         (clock clk_pl_0 rise edge)
                                                      0.000     0.000 r  
    PS8_X0Y0             PS8                          0.000     0.000 r  kria_starter_kit_i/zynq_ultra_ps_e_0/U0/PS8_i/PLCLK[0]
                         net (fo=1, routed)           0.164     0.164    kria_starter_kit_i/zynq_ultra_ps_e_0/U0/pl_clk_unbuffered[0]
    BUFG_PS_X0Y90        BUFG_PS (Prop_BUFG_PS_I_O)
                                                      0.023     0.187 r  kria_starter_kit_i/zynq_ultra_ps_e_0/U0/buffer_pl_clk_0.PL_CLK_0_BUFG/O
    X1Y2 (CLOCK_ROOT)    net (fo=1510, routed)        1.624     1.811    dbg_hub/inst/BSCANID.u_xsdbm_id/CORE_XSDB.UUT_MASTER/U_XSDB_BUS_CONTROLLER/U_RD_ABORT_FLAG/clk
    SLICE_X51Y191        FDCE                                         r  dbg_hub/inst/BSCANID.u_xsdbm_id/CORE_XSDB.UUT_MASTER/U_XSDB_BUS_CONTROLLER/U_RD_ABORT_FLAG/G_NEG_EDGE.flag_reg/C
                         clock pessimism             -0.129     1.682    
    SLICE_X51Y191        FDCE (Remov_HFF2_SLICEL_C_CLR)
                                                     -0.018     1.664    dbg_hub/inst/BSCANID.u_xsdbm_id/CORE_XSDB.UUT_MASTER/U_XSDB_BUS_CONTROLLER/U_RD_ABORT_FLAG/G_NEG_EDGE.flag_reg
  -------------------------------------------------------------------
                         required time                         -1.664    
                         arrival time                           1.879    
  -------------------------------------------------------------------
                         slack                                  0.214    

Slack (MET) :             0.222ns  (arrival time - required time)
  Source:                 dbg_hub/inst/BSCANID.u_xsdbm_id/CORE_XSDB.UUT_MASTER/U_ICON_INTERFACE/U_CMD1/ctl_reg_reg[0]/C
                            (rising edge-triggered cell FDRE clocked by clk_pl_0  {rise@0.000ns fall@5.000ns period=10.000ns})
  Destination:            dbg_hub/inst/BSCANID.u_xsdbm_id/CORE_XSDB.UUT_MASTER/U_XSDB_BUS_CONTROLLER/ma_err_r_reg[0]/CLR
                            (removal check against rising-edge clock clk_pl_0  {rise@0.000ns fall@5.000ns period=10.000ns})
  Path Group:             **async_default**
  Path Type:              Removal (Min at Fast Process Corner)
  Requirement:            0.000ns  (clk_pl_0 rise@0.000ns - clk_pl_0 rise@0.000ns)
  Data Path Delay:        0.251ns  (logic 0.084ns (33.498%)  route 0.167ns (66.502%))
  Logic Levels:           0  
  Clock Path Skew:        0.046ns (DCD - SCD - CPR)
    Destination Clock Delay (DCD):    1.815ns
    Source Clock Delay      (SCD):    1.640ns
    Clock Pessimism Removal (CPR):    0.129ns
  Clock Net Delay (Source):      1.489ns (routing 0.785ns, distribution 0.704ns)
  Clock Net Delay (Destination): 1.628ns (routing 0.861ns, distribution 0.767ns)

    Location             Delay type                Incr(ns)  Path(ns)    Netlist Resource(s)
  -------------------------------------------------------------------    -------------------
                         (clock clk_pl_0 rise edge)
                                                      0.000     0.000 r  
    PS8_X0Y0             PS8                          0.000     0.000 r  kria_starter_kit_i/zynq_ultra_ps_e_0/U0/PS8_i/PLCLK[0]
                         net (fo=1, routed)           0.129     0.129    kria_starter_kit_i/zynq_ultra_ps_e_0/U0/pl_clk_unbuffered[0]
    BUFG_PS_X0Y90        BUFG_PS (Prop_BUFG_PS_I_O)
                                                      0.022     0.151 r  kria_starter_kit_i/zynq_ultra_ps_e_0/U0/buffer_pl_clk_0.PL_CLK_0_BUFG/O
    X1Y2 (CLOCK_ROOT)    net (fo=1510, routed)        1.489     1.640    dbg_hub/inst/BSCANID.u_xsdbm_id/CORE_XSDB.UUT_MASTER/U_ICON_INTERFACE/U_CMD1/clk
    SLICE_X51Y190        FDRE                                         r  dbg_hub/inst/BSCANID.u_xsdbm_id/CORE_XSDB.UUT_MASTER/U_ICON_INTERFACE/U_CMD1/ctl_reg_reg[0]/C
  -------------------------------------------------------------------    -------------------
    SLICE_X51Y190        FDRE (Prop_HFF_SLICEL_C_Q)
                                                      0.084     1.724 f  dbg_hub/inst/BSCANID.u_xsdbm_id/CORE_XSDB.UUT_MASTER/U_ICON_INTERFACE/U_CMD1/ctl_reg_reg[0]/Q
                         net (fo=176, routed)         0.167     1.891    dbg_hub/inst/BSCANID.u_xsdbm_id/CORE_XSDB.UUT_MASTER/U_XSDB_BUS_CONTROLLER/out[0]
    SLICE_X52Y191        FDCE                                         f  dbg_hub/inst/BSCANID.u_xsdbm_id/CORE_XSDB.UUT_MASTER/U_XSDB_BUS_CONTROLLER/ma_err_r_reg[0]/CLR
  -------------------------------------------------------------------    -------------------

                         (clock clk_pl_0 rise edge)
                                                      0.000     0.000 r  
    PS8_X0Y0             PS8                          0.000     0.000 r  kria_starter_kit_i/zynq_ultra_ps_e_0/U0/PS8_i/PLCLK[0]
                         net (fo=1, routed)           0.164     0.164    kria_starter_kit_i/zynq_ultra_ps_e_0/U0/pl_clk_unbuffered[0]
    BUFG_PS_X0Y90        BUFG_PS (Prop_BUFG_PS_I_O)
                                                      0.023     0.187 r  kria_starter_kit_i/zynq_ultra_ps_e_0/U0/buffer_pl_clk_0.PL_CLK_0_BUFG/O
    X1Y2 (CLOCK_ROOT)    net (fo=1510, routed)        1.628     1.815    dbg_hub/inst/BSCANID.u_xsdbm_id/CORE_XSDB.UUT_MASTER/U_XSDB_BUS_CONTROLLER/clk
    SLICE_X52Y191        FDCE                                         r  dbg_hub/inst/BSCANID.u_xsdbm_id/CORE_XSDB.UUT_MASTER/U_XSDB_BUS_CONTROLLER/ma_err_r_reg[0]/C
                         clock pessimism             -0.129     1.686    
    SLICE_X52Y191        FDCE (Remov_HFF_SLICEL_C_CLR)
                                                     -0.018     1.668    dbg_hub/inst/BSCANID.u_xsdbm_id/CORE_XSDB.UUT_MASTER/U_XSDB_BUS_CONTROLLER/ma_err_r_reg[0]
  -------------------------------------------------------------------
                         required time                         -1.668    
                         arrival time                           1.891    
  -------------------------------------------------------------------
                         slack                                  0.222    

Slack (MET) :             0.222ns  (arrival time - required time)
  Source:                 dbg_hub/inst/BSCANID.u_xsdbm_id/CORE_XSDB.UUT_MASTER/U_ICON_INTERFACE/U_CMD1/ctl_reg_reg[0]/C
                            (rising edge-triggered cell FDRE clocked by clk_pl_0  {rise@0.000ns fall@5.000ns period=10.000ns})
  Destination:            dbg_hub/inst/BSCANID.u_xsdbm_id/CORE_XSDB.UUT_MASTER/U_XSDB_BUS_CONTROLLER/timer_rst_reg/PRE
                            (removal check against rising-edge clock clk_pl_0  {rise@0.000ns fall@5.000ns period=10.000ns})
  Path Group:             **async_default**
  Path Type:              Removal (Min at Fast Process Corner)
  Requirement:            0.000ns  (clk_pl_0 rise@0.000ns - clk_pl_0 rise@0.000ns)
  Data Path Delay:        0.251ns  (logic 0.084ns (33.498%)  route 0.167ns (66.502%))
  Logic Levels:           0  
  Clock Path Skew:        0.046ns (DCD - SCD - CPR)
    Destination Clock Delay (DCD):    1.815ns
    Source Clock Delay      (SCD):    1.640ns
    Clock Pessimism Removal (CPR):    0.129ns
  Clock Net Delay (Source):      1.489ns (routing 0.785ns, distribution 0.704ns)
  Clock Net Delay (Destination): 1.628ns (routing 0.861ns, distribution 0.767ns)

    Location             Delay type                Incr(ns)  Path(ns)    Netlist Resource(s)
  -------------------------------------------------------------------    -------------------
                         (clock clk_pl_0 rise edge)
                                                      0.000     0.000 r  
    PS8_X0Y0             PS8                          0.000     0.000 r  kria_starter_kit_i/zynq_ultra_ps_e_0/U0/PS8_i/PLCLK[0]
                         net (fo=1, routed)           0.129     0.129    kria_starter_kit_i/zynq_ultra_ps_e_0/U0/pl_clk_unbuffered[0]
    BUFG_PS_X0Y90        BUFG_PS (Prop_BUFG_PS_I_O)
                                                      0.022     0.151 r  kria_starter_kit_i/zynq_ultra_ps_e_0/U0/buffer_pl_clk_0.PL_CLK_0_BUFG/O
    X1Y2 (CLOCK_ROOT)    net (fo=1510, routed)        1.489     1.640    dbg_hub/inst/BSCANID.u_xsdbm_id/CORE_XSDB.UUT_MASTER/U_ICON_INTERFACE/U_CMD1/clk
    SLICE_X51Y190        FDRE                                         r  dbg_hub/inst/BSCANID.u_xsdbm_id/CORE_XSDB.UUT_MASTER/U_ICON_INTERFACE/U_CMD1/ctl_reg_reg[0]/C
  -------------------------------------------------------------------    -------------------
    SLICE_X51Y190        FDRE (Prop_HFF_SLICEL_C_Q)
                                                      0.084     1.724 f  dbg_hub/inst/BSCANID.u_xsdbm_id/CORE_XSDB.UUT_MASTER/U_ICON_INTERFACE/U_CMD1/ctl_reg_reg[0]/Q
                         net (fo=176, routed)         0.167     1.891    dbg_hub/inst/BSCANID.u_xsdbm_id/CORE_XSDB.UUT_MASTER/U_XSDB_BUS_CONTROLLER/out[0]
    SLICE_X52Y191        FDPE                                         f  dbg_hub/inst/BSCANID.u_xsdbm_id/CORE_XSDB.UUT_MASTER/U_XSDB_BUS_CONTROLLER/timer_rst_reg/PRE
  -------------------------------------------------------------------    -------------------

                         (clock clk_pl_0 rise edge)
                                                      0.000     0.000 r  
    PS8_X0Y0             PS8                          0.000     0.000 r  kria_starter_kit_i/zynq_ultra_ps_e_0/U0/PS8_i/PLCLK[0]
                         net (fo=1, routed)           0.164     0.164    kria_starter_kit_i/zynq_ultra_ps_e_0/U0/pl_clk_unbuffered[0]
    BUFG_PS_X0Y90        BUFG_PS (Prop_BUFG_PS_I_O)
                                                      0.023     0.187 r  kria_starter_kit_i/zynq_ultra_ps_e_0/U0/buffer_pl_clk_0.PL_CLK_0_BUFG/O
    X1Y2 (CLOCK_ROOT)    net (fo=1510, routed)        1.628     1.815    dbg_hub/inst/BSCANID.u_xsdbm_id/CORE_XSDB.UUT_MASTER/U_XSDB_BUS_CONTROLLER/clk
    SLICE_X52Y191        FDPE                                         r  dbg_hub/inst/BSCANID.u_xsdbm_id/CORE_XSDB.UUT_MASTER/U_XSDB_BUS_CONTROLLER/timer_rst_reg/C
                         clock pessimism             -0.129     1.686    
    SLICE_X52Y191        FDPE (Remov_GFF_SLICEL_C_PRE)
                                                     -0.018     1.668    dbg_hub/inst/BSCANID.u_xsdbm_id/CORE_XSDB.UUT_MASTER/U_XSDB_BUS_CONTROLLER/timer_rst_reg
  -------------------------------------------------------------------
                         required time                         -1.668    
                         arrival time                           1.891    
  -------------------------------------------------------------------
                         slack                                  0.222    





---------------------------------------------------------------------------------------------------
Path Group:  **async_default**
From Clock:  dbg_hub/inst/BSCANID.u_xsdbm_id/SWITCH_N_EXT_BSCAN.bscan_inst/SERIES7_BSCAN.bscan_inst/INTERNAL_TCK
  To Clock:  dbg_hub/inst/BSCANID.u_xsdbm_id/SWITCH_N_EXT_BSCAN.bscan_inst/SERIES7_BSCAN.bscan_inst/INTERNAL_TCK

Setup :            0  Failing Endpoints,  Worst Slack       47.729ns,  Total Violation        0.000ns
Hold  :            0  Failing Endpoints,  Worst Slack        0.167ns,  Total Violation        0.000ns
---------------------------------------------------------------------------------------------------


Max Delay Paths
--------------------------------------------------------------------------------------
Slack (MET) :             47.729ns  (required time - arrival time)
  Source:                 dbg_hub/inst/BSCANID.u_xsdbm_id/SWITCH_N_EXT_BSCAN.bscan_switch/portno_reg[1]/C
                            (rising edge-triggered cell FDRE clocked by dbg_hub/inst/BSCANID.u_xsdbm_id/SWITCH_N_EXT_BSCAN.bscan_inst/SERIES7_BSCAN.bscan_inst/INTERNAL_TCK  {rise@0.000ns fall@25.000ns period=50.000ns})
  Destination:            dbg_hub/inst/BSCANID.u_xsdbm_id/CORE_XSDB.U_ICON/U_CMD/iTARGET_reg[15]/CLR
                            (recovery check against rising-edge clock dbg_hub/inst/BSCANID.u_xsdbm_id/SWITCH_N_EXT_BSCAN.bscan_inst/SERIES7_BSCAN.bscan_inst/INTERNAL_TCK  {rise@0.000ns fall@25.000ns period=50.000ns})
  Path Group:             **async_default**
  Path Type:              Recovery (Max at Slow Process Corner)
  Requirement:            50.000ns  (dbg_hub/inst/BSCANID.u_xsdbm_id/SWITCH_N_EXT_BSCAN.bscan_inst/SERIES7_BSCAN.bscan_inst/INTERNAL_TCK rise@50.000ns - dbg_hub/inst/BSCANID.u_xsdbm_id/SWITCH_N_EXT_BSCAN.bscan_inst/SERIES7_BSCAN.bscan_inst/INTERNAL_TCK rise@0.000ns)
  Data Path Delay:        2.096ns  (logic 0.560ns (26.717%)  route 1.536ns (73.283%))
  Logic Levels:           2  (LUT4=1 LUT6=1)
  Clock Path Skew:        -0.047ns (DCD - SCD + CPR)
    Destination Clock Delay (DCD):    3.741ns = ( 53.741 - 50.000 ) 
    Source Clock Delay      (SCD):    8.739ns
    Clock Pessimism Removal (CPR):    4.951ns
  Clock Uncertainty:      0.035ns  ((TSJ^2 + TIJ^2)^1/2 + DJ) / 2 + PE
    Total System Jitter     (TSJ):    0.071ns
    Total Input Jitter      (TIJ):    0.000ns
    Discrete Jitter          (DJ):    0.000ns
    Phase Error              (PE):    0.000ns
  Clock Net Delay (Source):      2.264ns (routing 1.187ns, distribution 1.077ns)
  Clock Net Delay (Destination): 2.117ns (routing 1.087ns, distribution 1.030ns)

    Location             Delay type                Incr(ns)  Path(ns)    Netlist Resource(s)
  -------------------------------------------------------------------    -------------------
                         (clock dbg_hub/inst/BSCANID.u_xsdbm_id/SWITCH_N_EXT_BSCAN.bscan_inst/SERIES7_BSCAN.bscan_inst/INTERNAL_TCK rise edge)
                                                      0.000     0.000 r  
    CONFIG_SITE_X0Y0     BSCANE2                      0.000     0.000 r  dbg_hub/inst/BSCANID.u_xsdbm_id/SWITCH_N_EXT_BSCAN.bscan_inst/SERIES7_BSCAN.bscan_inst/INTERNAL_TCK
    CONFIG_SITE_X0Y0     BSCANE2 (Prop_BSCAN1_CONFIG_SITE_INTERNAL_TCK_TCK)
                                                      4.800     4.800 r  dbg_hub/inst/BSCANID.u_xsdbm_id/SWITCH_N_EXT_BSCAN.bscan_inst/SERIES7_BSCAN.bscan_inst/TCK
                         net (fo=1, routed)           1.631     6.431    dbg_hub/inst/BSCANID.u_xsdbm_id/tck_bs
    BUFGCE_X0Y76         BUFGCE (Prop_BUFCE_BUFGCE_I_O)
                                                      0.044     6.475 r  dbg_hub/inst/BSCANID.u_xsdbm_id/SWITCH_N_EXT_BSCAN.u_bufg_icon_tck/O
    X2Y2 (CLOCK_ROOT)    net (fo=478, routed)         2.264     8.739    dbg_hub/inst/BSCANID.u_xsdbm_id/SWITCH_N_EXT_BSCAN.bscan_switch/s_bscan_tck
    SLICE_X48Y159        FDRE                                         r  dbg_hub/inst/BSCANID.u_xsdbm_id/SWITCH_N_EXT_BSCAN.bscan_switch/portno_reg[1]/C
  -------------------------------------------------------------------    -------------------
    SLICE_X48Y159        FDRE (Prop_EFF2_SLICEL_C_Q)
                                                      0.116     8.855 f  dbg_hub/inst/BSCANID.u_xsdbm_id/SWITCH_N_EXT_BSCAN.bscan_switch/portno_reg[1]/Q
                         net (fo=1, routed)           0.236     9.091    dbg_hub/inst/BSCANID.u_xsdbm_id/SWITCH_N_EXT_BSCAN.bscan_switch/portno[1]
    SLICE_X48Y159        LUT6 (Prop_H6LUT_SLICEL_I3_O)
                                                      0.227     9.318 f  dbg_hub/inst/BSCANID.u_xsdbm_id/SWITCH_N_EXT_BSCAN.bscan_switch/m_bscan_drck[0]_INST_0_i_1/O
                         net (fo=5, routed)           0.560     9.878    dbg_hub/inst/BSCANID.u_xsdbm_id/SWITCH_N_EXT_BSCAN.bscan_switch/m_bscan_drck[0]_INST_0_i_1_n_0
    SLICE_X49Y161        LUT4 (Prop_D5LUT_SLICEL_I3_O)
                                                      0.217    10.095 r  dbg_hub/inst/BSCANID.u_xsdbm_id/SWITCH_N_EXT_BSCAN.bscan_switch/m_bscan_sel[0]_INST_0/O
                         net (fo=11, routed)          0.740    10.835    dbg_hub/inst/BSCANID.u_xsdbm_id/CORE_XSDB.U_ICON/U_CMD/iTARGET_reg[6]_0
    SLICE_X50Y184        FDCE                                         f  dbg_hub/inst/BSCANID.u_xsdbm_id/CORE_XSDB.U_ICON/U_CMD/iTARGET_reg[15]/CLR  (IS_INVERTED)
  -------------------------------------------------------------------    -------------------

                         (clock dbg_hub/inst/BSCANID.u_xsdbm_id/SWITCH_N_EXT_BSCAN.bscan_inst/SERIES7_BSCAN.bscan_inst/INTERNAL_TCK rise edge)
                                                     50.000    50.000 r  
    CONFIG_SITE_X0Y0     BSCANE2                      0.000    50.000 r  dbg_hub/inst/BSCANID.u_xsdbm_id/SWITCH_N_EXT_BSCAN.bscan_inst/SERIES7_BSCAN.bscan_inst/INTERNAL_TCK
    CONFIG_SITE_X0Y0     BSCANE2 (Prop_BSCAN1_CONFIG_SITE_INTERNAL_TCK_TCK)
                                                      0.465    50.465 r  dbg_hub/inst/BSCANID.u_xsdbm_id/SWITCH_N_EXT_BSCAN.bscan_inst/SERIES7_BSCAN.bscan_inst/TCK
                         net (fo=1, routed)           1.120    51.585    dbg_hub/inst/BSCANID.u_xsdbm_id/tck_bs
    BUFGCE_X0Y76         BUFGCE (Prop_BUFCE_BUFGCE_I_O)
                                                      0.039    51.624 r  dbg_hub/inst/BSCANID.u_xsdbm_id/SWITCH_N_EXT_BSCAN.u_bufg_icon_tck/O
    X2Y2 (CLOCK_ROOT)    net (fo=478, routed)         2.117    53.741    dbg_hub/inst/BSCANID.u_xsdbm_id/CORE_XSDB.U_ICON/U_CMD/m_bscan_tck[0]
    SLICE_X50Y184        FDCE                                         r  dbg_hub/inst/BSCANID.u_xsdbm_id/CORE_XSDB.U_ICON/U_CMD/iTARGET_reg[15]/C
                         clock pessimism              4.951    58.692    
                         clock uncertainty           -0.035    58.657    
    SLICE_X50Y184        FDCE (Recov_AFF_SLICEL_C_CLR)
                                                     -0.093    58.564    dbg_hub/inst/BSCANID.u_xsdbm_id/CORE_XSDB.U_ICON/U_CMD/iTARGET_reg[15]
  -------------------------------------------------------------------
                         required time                         58.564    
                         arrival time                         -10.835    
  -------------------------------------------------------------------
                         slack                                 47.729    

Slack (MET) :             47.729ns  (required time - arrival time)
  Source:                 dbg_hub/inst/BSCANID.u_xsdbm_id/SWITCH_N_EXT_BSCAN.bscan_switch/portno_reg[1]/C
                            (rising edge-triggered cell FDRE clocked by dbg_hub/inst/BSCANID.u_xsdbm_id/SWITCH_N_EXT_BSCAN.bscan_inst/SERIES7_BSCAN.bscan_inst/INTERNAL_TCK  {rise@0.000ns fall@25.000ns period=50.000ns})
  Destination:            dbg_hub/inst/BSCANID.u_xsdbm_id/CORE_XSDB.U_ICON/U_CMD/iTARGET_reg[8]/CLR
                            (recovery check against rising-edge clock dbg_hub/inst/BSCANID.u_xsdbm_id/SWITCH_N_EXT_BSCAN.bscan_inst/SERIES7_BSCAN.bscan_inst/INTERNAL_TCK  {rise@0.000ns fall@25.000ns period=50.000ns})
  Path Group:             **async_default**
  Path Type:              Recovery (Max at Slow Process Corner)
  Requirement:            50.000ns  (dbg_hub/inst/BSCANID.u_xsdbm_id/SWITCH_N_EXT_BSCAN.bscan_inst/SERIES7_BSCAN.bscan_inst/INTERNAL_TCK rise@50.000ns - dbg_hub/inst/BSCANID.u_xsdbm_id/SWITCH_N_EXT_BSCAN.bscan_inst/SERIES7_BSCAN.bscan_inst/INTERNAL_TCK rise@0.000ns)
  Data Path Delay:        2.096ns  (logic 0.560ns (26.717%)  route 1.536ns (73.283%))
  Logic Levels:           2  (LUT4=1 LUT6=1)
  Clock Path Skew:        -0.047ns (DCD - SCD + CPR)
    Destination Clock Delay (DCD):    3.741ns = ( 53.741 - 50.000 ) 
    Source Clock Delay      (SCD):    8.739ns
    Clock Pessimism Removal (CPR):    4.951ns
  Clock Uncertainty:      0.035ns  ((TSJ^2 + TIJ^2)^1/2 + DJ) / 2 + PE
    Total System Jitter     (TSJ):    0.071ns
    Total Input Jitter      (TIJ):    0.000ns
    Discrete Jitter          (DJ):    0.000ns
    Phase Error              (PE):    0.000ns
  Clock Net Delay (Source):      2.264ns (routing 1.187ns, distribution 1.077ns)
  Clock Net Delay (Destination): 2.117ns (routing 1.087ns, distribution 1.030ns)

    Location             Delay type                Incr(ns)  Path(ns)    Netlist Resource(s)
  -------------------------------------------------------------------    -------------------
                         (clock dbg_hub/inst/BSCANID.u_xsdbm_id/SWITCH_N_EXT_BSCAN.bscan_inst/SERIES7_BSCAN.bscan_inst/INTERNAL_TCK rise edge)
                                                      0.000     0.000 r  
    CONFIG_SITE_X0Y0     BSCANE2                      0.000     0.000 r  dbg_hub/inst/BSCANID.u_xsdbm_id/SWITCH_N_EXT_BSCAN.bscan_inst/SERIES7_BSCAN.bscan_inst/INTERNAL_TCK
    CONFIG_SITE_X0Y0     BSCANE2 (Prop_BSCAN1_CONFIG_SITE_INTERNAL_TCK_TCK)
                                                      4.800     4.800 r  dbg_hub/inst/BSCANID.u_xsdbm_id/SWITCH_N_EXT_BSCAN.bscan_inst/SERIES7_BSCAN.bscan_inst/TCK
                         net (fo=1, routed)           1.631     6.431    dbg_hub/inst/BSCANID.u_xsdbm_id/tck_bs
    BUFGCE_X0Y76         BUFGCE (Prop_BUFCE_BUFGCE_I_O)
                                                      0.044     6.475 r  dbg_hub/inst/BSCANID.u_xsdbm_id/SWITCH_N_EXT_BSCAN.u_bufg_icon_tck/O
    X2Y2 (CLOCK_ROOT)    net (fo=478, routed)         2.264     8.739    dbg_hub/inst/BSCANID.u_xsdbm_id/SWITCH_N_EXT_BSCAN.bscan_switch/s_bscan_tck
    SLICE_X48Y159        FDRE                                         r  dbg_hub/inst/BSCANID.u_xsdbm_id/SWITCH_N_EXT_BSCAN.bscan_switch/portno_reg[1]/C
  -------------------------------------------------------------------    -------------------
    SLICE_X48Y159        FDRE (Prop_EFF2_SLICEL_C_Q)
                                                      0.116     8.855 f  dbg_hub/inst/BSCANID.u_xsdbm_id/SWITCH_N_EXT_BSCAN.bscan_switch/portno_reg[1]/Q
                         net (fo=1, routed)           0.236     9.091    dbg_hub/inst/BSCANID.u_xsdbm_id/SWITCH_N_EXT_BSCAN.bscan_switch/portno[1]
    SLICE_X48Y159        LUT6 (Prop_H6LUT_SLICEL_I3_O)
                                                      0.227     9.318 f  dbg_hub/inst/BSCANID.u_xsdbm_id/SWITCH_N_EXT_BSCAN.bscan_switch/m_bscan_drck[0]_INST_0_i_1/O
                         net (fo=5, routed)           0.560     9.878    dbg_hub/inst/BSCANID.u_xsdbm_id/SWITCH_N_EXT_BSCAN.bscan_switch/m_bscan_drck[0]_INST_0_i_1_n_0
    SLICE_X49Y161        LUT4 (Prop_D5LUT_SLICEL_I3_O)
                                                      0.217    10.095 r  dbg_hub/inst/BSCANID.u_xsdbm_id/SWITCH_N_EXT_BSCAN.bscan_switch/m_bscan_sel[0]_INST_0/O
                         net (fo=11, routed)          0.740    10.835    dbg_hub/inst/BSCANID.u_xsdbm_id/CORE_XSDB.U_ICON/U_CMD/iTARGET_reg[6]_0
    SLICE_X50Y184        FDCE                                         f  dbg_hub/inst/BSCANID.u_xsdbm_id/CORE_XSDB.U_ICON/U_CMD/iTARGET_reg[8]/CLR  (IS_INVERTED)
  -------------------------------------------------------------------    -------------------

                         (clock dbg_hub/inst/BSCANID.u_xsdbm_id/SWITCH_N_EXT_BSCAN.bscan_inst/SERIES7_BSCAN.bscan_inst/INTERNAL_TCK rise edge)
                                                     50.000    50.000 r  
    CONFIG_SITE_X0Y0     BSCANE2                      0.000    50.000 r  dbg_hub/inst/BSCANID.u_xsdbm_id/SWITCH_N_EXT_BSCAN.bscan_inst/SERIES7_BSCAN.bscan_inst/INTERNAL_TCK
    CONFIG_SITE_X0Y0     BSCANE2 (Prop_BSCAN1_CONFIG_SITE_INTERNAL_TCK_TCK)
                                                      0.465    50.465 r  dbg_hub/inst/BSCANID.u_xsdbm_id/SWITCH_N_EXT_BSCAN.bscan_inst/SERIES7_BSCAN.bscan_inst/TCK
                         net (fo=1, routed)           1.120    51.585    dbg_hub/inst/BSCANID.u_xsdbm_id/tck_bs
    BUFGCE_X0Y76         BUFGCE (Prop_BUFCE_BUFGCE_I_O)
                                                      0.039    51.624 r  dbg_hub/inst/BSCANID.u_xsdbm_id/SWITCH_N_EXT_BSCAN.u_bufg_icon_tck/O
    X2Y2 (CLOCK_ROOT)    net (fo=478, routed)         2.117    53.741    dbg_hub/inst/BSCANID.u_xsdbm_id/CORE_XSDB.U_ICON/U_CMD/m_bscan_tck[0]
    SLICE_X50Y184        FDCE                                         r  dbg_hub/inst/BSCANID.u_xsdbm_id/CORE_XSDB.U_ICON/U_CMD/iTARGET_reg[8]/C
                         clock pessimism              4.951    58.692    
                         clock uncertainty           -0.035    58.657    
    SLICE_X50Y184        FDCE (Recov_AFF2_SLICEL_C_CLR)
                                                     -0.093    58.564    dbg_hub/inst/BSCANID.u_xsdbm_id/CORE_XSDB.U_ICON/U_CMD/iTARGET_reg[8]
  -------------------------------------------------------------------
                         required time                         58.564    
                         arrival time                         -10.835    
  -------------------------------------------------------------------
                         slack                                 47.729    

Slack (MET) :             47.732ns  (required time - arrival time)
  Source:                 dbg_hub/inst/BSCANID.u_xsdbm_id/SWITCH_N_EXT_BSCAN.bscan_switch/portno_reg[1]/C
                            (rising edge-triggered cell FDRE clocked by dbg_hub/inst/BSCANID.u_xsdbm_id/SWITCH_N_EXT_BSCAN.bscan_inst/SERIES7_BSCAN.bscan_inst/INTERNAL_TCK  {rise@0.000ns fall@25.000ns period=50.000ns})
  Destination:            dbg_hub/inst/BSCANID.u_xsdbm_id/CORE_XSDB.U_ICON/U_CMD/iTARGET_reg[10]/CLR
                            (recovery check against rising-edge clock dbg_hub/inst/BSCANID.u_xsdbm_id/SWITCH_N_EXT_BSCAN.bscan_inst/SERIES7_BSCAN.bscan_inst/INTERNAL_TCK  {rise@0.000ns fall@25.000ns period=50.000ns})
  Path Group:             **async_default**
  Path Type:              Recovery (Max at Slow Process Corner)
  Requirement:            50.000ns  (dbg_hub/inst/BSCANID.u_xsdbm_id/SWITCH_N_EXT_BSCAN.bscan_inst/SERIES7_BSCAN.bscan_inst/INTERNAL_TCK rise@50.000ns - dbg_hub/inst/BSCANID.u_xsdbm_id/SWITCH_N_EXT_BSCAN.bscan_inst/SERIES7_BSCAN.bscan_inst/INTERNAL_TCK rise@0.000ns)
  Data Path Delay:        2.096ns  (logic 0.560ns (26.717%)  route 1.536ns (73.283%))
  Logic Levels:           2  (LUT4=1 LUT6=1)
  Clock Path Skew:        -0.044ns (DCD - SCD + CPR)
    Destination Clock Delay (DCD):    3.744ns = ( 53.744 - 50.000 ) 
    Source Clock Delay      (SCD):    8.739ns
    Clock Pessimism Removal (CPR):    4.951ns
  Clock Uncertainty:      0.035ns  ((TSJ^2 + TIJ^2)^1/2 + DJ) / 2 + PE
    Total System Jitter     (TSJ):    0.071ns
    Total Input Jitter      (TIJ):    0.000ns
    Discrete Jitter          (DJ):    0.000ns
    Phase Error              (PE):    0.000ns
  Clock Net Delay (Source):      2.264ns (routing 1.187ns, distribution 1.077ns)
  Clock Net Delay (Destination): 2.120ns (routing 1.087ns, distribution 1.033ns)

    Location             Delay type                Incr(ns)  Path(ns)    Netlist Resource(s)
  -------------------------------------------------------------------    -------------------
                         (clock dbg_hub/inst/BSCANID.u_xsdbm_id/SWITCH_N_EXT_BSCAN.bscan_inst/SERIES7_BSCAN.bscan_inst/INTERNAL_TCK rise edge)
                                                      0.000     0.000 r  
    CONFIG_SITE_X0Y0     BSCANE2                      0.000     0.000 r  dbg_hub/inst/BSCANID.u_xsdbm_id/SWITCH_N_EXT_BSCAN.bscan_inst/SERIES7_BSCAN.bscan_inst/INTERNAL_TCK
    CONFIG_SITE_X0Y0     BSCANE2 (Prop_BSCAN1_CONFIG_SITE_INTERNAL_TCK_TCK)
                                                      4.800     4.800 r  dbg_hub/inst/BSCANID.u_xsdbm_id/SWITCH_N_EXT_BSCAN.bscan_inst/SERIES7_BSCAN.bscan_inst/TCK
                         net (fo=1, routed)           1.631     6.431    dbg_hub/inst/BSCANID.u_xsdbm_id/tck_bs
    BUFGCE_X0Y76         BUFGCE (Prop_BUFCE_BUFGCE_I_O)
                                                      0.044     6.475 r  dbg_hub/inst/BSCANID.u_xsdbm_id/SWITCH_N_EXT_BSCAN.u_bufg_icon_tck/O
    X2Y2 (CLOCK_ROOT)    net (fo=478, routed)         2.264     8.739    dbg_hub/inst/BSCANID.u_xsdbm_id/SWITCH_N_EXT_BSCAN.bscan_switch/s_bscan_tck
    SLICE_X48Y159        FDRE                                         r  dbg_hub/inst/BSCANID.u_xsdbm_id/SWITCH_N_EXT_BSCAN.bscan_switch/portno_reg[1]/C
  -------------------------------------------------------------------    -------------------
    SLICE_X48Y159        FDRE (Prop_EFF2_SLICEL_C_Q)
                                                      0.116     8.855 f  dbg_hub/inst/BSCANID.u_xsdbm_id/SWITCH_N_EXT_BSCAN.bscan_switch/portno_reg[1]/Q
                         net (fo=1, routed)           0.236     9.091    dbg_hub/inst/BSCANID.u_xsdbm_id/SWITCH_N_EXT_BSCAN.bscan_switch/portno[1]
    SLICE_X48Y159        LUT6 (Prop_H6LUT_SLICEL_I3_O)
                                                      0.227     9.318 f  dbg_hub/inst/BSCANID.u_xsdbm_id/SWITCH_N_EXT_BSCAN.bscan_switch/m_bscan_drck[0]_INST_0_i_1/O
                         net (fo=5, routed)           0.560     9.878    dbg_hub/inst/BSCANID.u_xsdbm_id/SWITCH_N_EXT_BSCAN.bscan_switch/m_bscan_drck[0]_INST_0_i_1_n_0
    SLICE_X49Y161        LUT4 (Prop_D5LUT_SLICEL_I3_O)
                                                      0.217    10.095 r  dbg_hub/inst/BSCANID.u_xsdbm_id/SWITCH_N_EXT_BSCAN.bscan_switch/m_bscan_sel[0]_INST_0/O
                         net (fo=11, routed)          0.740    10.835    dbg_hub/inst/BSCANID.u_xsdbm_id/CORE_XSDB.U_ICON/U_CMD/iTARGET_reg[6]_0
    SLICE_X50Y184        FDCE                                         f  dbg_hub/inst/BSCANID.u_xsdbm_id/CORE_XSDB.U_ICON/U_CMD/iTARGET_reg[10]/CLR  (IS_INVERTED)
  -------------------------------------------------------------------    -------------------

                         (clock dbg_hub/inst/BSCANID.u_xsdbm_id/SWITCH_N_EXT_BSCAN.bscan_inst/SERIES7_BSCAN.bscan_inst/INTERNAL_TCK rise edge)
                                                     50.000    50.000 r  
    CONFIG_SITE_X0Y0     BSCANE2                      0.000    50.000 r  dbg_hub/inst/BSCANID.u_xsdbm_id/SWITCH_N_EXT_BSCAN.bscan_inst/SERIES7_BSCAN.bscan_inst/INTERNAL_TCK
    CONFIG_SITE_X0Y0     BSCANE2 (Prop_BSCAN1_CONFIG_SITE_INTERNAL_TCK_TCK)
                                                      0.465    50.465 r  dbg_hub/inst/BSCANID.u_xsdbm_id/SWITCH_N_EXT_BSCAN.bscan_inst/SERIES7_BSCAN.bscan_inst/TCK
                         net (fo=1, routed)           1.120    51.585    dbg_hub/inst/BSCANID.u_xsdbm_id/tck_bs
    BUFGCE_X0Y76         BUFGCE (Prop_BUFCE_BUFGCE_I_O)
                                                      0.039    51.624 r  dbg_hub/inst/BSCANID.u_xsdbm_id/SWITCH_N_EXT_BSCAN.u_bufg_icon_tck/O
    X2Y2 (CLOCK_ROOT)    net (fo=478, routed)         2.120    53.744    dbg_hub/inst/BSCANID.u_xsdbm_id/CORE_XSDB.U_ICON/U_CMD/m_bscan_tck[0]
    SLICE_X50Y184        FDCE                                         r  dbg_hub/inst/BSCANID.u_xsdbm_id/CORE_XSDB.U_ICON/U_CMD/iTARGET_reg[10]/C
                         clock pessimism              4.951    58.695    
                         clock uncertainty           -0.035    58.660    
    SLICE_X50Y184        FDCE (Recov_EFF_SLICEL_C_CLR)
                                                     -0.093    58.567    dbg_hub/inst/BSCANID.u_xsdbm_id/CORE_XSDB.U_ICON/U_CMD/iTARGET_reg[10]
  -------------------------------------------------------------------
                         required time                         58.567    
                         arrival time                         -10.835    
  -------------------------------------------------------------------
                         slack                                 47.732    

Slack (MET) :             47.732ns  (required time - arrival time)
  Source:                 dbg_hub/inst/BSCANID.u_xsdbm_id/SWITCH_N_EXT_BSCAN.bscan_switch/portno_reg[1]/C
                            (rising edge-triggered cell FDRE clocked by dbg_hub/inst/BSCANID.u_xsdbm_id/SWITCH_N_EXT_BSCAN.bscan_inst/SERIES7_BSCAN.bscan_inst/INTERNAL_TCK  {rise@0.000ns fall@25.000ns period=50.000ns})
  Destination:            dbg_hub/inst/BSCANID.u_xsdbm_id/CORE_XSDB.U_ICON/U_CMD/iTARGET_reg[11]/CLR
                            (recovery check against rising-edge clock dbg_hub/inst/BSCANID.u_xsdbm_id/SWITCH_N_EXT_BSCAN.bscan_inst/SERIES7_BSCAN.bscan_inst/INTERNAL_TCK  {rise@0.000ns fall@25.000ns period=50.000ns})
  Path Group:             **async_default**
  Path Type:              Recovery (Max at Slow Process Corner)
  Requirement:            50.000ns  (dbg_hub/inst/BSCANID.u_xsdbm_id/SWITCH_N_EXT_BSCAN.bscan_inst/SERIES7_BSCAN.bscan_inst/INTERNAL_TCK rise@50.000ns - dbg_hub/inst/BSCANID.u_xsdbm_id/SWITCH_N_EXT_BSCAN.bscan_inst/SERIES7_BSCAN.bscan_inst/INTERNAL_TCK rise@0.000ns)
  Data Path Delay:        2.096ns  (logic 0.560ns (26.717%)  route 1.536ns (73.283%))
  Logic Levels:           2  (LUT4=1 LUT6=1)
  Clock Path Skew:        -0.044ns (DCD - SCD + CPR)
    Destination Clock Delay (DCD):    3.744ns = ( 53.744 - 50.000 ) 
    Source Clock Delay      (SCD):    8.739ns
    Clock Pessimism Removal (CPR):    4.951ns
  Clock Uncertainty:      0.035ns  ((TSJ^2 + TIJ^2)^1/2 + DJ) / 2 + PE
    Total System Jitter     (TSJ):    0.071ns
    Total Input Jitter      (TIJ):    0.000ns
    Discrete Jitter          (DJ):    0.000ns
    Phase Error              (PE):    0.000ns
  Clock Net Delay (Source):      2.264ns (routing 1.187ns, distribution 1.077ns)
  Clock Net Delay (Destination): 2.120ns (routing 1.087ns, distribution 1.033ns)

    Location             Delay type                Incr(ns)  Path(ns)    Netlist Resource(s)
  -------------------------------------------------------------------    -------------------
                         (clock dbg_hub/inst/BSCANID.u_xsdbm_id/SWITCH_N_EXT_BSCAN.bscan_inst/SERIES7_BSCAN.bscan_inst/INTERNAL_TCK rise edge)
                                                      0.000     0.000 r  
    CONFIG_SITE_X0Y0     BSCANE2                      0.000     0.000 r  dbg_hub/inst/BSCANID.u_xsdbm_id/SWITCH_N_EXT_BSCAN.bscan_inst/SERIES7_BSCAN.bscan_inst/INTERNAL_TCK
    CONFIG_SITE_X0Y0     BSCANE2 (Prop_BSCAN1_CONFIG_SITE_INTERNAL_TCK_TCK)
                                                      4.800     4.800 r  dbg_hub/inst/BSCANID.u_xsdbm_id/SWITCH_N_EXT_BSCAN.bscan_inst/SERIES7_BSCAN.bscan_inst/TCK
                         net (fo=1, routed)           1.631     6.431    dbg_hub/inst/BSCANID.u_xsdbm_id/tck_bs
    BUFGCE_X0Y76         BUFGCE (Prop_BUFCE_BUFGCE_I_O)
                                                      0.044     6.475 r  dbg_hub/inst/BSCANID.u_xsdbm_id/SWITCH_N_EXT_BSCAN.u_bufg_icon_tck/O
    X2Y2 (CLOCK_ROOT)    net (fo=478, routed)         2.264     8.739    dbg_hub/inst/BSCANID.u_xsdbm_id/SWITCH_N_EXT_BSCAN.bscan_switch/s_bscan_tck
    SLICE_X48Y159        FDRE                                         r  dbg_hub/inst/BSCANID.u_xsdbm_id/SWITCH_N_EXT_BSCAN.bscan_switch/portno_reg[1]/C
  -------------------------------------------------------------------    -------------------
    SLICE_X48Y159        FDRE (Prop_EFF2_SLICEL_C_Q)
                                                      0.116     8.855 f  dbg_hub/inst/BSCANID.u_xsdbm_id/SWITCH_N_EXT_BSCAN.bscan_switch/portno_reg[1]/Q
                         net (fo=1, routed)           0.236     9.091    dbg_hub/inst/BSCANID.u_xsdbm_id/SWITCH_N_EXT_BSCAN.bscan_switch/portno[1]
    SLICE_X48Y159        LUT6 (Prop_H6LUT_SLICEL_I3_O)
                                                      0.227     9.318 f  dbg_hub/inst/BSCANID.u_xsdbm_id/SWITCH_N_EXT_BSCAN.bscan_switch/m_bscan_drck[0]_INST_0_i_1/O
                         net (fo=5, routed)           0.560     9.878    dbg_hub/inst/BSCANID.u_xsdbm_id/SWITCH_N_EXT_BSCAN.bscan_switch/m_bscan_drck[0]_INST_0_i_1_n_0
    SLICE_X49Y161        LUT4 (Prop_D5LUT_SLICEL_I3_O)
                                                      0.217    10.095 r  dbg_hub/inst/BSCANID.u_xsdbm_id/SWITCH_N_EXT_BSCAN.bscan_switch/m_bscan_sel[0]_INST_0/O
                         net (fo=11, routed)          0.740    10.835    dbg_hub/inst/BSCANID.u_xsdbm_id/CORE_XSDB.U_ICON/U_CMD/iTARGET_reg[6]_0
    SLICE_X50Y184        FDCE                                         f  dbg_hub/inst/BSCANID.u_xsdbm_id/CORE_XSDB.U_ICON/U_CMD/iTARGET_reg[11]/CLR  (IS_INVERTED)
  -------------------------------------------------------------------    -------------------

                         (clock dbg_hub/inst/BSCANID.u_xsdbm_id/SWITCH_N_EXT_BSCAN.bscan_inst/SERIES7_BSCAN.bscan_inst/INTERNAL_TCK rise edge)
                                                     50.000    50.000 r  
    CONFIG_SITE_X0Y0     BSCANE2                      0.000    50.000 r  dbg_hub/inst/BSCANID.u_xsdbm_id/SWITCH_N_EXT_BSCAN.bscan_inst/SERIES7_BSCAN.bscan_inst/INTERNAL_TCK
    CONFIG_SITE_X0Y0     BSCANE2 (Prop_BSCAN1_CONFIG_SITE_INTERNAL_TCK_TCK)
                                                      0.465    50.465 r  dbg_hub/inst/BSCANID.u_xsdbm_id/SWITCH_N_EXT_BSCAN.bscan_inst/SERIES7_BSCAN.bscan_inst/TCK
                         net (fo=1, routed)           1.120    51.585    dbg_hub/inst/BSCANID.u_xsdbm_id/tck_bs
    BUFGCE_X0Y76         BUFGCE (Prop_BUFCE_BUFGCE_I_O)
                                                      0.039    51.624 r  dbg_hub/inst/BSCANID.u_xsdbm_id/SWITCH_N_EXT_BSCAN.u_bufg_icon_tck/O
    X2Y2 (CLOCK_ROOT)    net (fo=478, routed)         2.120    53.744    dbg_hub/inst/BSCANID.u_xsdbm_id/CORE_XSDB.U_ICON/U_CMD/m_bscan_tck[0]
    SLICE_X50Y184        FDCE                                         r  dbg_hub/inst/BSCANID.u_xsdbm_id/CORE_XSDB.U_ICON/U_CMD/iTARGET_reg[11]/C
                         clock pessimism              4.951    58.695    
                         clock uncertainty           -0.035    58.660    
    SLICE_X50Y184        FDCE (Recov_EFF2_SLICEL_C_CLR)
                                                     -0.093    58.567    dbg_hub/inst/BSCANID.u_xsdbm_id/CORE_XSDB.U_ICON/U_CMD/iTARGET_reg[11]
  -------------------------------------------------------------------
                         required time                         58.567    
                         arrival time                         -10.835    
  -------------------------------------------------------------------
                         slack                                 47.732    

Slack (MET) :             47.732ns  (required time - arrival time)
  Source:                 dbg_hub/inst/BSCANID.u_xsdbm_id/SWITCH_N_EXT_BSCAN.bscan_switch/portno_reg[1]/C
                            (rising edge-triggered cell FDRE clocked by dbg_hub/inst/BSCANID.u_xsdbm_id/SWITCH_N_EXT_BSCAN.bscan_inst/SERIES7_BSCAN.bscan_inst/INTERNAL_TCK  {rise@0.000ns fall@25.000ns period=50.000ns})
  Destination:            dbg_hub/inst/BSCANID.u_xsdbm_id/CORE_XSDB.U_ICON/U_CMD/iTARGET_reg[12]/CLR
                            (recovery check against rising-edge clock dbg_hub/inst/BSCANID.u_xsdbm_id/SWITCH_N_EXT_BSCAN.bscan_inst/SERIES7_BSCAN.bscan_inst/INTERNAL_TCK  {rise@0.000ns fall@25.000ns period=50.000ns})
  Path Group:             **async_default**
  Path Type:              Recovery (Max at Slow Process Corner)
  Requirement:            50.000ns  (dbg_hub/inst/BSCANID.u_xsdbm_id/SWITCH_N_EXT_BSCAN.bscan_inst/SERIES7_BSCAN.bscan_inst/INTERNAL_TCK rise@50.000ns - dbg_hub/inst/BSCANID.u_xsdbm_id/SWITCH_N_EXT_BSCAN.bscan_inst/SERIES7_BSCAN.bscan_inst/INTERNAL_TCK rise@0.000ns)
  Data Path Delay:        2.096ns  (logic 0.560ns (26.717%)  route 1.536ns (73.283%))
  Logic Levels:           2  (LUT4=1 LUT6=1)
  Clock Path Skew:        -0.044ns (DCD - SCD + CPR)
    Destination Clock Delay (DCD):    3.744ns = ( 53.744 - 50.000 ) 
    Source Clock Delay      (SCD):    8.739ns
    Clock Pessimism Removal (CPR):    4.951ns
  Clock Uncertainty:      0.035ns  ((TSJ^2 + TIJ^2)^1/2 + DJ) / 2 + PE
    Total System Jitter     (TSJ):    0.071ns
    Total Input Jitter      (TIJ):    0.000ns
    Discrete Jitter          (DJ):    0.000ns
    Phase Error              (PE):    0.000ns
  Clock Net Delay (Source):      2.264ns (routing 1.187ns, distribution 1.077ns)
  Clock Net Delay (Destination): 2.120ns (routing 1.087ns, distribution 1.033ns)

    Location             Delay type                Incr(ns)  Path(ns)    Netlist Resource(s)
  -------------------------------------------------------------------    -------------------
                         (clock dbg_hub/inst/BSCANID.u_xsdbm_id/SWITCH_N_EXT_BSCAN.bscan_inst/SERIES7_BSCAN.bscan_inst/INTERNAL_TCK rise edge)
                                                      0.000     0.000 r  
    CONFIG_SITE_X0Y0     BSCANE2                      0.000     0.000 r  dbg_hub/inst/BSCANID.u_xsdbm_id/SWITCH_N_EXT_BSCAN.bscan_inst/SERIES7_BSCAN.bscan_inst/INTERNAL_TCK
    CONFIG_SITE_X0Y0     BSCANE2 (Prop_BSCAN1_CONFIG_SITE_INTERNAL_TCK_TCK)
                                                      4.800     4.800 r  dbg_hub/inst/BSCANID.u_xsdbm_id/SWITCH_N_EXT_BSCAN.bscan_inst/SERIES7_BSCAN.bscan_inst/TCK
                         net (fo=1, routed)           1.631     6.431    dbg_hub/inst/BSCANID.u_xsdbm_id/tck_bs
    BUFGCE_X0Y76         BUFGCE (Prop_BUFCE_BUFGCE_I_O)
                                                      0.044     6.475 r  dbg_hub/inst/BSCANID.u_xsdbm_id/SWITCH_N_EXT_BSCAN.u_bufg_icon_tck/O
    X2Y2 (CLOCK_ROOT)    net (fo=478, routed)         2.264     8.739    dbg_hub/inst/BSCANID.u_xsdbm_id/SWITCH_N_EXT_BSCAN.bscan_switch/s_bscan_tck
    SLICE_X48Y159        FDRE                                         r  dbg_hub/inst/BSCANID.u_xsdbm_id/SWITCH_N_EXT_BSCAN.bscan_switch/portno_reg[1]/C
  -------------------------------------------------------------------    -------------------
    SLICE_X48Y159        FDRE (Prop_EFF2_SLICEL_C_Q)
                                                      0.116     8.855 f  dbg_hub/inst/BSCANID.u_xsdbm_id/SWITCH_N_EXT_BSCAN.bscan_switch/portno_reg[1]/Q
                         net (fo=1, routed)           0.236     9.091    dbg_hub/inst/BSCANID.u_xsdbm_id/SWITCH_N_EXT_BSCAN.bscan_switch/portno[1]
    SLICE_X48Y159        LUT6 (Prop_H6LUT_SLICEL_I3_O)
                                                      0.227     9.318 f  dbg_hub/inst/BSCANID.u_xsdbm_id/SWITCH_N_EXT_BSCAN.bscan_switch/m_bscan_drck[0]_INST_0_i_1/O
                         net (fo=5, routed)           0.560     9.878    dbg_hub/inst/BSCANID.u_xsdbm_id/SWITCH_N_EXT_BSCAN.bscan_switch/m_bscan_drck[0]_INST_0_i_1_n_0
    SLICE_X49Y161        LUT4 (Prop_D5LUT_SLICEL_I3_O)
                                                      0.217    10.095 r  dbg_hub/inst/BSCANID.u_xsdbm_id/SWITCH_N_EXT_BSCAN.bscan_switch/m_bscan_sel[0]_INST_0/O
                         net (fo=11, routed)          0.740    10.835    dbg_hub/inst/BSCANID.u_xsdbm_id/CORE_XSDB.U_ICON/U_CMD/iTARGET_reg[6]_0
    SLICE_X50Y184        FDCE                                         f  dbg_hub/inst/BSCANID.u_xsdbm_id/CORE_XSDB.U_ICON/U_CMD/iTARGET_reg[12]/CLR  (IS_INVERTED)
  -------------------------------------------------------------------    -------------------

                         (clock dbg_hub/inst/BSCANID.u_xsdbm_id/SWITCH_N_EXT_BSCAN.bscan_inst/SERIES7_BSCAN.bscan_inst/INTERNAL_TCK rise edge)
                                                     50.000    50.000 r  
    CONFIG_SITE_X0Y0     BSCANE2                      0.000    50.000 r  dbg_hub/inst/BSCANID.u_xsdbm_id/SWITCH_N_EXT_BSCAN.bscan_inst/SERIES7_BSCAN.bscan_inst/INTERNAL_TCK
    CONFIG_SITE_X0Y0     BSCANE2 (Prop_BSCAN1_CONFIG_SITE_INTERNAL_TCK_TCK)
                                                      0.465    50.465 r  dbg_hub/inst/BSCANID.u_xsdbm_id/SWITCH_N_EXT_BSCAN.bscan_inst/SERIES7_BSCAN.bscan_inst/TCK
                         net (fo=1, routed)           1.120    51.585    dbg_hub/inst/BSCANID.u_xsdbm_id/tck_bs
    BUFGCE_X0Y76         BUFGCE (Prop_BUFCE_BUFGCE_I_O)
                                                      0.039    51.624 r  dbg_hub/inst/BSCANID.u_xsdbm_id/SWITCH_N_EXT_BSCAN.u_bufg_icon_tck/O
    X2Y2 (CLOCK_ROOT)    net (fo=478, routed)         2.120    53.744    dbg_hub/inst/BSCANID.u_xsdbm_id/CORE_XSDB.U_ICON/U_CMD/m_bscan_tck[0]
    SLICE_X50Y184        FDCE                                         r  dbg_hub/inst/BSCANID.u_xsdbm_id/CORE_XSDB.U_ICON/U_CMD/iTARGET_reg[12]/C
                         clock pessimism              4.951    58.695    
                         clock uncertainty           -0.035    58.660    
    SLICE_X50Y184        FDCE (Recov_FFF_SLICEL_C_CLR)
                                                     -0.093    58.567    dbg_hub/inst/BSCANID.u_xsdbm_id/CORE_XSDB.U_ICON/U_CMD/iTARGET_reg[12]
  -------------------------------------------------------------------
                         required time                         58.567    
                         arrival time                         -10.835    
  -------------------------------------------------------------------
                         slack                                 47.732    

Slack (MET) :             47.732ns  (required time - arrival time)
  Source:                 dbg_hub/inst/BSCANID.u_xsdbm_id/SWITCH_N_EXT_BSCAN.bscan_switch/portno_reg[1]/C
                            (rising edge-triggered cell FDRE clocked by dbg_hub/inst/BSCANID.u_xsdbm_id/SWITCH_N_EXT_BSCAN.bscan_inst/SERIES7_BSCAN.bscan_inst/INTERNAL_TCK  {rise@0.000ns fall@25.000ns period=50.000ns})
  Destination:            dbg_hub/inst/BSCANID.u_xsdbm_id/CORE_XSDB.U_ICON/U_CMD/iTARGET_reg[13]/CLR
                            (recovery check against rising-edge clock dbg_hub/inst/BSCANID.u_xsdbm_id/SWITCH_N_EXT_BSCAN.bscan_inst/SERIES7_BSCAN.bscan_inst/INTERNAL_TCK  {rise@0.000ns fall@25.000ns period=50.000ns})
  Path Group:             **async_default**
  Path Type:              Recovery (Max at Slow Process Corner)
  Requirement:            50.000ns  (dbg_hub/inst/BSCANID.u_xsdbm_id/SWITCH_N_EXT_BSCAN.bscan_inst/SERIES7_BSCAN.bscan_inst/INTERNAL_TCK rise@50.000ns - dbg_hub/inst/BSCANID.u_xsdbm_id/SWITCH_N_EXT_BSCAN.bscan_inst/SERIES7_BSCAN.bscan_inst/INTERNAL_TCK rise@0.000ns)
  Data Path Delay:        2.096ns  (logic 0.560ns (26.717%)  route 1.536ns (73.283%))
  Logic Levels:           2  (LUT4=1 LUT6=1)
  Clock Path Skew:        -0.044ns (DCD - SCD + CPR)
    Destination Clock Delay (DCD):    3.744ns = ( 53.744 - 50.000 ) 
    Source Clock Delay      (SCD):    8.739ns
    Clock Pessimism Removal (CPR):    4.951ns
  Clock Uncertainty:      0.035ns  ((TSJ^2 + TIJ^2)^1/2 + DJ) / 2 + PE
    Total System Jitter     (TSJ):    0.071ns
    Total Input Jitter      (TIJ):    0.000ns
    Discrete Jitter          (DJ):    0.000ns
    Phase Error              (PE):    0.000ns
  Clock Net Delay (Source):      2.264ns (routing 1.187ns, distribution 1.077ns)
  Clock Net Delay (Destination): 2.120ns (routing 1.087ns, distribution 1.033ns)

    Location             Delay type                Incr(ns)  Path(ns)    Netlist Resource(s)
  -------------------------------------------------------------------    -------------------
                         (clock dbg_hub/inst/BSCANID.u_xsdbm_id/SWITCH_N_EXT_BSCAN.bscan_inst/SERIES7_BSCAN.bscan_inst/INTERNAL_TCK rise edge)
                                                      0.000     0.000 r  
    CONFIG_SITE_X0Y0     BSCANE2                      0.000     0.000 r  dbg_hub/inst/BSCANID.u_xsdbm_id/SWITCH_N_EXT_BSCAN.bscan_inst/SERIES7_BSCAN.bscan_inst/INTERNAL_TCK
    CONFIG_SITE_X0Y0     BSCANE2 (Prop_BSCAN1_CONFIG_SITE_INTERNAL_TCK_TCK)
                                                      4.800     4.800 r  dbg_hub/inst/BSCANID.u_xsdbm_id/SWITCH_N_EXT_BSCAN.bscan_inst/SERIES7_BSCAN.bscan_inst/TCK
                         net (fo=1, routed)           1.631     6.431    dbg_hub/inst/BSCANID.u_xsdbm_id/tck_bs
    BUFGCE_X0Y76         BUFGCE (Prop_BUFCE_BUFGCE_I_O)
                                                      0.044     6.475 r  dbg_hub/inst/BSCANID.u_xsdbm_id/SWITCH_N_EXT_BSCAN.u_bufg_icon_tck/O
    X2Y2 (CLOCK_ROOT)    net (fo=478, routed)         2.264     8.739    dbg_hub/inst/BSCANID.u_xsdbm_id/SWITCH_N_EXT_BSCAN.bscan_switch/s_bscan_tck
    SLICE_X48Y159        FDRE                                         r  dbg_hub/inst/BSCANID.u_xsdbm_id/SWITCH_N_EXT_BSCAN.bscan_switch/portno_reg[1]/C
  -------------------------------------------------------------------    -------------------
    SLICE_X48Y159        FDRE (Prop_EFF2_SLICEL_C_Q)
                                                      0.116     8.855 f  dbg_hub/inst/BSCANID.u_xsdbm_id/SWITCH_N_EXT_BSCAN.bscan_switch/portno_reg[1]/Q
                         net (fo=1, routed)           0.236     9.091    dbg_hub/inst/BSCANID.u_xsdbm_id/SWITCH_N_EXT_BSCAN.bscan_switch/portno[1]
    SLICE_X48Y159        LUT6 (Prop_H6LUT_SLICEL_I3_O)
                                                      0.227     9.318 f  dbg_hub/inst/BSCANID.u_xsdbm_id/SWITCH_N_EXT_BSCAN.bscan_switch/m_bscan_drck[0]_INST_0_i_1/O
                         net (fo=5, routed)           0.560     9.878    dbg_hub/inst/BSCANID.u_xsdbm_id/SWITCH_N_EXT_BSCAN.bscan_switch/m_bscan_drck[0]_INST_0_i_1_n_0
    SLICE_X49Y161        LUT4 (Prop_D5LUT_SLICEL_I3_O)
                                                      0.217    10.095 r  dbg_hub/inst/BSCANID.u_xsdbm_id/SWITCH_N_EXT_BSCAN.bscan_switch/m_bscan_sel[0]_INST_0/O
                         net (fo=11, routed)          0.740    10.835    dbg_hub/inst/BSCANID.u_xsdbm_id/CORE_XSDB.U_ICON/U_CMD/iTARGET_reg[6]_0
    SLICE_X50Y184        FDCE                                         f  dbg_hub/inst/BSCANID.u_xsdbm_id/CORE_XSDB.U_ICON/U_CMD/iTARGET_reg[13]/CLR  (IS_INVERTED)
  -------------------------------------------------------------------    -------------------

                         (clock dbg_hub/inst/BSCANID.u_xsdbm_id/SWITCH_N_EXT_BSCAN.bscan_inst/SERIES7_BSCAN.bscan_inst/INTERNAL_TCK rise edge)
                                                     50.000    50.000 r  
    CONFIG_SITE_X0Y0     BSCANE2                      0.000    50.000 r  dbg_hub/inst/BSCANID.u_xsdbm_id/SWITCH_N_EXT_BSCAN.bscan_inst/SERIES7_BSCAN.bscan_inst/INTERNAL_TCK
    CONFIG_SITE_X0Y0     BSCANE2 (Prop_BSCAN1_CONFIG_SITE_INTERNAL_TCK_TCK)
                                                      0.465    50.465 r  dbg_hub/inst/BSCANID.u_xsdbm_id/SWITCH_N_EXT_BSCAN.bscan_inst/SERIES7_BSCAN.bscan_inst/TCK
                         net (fo=1, routed)           1.120    51.585    dbg_hub/inst/BSCANID.u_xsdbm_id/tck_bs
    BUFGCE_X0Y76         BUFGCE (Prop_BUFCE_BUFGCE_I_O)
                                                      0.039    51.624 r  dbg_hub/inst/BSCANID.u_xsdbm_id/SWITCH_N_EXT_BSCAN.u_bufg_icon_tck/O
    X2Y2 (CLOCK_ROOT)    net (fo=478, routed)         2.120    53.744    dbg_hub/inst/BSCANID.u_xsdbm_id/CORE_XSDB.U_ICON/U_CMD/m_bscan_tck[0]
    SLICE_X50Y184        FDCE                                         r  dbg_hub/inst/BSCANID.u_xsdbm_id/CORE_XSDB.U_ICON/U_CMD/iTARGET_reg[13]/C
                         clock pessimism              4.951    58.695    
                         clock uncertainty           -0.035    58.660    
    SLICE_X50Y184        FDCE (Recov_FFF2_SLICEL_C_CLR)
                                                     -0.093    58.567    dbg_hub/inst/BSCANID.u_xsdbm_id/CORE_XSDB.U_ICON/U_CMD/iTARGET_reg[13]
  -------------------------------------------------------------------
                         required time                         58.567    
                         arrival time                         -10.835    
  -------------------------------------------------------------------
                         slack                                 47.732    

Slack (MET) :             47.732ns  (required time - arrival time)
  Source:                 dbg_hub/inst/BSCANID.u_xsdbm_id/SWITCH_N_EXT_BSCAN.bscan_switch/portno_reg[1]/C
                            (rising edge-triggered cell FDRE clocked by dbg_hub/inst/BSCANID.u_xsdbm_id/SWITCH_N_EXT_BSCAN.bscan_inst/SERIES7_BSCAN.bscan_inst/INTERNAL_TCK  {rise@0.000ns fall@25.000ns period=50.000ns})
  Destination:            dbg_hub/inst/BSCANID.u_xsdbm_id/CORE_XSDB.U_ICON/U_CMD/iTARGET_reg[14]/CLR
                            (recovery check against rising-edge clock dbg_hub/inst/BSCANID.u_xsdbm_id/SWITCH_N_EXT_BSCAN.bscan_inst/SERIES7_BSCAN.bscan_inst/INTERNAL_TCK  {rise@0.000ns fall@25.000ns period=50.000ns})
  Path Group:             **async_default**
  Path Type:              Recovery (Max at Slow Process Corner)
  Requirement:            50.000ns  (dbg_hub/inst/BSCANID.u_xsdbm_id/SWITCH_N_EXT_BSCAN.bscan_inst/SERIES7_BSCAN.bscan_inst/INTERNAL_TCK rise@50.000ns - dbg_hub/inst/BSCANID.u_xsdbm_id/SWITCH_N_EXT_BSCAN.bscan_inst/SERIES7_BSCAN.bscan_inst/INTERNAL_TCK rise@0.000ns)
  Data Path Delay:        2.096ns  (logic 0.560ns (26.717%)  route 1.536ns (73.283%))
  Logic Levels:           2  (LUT4=1 LUT6=1)
  Clock Path Skew:        -0.044ns (DCD - SCD + CPR)
    Destination Clock Delay (DCD):    3.744ns = ( 53.744 - 50.000 ) 
    Source Clock Delay      (SCD):    8.739ns
    Clock Pessimism Removal (CPR):    4.951ns
  Clock Uncertainty:      0.035ns  ((TSJ^2 + TIJ^2)^1/2 + DJ) / 2 + PE
    Total System Jitter     (TSJ):    0.071ns
    Total Input Jitter      (TIJ):    0.000ns
    Discrete Jitter          (DJ):    0.000ns
    Phase Error              (PE):    0.000ns
  Clock Net Delay (Source):      2.264ns (routing 1.187ns, distribution 1.077ns)
  Clock Net Delay (Destination): 2.120ns (routing 1.087ns, distribution 1.033ns)

    Location             Delay type                Incr(ns)  Path(ns)    Netlist Resource(s)
  -------------------------------------------------------------------    -------------------
                         (clock dbg_hub/inst/BSCANID.u_xsdbm_id/SWITCH_N_EXT_BSCAN.bscan_inst/SERIES7_BSCAN.bscan_inst/INTERNAL_TCK rise edge)
                                                      0.000     0.000 r  
    CONFIG_SITE_X0Y0     BSCANE2                      0.000     0.000 r  dbg_hub/inst/BSCANID.u_xsdbm_id/SWITCH_N_EXT_BSCAN.bscan_inst/SERIES7_BSCAN.bscan_inst/INTERNAL_TCK
    CONFIG_SITE_X0Y0     BSCANE2 (Prop_BSCAN1_CONFIG_SITE_INTERNAL_TCK_TCK)
                                                      4.800     4.800 r  dbg_hub/inst/BSCANID.u_xsdbm_id/SWITCH_N_EXT_BSCAN.bscan_inst/SERIES7_BSCAN.bscan_inst/TCK
                         net (fo=1, routed)           1.631     6.431    dbg_hub/inst/BSCANID.u_xsdbm_id/tck_bs
    BUFGCE_X0Y76         BUFGCE (Prop_BUFCE_BUFGCE_I_O)
                                                      0.044     6.475 r  dbg_hub/inst/BSCANID.u_xsdbm_id/SWITCH_N_EXT_BSCAN.u_bufg_icon_tck/O
    X2Y2 (CLOCK_ROOT)    net (fo=478, routed)         2.264     8.739    dbg_hub/inst/BSCANID.u_xsdbm_id/SWITCH_N_EXT_BSCAN.bscan_switch/s_bscan_tck
    SLICE_X48Y159        FDRE                                         r  dbg_hub/inst/BSCANID.u_xsdbm_id/SWITCH_N_EXT_BSCAN.bscan_switch/portno_reg[1]/C
  -------------------------------------------------------------------    -------------------
    SLICE_X48Y159        FDRE (Prop_EFF2_SLICEL_C_Q)
                                                      0.116     8.855 f  dbg_hub/inst/BSCANID.u_xsdbm_id/SWITCH_N_EXT_BSCAN.bscan_switch/portno_reg[1]/Q
                         net (fo=1, routed)           0.236     9.091    dbg_hub/inst/BSCANID.u_xsdbm_id/SWITCH_N_EXT_BSCAN.bscan_switch/portno[1]
    SLICE_X48Y159        LUT6 (Prop_H6LUT_SLICEL_I3_O)
                                                      0.227     9.318 f  dbg_hub/inst/BSCANID.u_xsdbm_id/SWITCH_N_EXT_BSCAN.bscan_switch/m_bscan_drck[0]_INST_0_i_1/O
                         net (fo=5, routed)           0.560     9.878    dbg_hub/inst/BSCANID.u_xsdbm_id/SWITCH_N_EXT_BSCAN.bscan_switch/m_bscan_drck[0]_INST_0_i_1_n_0
    SLICE_X49Y161        LUT4 (Prop_D5LUT_SLICEL_I3_O)
                                                      0.217    10.095 r  dbg_hub/inst/BSCANID.u_xsdbm_id/SWITCH_N_EXT_BSCAN.bscan_switch/m_bscan_sel[0]_INST_0/O
                         net (fo=11, routed)          0.740    10.835    dbg_hub/inst/BSCANID.u_xsdbm_id/CORE_XSDB.U_ICON/U_CMD/iTARGET_reg[6]_0
    SLICE_X50Y184        FDCE                                         f  dbg_hub/inst/BSCANID.u_xsdbm_id/CORE_XSDB.U_ICON/U_CMD/iTARGET_reg[14]/CLR  (IS_INVERTED)
  -------------------------------------------------------------------    -------------------

                         (clock dbg_hub/inst/BSCANID.u_xsdbm_id/SWITCH_N_EXT_BSCAN.bscan_inst/SERIES7_BSCAN.bscan_inst/INTERNAL_TCK rise edge)
                                                     50.000    50.000 r  
    CONFIG_SITE_X0Y0     BSCANE2                      0.000    50.000 r  dbg_hub/inst/BSCANID.u_xsdbm_id/SWITCH_N_EXT_BSCAN.bscan_inst/SERIES7_BSCAN.bscan_inst/INTERNAL_TCK
    CONFIG_SITE_X0Y0     BSCANE2 (Prop_BSCAN1_CONFIG_SITE_INTERNAL_TCK_TCK)
                                                      0.465    50.465 r  dbg_hub/inst/BSCANID.u_xsdbm_id/SWITCH_N_EXT_BSCAN.bscan_inst/SERIES7_BSCAN.bscan_inst/TCK
                         net (fo=1, routed)           1.120    51.585    dbg_hub/inst/BSCANID.u_xsdbm_id/tck_bs
    BUFGCE_X0Y76         BUFGCE (Prop_BUFCE_BUFGCE_I_O)
                                                      0.039    51.624 r  dbg_hub/inst/BSCANID.u_xsdbm_id/SWITCH_N_EXT_BSCAN.u_bufg_icon_tck/O
    X2Y2 (CLOCK_ROOT)    net (fo=478, routed)         2.120    53.744    dbg_hub/inst/BSCANID.u_xsdbm_id/CORE_XSDB.U_ICON/U_CMD/m_bscan_tck[0]
    SLICE_X50Y184        FDCE                                         r  dbg_hub/inst/BSCANID.u_xsdbm_id/CORE_XSDB.U_ICON/U_CMD/iTARGET_reg[14]/C
                         clock pessimism              4.951    58.695    
                         clock uncertainty           -0.035    58.660    
    SLICE_X50Y184        FDCE (Recov_GFF_SLICEL_C_CLR)
                                                     -0.093    58.567    dbg_hub/inst/BSCANID.u_xsdbm_id/CORE_XSDB.U_ICON/U_CMD/iTARGET_reg[14]
  -------------------------------------------------------------------
                         required time                         58.567    
                         arrival time                         -10.835    
  -------------------------------------------------------------------
                         slack                                 47.732    

Slack (MET) :             47.732ns  (required time - arrival time)
  Source:                 dbg_hub/inst/BSCANID.u_xsdbm_id/SWITCH_N_EXT_BSCAN.bscan_switch/portno_reg[1]/C
                            (rising edge-triggered cell FDRE clocked by dbg_hub/inst/BSCANID.u_xsdbm_id/SWITCH_N_EXT_BSCAN.bscan_inst/SERIES7_BSCAN.bscan_inst/INTERNAL_TCK  {rise@0.000ns fall@25.000ns period=50.000ns})
  Destination:            dbg_hub/inst/BSCANID.u_xsdbm_id/CORE_XSDB.U_ICON/U_CMD/iTARGET_reg[6]/CLR
                            (recovery check against rising-edge clock dbg_hub/inst/BSCANID.u_xsdbm_id/SWITCH_N_EXT_BSCAN.bscan_inst/SERIES7_BSCAN.bscan_inst/INTERNAL_TCK  {rise@0.000ns fall@25.000ns period=50.000ns})
  Path Group:             **async_default**
  Path Type:              Recovery (Max at Slow Process Corner)
  Requirement:            50.000ns  (dbg_hub/inst/BSCANID.u_xsdbm_id/SWITCH_N_EXT_BSCAN.bscan_inst/SERIES7_BSCAN.bscan_inst/INTERNAL_TCK rise@50.000ns - dbg_hub/inst/BSCANID.u_xsdbm_id/SWITCH_N_EXT_BSCAN.bscan_inst/SERIES7_BSCAN.bscan_inst/INTERNAL_TCK rise@0.000ns)
  Data Path Delay:        2.096ns  (logic 0.560ns (26.717%)  route 1.536ns (73.283%))
  Logic Levels:           2  (LUT4=1 LUT6=1)
  Clock Path Skew:        -0.044ns (DCD - SCD + CPR)
    Destination Clock Delay (DCD):    3.744ns = ( 53.744 - 50.000 ) 
    Source Clock Delay      (SCD):    8.739ns
    Clock Pessimism Removal (CPR):    4.951ns
  Clock Uncertainty:      0.035ns  ((TSJ^2 + TIJ^2)^1/2 + DJ) / 2 + PE
    Total System Jitter     (TSJ):    0.071ns
    Total Input Jitter      (TIJ):    0.000ns
    Discrete Jitter          (DJ):    0.000ns
    Phase Error              (PE):    0.000ns
  Clock Net Delay (Source):      2.264ns (routing 1.187ns, distribution 1.077ns)
  Clock Net Delay (Destination): 2.120ns (routing 1.087ns, distribution 1.033ns)

    Location             Delay type                Incr(ns)  Path(ns)    Netlist Resource(s)
  -------------------------------------------------------------------    -------------------
                         (clock dbg_hub/inst/BSCANID.u_xsdbm_id/SWITCH_N_EXT_BSCAN.bscan_inst/SERIES7_BSCAN.bscan_inst/INTERNAL_TCK rise edge)
                                                      0.000     0.000 r  
    CONFIG_SITE_X0Y0     BSCANE2                      0.000     0.000 r  dbg_hub/inst/BSCANID.u_xsdbm_id/SWITCH_N_EXT_BSCAN.bscan_inst/SERIES7_BSCAN.bscan_inst/INTERNAL_TCK
    CONFIG_SITE_X0Y0     BSCANE2 (Prop_BSCAN1_CONFIG_SITE_INTERNAL_TCK_TCK)
                                                      4.800     4.800 r  dbg_hub/inst/BSCANID.u_xsdbm_id/SWITCH_N_EXT_BSCAN.bscan_inst/SERIES7_BSCAN.bscan_inst/TCK
                         net (fo=1, routed)           1.631     6.431    dbg_hub/inst/BSCANID.u_xsdbm_id/tck_bs
    BUFGCE_X0Y76         BUFGCE (Prop_BUFCE_BUFGCE_I_O)
                                                      0.044     6.475 r  dbg_hub/inst/BSCANID.u_xsdbm_id/SWITCH_N_EXT_BSCAN.u_bufg_icon_tck/O
    X2Y2 (CLOCK_ROOT)    net (fo=478, routed)         2.264     8.739    dbg_hub/inst/BSCANID.u_xsdbm_id/SWITCH_N_EXT_BSCAN.bscan_switch/s_bscan_tck
    SLICE_X48Y159        FDRE                                         r  dbg_hub/inst/BSCANID.u_xsdbm_id/SWITCH_N_EXT_BSCAN.bscan_switch/portno_reg[1]/C
  -------------------------------------------------------------------    -------------------
    SLICE_X48Y159        FDRE (Prop_EFF2_SLICEL_C_Q)
                                                      0.116     8.855 f  dbg_hub/inst/BSCANID.u_xsdbm_id/SWITCH_N_EXT_BSCAN.bscan_switch/portno_reg[1]/Q
                         net (fo=1, routed)           0.236     9.091    dbg_hub/inst/BSCANID.u_xsdbm_id/SWITCH_N_EXT_BSCAN.bscan_switch/portno[1]
    SLICE_X48Y159        LUT6 (Prop_H6LUT_SLICEL_I3_O)
                                                      0.227     9.318 f  dbg_hub/inst/BSCANID.u_xsdbm_id/SWITCH_N_EXT_BSCAN.bscan_switch/m_bscan_drck[0]_INST_0_i_1/O
                         net (fo=5, routed)           0.560     9.878    dbg_hub/inst/BSCANID.u_xsdbm_id/SWITCH_N_EXT_BSCAN.bscan_switch/m_bscan_drck[0]_INST_0_i_1_n_0
    SLICE_X49Y161        LUT4 (Prop_D5LUT_SLICEL_I3_O)
                                                      0.217    10.095 r  dbg_hub/inst/BSCANID.u_xsdbm_id/SWITCH_N_EXT_BSCAN.bscan_switch/m_bscan_sel[0]_INST_0/O
                         net (fo=11, routed)          0.740    10.835    dbg_hub/inst/BSCANID.u_xsdbm_id/CORE_XSDB.U_ICON/U_CMD/iTARGET_reg[6]_0
    SLICE_X50Y184        FDCE                                         f  dbg_hub/inst/BSCANID.u_xsdbm_id/CORE_XSDB.U_ICON/U_CMD/iTARGET_reg[6]/CLR  (IS_INVERTED)
  -------------------------------------------------------------------    -------------------

                         (clock dbg_hub/inst/BSCANID.u_xsdbm_id/SWITCH_N_EXT_BSCAN.bscan_inst/SERIES7_BSCAN.bscan_inst/INTERNAL_TCK rise edge)
                                                     50.000    50.000 r  
    CONFIG_SITE_X0Y0     BSCANE2                      0.000    50.000 r  dbg_hub/inst/BSCANID.u_xsdbm_id/SWITCH_N_EXT_BSCAN.bscan_inst/SERIES7_BSCAN.bscan_inst/INTERNAL_TCK
    CONFIG_SITE_X0Y0     BSCANE2 (Prop_BSCAN1_CONFIG_SITE_INTERNAL_TCK_TCK)
                                                      0.465    50.465 r  dbg_hub/inst/BSCANID.u_xsdbm_id/SWITCH_N_EXT_BSCAN.bscan_inst/SERIES7_BSCAN.bscan_inst/TCK
                         net (fo=1, routed)           1.120    51.585    dbg_hub/inst/BSCANID.u_xsdbm_id/tck_bs
    BUFGCE_X0Y76         BUFGCE (Prop_BUFCE_BUFGCE_I_O)
                                                      0.039    51.624 r  dbg_hub/inst/BSCANID.u_xsdbm_id/SWITCH_N_EXT_BSCAN.u_bufg_icon_tck/O
    X2Y2 (CLOCK_ROOT)    net (fo=478, routed)         2.120    53.744    dbg_hub/inst/BSCANID.u_xsdbm_id/CORE_XSDB.U_ICON/U_CMD/m_bscan_tck[0]
    SLICE_X50Y184        FDCE                                         r  dbg_hub/inst/BSCANID.u_xsdbm_id/CORE_XSDB.U_ICON/U_CMD/iTARGET_reg[6]/C
                         clock pessimism              4.951    58.695    
                         clock uncertainty           -0.035    58.660    
    SLICE_X50Y184        FDCE (Recov_GFF2_SLICEL_C_CLR)
                                                     -0.093    58.567    dbg_hub/inst/BSCANID.u_xsdbm_id/CORE_XSDB.U_ICON/U_CMD/iTARGET_reg[6]
  -------------------------------------------------------------------
                         required time                         58.567    
                         arrival time                         -10.835    
  -------------------------------------------------------------------
                         slack                                 47.732    

Slack (MET) :             47.732ns  (required time - arrival time)
  Source:                 dbg_hub/inst/BSCANID.u_xsdbm_id/SWITCH_N_EXT_BSCAN.bscan_switch/portno_reg[1]/C
                            (rising edge-triggered cell FDRE clocked by dbg_hub/inst/BSCANID.u_xsdbm_id/SWITCH_N_EXT_BSCAN.bscan_inst/SERIES7_BSCAN.bscan_inst/INTERNAL_TCK  {rise@0.000ns fall@25.000ns period=50.000ns})
  Destination:            dbg_hub/inst/BSCANID.u_xsdbm_id/CORE_XSDB.U_ICON/U_CMD/iTARGET_reg[7]/CLR
                            (recovery check against rising-edge clock dbg_hub/inst/BSCANID.u_xsdbm_id/SWITCH_N_EXT_BSCAN.bscan_inst/SERIES7_BSCAN.bscan_inst/INTERNAL_TCK  {rise@0.000ns fall@25.000ns period=50.000ns})
  Path Group:             **async_default**
  Path Type:              Recovery (Max at Slow Process Corner)
  Requirement:            50.000ns  (dbg_hub/inst/BSCANID.u_xsdbm_id/SWITCH_N_EXT_BSCAN.bscan_inst/SERIES7_BSCAN.bscan_inst/INTERNAL_TCK rise@50.000ns - dbg_hub/inst/BSCANID.u_xsdbm_id/SWITCH_N_EXT_BSCAN.bscan_inst/SERIES7_BSCAN.bscan_inst/INTERNAL_TCK rise@0.000ns)
  Data Path Delay:        2.096ns  (logic 0.560ns (26.717%)  route 1.536ns (73.283%))
  Logic Levels:           2  (LUT4=1 LUT6=1)
  Clock Path Skew:        -0.044ns (DCD - SCD + CPR)
    Destination Clock Delay (DCD):    3.744ns = ( 53.744 - 50.000 ) 
    Source Clock Delay      (SCD):    8.739ns
    Clock Pessimism Removal (CPR):    4.951ns
  Clock Uncertainty:      0.035ns  ((TSJ^2 + TIJ^2)^1/2 + DJ) / 2 + PE
    Total System Jitter     (TSJ):    0.071ns
    Total Input Jitter      (TIJ):    0.000ns
    Discrete Jitter          (DJ):    0.000ns
    Phase Error              (PE):    0.000ns
  Clock Net Delay (Source):      2.264ns (routing 1.187ns, distribution 1.077ns)
  Clock Net Delay (Destination): 2.120ns (routing 1.087ns, distribution 1.033ns)

    Location             Delay type                Incr(ns)  Path(ns)    Netlist Resource(s)
  -------------------------------------------------------------------    -------------------
                         (clock dbg_hub/inst/BSCANID.u_xsdbm_id/SWITCH_N_EXT_BSCAN.bscan_inst/SERIES7_BSCAN.bscan_inst/INTERNAL_TCK rise edge)
                                                      0.000     0.000 r  
    CONFIG_SITE_X0Y0     BSCANE2                      0.000     0.000 r  dbg_hub/inst/BSCANID.u_xsdbm_id/SWITCH_N_EXT_BSCAN.bscan_inst/SERIES7_BSCAN.bscan_inst/INTERNAL_TCK
    CONFIG_SITE_X0Y0     BSCANE2 (Prop_BSCAN1_CONFIG_SITE_INTERNAL_TCK_TCK)
                                                      4.800     4.800 r  dbg_hub/inst/BSCANID.u_xsdbm_id/SWITCH_N_EXT_BSCAN.bscan_inst/SERIES7_BSCAN.bscan_inst/TCK
                         net (fo=1, routed)           1.631     6.431    dbg_hub/inst/BSCANID.u_xsdbm_id/tck_bs
    BUFGCE_X0Y76         BUFGCE (Prop_BUFCE_BUFGCE_I_O)
                                                      0.044     6.475 r  dbg_hub/inst/BSCANID.u_xsdbm_id/SWITCH_N_EXT_BSCAN.u_bufg_icon_tck/O
    X2Y2 (CLOCK_ROOT)    net (fo=478, routed)         2.264     8.739    dbg_hub/inst/BSCANID.u_xsdbm_id/SWITCH_N_EXT_BSCAN.bscan_switch/s_bscan_tck
    SLICE_X48Y159        FDRE                                         r  dbg_hub/inst/BSCANID.u_xsdbm_id/SWITCH_N_EXT_BSCAN.bscan_switch/portno_reg[1]/C
  -------------------------------------------------------------------    -------------------
    SLICE_X48Y159        FDRE (Prop_EFF2_SLICEL_C_Q)
                                                      0.116     8.855 f  dbg_hub/inst/BSCANID.u_xsdbm_id/SWITCH_N_EXT_BSCAN.bscan_switch/portno_reg[1]/Q
                         net (fo=1, routed)           0.236     9.091    dbg_hub/inst/BSCANID.u_xsdbm_id/SWITCH_N_EXT_BSCAN.bscan_switch/portno[1]
    SLICE_X48Y159        LUT6 (Prop_H6LUT_SLICEL_I3_O)
                                                      0.227     9.318 f  dbg_hub/inst/BSCANID.u_xsdbm_id/SWITCH_N_EXT_BSCAN.bscan_switch/m_bscan_drck[0]_INST_0_i_1/O
                         net (fo=5, routed)           0.560     9.878    dbg_hub/inst/BSCANID.u_xsdbm_id/SWITCH_N_EXT_BSCAN.bscan_switch/m_bscan_drck[0]_INST_0_i_1_n_0
    SLICE_X49Y161        LUT4 (Prop_D5LUT_SLICEL_I3_O)
                                                      0.217    10.095 r  dbg_hub/inst/BSCANID.u_xsdbm_id/SWITCH_N_EXT_BSCAN.bscan_switch/m_bscan_sel[0]_INST_0/O
                         net (fo=11, routed)          0.740    10.835    dbg_hub/inst/BSCANID.u_xsdbm_id/CORE_XSDB.U_ICON/U_CMD/iTARGET_reg[6]_0
    SLICE_X50Y184        FDCE                                         f  dbg_hub/inst/BSCANID.u_xsdbm_id/CORE_XSDB.U_ICON/U_CMD/iTARGET_reg[7]/CLR  (IS_INVERTED)
  -------------------------------------------------------------------    -------------------

                         (clock dbg_hub/inst/BSCANID.u_xsdbm_id/SWITCH_N_EXT_BSCAN.bscan_inst/SERIES7_BSCAN.bscan_inst/INTERNAL_TCK rise edge)
                                                     50.000    50.000 r  
    CONFIG_SITE_X0Y0     BSCANE2                      0.000    50.000 r  dbg_hub/inst/BSCANID.u_xsdbm_id/SWITCH_N_EXT_BSCAN.bscan_inst/SERIES7_BSCAN.bscan_inst/INTERNAL_TCK
    CONFIG_SITE_X0Y0     BSCANE2 (Prop_BSCAN1_CONFIG_SITE_INTERNAL_TCK_TCK)
                                                      0.465    50.465 r  dbg_hub/inst/BSCANID.u_xsdbm_id/SWITCH_N_EXT_BSCAN.bscan_inst/SERIES7_BSCAN.bscan_inst/TCK
                         net (fo=1, routed)           1.120    51.585    dbg_hub/inst/BSCANID.u_xsdbm_id/tck_bs
    BUFGCE_X0Y76         BUFGCE (Prop_BUFCE_BUFGCE_I_O)
                                                      0.039    51.624 r  dbg_hub/inst/BSCANID.u_xsdbm_id/SWITCH_N_EXT_BSCAN.u_bufg_icon_tck/O
    X2Y2 (CLOCK_ROOT)    net (fo=478, routed)         2.120    53.744    dbg_hub/inst/BSCANID.u_xsdbm_id/CORE_XSDB.U_ICON/U_CMD/m_bscan_tck[0]
    SLICE_X50Y184        FDCE                                         r  dbg_hub/inst/BSCANID.u_xsdbm_id/CORE_XSDB.U_ICON/U_CMD/iTARGET_reg[7]/C
                         clock pessimism              4.951    58.695    
                         clock uncertainty           -0.035    58.660    
    SLICE_X50Y184        FDCE (Recov_HFF_SLICEL_C_CLR)
                                                     -0.093    58.567    dbg_hub/inst/BSCANID.u_xsdbm_id/CORE_XSDB.U_ICON/U_CMD/iTARGET_reg[7]
  -------------------------------------------------------------------
                         required time                         58.567    
                         arrival time                         -10.835    
  -------------------------------------------------------------------
                         slack                                 47.732    

Slack (MET) :             47.732ns  (required time - arrival time)
  Source:                 dbg_hub/inst/BSCANID.u_xsdbm_id/SWITCH_N_EXT_BSCAN.bscan_switch/portno_reg[1]/C
                            (rising edge-triggered cell FDRE clocked by dbg_hub/inst/BSCANID.u_xsdbm_id/SWITCH_N_EXT_BSCAN.bscan_inst/SERIES7_BSCAN.bscan_inst/INTERNAL_TCK  {rise@0.000ns fall@25.000ns period=50.000ns})
  Destination:            dbg_hub/inst/BSCANID.u_xsdbm_id/CORE_XSDB.U_ICON/U_CMD/iTARGET_reg[9]/CLR
                            (recovery check against rising-edge clock dbg_hub/inst/BSCANID.u_xsdbm_id/SWITCH_N_EXT_BSCAN.bscan_inst/SERIES7_BSCAN.bscan_inst/INTERNAL_TCK  {rise@0.000ns fall@25.000ns period=50.000ns})
  Path Group:             **async_default**
  Path Type:              Recovery (Max at Slow Process Corner)
  Requirement:            50.000ns  (dbg_hub/inst/BSCANID.u_xsdbm_id/SWITCH_N_EXT_BSCAN.bscan_inst/SERIES7_BSCAN.bscan_inst/INTERNAL_TCK rise@50.000ns - dbg_hub/inst/BSCANID.u_xsdbm_id/SWITCH_N_EXT_BSCAN.bscan_inst/SERIES7_BSCAN.bscan_inst/INTERNAL_TCK rise@0.000ns)
  Data Path Delay:        2.096ns  (logic 0.560ns (26.717%)  route 1.536ns (73.283%))
  Logic Levels:           2  (LUT4=1 LUT6=1)
  Clock Path Skew:        -0.044ns (DCD - SCD + CPR)
    Destination Clock Delay (DCD):    3.744ns = ( 53.744 - 50.000 ) 
    Source Clock Delay      (SCD):    8.739ns
    Clock Pessimism Removal (CPR):    4.951ns
  Clock Uncertainty:      0.035ns  ((TSJ^2 + TIJ^2)^1/2 + DJ) / 2 + PE
    Total System Jitter     (TSJ):    0.071ns
    Total Input Jitter      (TIJ):    0.000ns
    Discrete Jitter          (DJ):    0.000ns
    Phase Error              (PE):    0.000ns
  Clock Net Delay (Source):      2.264ns (routing 1.187ns, distribution 1.077ns)
  Clock Net Delay (Destination): 2.120ns (routing 1.087ns, distribution 1.033ns)

    Location             Delay type                Incr(ns)  Path(ns)    Netlist Resource(s)
  -------------------------------------------------------------------    -------------------
                         (clock dbg_hub/inst/BSCANID.u_xsdbm_id/SWITCH_N_EXT_BSCAN.bscan_inst/SERIES7_BSCAN.bscan_inst/INTERNAL_TCK rise edge)
                                                      0.000     0.000 r  
    CONFIG_SITE_X0Y0     BSCANE2                      0.000     0.000 r  dbg_hub/inst/BSCANID.u_xsdbm_id/SWITCH_N_EXT_BSCAN.bscan_inst/SERIES7_BSCAN.bscan_inst/INTERNAL_TCK
    CONFIG_SITE_X0Y0     BSCANE2 (Prop_BSCAN1_CONFIG_SITE_INTERNAL_TCK_TCK)
                                                      4.800     4.800 r  dbg_hub/inst/BSCANID.u_xsdbm_id/SWITCH_N_EXT_BSCAN.bscan_inst/SERIES7_BSCAN.bscan_inst/TCK
                         net (fo=1, routed)           1.631     6.431    dbg_hub/inst/BSCANID.u_xsdbm_id/tck_bs
    BUFGCE_X0Y76         BUFGCE (Prop_BUFCE_BUFGCE_I_O)
                                                      0.044     6.475 r  dbg_hub/inst/BSCANID.u_xsdbm_id/SWITCH_N_EXT_BSCAN.u_bufg_icon_tck/O
    X2Y2 (CLOCK_ROOT)    net (fo=478, routed)         2.264     8.739    dbg_hub/inst/BSCANID.u_xsdbm_id/SWITCH_N_EXT_BSCAN.bscan_switch/s_bscan_tck
    SLICE_X48Y159        FDRE                                         r  dbg_hub/inst/BSCANID.u_xsdbm_id/SWITCH_N_EXT_BSCAN.bscan_switch/portno_reg[1]/C
  -------------------------------------------------------------------    -------------------
    SLICE_X48Y159        FDRE (Prop_EFF2_SLICEL_C_Q)
                                                      0.116     8.855 f  dbg_hub/inst/BSCANID.u_xsdbm_id/SWITCH_N_EXT_BSCAN.bscan_switch/portno_reg[1]/Q
                         net (fo=1, routed)           0.236     9.091    dbg_hub/inst/BSCANID.u_xsdbm_id/SWITCH_N_EXT_BSCAN.bscan_switch/portno[1]
    SLICE_X48Y159        LUT6 (Prop_H6LUT_SLICEL_I3_O)
                                                      0.227     9.318 f  dbg_hub/inst/BSCANID.u_xsdbm_id/SWITCH_N_EXT_BSCAN.bscan_switch/m_bscan_drck[0]_INST_0_i_1/O
                         net (fo=5, routed)           0.560     9.878    dbg_hub/inst/BSCANID.u_xsdbm_id/SWITCH_N_EXT_BSCAN.bscan_switch/m_bscan_drck[0]_INST_0_i_1_n_0
    SLICE_X49Y161        LUT4 (Prop_D5LUT_SLICEL_I3_O)
                                                      0.217    10.095 r  dbg_hub/inst/BSCANID.u_xsdbm_id/SWITCH_N_EXT_BSCAN.bscan_switch/m_bscan_sel[0]_INST_0/O
                         net (fo=11, routed)          0.740    10.835    dbg_hub/inst/BSCANID.u_xsdbm_id/CORE_XSDB.U_ICON/U_CMD/iTARGET_reg[6]_0
    SLICE_X50Y184        FDCE                                         f  dbg_hub/inst/BSCANID.u_xsdbm_id/CORE_XSDB.U_ICON/U_CMD/iTARGET_reg[9]/CLR  (IS_INVERTED)
  -------------------------------------------------------------------    -------------------

                         (clock dbg_hub/inst/BSCANID.u_xsdbm_id/SWITCH_N_EXT_BSCAN.bscan_inst/SERIES7_BSCAN.bscan_inst/INTERNAL_TCK rise edge)
                                                     50.000    50.000 r  
    CONFIG_SITE_X0Y0     BSCANE2                      0.000    50.000 r  dbg_hub/inst/BSCANID.u_xsdbm_id/SWITCH_N_EXT_BSCAN.bscan_inst/SERIES7_BSCAN.bscan_inst/INTERNAL_TCK
    CONFIG_SITE_X0Y0     BSCANE2 (Prop_BSCAN1_CONFIG_SITE_INTERNAL_TCK_TCK)
                                                      0.465    50.465 r  dbg_hub/inst/BSCANID.u_xsdbm_id/SWITCH_N_EXT_BSCAN.bscan_inst/SERIES7_BSCAN.bscan_inst/TCK
                         net (fo=1, routed)           1.120    51.585    dbg_hub/inst/BSCANID.u_xsdbm_id/tck_bs
    BUFGCE_X0Y76         BUFGCE (Prop_BUFCE_BUFGCE_I_O)
                                                      0.039    51.624 r  dbg_hub/inst/BSCANID.u_xsdbm_id/SWITCH_N_EXT_BSCAN.u_bufg_icon_tck/O
    X2Y2 (CLOCK_ROOT)    net (fo=478, routed)         2.120    53.744    dbg_hub/inst/BSCANID.u_xsdbm_id/CORE_XSDB.U_ICON/U_CMD/m_bscan_tck[0]
    SLICE_X50Y184        FDCE                                         r  dbg_hub/inst/BSCANID.u_xsdbm_id/CORE_XSDB.U_ICON/U_CMD/iTARGET_reg[9]/C
                         clock pessimism              4.951    58.695    
                         clock uncertainty           -0.035    58.660    
    SLICE_X50Y184        FDCE (Recov_HFF2_SLICEL_C_CLR)
                                                     -0.093    58.567    dbg_hub/inst/BSCANID.u_xsdbm_id/CORE_XSDB.U_ICON/U_CMD/iTARGET_reg[9]
  -------------------------------------------------------------------
                         required time                         58.567    
                         arrival time                         -10.835    
  -------------------------------------------------------------------
                         slack                                 47.732    





Min Delay Paths
--------------------------------------------------------------------------------------
Slack (MET) :             0.167ns  (arrival time - required time)
  Source:                 dbg_hub/inst/BSCANID.u_xsdbm_id/CORE_XSDB.UUT_MASTER/U_ICON_INTERFACE/U_CMD6_WR/U_WR_FIFO/SUBCORE_FIFO.xsdbm_v3_0_2_wrfifo_inst/inst_fifo_gen/gconvfifo.rf/grf.rf/rstblk/ngwrdrst.grst.g7serrst.wr_rst_reg_reg[1]/C
                            (rising edge-triggered cell FDPE clocked by dbg_hub/inst/BSCANID.u_xsdbm_id/SWITCH_N_EXT_BSCAN.bscan_inst/SERIES7_BSCAN.bscan_inst/INTERNAL_TCK  {rise@0.000ns fall@25.000ns period=50.000ns})
  Destination:            dbg_hub/inst/BSCANID.u_xsdbm_id/CORE_XSDB.UUT_MASTER/U_ICON_INTERFACE/U_CMD6_WR/U_WR_FIFO/SUBCORE_FIFO.xsdbm_v3_0_2_wrfifo_inst/inst_fifo_gen/gconvfifo.rf/grf.rf/gntv_or_sync_fifo.gl0.wr/wpntr/gic0.gc0.count_reg[0]/CLR
                            (removal check against rising-edge clock dbg_hub/inst/BSCANID.u_xsdbm_id/SWITCH_N_EXT_BSCAN.bscan_inst/SERIES7_BSCAN.bscan_inst/INTERNAL_TCK  {rise@0.000ns fall@25.000ns period=50.000ns})
  Path Group:             **async_default**
  Path Type:              Removal (Min at Fast Process Corner)
  Requirement:            0.000ns  (dbg_hub/inst/BSCANID.u_xsdbm_id/SWITCH_N_EXT_BSCAN.bscan_inst/SERIES7_BSCAN.bscan_inst/INTERNAL_TCK rise@0.000ns - dbg_hub/inst/BSCANID.u_xsdbm_id/SWITCH_N_EXT_BSCAN.bscan_inst/SERIES7_BSCAN.bscan_inst/INTERNAL_TCK rise@0.000ns)
  Data Path Delay:        0.179ns  (logic 0.084ns (46.989%)  route 0.095ns (53.011%))
  Logic Levels:           0  
  Clock Path Skew:        0.030ns (DCD - SCD - CPR)
    Destination Clock Delay (DCD):    7.415ns
    Source Clock Delay      (SCD):    2.476ns
    Clock Pessimism Removal (CPR):    4.909ns
  Clock Net Delay (Source):      1.260ns (routing 0.650ns, distribution 0.610ns)
  Clock Net Delay (Destination): 1.364ns (routing 0.709ns, distribution 0.655ns)

    Location             Delay type                Incr(ns)  Path(ns)    Netlist Resource(s)
  -------------------------------------------------------------------    -------------------
                         (clock dbg_hub/inst/BSCANID.u_xsdbm_id/SWITCH_N_EXT_BSCAN.bscan_inst/SERIES7_BSCAN.bscan_inst/INTERNAL_TCK rise edge)
                                                      0.000     0.000 r  
    CONFIG_SITE_X0Y0     BSCANE2                      0.000     0.000 r  dbg_hub/inst/BSCANID.u_xsdbm_id/SWITCH_N_EXT_BSCAN.bscan_inst/SERIES7_BSCAN.bscan_inst/INTERNAL_TCK
    CONFIG_SITE_X0Y0     BSCANE2 (Prop_BSCAN1_CONFIG_SITE_INTERNAL_TCK_TCK)
                                                      0.465     0.465 r  dbg_hub/inst/BSCANID.u_xsdbm_id/SWITCH_N_EXT_BSCAN.bscan_inst/SERIES7_BSCAN.bscan_inst/TCK
                         net (fo=1, routed)           0.728     1.193    dbg_hub/inst/BSCANID.u_xsdbm_id/tck_bs
    BUFGCE_X0Y76         BUFGCE (Prop_BUFCE_BUFGCE_I_O)
                                                      0.023     1.216 r  dbg_hub/inst/BSCANID.u_xsdbm_id/SWITCH_N_EXT_BSCAN.u_bufg_icon_tck/O
    X2Y2 (CLOCK_ROOT)    net (fo=478, routed)         1.260     2.476    dbg_hub/inst/BSCANID.u_xsdbm_id/CORE_XSDB.UUT_MASTER/U_ICON_INTERFACE/U_CMD6_WR/U_WR_FIFO/SUBCORE_FIFO.xsdbm_v3_0_2_wrfifo_inst/inst_fifo_gen/gconvfifo.rf/grf.rf/rstblk/wr_clk
    SLICE_X45Y200        FDPE                                         r  dbg_hub/inst/BSCANID.u_xsdbm_id/CORE_XSDB.UUT_MASTER/U_ICON_INTERFACE/U_CMD6_WR/U_WR_FIFO/SUBCORE_FIFO.xsdbm_v3_0_2_wrfifo_inst/inst_fifo_gen/gconvfifo.rf/grf.rf/rstblk/ngwrdrst.grst.g7serrst.wr_rst_reg_reg[1]/C
  -------------------------------------------------------------------    -------------------
    SLICE_X45Y200        FDPE (Prop_EFF2_SLICEM_C_Q)
                                                      0.084     2.560 f  dbg_hub/inst/BSCANID.u_xsdbm_id/CORE_XSDB.UUT_MASTER/U_ICON_INTERFACE/U_CMD6_WR/U_WR_FIFO/SUBCORE_FIFO.xsdbm_v3_0_2_wrfifo_inst/inst_fifo_gen/gconvfifo.rf/grf.rf/rstblk/ngwrdrst.grst.g7serrst.wr_rst_reg_reg[1]/Q
                         net (fo=12, routed)          0.095     2.654    dbg_hub/inst/BSCANID.u_xsdbm_id/CORE_XSDB.UUT_MASTER/U_ICON_INTERFACE/U_CMD6_WR/U_WR_FIFO/SUBCORE_FIFO.xsdbm_v3_0_2_wrfifo_inst/inst_fifo_gen/gconvfifo.rf/grf.rf/gntv_or_sync_fifo.gl0.wr/wpntr/gic0.gc0.count_reg[0]_0[0]
    SLICE_X44Y200        FDCE                                         f  dbg_hub/inst/BSCANID.u_xsdbm_id/CORE_XSDB.UUT_MASTER/U_ICON_INTERFACE/U_CMD6_WR/U_WR_FIFO/SUBCORE_FIFO.xsdbm_v3_0_2_wrfifo_inst/inst_fifo_gen/gconvfifo.rf/grf.rf/gntv_or_sync_fifo.gl0.wr/wpntr/gic0.gc0.count_reg[0]/CLR
  -------------------------------------------------------------------    -------------------

                         (clock dbg_hub/inst/BSCANID.u_xsdbm_id/SWITCH_N_EXT_BSCAN.bscan_inst/SERIES7_BSCAN.bscan_inst/INTERNAL_TCK rise edge)
                                                      0.000     0.000 r  
    CONFIG_SITE_X0Y0     BSCANE2                      0.000     0.000 r  dbg_hub/inst/BSCANID.u_xsdbm_id/SWITCH_N_EXT_BSCAN.bscan_inst/SERIES7_BSCAN.bscan_inst/INTERNAL_TCK
    CONFIG_SITE_X0Y0     BSCANE2 (Prop_BSCAN1_CONFIG_SITE_INTERNAL_TCK_TCK)
                                                      4.800     4.800 r  dbg_hub/inst/BSCANID.u_xsdbm_id/SWITCH_N_EXT_BSCAN.bscan_inst/SERIES7_BSCAN.bscan_inst/TCK
                         net (fo=1, routed)           1.225     6.025    dbg_hub/inst/BSCANID.u_xsdbm_id/tck_bs
    BUFGCE_X0Y76         BUFGCE (Prop_BUFCE_BUFGCE_I_O)
                                                      0.026     6.051 r  dbg_hub/inst/BSCANID.u_xsdbm_id/SWITCH_N_EXT_BSCAN.u_bufg_icon_tck/O
    X2Y2 (CLOCK_ROOT)    net (fo=478, routed)         1.364     7.415    dbg_hub/inst/BSCANID.u_xsdbm_id/CORE_XSDB.UUT_MASTER/U_ICON_INTERFACE/U_CMD6_WR/U_WR_FIFO/SUBCORE_FIFO.xsdbm_v3_0_2_wrfifo_inst/inst_fifo_gen/gconvfifo.rf/grf.rf/gntv_or_sync_fifo.gl0.wr/wpntr/wr_clk
    SLICE_X44Y200        FDCE                                         r  dbg_hub/inst/BSCANID.u_xsdbm_id/CORE_XSDB.UUT_MASTER/U_ICON_INTERFACE/U_CMD6_WR/U_WR_FIFO/SUBCORE_FIFO.xsdbm_v3_0_2_wrfifo_inst/inst_fifo_gen/gconvfifo.rf/grf.rf/gntv_or_sync_fifo.gl0.wr/wpntr/gic0.gc0.count_reg[0]/C
                         clock pessimism             -4.909     2.506    
    SLICE_X44Y200        FDCE (Remov_CFF2_SLICEL_C_CLR)
                                                     -0.018     2.488    dbg_hub/inst/BSCANID.u_xsdbm_id/CORE_XSDB.UUT_MASTER/U_ICON_INTERFACE/U_CMD6_WR/U_WR_FIFO/SUBCORE_FIFO.xsdbm_v3_0_2_wrfifo_inst/inst_fifo_gen/gconvfifo.rf/grf.rf/gntv_or_sync_fifo.gl0.wr/wpntr/gic0.gc0.count_reg[0]
  -------------------------------------------------------------------
                         required time                         -2.488    
                         arrival time                           2.654    
  -------------------------------------------------------------------
                         slack                                  0.167    

Slack (MET) :             0.167ns  (arrival time - required time)
  Source:                 dbg_hub/inst/BSCANID.u_xsdbm_id/CORE_XSDB.UUT_MASTER/U_ICON_INTERFACE/U_CMD6_WR/U_WR_FIFO/SUBCORE_FIFO.xsdbm_v3_0_2_wrfifo_inst/inst_fifo_gen/gconvfifo.rf/grf.rf/rstblk/ngwrdrst.grst.g7serrst.wr_rst_reg_reg[1]/C
                            (rising edge-triggered cell FDPE clocked by dbg_hub/inst/BSCANID.u_xsdbm_id/SWITCH_N_EXT_BSCAN.bscan_inst/SERIES7_BSCAN.bscan_inst/INTERNAL_TCK  {rise@0.000ns fall@25.000ns period=50.000ns})
  Destination:            dbg_hub/inst/BSCANID.u_xsdbm_id/CORE_XSDB.UUT_MASTER/U_ICON_INTERFACE/U_CMD6_WR/U_WR_FIFO/SUBCORE_FIFO.xsdbm_v3_0_2_wrfifo_inst/inst_fifo_gen/gconvfifo.rf/grf.rf/gntv_or_sync_fifo.gl0.wr/wpntr/gic0.gc0.count_reg[1]/PRE
                            (removal check against rising-edge clock dbg_hub/inst/BSCANID.u_xsdbm_id/SWITCH_N_EXT_BSCAN.bscan_inst/SERIES7_BSCAN.bscan_inst/INTERNAL_TCK  {rise@0.000ns fall@25.000ns period=50.000ns})
  Path Group:             **async_default**
  Path Type:              Removal (Min at Fast Process Corner)
  Requirement:            0.000ns  (dbg_hub/inst/BSCANID.u_xsdbm_id/SWITCH_N_EXT_BSCAN.bscan_inst/SERIES7_BSCAN.bscan_inst/INTERNAL_TCK rise@0.000ns - dbg_hub/inst/BSCANID.u_xsdbm_id/SWITCH_N_EXT_BSCAN.bscan_inst/SERIES7_BSCAN.bscan_inst/INTERNAL_TCK rise@0.000ns)
  Data Path Delay:        0.179ns  (logic 0.084ns (46.989%)  route 0.095ns (53.011%))
  Logic Levels:           0  
  Clock Path Skew:        0.030ns (DCD - SCD - CPR)
    Destination Clock Delay (DCD):    7.415ns
    Source Clock Delay      (SCD):    2.476ns
    Clock Pessimism Removal (CPR):    4.909ns
  Clock Net Delay (Source):      1.260ns (routing 0.650ns, distribution 0.610ns)
  Clock Net Delay (Destination): 1.364ns (routing 0.709ns, distribution 0.655ns)

    Location             Delay type                Incr(ns)  Path(ns)    Netlist Resource(s)
  -------------------------------------------------------------------    -------------------
                         (clock dbg_hub/inst/BSCANID.u_xsdbm_id/SWITCH_N_EXT_BSCAN.bscan_inst/SERIES7_BSCAN.bscan_inst/INTERNAL_TCK rise edge)
                                                      0.000     0.000 r  
    CONFIG_SITE_X0Y0     BSCANE2                      0.000     0.000 r  dbg_hub/inst/BSCANID.u_xsdbm_id/SWITCH_N_EXT_BSCAN.bscan_inst/SERIES7_BSCAN.bscan_inst/INTERNAL_TCK
    CONFIG_SITE_X0Y0     BSCANE2 (Prop_BSCAN1_CONFIG_SITE_INTERNAL_TCK_TCK)
                                                      0.465     0.465 r  dbg_hub/inst/BSCANID.u_xsdbm_id/SWITCH_N_EXT_BSCAN.bscan_inst/SERIES7_BSCAN.bscan_inst/TCK
                         net (fo=1, routed)           0.728     1.193    dbg_hub/inst/BSCANID.u_xsdbm_id/tck_bs
    BUFGCE_X0Y76         BUFGCE (Prop_BUFCE_BUFGCE_I_O)
                                                      0.023     1.216 r  dbg_hub/inst/BSCANID.u_xsdbm_id/SWITCH_N_EXT_BSCAN.u_bufg_icon_tck/O
    X2Y2 (CLOCK_ROOT)    net (fo=478, routed)         1.260     2.476    dbg_hub/inst/BSCANID.u_xsdbm_id/CORE_XSDB.UUT_MASTER/U_ICON_INTERFACE/U_CMD6_WR/U_WR_FIFO/SUBCORE_FIFO.xsdbm_v3_0_2_wrfifo_inst/inst_fifo_gen/gconvfifo.rf/grf.rf/rstblk/wr_clk
    SLICE_X45Y200        FDPE                                         r  dbg_hub/inst/BSCANID.u_xsdbm_id/CORE_XSDB.UUT_MASTER/U_ICON_INTERFACE/U_CMD6_WR/U_WR_FIFO/SUBCORE_FIFO.xsdbm_v3_0_2_wrfifo_inst/inst_fifo_gen/gconvfifo.rf/grf.rf/rstblk/ngwrdrst.grst.g7serrst.wr_rst_reg_reg[1]/C
  -------------------------------------------------------------------    -------------------
    SLICE_X45Y200        FDPE (Prop_EFF2_SLICEM_C_Q)
                                                      0.084     2.560 f  dbg_hub/inst/BSCANID.u_xsdbm_id/CORE_XSDB.UUT_MASTER/U_ICON_INTERFACE/U_CMD6_WR/U_WR_FIFO/SUBCORE_FIFO.xsdbm_v3_0_2_wrfifo_inst/inst_fifo_gen/gconvfifo.rf/grf.rf/rstblk/ngwrdrst.grst.g7serrst.wr_rst_reg_reg[1]/Q
                         net (fo=12, routed)          0.095     2.654    dbg_hub/inst/BSCANID.u_xsdbm_id/CORE_XSDB.UUT_MASTER/U_ICON_INTERFACE/U_CMD6_WR/U_WR_FIFO/SUBCORE_FIFO.xsdbm_v3_0_2_wrfifo_inst/inst_fifo_gen/gconvfifo.rf/grf.rf/gntv_or_sync_fifo.gl0.wr/wpntr/gic0.gc0.count_reg[0]_0[0]
    SLICE_X44Y200        FDPE                                         f  dbg_hub/inst/BSCANID.u_xsdbm_id/CORE_XSDB.UUT_MASTER/U_ICON_INTERFACE/U_CMD6_WR/U_WR_FIFO/SUBCORE_FIFO.xsdbm_v3_0_2_wrfifo_inst/inst_fifo_gen/gconvfifo.rf/grf.rf/gntv_or_sync_fifo.gl0.wr/wpntr/gic0.gc0.count_reg[1]/PRE
  -------------------------------------------------------------------    -------------------

                         (clock dbg_hub/inst/BSCANID.u_xsdbm_id/SWITCH_N_EXT_BSCAN.bscan_inst/SERIES7_BSCAN.bscan_inst/INTERNAL_TCK rise edge)
                                                      0.000     0.000 r  
    CONFIG_SITE_X0Y0     BSCANE2                      0.000     0.000 r  dbg_hub/inst/BSCANID.u_xsdbm_id/SWITCH_N_EXT_BSCAN.bscan_inst/SERIES7_BSCAN.bscan_inst/INTERNAL_TCK
    CONFIG_SITE_X0Y0     BSCANE2 (Prop_BSCAN1_CONFIG_SITE_INTERNAL_TCK_TCK)
                                                      4.800     4.800 r  dbg_hub/inst/BSCANID.u_xsdbm_id/SWITCH_N_EXT_BSCAN.bscan_inst/SERIES7_BSCAN.bscan_inst/TCK
                         net (fo=1, routed)           1.225     6.025    dbg_hub/inst/BSCANID.u_xsdbm_id/tck_bs
    BUFGCE_X0Y76         BUFGCE (Prop_BUFCE_BUFGCE_I_O)
                                                      0.026     6.051 r  dbg_hub/inst/BSCANID.u_xsdbm_id/SWITCH_N_EXT_BSCAN.u_bufg_icon_tck/O
    X2Y2 (CLOCK_ROOT)    net (fo=478, routed)         1.364     7.415    dbg_hub/inst/BSCANID.u_xsdbm_id/CORE_XSDB.UUT_MASTER/U_ICON_INTERFACE/U_CMD6_WR/U_WR_FIFO/SUBCORE_FIFO.xsdbm_v3_0_2_wrfifo_inst/inst_fifo_gen/gconvfifo.rf/grf.rf/gntv_or_sync_fifo.gl0.wr/wpntr/wr_clk
    SLICE_X44Y200        FDPE                                         r  dbg_hub/inst/BSCANID.u_xsdbm_id/CORE_XSDB.UUT_MASTER/U_ICON_INTERFACE/U_CMD6_WR/U_WR_FIFO/SUBCORE_FIFO.xsdbm_v3_0_2_wrfifo_inst/inst_fifo_gen/gconvfifo.rf/grf.rf/gntv_or_sync_fifo.gl0.wr/wpntr/gic0.gc0.count_reg[1]/C
                         clock pessimism             -4.909     2.506    
    SLICE_X44Y200        FDPE (Remov_BFF2_SLICEL_C_PRE)
                                                     -0.018     2.488    dbg_hub/inst/BSCANID.u_xsdbm_id/CORE_XSDB.UUT_MASTER/U_ICON_INTERFACE/U_CMD6_WR/U_WR_FIFO/SUBCORE_FIFO.xsdbm_v3_0_2_wrfifo_inst/inst_fifo_gen/gconvfifo.rf/grf.rf/gntv_or_sync_fifo.gl0.wr/wpntr/gic0.gc0.count_reg[1]
  -------------------------------------------------------------------
                         required time                         -2.488    
                         arrival time                           2.654    
  -------------------------------------------------------------------
                         slack                                  0.167    

Slack (MET) :             0.167ns  (arrival time - required time)
  Source:                 dbg_hub/inst/BSCANID.u_xsdbm_id/CORE_XSDB.UUT_MASTER/U_ICON_INTERFACE/U_CMD6_WR/U_WR_FIFO/SUBCORE_FIFO.xsdbm_v3_0_2_wrfifo_inst/inst_fifo_gen/gconvfifo.rf/grf.rf/rstblk/ngwrdrst.grst.g7serrst.wr_rst_reg_reg[1]/C
                            (rising edge-triggered cell FDPE clocked by dbg_hub/inst/BSCANID.u_xsdbm_id/SWITCH_N_EXT_BSCAN.bscan_inst/SERIES7_BSCAN.bscan_inst/INTERNAL_TCK  {rise@0.000ns fall@25.000ns period=50.000ns})
  Destination:            dbg_hub/inst/BSCANID.u_xsdbm_id/CORE_XSDB.UUT_MASTER/U_ICON_INTERFACE/U_CMD6_WR/U_WR_FIFO/SUBCORE_FIFO.xsdbm_v3_0_2_wrfifo_inst/inst_fifo_gen/gconvfifo.rf/grf.rf/gntv_or_sync_fifo.gl0.wr/wpntr/gic0.gc0.count_reg[2]/CLR
                            (removal check against rising-edge clock dbg_hub/inst/BSCANID.u_xsdbm_id/SWITCH_N_EXT_BSCAN.bscan_inst/SERIES7_BSCAN.bscan_inst/INTERNAL_TCK  {rise@0.000ns fall@25.000ns period=50.000ns})
  Path Group:             **async_default**
  Path Type:              Removal (Min at Fast Process Corner)
  Requirement:            0.000ns  (dbg_hub/inst/BSCANID.u_xsdbm_id/SWITCH_N_EXT_BSCAN.bscan_inst/SERIES7_BSCAN.bscan_inst/INTERNAL_TCK rise@0.000ns - dbg_hub/inst/BSCANID.u_xsdbm_id/SWITCH_N_EXT_BSCAN.bscan_inst/SERIES7_BSCAN.bscan_inst/INTERNAL_TCK rise@0.000ns)
  Data Path Delay:        0.179ns  (logic 0.084ns (46.989%)  route 0.095ns (53.011%))
  Logic Levels:           0  
  Clock Path Skew:        0.030ns (DCD - SCD - CPR)
    Destination Clock Delay (DCD):    7.415ns
    Source Clock Delay      (SCD):    2.476ns
    Clock Pessimism Removal (CPR):    4.909ns
  Clock Net Delay (Source):      1.260ns (routing 0.650ns, distribution 0.610ns)
  Clock Net Delay (Destination): 1.364ns (routing 0.709ns, distribution 0.655ns)

    Location             Delay type                Incr(ns)  Path(ns)    Netlist Resource(s)
  -------------------------------------------------------------------    -------------------
                         (clock dbg_hub/inst/BSCANID.u_xsdbm_id/SWITCH_N_EXT_BSCAN.bscan_inst/SERIES7_BSCAN.bscan_inst/INTERNAL_TCK rise edge)
                                                      0.000     0.000 r  
    CONFIG_SITE_X0Y0     BSCANE2                      0.000     0.000 r  dbg_hub/inst/BSCANID.u_xsdbm_id/SWITCH_N_EXT_BSCAN.bscan_inst/SERIES7_BSCAN.bscan_inst/INTERNAL_TCK
    CONFIG_SITE_X0Y0     BSCANE2 (Prop_BSCAN1_CONFIG_SITE_INTERNAL_TCK_TCK)
                                                      0.465     0.465 r  dbg_hub/inst/BSCANID.u_xsdbm_id/SWITCH_N_EXT_BSCAN.bscan_inst/SERIES7_BSCAN.bscan_inst/TCK
                         net (fo=1, routed)           0.728     1.193    dbg_hub/inst/BSCANID.u_xsdbm_id/tck_bs
    BUFGCE_X0Y76         BUFGCE (Prop_BUFCE_BUFGCE_I_O)
                                                      0.023     1.216 r  dbg_hub/inst/BSCANID.u_xsdbm_id/SWITCH_N_EXT_BSCAN.u_bufg_icon_tck/O
    X2Y2 (CLOCK_ROOT)    net (fo=478, routed)         1.260     2.476    dbg_hub/inst/BSCANID.u_xsdbm_id/CORE_XSDB.UUT_MASTER/U_ICON_INTERFACE/U_CMD6_WR/U_WR_FIFO/SUBCORE_FIFO.xsdbm_v3_0_2_wrfifo_inst/inst_fifo_gen/gconvfifo.rf/grf.rf/rstblk/wr_clk
    SLICE_X45Y200        FDPE                                         r  dbg_hub/inst/BSCANID.u_xsdbm_id/CORE_XSDB.UUT_MASTER/U_ICON_INTERFACE/U_CMD6_WR/U_WR_FIFO/SUBCORE_FIFO.xsdbm_v3_0_2_wrfifo_inst/inst_fifo_gen/gconvfifo.rf/grf.rf/rstblk/ngwrdrst.grst.g7serrst.wr_rst_reg_reg[1]/C
  -------------------------------------------------------------------    -------------------
    SLICE_X45Y200        FDPE (Prop_EFF2_SLICEM_C_Q)
                                                      0.084     2.560 f  dbg_hub/inst/BSCANID.u_xsdbm_id/CORE_XSDB.UUT_MASTER/U_ICON_INTERFACE/U_CMD6_WR/U_WR_FIFO/SUBCORE_FIFO.xsdbm_v3_0_2_wrfifo_inst/inst_fifo_gen/gconvfifo.rf/grf.rf/rstblk/ngwrdrst.grst.g7serrst.wr_rst_reg_reg[1]/Q
                         net (fo=12, routed)          0.095     2.654    dbg_hub/inst/BSCANID.u_xsdbm_id/CORE_XSDB.UUT_MASTER/U_ICON_INTERFACE/U_CMD6_WR/U_WR_FIFO/SUBCORE_FIFO.xsdbm_v3_0_2_wrfifo_inst/inst_fifo_gen/gconvfifo.rf/grf.rf/gntv_or_sync_fifo.gl0.wr/wpntr/gic0.gc0.count_reg[0]_0[0]
    SLICE_X44Y200        FDCE                                         f  dbg_hub/inst/BSCANID.u_xsdbm_id/CORE_XSDB.UUT_MASTER/U_ICON_INTERFACE/U_CMD6_WR/U_WR_FIFO/SUBCORE_FIFO.xsdbm_v3_0_2_wrfifo_inst/inst_fifo_gen/gconvfifo.rf/grf.rf/gntv_or_sync_fifo.gl0.wr/wpntr/gic0.gc0.count_reg[2]/CLR
  -------------------------------------------------------------------    -------------------

                         (clock dbg_hub/inst/BSCANID.u_xsdbm_id/SWITCH_N_EXT_BSCAN.bscan_inst/SERIES7_BSCAN.bscan_inst/INTERNAL_TCK rise edge)
                                                      0.000     0.000 r  
    CONFIG_SITE_X0Y0     BSCANE2                      0.000     0.000 r  dbg_hub/inst/BSCANID.u_xsdbm_id/SWITCH_N_EXT_BSCAN.bscan_inst/SERIES7_BSCAN.bscan_inst/INTERNAL_TCK
    CONFIG_SITE_X0Y0     BSCANE2 (Prop_BSCAN1_CONFIG_SITE_INTERNAL_TCK_TCK)
                                                      4.800     4.800 r  dbg_hub/inst/BSCANID.u_xsdbm_id/SWITCH_N_EXT_BSCAN.bscan_inst/SERIES7_BSCAN.bscan_inst/TCK
                         net (fo=1, routed)           1.225     6.025    dbg_hub/inst/BSCANID.u_xsdbm_id/tck_bs
    BUFGCE_X0Y76         BUFGCE (Prop_BUFCE_BUFGCE_I_O)
                                                      0.026     6.051 r  dbg_hub/inst/BSCANID.u_xsdbm_id/SWITCH_N_EXT_BSCAN.u_bufg_icon_tck/O
    X2Y2 (CLOCK_ROOT)    net (fo=478, routed)         1.364     7.415    dbg_hub/inst/BSCANID.u_xsdbm_id/CORE_XSDB.UUT_MASTER/U_ICON_INTERFACE/U_CMD6_WR/U_WR_FIFO/SUBCORE_FIFO.xsdbm_v3_0_2_wrfifo_inst/inst_fifo_gen/gconvfifo.rf/grf.rf/gntv_or_sync_fifo.gl0.wr/wpntr/wr_clk
    SLICE_X44Y200        FDCE                                         r  dbg_hub/inst/BSCANID.u_xsdbm_id/CORE_XSDB.UUT_MASTER/U_ICON_INTERFACE/U_CMD6_WR/U_WR_FIFO/SUBCORE_FIFO.xsdbm_v3_0_2_wrfifo_inst/inst_fifo_gen/gconvfifo.rf/grf.rf/gntv_or_sync_fifo.gl0.wr/wpntr/gic0.gc0.count_reg[2]/C
                         clock pessimism             -4.909     2.506    
    SLICE_X44Y200        FDCE (Remov_DFF_SLICEL_C_CLR)
                                                     -0.018     2.488    dbg_hub/inst/BSCANID.u_xsdbm_id/CORE_XSDB.UUT_MASTER/U_ICON_INTERFACE/U_CMD6_WR/U_WR_FIFO/SUBCORE_FIFO.xsdbm_v3_0_2_wrfifo_inst/inst_fifo_gen/gconvfifo.rf/grf.rf/gntv_or_sync_fifo.gl0.wr/wpntr/gic0.gc0.count_reg[2]
  -------------------------------------------------------------------
                         required time                         -2.488    
                         arrival time                           2.654    
  -------------------------------------------------------------------
                         slack                                  0.167    

Slack (MET) :             0.167ns  (arrival time - required time)
  Source:                 dbg_hub/inst/BSCANID.u_xsdbm_id/CORE_XSDB.UUT_MASTER/U_ICON_INTERFACE/U_CMD6_WR/U_WR_FIFO/SUBCORE_FIFO.xsdbm_v3_0_2_wrfifo_inst/inst_fifo_gen/gconvfifo.rf/grf.rf/rstblk/ngwrdrst.grst.g7serrst.wr_rst_reg_reg[1]/C
                            (rising edge-triggered cell FDPE clocked by dbg_hub/inst/BSCANID.u_xsdbm_id/SWITCH_N_EXT_BSCAN.bscan_inst/SERIES7_BSCAN.bscan_inst/INTERNAL_TCK  {rise@0.000ns fall@25.000ns period=50.000ns})
  Destination:            dbg_hub/inst/BSCANID.u_xsdbm_id/CORE_XSDB.UUT_MASTER/U_ICON_INTERFACE/U_CMD6_WR/U_WR_FIFO/SUBCORE_FIFO.xsdbm_v3_0_2_wrfifo_inst/inst_fifo_gen/gconvfifo.rf/grf.rf/gntv_or_sync_fifo.gl0.wr/wpntr/gic0.gc0.count_reg[3]/CLR
                            (removal check against rising-edge clock dbg_hub/inst/BSCANID.u_xsdbm_id/SWITCH_N_EXT_BSCAN.bscan_inst/SERIES7_BSCAN.bscan_inst/INTERNAL_TCK  {rise@0.000ns fall@25.000ns period=50.000ns})
  Path Group:             **async_default**
  Path Type:              Removal (Min at Fast Process Corner)
  Requirement:            0.000ns  (dbg_hub/inst/BSCANID.u_xsdbm_id/SWITCH_N_EXT_BSCAN.bscan_inst/SERIES7_BSCAN.bscan_inst/INTERNAL_TCK rise@0.000ns - dbg_hub/inst/BSCANID.u_xsdbm_id/SWITCH_N_EXT_BSCAN.bscan_inst/SERIES7_BSCAN.bscan_inst/INTERNAL_TCK rise@0.000ns)
  Data Path Delay:        0.179ns  (logic 0.084ns (46.989%)  route 0.095ns (53.011%))
  Logic Levels:           0  
  Clock Path Skew:        0.030ns (DCD - SCD - CPR)
    Destination Clock Delay (DCD):    7.415ns
    Source Clock Delay      (SCD):    2.476ns
    Clock Pessimism Removal (CPR):    4.909ns
  Clock Net Delay (Source):      1.260ns (routing 0.650ns, distribution 0.610ns)
  Clock Net Delay (Destination): 1.364ns (routing 0.709ns, distribution 0.655ns)

    Location             Delay type                Incr(ns)  Path(ns)    Netlist Resource(s)
  -------------------------------------------------------------------    -------------------
                         (clock dbg_hub/inst/BSCANID.u_xsdbm_id/SWITCH_N_EXT_BSCAN.bscan_inst/SERIES7_BSCAN.bscan_inst/INTERNAL_TCK rise edge)
                                                      0.000     0.000 r  
    CONFIG_SITE_X0Y0     BSCANE2                      0.000     0.000 r  dbg_hub/inst/BSCANID.u_xsdbm_id/SWITCH_N_EXT_BSCAN.bscan_inst/SERIES7_BSCAN.bscan_inst/INTERNAL_TCK
    CONFIG_SITE_X0Y0     BSCANE2 (Prop_BSCAN1_CONFIG_SITE_INTERNAL_TCK_TCK)
                                                      0.465     0.465 r  dbg_hub/inst/BSCANID.u_xsdbm_id/SWITCH_N_EXT_BSCAN.bscan_inst/SERIES7_BSCAN.bscan_inst/TCK
                         net (fo=1, routed)           0.728     1.193    dbg_hub/inst/BSCANID.u_xsdbm_id/tck_bs
    BUFGCE_X0Y76         BUFGCE (Prop_BUFCE_BUFGCE_I_O)
                                                      0.023     1.216 r  dbg_hub/inst/BSCANID.u_xsdbm_id/SWITCH_N_EXT_BSCAN.u_bufg_icon_tck/O
    X2Y2 (CLOCK_ROOT)    net (fo=478, routed)         1.260     2.476    dbg_hub/inst/BSCANID.u_xsdbm_id/CORE_XSDB.UUT_MASTER/U_ICON_INTERFACE/U_CMD6_WR/U_WR_FIFO/SUBCORE_FIFO.xsdbm_v3_0_2_wrfifo_inst/inst_fifo_gen/gconvfifo.rf/grf.rf/rstblk/wr_clk
    SLICE_X45Y200        FDPE                                         r  dbg_hub/inst/BSCANID.u_xsdbm_id/CORE_XSDB.UUT_MASTER/U_ICON_INTERFACE/U_CMD6_WR/U_WR_FIFO/SUBCORE_FIFO.xsdbm_v3_0_2_wrfifo_inst/inst_fifo_gen/gconvfifo.rf/grf.rf/rstblk/ngwrdrst.grst.g7serrst.wr_rst_reg_reg[1]/C
  -------------------------------------------------------------------    -------------------
    SLICE_X45Y200        FDPE (Prop_EFF2_SLICEM_C_Q)
                                                      0.084     2.560 f  dbg_hub/inst/BSCANID.u_xsdbm_id/CORE_XSDB.UUT_MASTER/U_ICON_INTERFACE/U_CMD6_WR/U_WR_FIFO/SUBCORE_FIFO.xsdbm_v3_0_2_wrfifo_inst/inst_fifo_gen/gconvfifo.rf/grf.rf/rstblk/ngwrdrst.grst.g7serrst.wr_rst_reg_reg[1]/Q
                         net (fo=12, routed)          0.095     2.654    dbg_hub/inst/BSCANID.u_xsdbm_id/CORE_XSDB.UUT_MASTER/U_ICON_INTERFACE/U_CMD6_WR/U_WR_FIFO/SUBCORE_FIFO.xsdbm_v3_0_2_wrfifo_inst/inst_fifo_gen/gconvfifo.rf/grf.rf/gntv_or_sync_fifo.gl0.wr/wpntr/gic0.gc0.count_reg[0]_0[0]
    SLICE_X44Y200        FDCE                                         f  dbg_hub/inst/BSCANID.u_xsdbm_id/CORE_XSDB.UUT_MASTER/U_ICON_INTERFACE/U_CMD6_WR/U_WR_FIFO/SUBCORE_FIFO.xsdbm_v3_0_2_wrfifo_inst/inst_fifo_gen/gconvfifo.rf/grf.rf/gntv_or_sync_fifo.gl0.wr/wpntr/gic0.gc0.count_reg[3]/CLR
  -------------------------------------------------------------------    -------------------

                         (clock dbg_hub/inst/BSCANID.u_xsdbm_id/SWITCH_N_EXT_BSCAN.bscan_inst/SERIES7_BSCAN.bscan_inst/INTERNAL_TCK rise edge)
                                                      0.000     0.000 r  
    CONFIG_SITE_X0Y0     BSCANE2                      0.000     0.000 r  dbg_hub/inst/BSCANID.u_xsdbm_id/SWITCH_N_EXT_BSCAN.bscan_inst/SERIES7_BSCAN.bscan_inst/INTERNAL_TCK
    CONFIG_SITE_X0Y0     BSCANE2 (Prop_BSCAN1_CONFIG_SITE_INTERNAL_TCK_TCK)
                                                      4.800     4.800 r  dbg_hub/inst/BSCANID.u_xsdbm_id/SWITCH_N_EXT_BSCAN.bscan_inst/SERIES7_BSCAN.bscan_inst/TCK
                         net (fo=1, routed)           1.225     6.025    dbg_hub/inst/BSCANID.u_xsdbm_id/tck_bs
    BUFGCE_X0Y76         BUFGCE (Prop_BUFCE_BUFGCE_I_O)
                                                      0.026     6.051 r  dbg_hub/inst/BSCANID.u_xsdbm_id/SWITCH_N_EXT_BSCAN.u_bufg_icon_tck/O
    X2Y2 (CLOCK_ROOT)    net (fo=478, routed)         1.364     7.415    dbg_hub/inst/BSCANID.u_xsdbm_id/CORE_XSDB.UUT_MASTER/U_ICON_INTERFACE/U_CMD6_WR/U_WR_FIFO/SUBCORE_FIFO.xsdbm_v3_0_2_wrfifo_inst/inst_fifo_gen/gconvfifo.rf/grf.rf/gntv_or_sync_fifo.gl0.wr/wpntr/wr_clk
    SLICE_X44Y200        FDCE                                         r  dbg_hub/inst/BSCANID.u_xsdbm_id/CORE_XSDB.UUT_MASTER/U_ICON_INTERFACE/U_CMD6_WR/U_WR_FIFO/SUBCORE_FIFO.xsdbm_v3_0_2_wrfifo_inst/inst_fifo_gen/gconvfifo.rf/grf.rf/gntv_or_sync_fifo.gl0.wr/wpntr/gic0.gc0.count_reg[3]/C
                         clock pessimism             -4.909     2.506    
    SLICE_X44Y200        FDCE (Remov_DFF2_SLICEL_C_CLR)
                                                     -0.018     2.488    dbg_hub/inst/BSCANID.u_xsdbm_id/CORE_XSDB.UUT_MASTER/U_ICON_INTERFACE/U_CMD6_WR/U_WR_FIFO/SUBCORE_FIFO.xsdbm_v3_0_2_wrfifo_inst/inst_fifo_gen/gconvfifo.rf/grf.rf/gntv_or_sync_fifo.gl0.wr/wpntr/gic0.gc0.count_reg[3]
  -------------------------------------------------------------------
                         required time                         -2.488    
                         arrival time                           2.654    
  -------------------------------------------------------------------
                         slack                                  0.167    

Slack (MET) :             0.168ns  (arrival time - required time)
  Source:                 dbg_hub/inst/BSCANID.u_xsdbm_id/CORE_XSDB.UUT_MASTER/U_ICON_INTERFACE/U_CMD6_RD/U_RD_FIFO/SUBCORE_FIFO.xsdbm_v3_0_2_rdfifo_inst/inst_fifo_gen/gconvfifo.rf/grf.rf/rstblk/ngwrdrst.grst.g7serrst.rd_rst_reg_reg[2]/C
                            (rising edge-triggered cell FDPE clocked by dbg_hub/inst/BSCANID.u_xsdbm_id/SWITCH_N_EXT_BSCAN.bscan_inst/SERIES7_BSCAN.bscan_inst/INTERNAL_TCK  {rise@0.000ns fall@25.000ns period=50.000ns})
  Destination:            dbg_hub/inst/BSCANID.u_xsdbm_id/CORE_XSDB.UUT_MASTER/U_ICON_INTERFACE/U_CMD6_RD/U_RD_FIFO/SUBCORE_FIFO.xsdbm_v3_0_2_rdfifo_inst/inst_fifo_gen/gconvfifo.rf/grf.rf/gntv_or_sync_fifo.gl0.rd/gr1.gr1_int.rfwft/empty_fwft_fb_i_reg/PRE
                            (removal check against rising-edge clock dbg_hub/inst/BSCANID.u_xsdbm_id/SWITCH_N_EXT_BSCAN.bscan_inst/SERIES7_BSCAN.bscan_inst/INTERNAL_TCK  {rise@0.000ns fall@25.000ns period=50.000ns})
  Path Group:             **async_default**
  Path Type:              Removal (Min at Fast Process Corner)
  Requirement:            0.000ns  (dbg_hub/inst/BSCANID.u_xsdbm_id/SWITCH_N_EXT_BSCAN.bscan_inst/SERIES7_BSCAN.bscan_inst/INTERNAL_TCK rise@0.000ns - dbg_hub/inst/BSCANID.u_xsdbm_id/SWITCH_N_EXT_BSCAN.bscan_inst/SERIES7_BSCAN.bscan_inst/INTERNAL_TCK rise@0.000ns)
  Data Path Delay:        0.165ns  (logic 0.085ns (51.544%)  route 0.080ns (48.456%))
  Logic Levels:           0  
  Clock Path Skew:        0.015ns (DCD - SCD - CPR)
    Destination Clock Delay (DCD):    7.452ns
    Source Clock Delay      (SCD):    2.496ns
    Clock Pessimism Removal (CPR):    4.942ns
  Clock Net Delay (Source):      1.280ns (routing 0.650ns, distribution 0.630ns)
  Clock Net Delay (Destination): 1.401ns (routing 0.709ns, distribution 0.692ns)

    Location             Delay type                Incr(ns)  Path(ns)    Netlist Resource(s)
  -------------------------------------------------------------------    -------------------
                         (clock dbg_hub/inst/BSCANID.u_xsdbm_id/SWITCH_N_EXT_BSCAN.bscan_inst/SERIES7_BSCAN.bscan_inst/INTERNAL_TCK rise edge)
                                                      0.000     0.000 r  
    CONFIG_SITE_X0Y0     BSCANE2                      0.000     0.000 r  dbg_hub/inst/BSCANID.u_xsdbm_id/SWITCH_N_EXT_BSCAN.bscan_inst/SERIES7_BSCAN.bscan_inst/INTERNAL_TCK
    CONFIG_SITE_X0Y0     BSCANE2 (Prop_BSCAN1_CONFIG_SITE_INTERNAL_TCK_TCK)
                                                      0.465     0.465 r  dbg_hub/inst/BSCANID.u_xsdbm_id/SWITCH_N_EXT_BSCAN.bscan_inst/SERIES7_BSCAN.bscan_inst/TCK
                         net (fo=1, routed)           0.728     1.193    dbg_hub/inst/BSCANID.u_xsdbm_id/tck_bs
    BUFGCE_X0Y76         BUFGCE (Prop_BUFCE_BUFGCE_I_O)
                                                      0.023     1.216 r  dbg_hub/inst/BSCANID.u_xsdbm_id/SWITCH_N_EXT_BSCAN.u_bufg_icon_tck/O
    X2Y2 (CLOCK_ROOT)    net (fo=478, routed)         1.280     2.496    dbg_hub/inst/BSCANID.u_xsdbm_id/CORE_XSDB.UUT_MASTER/U_ICON_INTERFACE/U_CMD6_RD/U_RD_FIFO/SUBCORE_FIFO.xsdbm_v3_0_2_rdfifo_inst/inst_fifo_gen/gconvfifo.rf/grf.rf/rstblk/rd_clk
    SLICE_X49Y199        FDPE                                         r  dbg_hub/inst/BSCANID.u_xsdbm_id/CORE_XSDB.UUT_MASTER/U_ICON_INTERFACE/U_CMD6_RD/U_RD_FIFO/SUBCORE_FIFO.xsdbm_v3_0_2_rdfifo_inst/inst_fifo_gen/gconvfifo.rf/grf.rf/rstblk/ngwrdrst.grst.g7serrst.rd_rst_reg_reg[2]/C
  -------------------------------------------------------------------    -------------------
    SLICE_X49Y199        FDPE (Prop_AFF2_SLICEL_C_Q)
                                                      0.085     2.581 f  dbg_hub/inst/BSCANID.u_xsdbm_id/CORE_XSDB.UUT_MASTER/U_ICON_INTERFACE/U_CMD6_RD/U_RD_FIFO/SUBCORE_FIFO.xsdbm_v3_0_2_rdfifo_inst/inst_fifo_gen/gconvfifo.rf/grf.rf/rstblk/ngwrdrst.grst.g7serrst.rd_rst_reg_reg[2]/Q
                         net (fo=18, routed)          0.080     2.660    dbg_hub/inst/BSCANID.u_xsdbm_id/CORE_XSDB.UUT_MASTER/U_ICON_INTERFACE/U_CMD6_RD/U_RD_FIFO/SUBCORE_FIFO.xsdbm_v3_0_2_rdfifo_inst/inst_fifo_gen/gconvfifo.rf/grf.rf/gntv_or_sync_fifo.gl0.rd/gr1.gr1_int.rfwft/out[1]
    SLICE_X49Y199        FDPE                                         f  dbg_hub/inst/BSCANID.u_xsdbm_id/CORE_XSDB.UUT_MASTER/U_ICON_INTERFACE/U_CMD6_RD/U_RD_FIFO/SUBCORE_FIFO.xsdbm_v3_0_2_rdfifo_inst/inst_fifo_gen/gconvfifo.rf/grf.rf/gntv_or_sync_fifo.gl0.rd/gr1.gr1_int.rfwft/empty_fwft_fb_i_reg/PRE
  -------------------------------------------------------------------    -------------------

                         (clock dbg_hub/inst/BSCANID.u_xsdbm_id/SWITCH_N_EXT_BSCAN.bscan_inst/SERIES7_BSCAN.bscan_inst/INTERNAL_TCK rise edge)
                                                      0.000     0.000 r  
    CONFIG_SITE_X0Y0     BSCANE2                      0.000     0.000 r  dbg_hub/inst/BSCANID.u_xsdbm_id/SWITCH_N_EXT_BSCAN.bscan_inst/SERIES7_BSCAN.bscan_inst/INTERNAL_TCK
    CONFIG_SITE_X0Y0     BSCANE2 (Prop_BSCAN1_CONFIG_SITE_INTERNAL_TCK_TCK)
                                                      4.800     4.800 r  dbg_hub/inst/BSCANID.u_xsdbm_id/SWITCH_N_EXT_BSCAN.bscan_inst/SERIES7_BSCAN.bscan_inst/TCK
                         net (fo=1, routed)           1.225     6.025    dbg_hub/inst/BSCANID.u_xsdbm_id/tck_bs
    BUFGCE_X0Y76         BUFGCE (Prop_BUFCE_BUFGCE_I_O)
                                                      0.026     6.051 r  dbg_hub/inst/BSCANID.u_xsdbm_id/SWITCH_N_EXT_BSCAN.u_bufg_icon_tck/O
    X2Y2 (CLOCK_ROOT)    net (fo=478, routed)         1.401     7.452    dbg_hub/inst/BSCANID.u_xsdbm_id/CORE_XSDB.UUT_MASTER/U_ICON_INTERFACE/U_CMD6_RD/U_RD_FIFO/SUBCORE_FIFO.xsdbm_v3_0_2_rdfifo_inst/inst_fifo_gen/gconvfifo.rf/grf.rf/gntv_or_sync_fifo.gl0.rd/gr1.gr1_int.rfwft/rd_clk
    SLICE_X49Y199        FDPE                                         r  dbg_hub/inst/BSCANID.u_xsdbm_id/CORE_XSDB.UUT_MASTER/U_ICON_INTERFACE/U_CMD6_RD/U_RD_FIFO/SUBCORE_FIFO.xsdbm_v3_0_2_rdfifo_inst/inst_fifo_gen/gconvfifo.rf/grf.rf/gntv_or_sync_fifo.gl0.rd/gr1.gr1_int.rfwft/empty_fwft_fb_i_reg/C
                         clock pessimism             -4.942     2.510    
    SLICE_X49Y199        FDPE (Remov_EFF_SLICEL_C_PRE)
                                                     -0.018     2.492    dbg_hub/inst/BSCANID.u_xsdbm_id/CORE_XSDB.UUT_MASTER/U_ICON_INTERFACE/U_CMD6_RD/U_RD_FIFO/SUBCORE_FIFO.xsdbm_v3_0_2_rdfifo_inst/inst_fifo_gen/gconvfifo.rf/grf.rf/gntv_or_sync_fifo.gl0.rd/gr1.gr1_int.rfwft/empty_fwft_fb_i_reg
  -------------------------------------------------------------------
                         required time                         -2.492    
                         arrival time                           2.660    
  -------------------------------------------------------------------
                         slack                                  0.168    

Slack (MET) :             0.168ns  (arrival time - required time)
  Source:                 dbg_hub/inst/BSCANID.u_xsdbm_id/CORE_XSDB.UUT_MASTER/U_ICON_INTERFACE/U_CMD6_RD/U_RD_FIFO/SUBCORE_FIFO.xsdbm_v3_0_2_rdfifo_inst/inst_fifo_gen/gconvfifo.rf/grf.rf/rstblk/ngwrdrst.grst.g7serrst.rd_rst_reg_reg[2]/C
                            (rising edge-triggered cell FDPE clocked by dbg_hub/inst/BSCANID.u_xsdbm_id/SWITCH_N_EXT_BSCAN.bscan_inst/SERIES7_BSCAN.bscan_inst/INTERNAL_TCK  {rise@0.000ns fall@25.000ns period=50.000ns})
  Destination:            dbg_hub/inst/BSCANID.u_xsdbm_id/CORE_XSDB.UUT_MASTER/U_ICON_INTERFACE/U_CMD6_RD/U_RD_FIFO/SUBCORE_FIFO.xsdbm_v3_0_2_rdfifo_inst/inst_fifo_gen/gconvfifo.rf/grf.rf/gntv_or_sync_fifo.gl0.rd/gr1.gr1_int.rfwft/empty_fwft_i_reg/PRE
                            (removal check against rising-edge clock dbg_hub/inst/BSCANID.u_xsdbm_id/SWITCH_N_EXT_BSCAN.bscan_inst/SERIES7_BSCAN.bscan_inst/INTERNAL_TCK  {rise@0.000ns fall@25.000ns period=50.000ns})
  Path Group:             **async_default**
  Path Type:              Removal (Min at Fast Process Corner)
  Requirement:            0.000ns  (dbg_hub/inst/BSCANID.u_xsdbm_id/SWITCH_N_EXT_BSCAN.bscan_inst/SERIES7_BSCAN.bscan_inst/INTERNAL_TCK rise@0.000ns - dbg_hub/inst/BSCANID.u_xsdbm_id/SWITCH_N_EXT_BSCAN.bscan_inst/SERIES7_BSCAN.bscan_inst/INTERNAL_TCK rise@0.000ns)
  Data Path Delay:        0.165ns  (logic 0.085ns (51.544%)  route 0.080ns (48.456%))
  Logic Levels:           0  
  Clock Path Skew:        0.015ns (DCD - SCD - CPR)
    Destination Clock Delay (DCD):    7.452ns
    Source Clock Delay      (SCD):    2.496ns
    Clock Pessimism Removal (CPR):    4.942ns
  Clock Net Delay (Source):      1.280ns (routing 0.650ns, distribution 0.630ns)
  Clock Net Delay (Destination): 1.401ns (routing 0.709ns, distribution 0.692ns)

    Location             Delay type                Incr(ns)  Path(ns)    Netlist Resource(s)
  -------------------------------------------------------------------    -------------------
                         (clock dbg_hub/inst/BSCANID.u_xsdbm_id/SWITCH_N_EXT_BSCAN.bscan_inst/SERIES7_BSCAN.bscan_inst/INTERNAL_TCK rise edge)
                                                      0.000     0.000 r  
    CONFIG_SITE_X0Y0     BSCANE2                      0.000     0.000 r  dbg_hub/inst/BSCANID.u_xsdbm_id/SWITCH_N_EXT_BSCAN.bscan_inst/SERIES7_BSCAN.bscan_inst/INTERNAL_TCK
    CONFIG_SITE_X0Y0     BSCANE2 (Prop_BSCAN1_CONFIG_SITE_INTERNAL_TCK_TCK)
                                                      0.465     0.465 r  dbg_hub/inst/BSCANID.u_xsdbm_id/SWITCH_N_EXT_BSCAN.bscan_inst/SERIES7_BSCAN.bscan_inst/TCK
                         net (fo=1, routed)           0.728     1.193    dbg_hub/inst/BSCANID.u_xsdbm_id/tck_bs
    BUFGCE_X0Y76         BUFGCE (Prop_BUFCE_BUFGCE_I_O)
                                                      0.023     1.216 r  dbg_hub/inst/BSCANID.u_xsdbm_id/SWITCH_N_EXT_BSCAN.u_bufg_icon_tck/O
    X2Y2 (CLOCK_ROOT)    net (fo=478, routed)         1.280     2.496    dbg_hub/inst/BSCANID.u_xsdbm_id/CORE_XSDB.UUT_MASTER/U_ICON_INTERFACE/U_CMD6_RD/U_RD_FIFO/SUBCORE_FIFO.xsdbm_v3_0_2_rdfifo_inst/inst_fifo_gen/gconvfifo.rf/grf.rf/rstblk/rd_clk
    SLICE_X49Y199        FDPE                                         r  dbg_hub/inst/BSCANID.u_xsdbm_id/CORE_XSDB.UUT_MASTER/U_ICON_INTERFACE/U_CMD6_RD/U_RD_FIFO/SUBCORE_FIFO.xsdbm_v3_0_2_rdfifo_inst/inst_fifo_gen/gconvfifo.rf/grf.rf/rstblk/ngwrdrst.grst.g7serrst.rd_rst_reg_reg[2]/C
  -------------------------------------------------------------------    -------------------
    SLICE_X49Y199        FDPE (Prop_AFF2_SLICEL_C_Q)
                                                      0.085     2.581 f  dbg_hub/inst/BSCANID.u_xsdbm_id/CORE_XSDB.UUT_MASTER/U_ICON_INTERFACE/U_CMD6_RD/U_RD_FIFO/SUBCORE_FIFO.xsdbm_v3_0_2_rdfifo_inst/inst_fifo_gen/gconvfifo.rf/grf.rf/rstblk/ngwrdrst.grst.g7serrst.rd_rst_reg_reg[2]/Q
                         net (fo=18, routed)          0.080     2.660    dbg_hub/inst/BSCANID.u_xsdbm_id/CORE_XSDB.UUT_MASTER/U_ICON_INTERFACE/U_CMD6_RD/U_RD_FIFO/SUBCORE_FIFO.xsdbm_v3_0_2_rdfifo_inst/inst_fifo_gen/gconvfifo.rf/grf.rf/gntv_or_sync_fifo.gl0.rd/gr1.gr1_int.rfwft/out[1]
    SLICE_X49Y199        FDPE                                         f  dbg_hub/inst/BSCANID.u_xsdbm_id/CORE_XSDB.UUT_MASTER/U_ICON_INTERFACE/U_CMD6_RD/U_RD_FIFO/SUBCORE_FIFO.xsdbm_v3_0_2_rdfifo_inst/inst_fifo_gen/gconvfifo.rf/grf.rf/gntv_or_sync_fifo.gl0.rd/gr1.gr1_int.rfwft/empty_fwft_i_reg/PRE
  -------------------------------------------------------------------    -------------------

                         (clock dbg_hub/inst/BSCANID.u_xsdbm_id/SWITCH_N_EXT_BSCAN.bscan_inst/SERIES7_BSCAN.bscan_inst/INTERNAL_TCK rise edge)
                                                      0.000     0.000 r  
    CONFIG_SITE_X0Y0     BSCANE2                      0.000     0.000 r  dbg_hub/inst/BSCANID.u_xsdbm_id/SWITCH_N_EXT_BSCAN.bscan_inst/SERIES7_BSCAN.bscan_inst/INTERNAL_TCK
    CONFIG_SITE_X0Y0     BSCANE2 (Prop_BSCAN1_CONFIG_SITE_INTERNAL_TCK_TCK)
                                                      4.800     4.800 r  dbg_hub/inst/BSCANID.u_xsdbm_id/SWITCH_N_EXT_BSCAN.bscan_inst/SERIES7_BSCAN.bscan_inst/TCK
                         net (fo=1, routed)           1.225     6.025    dbg_hub/inst/BSCANID.u_xsdbm_id/tck_bs
    BUFGCE_X0Y76         BUFGCE (Prop_BUFCE_BUFGCE_I_O)
                                                      0.026     6.051 r  dbg_hub/inst/BSCANID.u_xsdbm_id/SWITCH_N_EXT_BSCAN.u_bufg_icon_tck/O
    X2Y2 (CLOCK_ROOT)    net (fo=478, routed)         1.401     7.452    dbg_hub/inst/BSCANID.u_xsdbm_id/CORE_XSDB.UUT_MASTER/U_ICON_INTERFACE/U_CMD6_RD/U_RD_FIFO/SUBCORE_FIFO.xsdbm_v3_0_2_rdfifo_inst/inst_fifo_gen/gconvfifo.rf/grf.rf/gntv_or_sync_fifo.gl0.rd/gr1.gr1_int.rfwft/rd_clk
    SLICE_X49Y199        FDPE                                         r  dbg_hub/inst/BSCANID.u_xsdbm_id/CORE_XSDB.UUT_MASTER/U_ICON_INTERFACE/U_CMD6_RD/U_RD_FIFO/SUBCORE_FIFO.xsdbm_v3_0_2_rdfifo_inst/inst_fifo_gen/gconvfifo.rf/grf.rf/gntv_or_sync_fifo.gl0.rd/gr1.gr1_int.rfwft/empty_fwft_i_reg/C
                         clock pessimism             -4.942     2.510    
    SLICE_X49Y199        FDPE (Remov_EFF2_SLICEL_C_PRE)
                                                     -0.018     2.492    dbg_hub/inst/BSCANID.u_xsdbm_id/CORE_XSDB.UUT_MASTER/U_ICON_INTERFACE/U_CMD6_RD/U_RD_FIFO/SUBCORE_FIFO.xsdbm_v3_0_2_rdfifo_inst/inst_fifo_gen/gconvfifo.rf/grf.rf/gntv_or_sync_fifo.gl0.rd/gr1.gr1_int.rfwft/empty_fwft_i_reg
  -------------------------------------------------------------------
                         required time                         -2.492    
                         arrival time                           2.660    
  -------------------------------------------------------------------
                         slack                                  0.168    

Slack (MET) :             0.169ns  (arrival time - required time)
  Source:                 dbg_hub/inst/BSCANID.u_xsdbm_id/CORE_XSDB.UUT_MASTER/U_ICON_INTERFACE/U_CMD6_RD/U_RD_FIFO/SUBCORE_FIFO.xsdbm_v3_0_2_rdfifo_inst/inst_fifo_gen/gconvfifo.rf/grf.rf/rstblk/ngwrdrst.grst.g7serrst.rst_rd_reg2_reg/C
                            (rising edge-triggered cell FDPE clocked by dbg_hub/inst/BSCANID.u_xsdbm_id/SWITCH_N_EXT_BSCAN.bscan_inst/SERIES7_BSCAN.bscan_inst/INTERNAL_TCK  {rise@0.000ns fall@25.000ns period=50.000ns})
  Destination:            dbg_hub/inst/BSCANID.u_xsdbm_id/CORE_XSDB.UUT_MASTER/U_ICON_INTERFACE/U_CMD6_RD/U_RD_FIFO/SUBCORE_FIFO.xsdbm_v3_0_2_rdfifo_inst/inst_fifo_gen/gconvfifo.rf/grf.rf/rstblk/ngwrdrst.grst.g7serrst.rd_rst_asreg_reg/PRE
                            (removal check against rising-edge clock dbg_hub/inst/BSCANID.u_xsdbm_id/SWITCH_N_EXT_BSCAN.bscan_inst/SERIES7_BSCAN.bscan_inst/INTERNAL_TCK  {rise@0.000ns fall@25.000ns period=50.000ns})
  Path Group:             **async_default**
  Path Type:              Removal (Min at Fast Process Corner)
  Requirement:            0.000ns  (dbg_hub/inst/BSCANID.u_xsdbm_id/SWITCH_N_EXT_BSCAN.bscan_inst/SERIES7_BSCAN.bscan_inst/INTERNAL_TCK rise@0.000ns - dbg_hub/inst/BSCANID.u_xsdbm_id/SWITCH_N_EXT_BSCAN.bscan_inst/SERIES7_BSCAN.bscan_inst/INTERNAL_TCK rise@0.000ns)
  Data Path Delay:        0.167ns  (logic 0.085ns (50.898%)  route 0.082ns (49.102%))
  Logic Levels:           0  
  Clock Path Skew:        0.016ns (DCD - SCD - CPR)
    Destination Clock Delay (DCD):    7.446ns
    Source Clock Delay      (SCD):    2.494ns
    Clock Pessimism Removal (CPR):    4.937ns
  Clock Net Delay (Source):      1.278ns (routing 0.650ns, distribution 0.628ns)
  Clock Net Delay (Destination): 1.395ns (routing 0.709ns, distribution 0.686ns)

    Location             Delay type                Incr(ns)  Path(ns)    Netlist Resource(s)
  -------------------------------------------------------------------    -------------------
                         (clock dbg_hub/inst/BSCANID.u_xsdbm_id/SWITCH_N_EXT_BSCAN.bscan_inst/SERIES7_BSCAN.bscan_inst/INTERNAL_TCK rise edge)
                                                      0.000     0.000 r  
    CONFIG_SITE_X0Y0     BSCANE2                      0.000     0.000 r  dbg_hub/inst/BSCANID.u_xsdbm_id/SWITCH_N_EXT_BSCAN.bscan_inst/SERIES7_BSCAN.bscan_inst/INTERNAL_TCK
    CONFIG_SITE_X0Y0     BSCANE2 (Prop_BSCAN1_CONFIG_SITE_INTERNAL_TCK_TCK)
                                                      0.465     0.465 r  dbg_hub/inst/BSCANID.u_xsdbm_id/SWITCH_N_EXT_BSCAN.bscan_inst/SERIES7_BSCAN.bscan_inst/TCK
                         net (fo=1, routed)           0.728     1.193    dbg_hub/inst/BSCANID.u_xsdbm_id/tck_bs
    BUFGCE_X0Y76         BUFGCE (Prop_BUFCE_BUFGCE_I_O)
                                                      0.023     1.216 r  dbg_hub/inst/BSCANID.u_xsdbm_id/SWITCH_N_EXT_BSCAN.u_bufg_icon_tck/O
    X2Y2 (CLOCK_ROOT)    net (fo=478, routed)         1.278     2.494    dbg_hub/inst/BSCANID.u_xsdbm_id/CORE_XSDB.UUT_MASTER/U_ICON_INTERFACE/U_CMD6_RD/U_RD_FIFO/SUBCORE_FIFO.xsdbm_v3_0_2_rdfifo_inst/inst_fifo_gen/gconvfifo.rf/grf.rf/rstblk/rd_clk
    SLICE_X49Y201        FDPE                                         r  dbg_hub/inst/BSCANID.u_xsdbm_id/CORE_XSDB.UUT_MASTER/U_ICON_INTERFACE/U_CMD6_RD/U_RD_FIFO/SUBCORE_FIFO.xsdbm_v3_0_2_rdfifo_inst/inst_fifo_gen/gconvfifo.rf/grf.rf/rstblk/ngwrdrst.grst.g7serrst.rst_rd_reg2_reg/C
  -------------------------------------------------------------------    -------------------
    SLICE_X49Y201        FDPE (Prop_AFF2_SLICEL_C_Q)
                                                      0.085     2.579 f  dbg_hub/inst/BSCANID.u_xsdbm_id/CORE_XSDB.UUT_MASTER/U_ICON_INTERFACE/U_CMD6_RD/U_RD_FIFO/SUBCORE_FIFO.xsdbm_v3_0_2_rdfifo_inst/inst_fifo_gen/gconvfifo.rf/grf.rf/rstblk/ngwrdrst.grst.g7serrst.rst_rd_reg2_reg/Q
                         net (fo=1, routed)           0.082     2.661    dbg_hub/inst/BSCANID.u_xsdbm_id/CORE_XSDB.UUT_MASTER/U_ICON_INTERFACE/U_CMD6_RD/U_RD_FIFO/SUBCORE_FIFO.xsdbm_v3_0_2_rdfifo_inst/inst_fifo_gen/gconvfifo.rf/grf.rf/rstblk/ngwrdrst.grst.rst_rd_reg2
    SLICE_X49Y202        FDPE                                         f  dbg_hub/inst/BSCANID.u_xsdbm_id/CORE_XSDB.UUT_MASTER/U_ICON_INTERFACE/U_CMD6_RD/U_RD_FIFO/SUBCORE_FIFO.xsdbm_v3_0_2_rdfifo_inst/inst_fifo_gen/gconvfifo.rf/grf.rf/rstblk/ngwrdrst.grst.g7serrst.rd_rst_asreg_reg/PRE
  -------------------------------------------------------------------    -------------------

                         (clock dbg_hub/inst/BSCANID.u_xsdbm_id/SWITCH_N_EXT_BSCAN.bscan_inst/SERIES7_BSCAN.bscan_inst/INTERNAL_TCK rise edge)
                                                      0.000     0.000 r  
    CONFIG_SITE_X0Y0     BSCANE2                      0.000     0.000 r  dbg_hub/inst/BSCANID.u_xsdbm_id/SWITCH_N_EXT_BSCAN.bscan_inst/SERIES7_BSCAN.bscan_inst/INTERNAL_TCK
    CONFIG_SITE_X0Y0     BSCANE2 (Prop_BSCAN1_CONFIG_SITE_INTERNAL_TCK_TCK)
                                                      4.800     4.800 r  dbg_hub/inst/BSCANID.u_xsdbm_id/SWITCH_N_EXT_BSCAN.bscan_inst/SERIES7_BSCAN.bscan_inst/TCK
                         net (fo=1, routed)           1.225     6.025    dbg_hub/inst/BSCANID.u_xsdbm_id/tck_bs
    BUFGCE_X0Y76         BUFGCE (Prop_BUFCE_BUFGCE_I_O)
                                                      0.026     6.051 r  dbg_hub/inst/BSCANID.u_xsdbm_id/SWITCH_N_EXT_BSCAN.u_bufg_icon_tck/O
    X2Y2 (CLOCK_ROOT)    net (fo=478, routed)         1.395     7.446    dbg_hub/inst/BSCANID.u_xsdbm_id/CORE_XSDB.UUT_MASTER/U_ICON_INTERFACE/U_CMD6_RD/U_RD_FIFO/SUBCORE_FIFO.xsdbm_v3_0_2_rdfifo_inst/inst_fifo_gen/gconvfifo.rf/grf.rf/rstblk/rd_clk
    SLICE_X49Y202        FDPE                                         r  dbg_hub/inst/BSCANID.u_xsdbm_id/CORE_XSDB.UUT_MASTER/U_ICON_INTERFACE/U_CMD6_RD/U_RD_FIFO/SUBCORE_FIFO.xsdbm_v3_0_2_rdfifo_inst/inst_fifo_gen/gconvfifo.rf/grf.rf/rstblk/ngwrdrst.grst.g7serrst.rd_rst_asreg_reg/C
                         clock pessimism             -4.937     2.509    
    SLICE_X49Y202        FDPE (Remov_DFF2_SLICEL_C_PRE)
                                                     -0.018     2.491    dbg_hub/inst/BSCANID.u_xsdbm_id/CORE_XSDB.UUT_MASTER/U_ICON_INTERFACE/U_CMD6_RD/U_RD_FIFO/SUBCORE_FIFO.xsdbm_v3_0_2_rdfifo_inst/inst_fifo_gen/gconvfifo.rf/grf.rf/rstblk/ngwrdrst.grst.g7serrst.rd_rst_asreg_reg
  -------------------------------------------------------------------
                         required time                         -2.491    
                         arrival time                           2.661    
  -------------------------------------------------------------------
                         slack                                  0.169    

Slack (MET) :             0.172ns  (arrival time - required time)
  Source:                 dbg_hub/inst/BSCANID.u_xsdbm_id/CORE_XSDB.UUT_MASTER/U_ICON_INTERFACE/U_CMD6_WR/U_WR_FIFO/SUBCORE_FIFO.xsdbm_v3_0_2_wrfifo_inst/inst_fifo_gen/gconvfifo.rf/grf.rf/rstblk/ngwrdrst.grst.g7serrst.wr_rst_reg_reg[0]/C
                            (rising edge-triggered cell FDPE clocked by dbg_hub/inst/BSCANID.u_xsdbm_id/SWITCH_N_EXT_BSCAN.bscan_inst/SERIES7_BSCAN.bscan_inst/INTERNAL_TCK  {rise@0.000ns fall@25.000ns period=50.000ns})
  Destination:            dbg_hub/inst/BSCANID.u_xsdbm_id/CORE_XSDB.UUT_MASTER/U_ICON_INTERFACE/U_CMD6_WR/U_WR_FIFO/SUBCORE_FIFO.xsdbm_v3_0_2_wrfifo_inst/inst_fifo_gen/gconvfifo.rf/grf.rf/gntv_or_sync_fifo.gcx.clkx/gnxpm_cdc.rd_pntr_bin_reg[3]/CLR
                            (removal check against rising-edge clock dbg_hub/inst/BSCANID.u_xsdbm_id/SWITCH_N_EXT_BSCAN.bscan_inst/SERIES7_BSCAN.bscan_inst/INTERNAL_TCK  {rise@0.000ns fall@25.000ns period=50.000ns})
  Path Group:             **async_default**
  Path Type:              Removal (Min at Fast Process Corner)
  Requirement:            0.000ns  (dbg_hub/inst/BSCANID.u_xsdbm_id/SWITCH_N_EXT_BSCAN.bscan_inst/SERIES7_BSCAN.bscan_inst/INTERNAL_TCK rise@0.000ns - dbg_hub/inst/BSCANID.u_xsdbm_id/SWITCH_N_EXT_BSCAN.bscan_inst/SERIES7_BSCAN.bscan_inst/INTERNAL_TCK rise@0.000ns)
  Data Path Delay:        0.191ns  (logic 0.082ns (43.008%)  route 0.109ns (56.992%))
  Logic Levels:           0  
  Clock Path Skew:        0.036ns (DCD - SCD - CPR)
    Destination Clock Delay (DCD):    7.421ns
    Source Clock Delay      (SCD):    2.476ns
    Clock Pessimism Removal (CPR):    4.909ns
  Clock Net Delay (Source):      1.260ns (routing 0.650ns, distribution 0.610ns)
  Clock Net Delay (Destination): 1.370ns (routing 0.709ns, distribution 0.661ns)

    Location             Delay type                Incr(ns)  Path(ns)    Netlist Resource(s)
  -------------------------------------------------------------------    -------------------
                         (clock dbg_hub/inst/BSCANID.u_xsdbm_id/SWITCH_N_EXT_BSCAN.bscan_inst/SERIES7_BSCAN.bscan_inst/INTERNAL_TCK rise edge)
                                                      0.000     0.000 r  
    CONFIG_SITE_X0Y0     BSCANE2                      0.000     0.000 r  dbg_hub/inst/BSCANID.u_xsdbm_id/SWITCH_N_EXT_BSCAN.bscan_inst/SERIES7_BSCAN.bscan_inst/INTERNAL_TCK
    CONFIG_SITE_X0Y0     BSCANE2 (Prop_BSCAN1_CONFIG_SITE_INTERNAL_TCK_TCK)
                                                      0.465     0.465 r  dbg_hub/inst/BSCANID.u_xsdbm_id/SWITCH_N_EXT_BSCAN.bscan_inst/SERIES7_BSCAN.bscan_inst/TCK
                         net (fo=1, routed)           0.728     1.193    dbg_hub/inst/BSCANID.u_xsdbm_id/tck_bs
    BUFGCE_X0Y76         BUFGCE (Prop_BUFCE_BUFGCE_I_O)
                                                      0.023     1.216 r  dbg_hub/inst/BSCANID.u_xsdbm_id/SWITCH_N_EXT_BSCAN.u_bufg_icon_tck/O
    X2Y2 (CLOCK_ROOT)    net (fo=478, routed)         1.260     2.476    dbg_hub/inst/BSCANID.u_xsdbm_id/CORE_XSDB.UUT_MASTER/U_ICON_INTERFACE/U_CMD6_WR/U_WR_FIFO/SUBCORE_FIFO.xsdbm_v3_0_2_wrfifo_inst/inst_fifo_gen/gconvfifo.rf/grf.rf/rstblk/wr_clk
    SLICE_X45Y200        FDPE                                         r  dbg_hub/inst/BSCANID.u_xsdbm_id/CORE_XSDB.UUT_MASTER/U_ICON_INTERFACE/U_CMD6_WR/U_WR_FIFO/SUBCORE_FIFO.xsdbm_v3_0_2_wrfifo_inst/inst_fifo_gen/gconvfifo.rf/grf.rf/rstblk/ngwrdrst.grst.g7serrst.wr_rst_reg_reg[0]/C
  -------------------------------------------------------------------    -------------------
    SLICE_X45Y200        FDPE (Prop_EFF_SLICEM_C_Q)
                                                      0.082     2.558 f  dbg_hub/inst/BSCANID.u_xsdbm_id/CORE_XSDB.UUT_MASTER/U_ICON_INTERFACE/U_CMD6_WR/U_WR_FIFO/SUBCORE_FIFO.xsdbm_v3_0_2_wrfifo_inst/inst_fifo_gen/gconvfifo.rf/grf.rf/rstblk/ngwrdrst.grst.g7serrst.wr_rst_reg_reg[0]/Q
                         net (fo=18, routed)          0.109     2.666    dbg_hub/inst/BSCANID.u_xsdbm_id/CORE_XSDB.UUT_MASTER/U_ICON_INTERFACE/U_CMD6_WR/U_WR_FIFO/SUBCORE_FIFO.xsdbm_v3_0_2_wrfifo_inst/inst_fifo_gen/gconvfifo.rf/grf.rf/gntv_or_sync_fifo.gcx.clkx/AR[0]
    SLICE_X44Y199        FDCE                                         f  dbg_hub/inst/BSCANID.u_xsdbm_id/CORE_XSDB.UUT_MASTER/U_ICON_INTERFACE/U_CMD6_WR/U_WR_FIFO/SUBCORE_FIFO.xsdbm_v3_0_2_wrfifo_inst/inst_fifo_gen/gconvfifo.rf/grf.rf/gntv_or_sync_fifo.gcx.clkx/gnxpm_cdc.rd_pntr_bin_reg[3]/CLR
  -------------------------------------------------------------------    -------------------

                         (clock dbg_hub/inst/BSCANID.u_xsdbm_id/SWITCH_N_EXT_BSCAN.bscan_inst/SERIES7_BSCAN.bscan_inst/INTERNAL_TCK rise edge)
                                                      0.000     0.000 r  
    CONFIG_SITE_X0Y0     BSCANE2                      0.000     0.000 r  dbg_hub/inst/BSCANID.u_xsdbm_id/SWITCH_N_EXT_BSCAN.bscan_inst/SERIES7_BSCAN.bscan_inst/INTERNAL_TCK
    CONFIG_SITE_X0Y0     BSCANE2 (Prop_BSCAN1_CONFIG_SITE_INTERNAL_TCK_TCK)
                                                      4.800     4.800 r  dbg_hub/inst/BSCANID.u_xsdbm_id/SWITCH_N_EXT_BSCAN.bscan_inst/SERIES7_BSCAN.bscan_inst/TCK
                         net (fo=1, routed)           1.225     6.025    dbg_hub/inst/BSCANID.u_xsdbm_id/tck_bs
    BUFGCE_X0Y76         BUFGCE (Prop_BUFCE_BUFGCE_I_O)
                                                      0.026     6.051 r  dbg_hub/inst/BSCANID.u_xsdbm_id/SWITCH_N_EXT_BSCAN.u_bufg_icon_tck/O
    X2Y2 (CLOCK_ROOT)    net (fo=478, routed)         1.370     7.421    dbg_hub/inst/BSCANID.u_xsdbm_id/CORE_XSDB.UUT_MASTER/U_ICON_INTERFACE/U_CMD6_WR/U_WR_FIFO/SUBCORE_FIFO.xsdbm_v3_0_2_wrfifo_inst/inst_fifo_gen/gconvfifo.rf/grf.rf/gntv_or_sync_fifo.gcx.clkx/wr_clk
    SLICE_X44Y199        FDCE                                         r  dbg_hub/inst/BSCANID.u_xsdbm_id/CORE_XSDB.UUT_MASTER/U_ICON_INTERFACE/U_CMD6_WR/U_WR_FIFO/SUBCORE_FIFO.xsdbm_v3_0_2_wrfifo_inst/inst_fifo_gen/gconvfifo.rf/grf.rf/gntv_or_sync_fifo.gcx.clkx/gnxpm_cdc.rd_pntr_bin_reg[3]/C
                         clock pessimism             -4.909     2.512    
    SLICE_X44Y199        FDCE (Remov_AFF_SLICEL_C_CLR)
                                                     -0.018     2.494    dbg_hub/inst/BSCANID.u_xsdbm_id/CORE_XSDB.UUT_MASTER/U_ICON_INTERFACE/U_CMD6_WR/U_WR_FIFO/SUBCORE_FIFO.xsdbm_v3_0_2_wrfifo_inst/inst_fifo_gen/gconvfifo.rf/grf.rf/gntv_or_sync_fifo.gcx.clkx/gnxpm_cdc.rd_pntr_bin_reg[3]
  -------------------------------------------------------------------
                         required time                         -2.494    
                         arrival time                           2.666    
  -------------------------------------------------------------------
                         slack                                  0.172    

Slack (MET) :             0.172ns  (arrival time - required time)
  Source:                 dbg_hub/inst/BSCANID.u_xsdbm_id/CORE_XSDB.UUT_MASTER/U_ICON_INTERFACE/U_CMD6_WR/U_WR_FIFO/SUBCORE_FIFO.xsdbm_v3_0_2_wrfifo_inst/inst_fifo_gen/gconvfifo.rf/grf.rf/rstblk/ngwrdrst.grst.g7serrst.wr_rst_reg_reg[0]/C
                            (rising edge-triggered cell FDPE clocked by dbg_hub/inst/BSCANID.u_xsdbm_id/SWITCH_N_EXT_BSCAN.bscan_inst/SERIES7_BSCAN.bscan_inst/INTERNAL_TCK  {rise@0.000ns fall@25.000ns period=50.000ns})
  Destination:            dbg_hub/inst/BSCANID.u_xsdbm_id/CORE_XSDB.UUT_MASTER/U_ICON_INTERFACE/U_CMD6_WR/U_WR_FIFO/SUBCORE_FIFO.xsdbm_v3_0_2_wrfifo_inst/inst_fifo_gen/gconvfifo.rf/grf.rf/gntv_or_sync_fifo.gl0.wr/gwas.wsts/ram_full_fb_i_reg/CLR
                            (removal check against rising-edge clock dbg_hub/inst/BSCANID.u_xsdbm_id/SWITCH_N_EXT_BSCAN.bscan_inst/SERIES7_BSCAN.bscan_inst/INTERNAL_TCK  {rise@0.000ns fall@25.000ns period=50.000ns})
  Path Group:             **async_default**
  Path Type:              Removal (Min at Fast Process Corner)
  Requirement:            0.000ns  (dbg_hub/inst/BSCANID.u_xsdbm_id/SWITCH_N_EXT_BSCAN.bscan_inst/SERIES7_BSCAN.bscan_inst/INTERNAL_TCK rise@0.000ns - dbg_hub/inst/BSCANID.u_xsdbm_id/SWITCH_N_EXT_BSCAN.bscan_inst/SERIES7_BSCAN.bscan_inst/INTERNAL_TCK rise@0.000ns)
  Data Path Delay:        0.191ns  (logic 0.082ns (43.008%)  route 0.109ns (56.992%))
  Logic Levels:           0  
  Clock Path Skew:        0.036ns (DCD - SCD - CPR)
    Destination Clock Delay (DCD):    7.421ns
    Source Clock Delay      (SCD):    2.476ns
    Clock Pessimism Removal (CPR):    4.909ns
  Clock Net Delay (Source):      1.260ns (routing 0.650ns, distribution 0.610ns)
  Clock Net Delay (Destination): 1.370ns (routing 0.709ns, distribution 0.661ns)

    Location             Delay type                Incr(ns)  Path(ns)    Netlist Resource(s)
  -------------------------------------------------------------------    -------------------
                         (clock dbg_hub/inst/BSCANID.u_xsdbm_id/SWITCH_N_EXT_BSCAN.bscan_inst/SERIES7_BSCAN.bscan_inst/INTERNAL_TCK rise edge)
                                                      0.000     0.000 r  
    CONFIG_SITE_X0Y0     BSCANE2                      0.000     0.000 r  dbg_hub/inst/BSCANID.u_xsdbm_id/SWITCH_N_EXT_BSCAN.bscan_inst/SERIES7_BSCAN.bscan_inst/INTERNAL_TCK
    CONFIG_SITE_X0Y0     BSCANE2 (Prop_BSCAN1_CONFIG_SITE_INTERNAL_TCK_TCK)
                                                      0.465     0.465 r  dbg_hub/inst/BSCANID.u_xsdbm_id/SWITCH_N_EXT_BSCAN.bscan_inst/SERIES7_BSCAN.bscan_inst/TCK
                         net (fo=1, routed)           0.728     1.193    dbg_hub/inst/BSCANID.u_xsdbm_id/tck_bs
    BUFGCE_X0Y76         BUFGCE (Prop_BUFCE_BUFGCE_I_O)
                                                      0.023     1.216 r  dbg_hub/inst/BSCANID.u_xsdbm_id/SWITCH_N_EXT_BSCAN.u_bufg_icon_tck/O
    X2Y2 (CLOCK_ROOT)    net (fo=478, routed)         1.260     2.476    dbg_hub/inst/BSCANID.u_xsdbm_id/CORE_XSDB.UUT_MASTER/U_ICON_INTERFACE/U_CMD6_WR/U_WR_FIFO/SUBCORE_FIFO.xsdbm_v3_0_2_wrfifo_inst/inst_fifo_gen/gconvfifo.rf/grf.rf/rstblk/wr_clk
    SLICE_X45Y200        FDPE                                         r  dbg_hub/inst/BSCANID.u_xsdbm_id/CORE_XSDB.UUT_MASTER/U_ICON_INTERFACE/U_CMD6_WR/U_WR_FIFO/SUBCORE_FIFO.xsdbm_v3_0_2_wrfifo_inst/inst_fifo_gen/gconvfifo.rf/grf.rf/rstblk/ngwrdrst.grst.g7serrst.wr_rst_reg_reg[0]/C
  -------------------------------------------------------------------    -------------------
    SLICE_X45Y200        FDPE (Prop_EFF_SLICEM_C_Q)
                                                      0.082     2.558 f  dbg_hub/inst/BSCANID.u_xsdbm_id/CORE_XSDB.UUT_MASTER/U_ICON_INTERFACE/U_CMD6_WR/U_WR_FIFO/SUBCORE_FIFO.xsdbm_v3_0_2_wrfifo_inst/inst_fifo_gen/gconvfifo.rf/grf.rf/rstblk/ngwrdrst.grst.g7serrst.wr_rst_reg_reg[0]/Q
                         net (fo=18, routed)          0.109     2.666    dbg_hub/inst/BSCANID.u_xsdbm_id/CORE_XSDB.UUT_MASTER/U_ICON_INTERFACE/U_CMD6_WR/U_WR_FIFO/SUBCORE_FIFO.xsdbm_v3_0_2_wrfifo_inst/inst_fifo_gen/gconvfifo.rf/grf.rf/gntv_or_sync_fifo.gl0.wr/gwas.wsts/ram_full_fb_i_reg_2[0]
    SLICE_X44Y199        FDCE                                         f  dbg_hub/inst/BSCANID.u_xsdbm_id/CORE_XSDB.UUT_MASTER/U_ICON_INTERFACE/U_CMD6_WR/U_WR_FIFO/SUBCORE_FIFO.xsdbm_v3_0_2_wrfifo_inst/inst_fifo_gen/gconvfifo.rf/grf.rf/gntv_or_sync_fifo.gl0.wr/gwas.wsts/ram_full_fb_i_reg/CLR
  -------------------------------------------------------------------    -------------------

                         (clock dbg_hub/inst/BSCANID.u_xsdbm_id/SWITCH_N_EXT_BSCAN.bscan_inst/SERIES7_BSCAN.bscan_inst/INTERNAL_TCK rise edge)
                                                      0.000     0.000 r  
    CONFIG_SITE_X0Y0     BSCANE2                      0.000     0.000 r  dbg_hub/inst/BSCANID.u_xsdbm_id/SWITCH_N_EXT_BSCAN.bscan_inst/SERIES7_BSCAN.bscan_inst/INTERNAL_TCK
    CONFIG_SITE_X0Y0     BSCANE2 (Prop_BSCAN1_CONFIG_SITE_INTERNAL_TCK_TCK)
                                                      4.800     4.800 r  dbg_hub/inst/BSCANID.u_xsdbm_id/SWITCH_N_EXT_BSCAN.bscan_inst/SERIES7_BSCAN.bscan_inst/TCK
                         net (fo=1, routed)           1.225     6.025    dbg_hub/inst/BSCANID.u_xsdbm_id/tck_bs
    BUFGCE_X0Y76         BUFGCE (Prop_BUFCE_BUFGCE_I_O)
                                                      0.026     6.051 r  dbg_hub/inst/BSCANID.u_xsdbm_id/SWITCH_N_EXT_BSCAN.u_bufg_icon_tck/O
    X2Y2 (CLOCK_ROOT)    net (fo=478, routed)         1.370     7.421    dbg_hub/inst/BSCANID.u_xsdbm_id/CORE_XSDB.UUT_MASTER/U_ICON_INTERFACE/U_CMD6_WR/U_WR_FIFO/SUBCORE_FIFO.xsdbm_v3_0_2_wrfifo_inst/inst_fifo_gen/gconvfifo.rf/grf.rf/gntv_or_sync_fifo.gl0.wr/gwas.wsts/wr_clk
    SLICE_X44Y199        FDCE                                         r  dbg_hub/inst/BSCANID.u_xsdbm_id/CORE_XSDB.UUT_MASTER/U_ICON_INTERFACE/U_CMD6_WR/U_WR_FIFO/SUBCORE_FIFO.xsdbm_v3_0_2_wrfifo_inst/inst_fifo_gen/gconvfifo.rf/grf.rf/gntv_or_sync_fifo.gl0.wr/gwas.wsts/ram_full_fb_i_reg/C
                         clock pessimism             -4.909     2.512    
    SLICE_X44Y199        FDCE (Remov_AFF2_SLICEL_C_CLR)
                                                     -0.018     2.494    dbg_hub/inst/BSCANID.u_xsdbm_id/CORE_XSDB.UUT_MASTER/U_ICON_INTERFACE/U_CMD6_WR/U_WR_FIFO/SUBCORE_FIFO.xsdbm_v3_0_2_wrfifo_inst/inst_fifo_gen/gconvfifo.rf/grf.rf/gntv_or_sync_fifo.gl0.wr/gwas.wsts/ram_full_fb_i_reg
  -------------------------------------------------------------------
                         required time                         -2.494    
                         arrival time                           2.666    
  -------------------------------------------------------------------
                         slack                                  0.172    

Slack (MET) :             0.172ns  (arrival time - required time)
  Source:                 dbg_hub/inst/BSCANID.u_xsdbm_id/CORE_XSDB.UUT_MASTER/U_ICON_INTERFACE/U_CMD6_WR/U_WR_FIFO/SUBCORE_FIFO.xsdbm_v3_0_2_wrfifo_inst/inst_fifo_gen/gconvfifo.rf/grf.rf/rstblk/ngwrdrst.grst.g7serrst.wr_rst_reg_reg[0]/C
                            (rising edge-triggered cell FDPE clocked by dbg_hub/inst/BSCANID.u_xsdbm_id/SWITCH_N_EXT_BSCAN.bscan_inst/SERIES7_BSCAN.bscan_inst/INTERNAL_TCK  {rise@0.000ns fall@25.000ns period=50.000ns})
  Destination:            dbg_hub/inst/BSCANID.u_xsdbm_id/CORE_XSDB.UUT_MASTER/U_ICON_INTERFACE/U_CMD6_WR/U_WR_FIFO/SUBCORE_FIFO.xsdbm_v3_0_2_wrfifo_inst/inst_fifo_gen/gconvfifo.rf/grf.rf/gntv_or_sync_fifo.gl0.wr/gwas.wsts/ram_full_i_reg/CLR
                            (removal check against rising-edge clock dbg_hub/inst/BSCANID.u_xsdbm_id/SWITCH_N_EXT_BSCAN.bscan_inst/SERIES7_BSCAN.bscan_inst/INTERNAL_TCK  {rise@0.000ns fall@25.000ns period=50.000ns})
  Path Group:             **async_default**
  Path Type:              Removal (Min at Fast Process Corner)
  Requirement:            0.000ns  (dbg_hub/inst/BSCANID.u_xsdbm_id/SWITCH_N_EXT_BSCAN.bscan_inst/SERIES7_BSCAN.bscan_inst/INTERNAL_TCK rise@0.000ns - dbg_hub/inst/BSCANID.u_xsdbm_id/SWITCH_N_EXT_BSCAN.bscan_inst/SERIES7_BSCAN.bscan_inst/INTERNAL_TCK rise@0.000ns)
  Data Path Delay:        0.191ns  (logic 0.082ns (43.008%)  route 0.109ns (56.992%))
  Logic Levels:           0  
  Clock Path Skew:        0.036ns (DCD - SCD - CPR)
    Destination Clock Delay (DCD):    7.421ns
    Source Clock Delay      (SCD):    2.476ns
    Clock Pessimism Removal (CPR):    4.909ns
  Clock Net Delay (Source):      1.260ns (routing 0.650ns, distribution 0.610ns)
  Clock Net Delay (Destination): 1.370ns (routing 0.709ns, distribution 0.661ns)

    Location             Delay type                Incr(ns)  Path(ns)    Netlist Resource(s)
  -------------------------------------------------------------------    -------------------
                         (clock dbg_hub/inst/BSCANID.u_xsdbm_id/SWITCH_N_EXT_BSCAN.bscan_inst/SERIES7_BSCAN.bscan_inst/INTERNAL_TCK rise edge)
                                                      0.000     0.000 r  
    CONFIG_SITE_X0Y0     BSCANE2                      0.000     0.000 r  dbg_hub/inst/BSCANID.u_xsdbm_id/SWITCH_N_EXT_BSCAN.bscan_inst/SERIES7_BSCAN.bscan_inst/INTERNAL_TCK
    CONFIG_SITE_X0Y0     BSCANE2 (Prop_BSCAN1_CONFIG_SITE_INTERNAL_TCK_TCK)
                                                      0.465     0.465 r  dbg_hub/inst/BSCANID.u_xsdbm_id/SWITCH_N_EXT_BSCAN.bscan_inst/SERIES7_BSCAN.bscan_inst/TCK
                         net (fo=1, routed)           0.728     1.193    dbg_hub/inst/BSCANID.u_xsdbm_id/tck_bs
    BUFGCE_X0Y76         BUFGCE (Prop_BUFCE_BUFGCE_I_O)
                                                      0.023     1.216 r  dbg_hub/inst/BSCANID.u_xsdbm_id/SWITCH_N_EXT_BSCAN.u_bufg_icon_tck/O
    X2Y2 (CLOCK_ROOT)    net (fo=478, routed)         1.260     2.476    dbg_hub/inst/BSCANID.u_xsdbm_id/CORE_XSDB.UUT_MASTER/U_ICON_INTERFACE/U_CMD6_WR/U_WR_FIFO/SUBCORE_FIFO.xsdbm_v3_0_2_wrfifo_inst/inst_fifo_gen/gconvfifo.rf/grf.rf/rstblk/wr_clk
    SLICE_X45Y200        FDPE                                         r  dbg_hub/inst/BSCANID.u_xsdbm_id/CORE_XSDB.UUT_MASTER/U_ICON_INTERFACE/U_CMD6_WR/U_WR_FIFO/SUBCORE_FIFO.xsdbm_v3_0_2_wrfifo_inst/inst_fifo_gen/gconvfifo.rf/grf.rf/rstblk/ngwrdrst.grst.g7serrst.wr_rst_reg_reg[0]/C
  -------------------------------------------------------------------    -------------------
    SLICE_X45Y200        FDPE (Prop_EFF_SLICEM_C_Q)
                                                      0.082     2.558 f  dbg_hub/inst/BSCANID.u_xsdbm_id/CORE_XSDB.UUT_MASTER/U_ICON_INTERFACE/U_CMD6_WR/U_WR_FIFO/SUBCORE_FIFO.xsdbm_v3_0_2_wrfifo_inst/inst_fifo_gen/gconvfifo.rf/grf.rf/rstblk/ngwrdrst.grst.g7serrst.wr_rst_reg_reg[0]/Q
                         net (fo=18, routed)          0.109     2.666    dbg_hub/inst/BSCANID.u_xsdbm_id/CORE_XSDB.UUT_MASTER/U_ICON_INTERFACE/U_CMD6_WR/U_WR_FIFO/SUBCORE_FIFO.xsdbm_v3_0_2_wrfifo_inst/inst_fifo_gen/gconvfifo.rf/grf.rf/gntv_or_sync_fifo.gl0.wr/gwas.wsts/ram_full_fb_i_reg_2[0]
    SLICE_X44Y199        FDCE                                         f  dbg_hub/inst/BSCANID.u_xsdbm_id/CORE_XSDB.UUT_MASTER/U_ICON_INTERFACE/U_CMD6_WR/U_WR_FIFO/SUBCORE_FIFO.xsdbm_v3_0_2_wrfifo_inst/inst_fifo_gen/gconvfifo.rf/grf.rf/gntv_or_sync_fifo.gl0.wr/gwas.wsts/ram_full_i_reg/CLR
  -------------------------------------------------------------------    -------------------

                         (clock dbg_hub/inst/BSCANID.u_xsdbm_id/SWITCH_N_EXT_BSCAN.bscan_inst/SERIES7_BSCAN.bscan_inst/INTERNAL_TCK rise edge)
                                                      0.000     0.000 r  
    CONFIG_SITE_X0Y0     BSCANE2                      0.000     0.000 r  dbg_hub/inst/BSCANID.u_xsdbm_id/SWITCH_N_EXT_BSCAN.bscan_inst/SERIES7_BSCAN.bscan_inst/INTERNAL_TCK
    CONFIG_SITE_X0Y0     BSCANE2 (Prop_BSCAN1_CONFIG_SITE_INTERNAL_TCK_TCK)
                                                      4.800     4.800 r  dbg_hub/inst/BSCANID.u_xsdbm_id/SWITCH_N_EXT_BSCAN.bscan_inst/SERIES7_BSCAN.bscan_inst/TCK
                         net (fo=1, routed)           1.225     6.025    dbg_hub/inst/BSCANID.u_xsdbm_id/tck_bs
    BUFGCE_X0Y76         BUFGCE (Prop_BUFCE_BUFGCE_I_O)
                                                      0.026     6.051 r  dbg_hub/inst/BSCANID.u_xsdbm_id/SWITCH_N_EXT_BSCAN.u_bufg_icon_tck/O
    X2Y2 (CLOCK_ROOT)    net (fo=478, routed)         1.370     7.421    dbg_hub/inst/BSCANID.u_xsdbm_id/CORE_XSDB.UUT_MASTER/U_ICON_INTERFACE/U_CMD6_WR/U_WR_FIFO/SUBCORE_FIFO.xsdbm_v3_0_2_wrfifo_inst/inst_fifo_gen/gconvfifo.rf/grf.rf/gntv_or_sync_fifo.gl0.wr/gwas.wsts/wr_clk
    SLICE_X44Y199        FDCE                                         r  dbg_hub/inst/BSCANID.u_xsdbm_id/CORE_XSDB.UUT_MASTER/U_ICON_INTERFACE/U_CMD6_WR/U_WR_FIFO/SUBCORE_FIFO.xsdbm_v3_0_2_wrfifo_inst/inst_fifo_gen/gconvfifo.rf/grf.rf/gntv_or_sync_fifo.gl0.wr/gwas.wsts/ram_full_i_reg/C
                         clock pessimism             -4.909     2.512    
    SLICE_X44Y199        FDCE (Remov_BFF_SLICEL_C_CLR)
                                                     -0.018     2.494    dbg_hub/inst/BSCANID.u_xsdbm_id/CORE_XSDB.UUT_MASTER/U_ICON_INTERFACE/U_CMD6_WR/U_WR_FIFO/SUBCORE_FIFO.xsdbm_v3_0_2_wrfifo_inst/inst_fifo_gen/gconvfifo.rf/grf.rf/gntv_or_sync_fifo.gl0.wr/gwas.wsts/ram_full_i_reg
  -------------------------------------------------------------------
                         required time                         -2.494    
                         arrival time                           2.666    
  -------------------------------------------------------------------
                         slack                                  0.172    





--------------------------------------------------------------------------------------
Path Group:  (none)
From Clock:  clk_pl_0
  To Clock:  clk_pl_0

Max Delay            88 Endpoints
Min Delay            88 Endpoints
--------------------------------------------------------------------------------------


Max Delay Paths
--------------------------------------------------------------------------------------
Slack:                    inf
  Source:                 kria_starter_kit_i/ila_0/U0/ila_core_inst/u_ila_cap_ctrl/u_cap_addrgen/u_cap_sample_counter/u_scnt_cmp/allx_typeA_match_detection.ltlib_v1_0_2_allx_typeA_inst/DUT/I_WHOLE_SLICE.G_SLICE_IDX[0].U_ALL_SRL_SLICE/u_srlA/S1/CLK
                            (rising edge-triggered cell SRLC32E clocked by clk_pl_0  {rise@0.000ns fall@5.000ns period=10.000ns})
  Destination:            kria_starter_kit_i/ila_0/U0/ila_core_inst/u_ila_cap_ctrl/u_cap_addrgen/u_cap_sample_counter/u_scnt_cmp_q/D
                            (rising edge-triggered cell FDRE clocked by clk_pl_0  {rise@0.000ns fall@5.000ns period=10.000ns})
  Path Group:             (none)
  Path Type:              Setup (Max at Slow Process Corner)
  Data Path Delay:        1.776ns  (logic 0.998ns (56.194%)  route 0.778ns (43.806%))
  Logic Levels:           3  (CARRY8=2 LUT2=1)
  Clock Path Skew:        -0.315ns (DCD - SCD + CPR)
    Destination Clock Delay (DCD):    2.527ns
    Source Clock Delay      (SCD):    2.842ns
    Clock Pessimism Removal (CPR):    0.000ns
  Clock Uncertainty:      0.160ns  ((TSJ^2 + DJ^2)^1/2) / 2 + PE
    Total System Jitter     (TSJ):    0.071ns
    Discrete Jitter          (DJ):    0.312ns
    Phase Error              (PE):    0.000ns
  Clock Net Delay (Source):      2.575ns (routing 1.401ns, distribution 1.174ns)
  Clock Net Delay (Destination): 2.311ns (routing 1.282ns, distribution 1.029ns)
  Timing Exception:       False Path

    Location             Delay type                Incr(ns)  Path(ns)    Netlist Resource(s)
  -------------------------------------------------------------------    -------------------
                         (clock clk_pl_0 rise edge)
                                                      0.000     0.000 r  
    PS8_X0Y0             PS8                          0.000     0.000 r  kria_starter_kit_i/zynq_ultra_ps_e_0/U0/PS8_i/PLCLK[0]
                         net (fo=1, routed)           0.229     0.229    kria_starter_kit_i/zynq_ultra_ps_e_0/U0/pl_clk_unbuffered[0]
    BUFG_PS_X0Y90        BUFG_PS (Prop_BUFG_PS_I_O)
                                                      0.038     0.267 r  kria_starter_kit_i/zynq_ultra_ps_e_0/U0/buffer_pl_clk_0.PL_CLK_0_BUFG/O
    X1Y2 (CLOCK_ROOT)    net (fo=1510, routed)        2.575     2.842    kria_starter_kit_i/ila_0/U0/ila_core_inst/u_ila_cap_ctrl/u_cap_addrgen/u_cap_sample_counter/u_scnt_cmp/allx_typeA_match_detection.ltlib_v1_0_2_allx_typeA_inst/DUT/I_WHOLE_SLICE.G_SLICE_IDX[0].U_ALL_SRL_SLICE/u_srlA/CLK
    SLICE_X43Y174        SRLC32E                                      r  kria_starter_kit_i/ila_0/U0/ila_core_inst/u_ila_cap_ctrl/u_cap_addrgen/u_cap_sample_counter/u_scnt_cmp/allx_typeA_match_detection.ltlib_v1_0_2_allx_typeA_inst/DUT/I_WHOLE_SLICE.G_SLICE_IDX[0].U_ALL_SRL_SLICE/u_srlA/S1/CLK
  -------------------------------------------------------------------    -------------------
    SLICE_X43Y174        SRLC32E (Prop_A6LUT_SLICEM_CLK_Q)
                                                      0.544     3.386 r  kria_starter_kit_i/ila_0/U0/ila_core_inst/u_ila_cap_ctrl/u_cap_addrgen/u_cap_sample_counter/u_scnt_cmp/allx_typeA_match_detection.ltlib_v1_0_2_allx_typeA_inst/DUT/I_WHOLE_SLICE.G_SLICE_IDX[0].U_ALL_SRL_SLICE/u_srlA/S1/Q
                         net (fo=1, routed)           0.259     3.645    kria_starter_kit_i/ila_0/U0/ila_core_inst/u_ila_cap_ctrl/u_cap_addrgen/u_cap_sample_counter/u_scnt_cmp/allx_typeA_match_detection.ltlib_v1_0_2_allx_typeA_inst/DUT/lopt_8
    SLICE_X43Y175        CARRY8 (Prop_CARRY8_SLICEM_S[4]_CO[7])
                                                      0.236     3.881 r  kria_starter_kit_i/ila_0/U0/ila_core_inst/u_ila_cap_ctrl/u_cap_addrgen/u_cap_sample_counter/u_scnt_cmp/allx_typeA_match_detection.ltlib_v1_0_2_allx_typeA_inst/DUT/u_carry4_inst_CARRY8/CO[7]
                         net (fo=1, routed)           0.030     3.911    kria_starter_kit_i/ila_0/U0/ila_core_inst/u_ila_cap_ctrl/u_cap_addrgen/u_cap_sample_counter/u_scnt_cmp/allx_typeA_match_detection.ltlib_v1_0_2_allx_typeA_inst/DUT/I_WHOLE_SLICE.G_SLICE_IDX[1].U_ALL_SRL_SLICE/CI_I
    SLICE_X43Y176        CARRY8 (Prop_CARRY8_SLICEM_CI_CO[3])
                                                      0.082     3.993 r  kria_starter_kit_i/ila_0/U0/ila_core_inst/u_ila_cap_ctrl/u_cap_addrgen/u_cap_sample_counter/u_scnt_cmp/allx_typeA_match_detection.ltlib_v1_0_2_allx_typeA_inst/DUT/I_WHOLE_SLICE.G_SLICE_IDX[1].U_ALL_SRL_SLICE/u_carry4_inst_CARRY8/CO[3]
                         net (fo=1, routed)           0.422     4.415    kria_starter_kit_i/ila_0/U0/ila_core_inst/u_ila_regs/u_scnt_cmp_q
    SLICE_X44Y179        LUT2 (Prop_D6LUT_SLICEL_I1_O)
                                                      0.136     4.551 r  kria_starter_kit_i/ila_0/U0/ila_core_inst/u_ila_regs/u_scnt_cmp_q_i_1/O
                         net (fo=1, routed)           0.067     4.618    kria_starter_kit_i/ila_0/U0/ila_core_inst/u_ila_cap_ctrl/u_cap_addrgen/u_cap_sample_counter/scnt_cmp_temp
    SLICE_X44Y179        FDRE                                         r  kria_starter_kit_i/ila_0/U0/ila_core_inst/u_ila_cap_ctrl/u_cap_addrgen/u_cap_sample_counter/u_scnt_cmp_q/D
  -------------------------------------------------------------------    -------------------

                         (clock clk_pl_0 rise edge)
                                                      0.000     0.000 r  
    PS8_X0Y0             PS8                          0.000     0.000 r  kria_starter_kit_i/zynq_ultra_ps_e_0/U0/PS8_i/PLCLK[0]
                         net (fo=1, routed)           0.181     0.181    kria_starter_kit_i/zynq_ultra_ps_e_0/U0/pl_clk_unbuffered[0]
    BUFG_PS_X0Y90        BUFG_PS (Prop_BUFG_PS_I_O)
                                                      0.035     0.216 r  kria_starter_kit_i/zynq_ultra_ps_e_0/U0/buffer_pl_clk_0.PL_CLK_0_BUFG/O
    X1Y2 (CLOCK_ROOT)    net (fo=1510, routed)        2.311     2.527    kria_starter_kit_i/ila_0/U0/ila_core_inst/u_ila_cap_ctrl/u_cap_addrgen/u_cap_sample_counter/DESIGN_CLK_I
    SLICE_X44Y179        FDRE                                         r  kria_starter_kit_i/ila_0/U0/ila_core_inst/u_ila_cap_ctrl/u_cap_addrgen/u_cap_sample_counter/u_scnt_cmp_q/C

Slack:                    inf
  Source:                 kria_starter_kit_i/ila_0/U0/ila_core_inst/u_trig/U_TM/N_DDR_MODE.G_NMU[2].U_M/allx_typeA_match_detection.ltlib_v1_0_2_allx_typeA_inst/DUT/I_WHOLE_SLICE.G_SLICE_IDX[0].U_ALL_SRL_SLICE/u_srlB/S1/CLK
                            (rising edge-triggered cell SRLC32E clocked by clk_pl_0  {rise@0.000ns fall@5.000ns period=10.000ns})
  Destination:            kria_starter_kit_i/ila_0/U0/ila_core_inst/u_trig/U_TM/N_DDR_MODE.G_NMU[2].U_M/allx_typeA_match_detection.ltlib_v1_0_2_allx_typeA_inst/DUT/I_WHOLE_SLICE.G_SLICE_IDX[0].U_ALL_SRL_SLICE/I_IS_TERMINATION_SLICE_W_OUTPUT_REG.DOUT_O_reg/D
                            (rising edge-triggered cell FDRE clocked by clk_pl_0  {rise@0.000ns fall@5.000ns period=10.000ns})
  Path Group:             (none)
  Path Type:              Setup (Max at Slow Process Corner)
  Data Path Delay:        1.687ns  (logic 0.793ns (47.007%)  route 0.894ns (52.993%))
  Logic Levels:           1  (CARRY8=1)
  Clock Path Skew:        -0.346ns (DCD - SCD + CPR)
    Destination Clock Delay (DCD):    2.581ns
    Source Clock Delay      (SCD):    2.927ns
    Clock Pessimism Removal (CPR):    0.000ns
  Clock Uncertainty:      0.160ns  ((TSJ^2 + DJ^2)^1/2) / 2 + PE
    Total System Jitter     (TSJ):    0.071ns
    Discrete Jitter          (DJ):    0.312ns
    Phase Error              (PE):    0.000ns
  Clock Net Delay (Source):      2.660ns (routing 1.401ns, distribution 1.259ns)
  Clock Net Delay (Destination): 2.365ns (routing 1.282ns, distribution 1.083ns)
  Timing Exception:       False Path

    Location             Delay type                Incr(ns)  Path(ns)    Netlist Resource(s)
  -------------------------------------------------------------------    -------------------
                         (clock clk_pl_0 rise edge)
                                                      0.000     0.000 r  
    PS8_X0Y0             PS8                          0.000     0.000 r  kria_starter_kit_i/zynq_ultra_ps_e_0/U0/PS8_i/PLCLK[0]
                         net (fo=1, routed)           0.229     0.229    kria_starter_kit_i/zynq_ultra_ps_e_0/U0/pl_clk_unbuffered[0]
    BUFG_PS_X0Y90        BUFG_PS (Prop_BUFG_PS_I_O)
                                                      0.038     0.267 r  kria_starter_kit_i/zynq_ultra_ps_e_0/U0/buffer_pl_clk_0.PL_CLK_0_BUFG/O
    X1Y2 (CLOCK_ROOT)    net (fo=1510, routed)        2.660     2.927    kria_starter_kit_i/ila_0/U0/ila_core_inst/u_trig/U_TM/N_DDR_MODE.G_NMU[2].U_M/allx_typeA_match_detection.ltlib_v1_0_2_allx_typeA_inst/DUT/I_WHOLE_SLICE.G_SLICE_IDX[0].U_ALL_SRL_SLICE/u_srlB/CLK
    SLICE_X45Y182        SRLC32E                                      r  kria_starter_kit_i/ila_0/U0/ila_core_inst/u_trig/U_TM/N_DDR_MODE.G_NMU[2].U_M/allx_typeA_match_detection.ltlib_v1_0_2_allx_typeA_inst/DUT/I_WHOLE_SLICE.G_SLICE_IDX[0].U_ALL_SRL_SLICE/u_srlB/S1/CLK
  -------------------------------------------------------------------    -------------------
    SLICE_X45Y182        SRLC32E (Prop_B6LUT_SLICEM_CLK_Q)
                                                      0.547     3.474 r  kria_starter_kit_i/ila_0/U0/ila_core_inst/u_trig/U_TM/N_DDR_MODE.G_NMU[2].U_M/allx_typeA_match_detection.ltlib_v1_0_2_allx_typeA_inst/DUT/I_WHOLE_SLICE.G_SLICE_IDX[0].U_ALL_SRL_SLICE/u_srlB/S1/Q
                         net (fo=1, routed)           0.428     3.902    kria_starter_kit_i/ila_0/U0/ila_core_inst/u_trig/U_TM/N_DDR_MODE.G_NMU[2].U_M/allx_typeA_match_detection.ltlib_v1_0_2_allx_typeA_inst/DUT/lopt_7
    SLICE_X45Y181        CARRY8 (Prop_CARRY8_SLICEM_S[5]_CO[7])
                                                      0.246     4.148 r  kria_starter_kit_i/ila_0/U0/ila_core_inst/u_trig/U_TM/N_DDR_MODE.G_NMU[2].U_M/allx_typeA_match_detection.ltlib_v1_0_2_allx_typeA_inst/DUT/u_carry4_inst_CARRY8/CO[7]
                         net (fo=1, routed)           0.466     4.614    kria_starter_kit_i/ila_0/U0/ila_core_inst/u_trig/U_TM/N_DDR_MODE.G_NMU[2].U_M/allx_typeA_match_detection.ltlib_v1_0_2_allx_typeA_inst/DUT/I_WHOLE_SLICE.G_SLICE_IDX[0].U_ALL_SRL_SLICE/muxcy_lo[3]
    SLICE_X44Y181        FDRE                                         r  kria_starter_kit_i/ila_0/U0/ila_core_inst/u_trig/U_TM/N_DDR_MODE.G_NMU[2].U_M/allx_typeA_match_detection.ltlib_v1_0_2_allx_typeA_inst/DUT/I_WHOLE_SLICE.G_SLICE_IDX[0].U_ALL_SRL_SLICE/I_IS_TERMINATION_SLICE_W_OUTPUT_REG.DOUT_O_reg/D
  -------------------------------------------------------------------    -------------------

                         (clock clk_pl_0 rise edge)
                                                      0.000     0.000 r  
    PS8_X0Y0             PS8                          0.000     0.000 r  kria_starter_kit_i/zynq_ultra_ps_e_0/U0/PS8_i/PLCLK[0]
                         net (fo=1, routed)           0.181     0.181    kria_starter_kit_i/zynq_ultra_ps_e_0/U0/pl_clk_unbuffered[0]
    BUFG_PS_X0Y90        BUFG_PS (Prop_BUFG_PS_I_O)
                                                      0.035     0.216 r  kria_starter_kit_i/zynq_ultra_ps_e_0/U0/buffer_pl_clk_0.PL_CLK_0_BUFG/O
    X1Y2 (CLOCK_ROOT)    net (fo=1510, routed)        2.365     2.581    kria_starter_kit_i/ila_0/U0/ila_core_inst/u_trig/U_TM/N_DDR_MODE.G_NMU[2].U_M/allx_typeA_match_detection.ltlib_v1_0_2_allx_typeA_inst/DUT/I_WHOLE_SLICE.G_SLICE_IDX[0].U_ALL_SRL_SLICE/CLK_I
    SLICE_X44Y181        FDRE                                         r  kria_starter_kit_i/ila_0/U0/ila_core_inst/u_trig/U_TM/N_DDR_MODE.G_NMU[2].U_M/allx_typeA_match_detection.ltlib_v1_0_2_allx_typeA_inst/DUT/I_WHOLE_SLICE.G_SLICE_IDX[0].U_ALL_SRL_SLICE/I_IS_TERMINATION_SLICE_W_OUTPUT_REG.DOUT_O_reg/C

Slack:                    inf
  Source:                 kria_starter_kit_i/ila_0/U0/ila_core_inst/u_ila_cap_ctrl/u_cap_addrgen/u_cap_sample_counter/U_SCRST/I_YESLUT6.U_SRL32_A/CLK
                            (rising edge-triggered cell SRLC32E clocked by clk_pl_0  {rise@0.000ns fall@5.000ns period=10.000ns})
  Destination:            kria_starter_kit_i/ila_0/U0/ila_core_inst/u_ila_cap_ctrl/u_cap_addrgen/u_cap_sample_counter/iscnt_reg[1]/R
                            (rising edge-triggered cell FDRE clocked by clk_pl_0  {rise@0.000ns fall@5.000ns period=10.000ns})
  Path Group:             (none)
  Path Type:              Setup (Max at Slow Process Corner)
  Data Path Delay:        1.626ns  (logic 0.767ns (47.182%)  route 0.859ns (52.818%))
  Logic Levels:           1  (LUT3=1)
  Clock Path Skew:        -0.421ns (DCD - SCD + CPR)
    Destination Clock Delay (DCD):    2.519ns
    Source Clock Delay      (SCD):    2.941ns
    Clock Pessimism Removal (CPR):    0.000ns
  Clock Uncertainty:      0.160ns  ((TSJ^2 + DJ^2)^1/2) / 2 + PE
    Total System Jitter     (TSJ):    0.071ns
    Discrete Jitter          (DJ):    0.312ns
    Phase Error              (PE):    0.000ns
  Clock Net Delay (Source):      2.674ns (routing 1.401ns, distribution 1.273ns)
  Clock Net Delay (Destination): 2.303ns (routing 1.282ns, distribution 1.021ns)
  Timing Exception:       False Path

    Location             Delay type                Incr(ns)  Path(ns)    Netlist Resource(s)
  -------------------------------------------------------------------    -------------------
                         (clock clk_pl_0 rise edge)
                                                      0.000     0.000 r  
    PS8_X0Y0             PS8                          0.000     0.000 r  kria_starter_kit_i/zynq_ultra_ps_e_0/U0/PS8_i/PLCLK[0]
                         net (fo=1, routed)           0.229     0.229    kria_starter_kit_i/zynq_ultra_ps_e_0/U0/pl_clk_unbuffered[0]
    BUFG_PS_X0Y90        BUFG_PS (Prop_BUFG_PS_I_O)
                                                      0.038     0.267 r  kria_starter_kit_i/zynq_ultra_ps_e_0/U0/buffer_pl_clk_0.PL_CLK_0_BUFG/O
    X1Y2 (CLOCK_ROOT)    net (fo=1510, routed)        2.674     2.941    kria_starter_kit_i/ila_0/U0/ila_core_inst/u_ila_cap_ctrl/u_cap_addrgen/u_cap_sample_counter/U_SCRST/CFG_CLK_I
    SLICE_X41Y180        SRLC32E                                      r  kria_starter_kit_i/ila_0/U0/ila_core_inst/u_ila_cap_ctrl/u_cap_addrgen/u_cap_sample_counter/U_SCRST/I_YESLUT6.U_SRL32_A/CLK
  -------------------------------------------------------------------    -------------------
    SLICE_X41Y180        SRLC32E (Prop_A6LUT_SLICEM_CLK_Q)
                                                      0.544     3.485 r  kria_starter_kit_i/ila_0/U0/ila_core_inst/u_ila_cap_ctrl/u_cap_addrgen/u_cap_sample_counter/U_SCRST/I_YESLUT6.U_SRL32_A/Q
                         net (fo=1, routed)           0.232     3.717    kria_starter_kit_i/ila_0/U0/ila_core_inst/u_ila_cap_ctrl/u_cap_addrgen/u_cap_sample_counter/U_SCRST/I_YESLUT6.SRL_Q_1
    SLICE_X41Y179        LUT3 (Prop_C5LUT_SLICEM_I0_O)
                                                      0.223     3.940 r  kria_starter_kit_i/ila_0/U0/ila_core_inst/u_ila_cap_ctrl/u_cap_addrgen/u_cap_sample_counter/U_SCRST/O_INST_0/O
                         net (fo=10, routed)          0.627     4.566    kria_starter_kit_i/ila_0/U0/ila_core_inst/u_ila_cap_ctrl/u_cap_addrgen/u_cap_sample_counter/U_SCRST_n_1
    SLICE_X41Y174        FDRE                                         r  kria_starter_kit_i/ila_0/U0/ila_core_inst/u_ila_cap_ctrl/u_cap_addrgen/u_cap_sample_counter/iscnt_reg[1]/R
  -------------------------------------------------------------------    -------------------

                         (clock clk_pl_0 rise edge)
                                                      0.000     0.000 r  
    PS8_X0Y0             PS8                          0.000     0.000 r  kria_starter_kit_i/zynq_ultra_ps_e_0/U0/PS8_i/PLCLK[0]
                         net (fo=1, routed)           0.181     0.181    kria_starter_kit_i/zynq_ultra_ps_e_0/U0/pl_clk_unbuffered[0]
    BUFG_PS_X0Y90        BUFG_PS (Prop_BUFG_PS_I_O)
                                                      0.035     0.216 r  kria_starter_kit_i/zynq_ultra_ps_e_0/U0/buffer_pl_clk_0.PL_CLK_0_BUFG/O
    X1Y2 (CLOCK_ROOT)    net (fo=1510, routed)        2.303     2.519    kria_starter_kit_i/ila_0/U0/ila_core_inst/u_ila_cap_ctrl/u_cap_addrgen/u_cap_sample_counter/DESIGN_CLK_I
    SLICE_X41Y174        FDRE                                         r  kria_starter_kit_i/ila_0/U0/ila_core_inst/u_ila_cap_ctrl/u_cap_addrgen/u_cap_sample_counter/iscnt_reg[1]/C

Slack:                    inf
  Source:                 kria_starter_kit_i/ila_0/U0/ila_core_inst/u_ila_cap_ctrl/u_cap_addrgen/u_cap_sample_counter/U_SCRST/I_YESLUT6.U_SRL32_A/CLK
                            (rising edge-triggered cell SRLC32E clocked by clk_pl_0  {rise@0.000ns fall@5.000ns period=10.000ns})
  Destination:            kria_starter_kit_i/ila_0/U0/ila_core_inst/u_ila_cap_ctrl/u_cap_addrgen/u_cap_sample_counter/iscnt_reg[2]/R
                            (rising edge-triggered cell FDRE clocked by clk_pl_0  {rise@0.000ns fall@5.000ns period=10.000ns})
  Path Group:             (none)
  Path Type:              Setup (Max at Slow Process Corner)
  Data Path Delay:        1.626ns  (logic 0.767ns (47.182%)  route 0.859ns (52.818%))
  Logic Levels:           1  (LUT3=1)
  Clock Path Skew:        -0.421ns (DCD - SCD + CPR)
    Destination Clock Delay (DCD):    2.519ns
    Source Clock Delay      (SCD):    2.941ns
    Clock Pessimism Removal (CPR):    0.000ns
  Clock Uncertainty:      0.160ns  ((TSJ^2 + DJ^2)^1/2) / 2 + PE
    Total System Jitter     (TSJ):    0.071ns
    Discrete Jitter          (DJ):    0.312ns
    Phase Error              (PE):    0.000ns
  Clock Net Delay (Source):      2.674ns (routing 1.401ns, distribution 1.273ns)
  Clock Net Delay (Destination): 2.303ns (routing 1.282ns, distribution 1.021ns)
  Timing Exception:       False Path

    Location             Delay type                Incr(ns)  Path(ns)    Netlist Resource(s)
  -------------------------------------------------------------------    -------------------
                         (clock clk_pl_0 rise edge)
                                                      0.000     0.000 r  
    PS8_X0Y0             PS8                          0.000     0.000 r  kria_starter_kit_i/zynq_ultra_ps_e_0/U0/PS8_i/PLCLK[0]
                         net (fo=1, routed)           0.229     0.229    kria_starter_kit_i/zynq_ultra_ps_e_0/U0/pl_clk_unbuffered[0]
    BUFG_PS_X0Y90        BUFG_PS (Prop_BUFG_PS_I_O)
                                                      0.038     0.267 r  kria_starter_kit_i/zynq_ultra_ps_e_0/U0/buffer_pl_clk_0.PL_CLK_0_BUFG/O
    X1Y2 (CLOCK_ROOT)    net (fo=1510, routed)        2.674     2.941    kria_starter_kit_i/ila_0/U0/ila_core_inst/u_ila_cap_ctrl/u_cap_addrgen/u_cap_sample_counter/U_SCRST/CFG_CLK_I
    SLICE_X41Y180        SRLC32E                                      r  kria_starter_kit_i/ila_0/U0/ila_core_inst/u_ila_cap_ctrl/u_cap_addrgen/u_cap_sample_counter/U_SCRST/I_YESLUT6.U_SRL32_A/CLK
  -------------------------------------------------------------------    -------------------
    SLICE_X41Y180        SRLC32E (Prop_A6LUT_SLICEM_CLK_Q)
                                                      0.544     3.485 r  kria_starter_kit_i/ila_0/U0/ila_core_inst/u_ila_cap_ctrl/u_cap_addrgen/u_cap_sample_counter/U_SCRST/I_YESLUT6.U_SRL32_A/Q
                         net (fo=1, routed)           0.232     3.717    kria_starter_kit_i/ila_0/U0/ila_core_inst/u_ila_cap_ctrl/u_cap_addrgen/u_cap_sample_counter/U_SCRST/I_YESLUT6.SRL_Q_1
    SLICE_X41Y179        LUT3 (Prop_C5LUT_SLICEM_I0_O)
                                                      0.223     3.940 r  kria_starter_kit_i/ila_0/U0/ila_core_inst/u_ila_cap_ctrl/u_cap_addrgen/u_cap_sample_counter/U_SCRST/O_INST_0/O
                         net (fo=10, routed)          0.627     4.566    kria_starter_kit_i/ila_0/U0/ila_core_inst/u_ila_cap_ctrl/u_cap_addrgen/u_cap_sample_counter/U_SCRST_n_1
    SLICE_X41Y174        FDRE                                         r  kria_starter_kit_i/ila_0/U0/ila_core_inst/u_ila_cap_ctrl/u_cap_addrgen/u_cap_sample_counter/iscnt_reg[2]/R
  -------------------------------------------------------------------    -------------------

                         (clock clk_pl_0 rise edge)
                                                      0.000     0.000 r  
    PS8_X0Y0             PS8                          0.000     0.000 r  kria_starter_kit_i/zynq_ultra_ps_e_0/U0/PS8_i/PLCLK[0]
                         net (fo=1, routed)           0.181     0.181    kria_starter_kit_i/zynq_ultra_ps_e_0/U0/pl_clk_unbuffered[0]
    BUFG_PS_X0Y90        BUFG_PS (Prop_BUFG_PS_I_O)
                                                      0.035     0.216 r  kria_starter_kit_i/zynq_ultra_ps_e_0/U0/buffer_pl_clk_0.PL_CLK_0_BUFG/O
    X1Y2 (CLOCK_ROOT)    net (fo=1510, routed)        2.303     2.519    kria_starter_kit_i/ila_0/U0/ila_core_inst/u_ila_cap_ctrl/u_cap_addrgen/u_cap_sample_counter/DESIGN_CLK_I
    SLICE_X41Y174        FDRE                                         r  kria_starter_kit_i/ila_0/U0/ila_core_inst/u_ila_cap_ctrl/u_cap_addrgen/u_cap_sample_counter/iscnt_reg[2]/C

Slack:                    inf
  Source:                 kria_starter_kit_i/ila_0/U0/ila_core_inst/u_ila_cap_ctrl/u_cap_addrgen/u_cap_sample_counter/U_SCRST/I_YESLUT6.U_SRL32_A/CLK
                            (rising edge-triggered cell SRLC32E clocked by clk_pl_0  {rise@0.000ns fall@5.000ns period=10.000ns})
  Destination:            kria_starter_kit_i/ila_0/U0/ila_core_inst/u_ila_cap_ctrl/u_cap_addrgen/u_cap_sample_counter/iscnt_reg[3]/R
                            (rising edge-triggered cell FDRE clocked by clk_pl_0  {rise@0.000ns fall@5.000ns period=10.000ns})
  Path Group:             (none)
  Path Type:              Setup (Max at Slow Process Corner)
  Data Path Delay:        1.626ns  (logic 0.767ns (47.182%)  route 0.859ns (52.818%))
  Logic Levels:           1  (LUT3=1)
  Clock Path Skew:        -0.421ns (DCD - SCD + CPR)
    Destination Clock Delay (DCD):    2.519ns
    Source Clock Delay      (SCD):    2.941ns
    Clock Pessimism Removal (CPR):    0.000ns
  Clock Uncertainty:      0.160ns  ((TSJ^2 + DJ^2)^1/2) / 2 + PE
    Total System Jitter     (TSJ):    0.071ns
    Discrete Jitter          (DJ):    0.312ns
    Phase Error              (PE):    0.000ns
  Clock Net Delay (Source):      2.674ns (routing 1.401ns, distribution 1.273ns)
  Clock Net Delay (Destination): 2.303ns (routing 1.282ns, distribution 1.021ns)
  Timing Exception:       False Path

    Location             Delay type                Incr(ns)  Path(ns)    Netlist Resource(s)
  -------------------------------------------------------------------    -------------------
                         (clock clk_pl_0 rise edge)
                                                      0.000     0.000 r  
    PS8_X0Y0             PS8                          0.000     0.000 r  kria_starter_kit_i/zynq_ultra_ps_e_0/U0/PS8_i/PLCLK[0]
                         net (fo=1, routed)           0.229     0.229    kria_starter_kit_i/zynq_ultra_ps_e_0/U0/pl_clk_unbuffered[0]
    BUFG_PS_X0Y90        BUFG_PS (Prop_BUFG_PS_I_O)
                                                      0.038     0.267 r  kria_starter_kit_i/zynq_ultra_ps_e_0/U0/buffer_pl_clk_0.PL_CLK_0_BUFG/O
    X1Y2 (CLOCK_ROOT)    net (fo=1510, routed)        2.674     2.941    kria_starter_kit_i/ila_0/U0/ila_core_inst/u_ila_cap_ctrl/u_cap_addrgen/u_cap_sample_counter/U_SCRST/CFG_CLK_I
    SLICE_X41Y180        SRLC32E                                      r  kria_starter_kit_i/ila_0/U0/ila_core_inst/u_ila_cap_ctrl/u_cap_addrgen/u_cap_sample_counter/U_SCRST/I_YESLUT6.U_SRL32_A/CLK
  -------------------------------------------------------------------    -------------------
    SLICE_X41Y180        SRLC32E (Prop_A6LUT_SLICEM_CLK_Q)
                                                      0.544     3.485 r  kria_starter_kit_i/ila_0/U0/ila_core_inst/u_ila_cap_ctrl/u_cap_addrgen/u_cap_sample_counter/U_SCRST/I_YESLUT6.U_SRL32_A/Q
                         net (fo=1, routed)           0.232     3.717    kria_starter_kit_i/ila_0/U0/ila_core_inst/u_ila_cap_ctrl/u_cap_addrgen/u_cap_sample_counter/U_SCRST/I_YESLUT6.SRL_Q_1
    SLICE_X41Y179        LUT3 (Prop_C5LUT_SLICEM_I0_O)
                                                      0.223     3.940 r  kria_starter_kit_i/ila_0/U0/ila_core_inst/u_ila_cap_ctrl/u_cap_addrgen/u_cap_sample_counter/U_SCRST/O_INST_0/O
                         net (fo=10, routed)          0.627     4.566    kria_starter_kit_i/ila_0/U0/ila_core_inst/u_ila_cap_ctrl/u_cap_addrgen/u_cap_sample_counter/U_SCRST_n_1
    SLICE_X41Y174        FDRE                                         r  kria_starter_kit_i/ila_0/U0/ila_core_inst/u_ila_cap_ctrl/u_cap_addrgen/u_cap_sample_counter/iscnt_reg[3]/R
  -------------------------------------------------------------------    -------------------

                         (clock clk_pl_0 rise edge)
                                                      0.000     0.000 r  
    PS8_X0Y0             PS8                          0.000     0.000 r  kria_starter_kit_i/zynq_ultra_ps_e_0/U0/PS8_i/PLCLK[0]
                         net (fo=1, routed)           0.181     0.181    kria_starter_kit_i/zynq_ultra_ps_e_0/U0/pl_clk_unbuffered[0]
    BUFG_PS_X0Y90        BUFG_PS (Prop_BUFG_PS_I_O)
                                                      0.035     0.216 r  kria_starter_kit_i/zynq_ultra_ps_e_0/U0/buffer_pl_clk_0.PL_CLK_0_BUFG/O
    X1Y2 (CLOCK_ROOT)    net (fo=1510, routed)        2.303     2.519    kria_starter_kit_i/ila_0/U0/ila_core_inst/u_ila_cap_ctrl/u_cap_addrgen/u_cap_sample_counter/DESIGN_CLK_I
    SLICE_X41Y174        FDRE                                         r  kria_starter_kit_i/ila_0/U0/ila_core_inst/u_ila_cap_ctrl/u_cap_addrgen/u_cap_sample_counter/iscnt_reg[3]/C

Slack:                    inf
  Source:                 kria_starter_kit_i/ila_0/U0/ila_core_inst/u_ila_cap_ctrl/u_cap_addrgen/u_cap_sample_counter/U_SCRST/I_YESLUT6.U_SRL32_A/CLK
                            (rising edge-triggered cell SRLC32E clocked by clk_pl_0  {rise@0.000ns fall@5.000ns period=10.000ns})
  Destination:            kria_starter_kit_i/ila_0/U0/ila_core_inst/u_ila_cap_ctrl/u_cap_addrgen/u_cap_sample_counter/iscnt_reg[4]/R
                            (rising edge-triggered cell FDRE clocked by clk_pl_0  {rise@0.000ns fall@5.000ns period=10.000ns})
  Path Group:             (none)
  Path Type:              Setup (Max at Slow Process Corner)
  Data Path Delay:        1.626ns  (logic 0.767ns (47.182%)  route 0.859ns (52.818%))
  Logic Levels:           1  (LUT3=1)
  Clock Path Skew:        -0.421ns (DCD - SCD + CPR)
    Destination Clock Delay (DCD):    2.519ns
    Source Clock Delay      (SCD):    2.941ns
    Clock Pessimism Removal (CPR):    0.000ns
  Clock Uncertainty:      0.160ns  ((TSJ^2 + DJ^2)^1/2) / 2 + PE
    Total System Jitter     (TSJ):    0.071ns
    Discrete Jitter          (DJ):    0.312ns
    Phase Error              (PE):    0.000ns
  Clock Net Delay (Source):      2.674ns (routing 1.401ns, distribution 1.273ns)
  Clock Net Delay (Destination): 2.303ns (routing 1.282ns, distribution 1.021ns)
  Timing Exception:       False Path

    Location             Delay type                Incr(ns)  Path(ns)    Netlist Resource(s)
  -------------------------------------------------------------------    -------------------
                         (clock clk_pl_0 rise edge)
                                                      0.000     0.000 r  
    PS8_X0Y0             PS8                          0.000     0.000 r  kria_starter_kit_i/zynq_ultra_ps_e_0/U0/PS8_i/PLCLK[0]
                         net (fo=1, routed)           0.229     0.229    kria_starter_kit_i/zynq_ultra_ps_e_0/U0/pl_clk_unbuffered[0]
    BUFG_PS_X0Y90        BUFG_PS (Prop_BUFG_PS_I_O)
                                                      0.038     0.267 r  kria_starter_kit_i/zynq_ultra_ps_e_0/U0/buffer_pl_clk_0.PL_CLK_0_BUFG/O
    X1Y2 (CLOCK_ROOT)    net (fo=1510, routed)        2.674     2.941    kria_starter_kit_i/ila_0/U0/ila_core_inst/u_ila_cap_ctrl/u_cap_addrgen/u_cap_sample_counter/U_SCRST/CFG_CLK_I
    SLICE_X41Y180        SRLC32E                                      r  kria_starter_kit_i/ila_0/U0/ila_core_inst/u_ila_cap_ctrl/u_cap_addrgen/u_cap_sample_counter/U_SCRST/I_YESLUT6.U_SRL32_A/CLK
  -------------------------------------------------------------------    -------------------
    SLICE_X41Y180        SRLC32E (Prop_A6LUT_SLICEM_CLK_Q)
                                                      0.544     3.485 r  kria_starter_kit_i/ila_0/U0/ila_core_inst/u_ila_cap_ctrl/u_cap_addrgen/u_cap_sample_counter/U_SCRST/I_YESLUT6.U_SRL32_A/Q
                         net (fo=1, routed)           0.232     3.717    kria_starter_kit_i/ila_0/U0/ila_core_inst/u_ila_cap_ctrl/u_cap_addrgen/u_cap_sample_counter/U_SCRST/I_YESLUT6.SRL_Q_1
    SLICE_X41Y179        LUT3 (Prop_C5LUT_SLICEM_I0_O)
                                                      0.223     3.940 r  kria_starter_kit_i/ila_0/U0/ila_core_inst/u_ila_cap_ctrl/u_cap_addrgen/u_cap_sample_counter/U_SCRST/O_INST_0/O
                         net (fo=10, routed)          0.627     4.566    kria_starter_kit_i/ila_0/U0/ila_core_inst/u_ila_cap_ctrl/u_cap_addrgen/u_cap_sample_counter/U_SCRST_n_1
    SLICE_X41Y174        FDRE                                         r  kria_starter_kit_i/ila_0/U0/ila_core_inst/u_ila_cap_ctrl/u_cap_addrgen/u_cap_sample_counter/iscnt_reg[4]/R
  -------------------------------------------------------------------    -------------------

                         (clock clk_pl_0 rise edge)
                                                      0.000     0.000 r  
    PS8_X0Y0             PS8                          0.000     0.000 r  kria_starter_kit_i/zynq_ultra_ps_e_0/U0/PS8_i/PLCLK[0]
                         net (fo=1, routed)           0.181     0.181    kria_starter_kit_i/zynq_ultra_ps_e_0/U0/pl_clk_unbuffered[0]
    BUFG_PS_X0Y90        BUFG_PS (Prop_BUFG_PS_I_O)
                                                      0.035     0.216 r  kria_starter_kit_i/zynq_ultra_ps_e_0/U0/buffer_pl_clk_0.PL_CLK_0_BUFG/O
    X1Y2 (CLOCK_ROOT)    net (fo=1510, routed)        2.303     2.519    kria_starter_kit_i/ila_0/U0/ila_core_inst/u_ila_cap_ctrl/u_cap_addrgen/u_cap_sample_counter/DESIGN_CLK_I
    SLICE_X41Y174        FDRE                                         r  kria_starter_kit_i/ila_0/U0/ila_core_inst/u_ila_cap_ctrl/u_cap_addrgen/u_cap_sample_counter/iscnt_reg[4]/C

Slack:                    inf
  Source:                 kria_starter_kit_i/ila_0/U0/ila_core_inst/u_ila_cap_ctrl/u_cap_addrgen/u_cap_window_counter/u_wcnt_lcmp/allx_typeA_match_detection.ltlib_v1_0_2_allx_typeA_inst/DUT/I_WHOLE_SLICE.G_SLICE_IDX[0].U_ALL_SRL_SLICE/u_srlA/S2/CLK
                            (rising edge-triggered cell SRL16E clocked by clk_pl_0  {rise@0.000ns fall@5.000ns period=10.000ns})
  Destination:            kria_starter_kit_i/ila_0/U0/ila_core_inst/u_ila_cap_ctrl/u_cap_addrgen/u_cap_window_counter/u_wcnt_lcmp_q/D
                            (rising edge-triggered cell FDRE clocked by clk_pl_0  {rise@0.000ns fall@5.000ns period=10.000ns})
  Path Group:             (none)
  Path Type:              Setup (Max at Slow Process Corner)
  Data Path Delay:        1.723ns  (logic 0.894ns (51.886%)  route 0.829ns (48.114%))
  Logic Levels:           3  (CARRY8=2 LUT2=1)
  Clock Path Skew:        -0.316ns (DCD - SCD + CPR)
    Destination Clock Delay (DCD):    2.527ns
    Source Clock Delay      (SCD):    2.843ns
    Clock Pessimism Removal (CPR):    0.000ns
  Clock Uncertainty:      0.160ns  ((TSJ^2 + DJ^2)^1/2) / 2 + PE
    Total System Jitter     (TSJ):    0.071ns
    Discrete Jitter          (DJ):    0.312ns
    Phase Error              (PE):    0.000ns
  Clock Net Delay (Source):      2.576ns (routing 1.401ns, distribution 1.175ns)
  Clock Net Delay (Destination): 2.311ns (routing 1.282ns, distribution 1.029ns)
  Timing Exception:       False Path

    Location             Delay type                Incr(ns)  Path(ns)    Netlist Resource(s)
  -------------------------------------------------------------------    -------------------
                         (clock clk_pl_0 rise edge)
                                                      0.000     0.000 r  
    PS8_X0Y0             PS8                          0.000     0.000 r  kria_starter_kit_i/zynq_ultra_ps_e_0/U0/PS8_i/PLCLK[0]
                         net (fo=1, routed)           0.229     0.229    kria_starter_kit_i/zynq_ultra_ps_e_0/U0/pl_clk_unbuffered[0]
    BUFG_PS_X0Y90        BUFG_PS (Prop_BUFG_PS_I_O)
                                                      0.038     0.267 r  kria_starter_kit_i/zynq_ultra_ps_e_0/U0/buffer_pl_clk_0.PL_CLK_0_BUFG/O
    X1Y2 (CLOCK_ROOT)    net (fo=1510, routed)        2.576     2.843    kria_starter_kit_i/ila_0/U0/ila_core_inst/u_ila_cap_ctrl/u_cap_addrgen/u_cap_window_counter/u_wcnt_lcmp/allx_typeA_match_detection.ltlib_v1_0_2_allx_typeA_inst/DUT/I_WHOLE_SLICE.G_SLICE_IDX[0].U_ALL_SRL_SLICE/u_srlA/CLK
    SLICE_X43Y177        SRL16E                                       r  kria_starter_kit_i/ila_0/U0/ila_core_inst/u_ila_cap_ctrl/u_cap_addrgen/u_cap_window_counter/u_wcnt_lcmp/allx_typeA_match_detection.ltlib_v1_0_2_allx_typeA_inst/DUT/I_WHOLE_SLICE.G_SLICE_IDX[0].U_ALL_SRL_SLICE/u_srlA/S2/CLK
  -------------------------------------------------------------------    -------------------
    SLICE_X43Y177        SRL16E (Prop_A5LUT_SLICEM_CLK_Q)
                                                      0.523     3.366 r  kria_starter_kit_i/ila_0/U0/ila_core_inst/u_ila_cap_ctrl/u_cap_addrgen/u_cap_window_counter/u_wcnt_lcmp/allx_typeA_match_detection.ltlib_v1_0_2_allx_typeA_inst/DUT/I_WHOLE_SLICE.G_SLICE_IDX[0].U_ALL_SRL_SLICE/u_srlA/S2/Q
                         net (fo=1, routed)           0.459     3.825    kria_starter_kit_i/ila_0/U0/ila_core_inst/u_ila_cap_ctrl/u_cap_addrgen/u_cap_window_counter/u_wcnt_lcmp/allx_typeA_match_detection.ltlib_v1_0_2_allx_typeA_inst/DUT/lopt_4
    SLICE_X43Y178        CARRY8 (Prop_CARRY8_SLICEM_DI[4]_CO[7])
                                                      0.137     3.962 r  kria_starter_kit_i/ila_0/U0/ila_core_inst/u_ila_cap_ctrl/u_cap_addrgen/u_cap_window_counter/u_wcnt_lcmp/allx_typeA_match_detection.ltlib_v1_0_2_allx_typeA_inst/DUT/u_carry4_inst_CARRY8/CO[7]
                         net (fo=1, routed)           0.030     3.992    kria_starter_kit_i/ila_0/U0/ila_core_inst/u_ila_cap_ctrl/u_cap_addrgen/u_cap_window_counter/u_wcnt_lcmp/allx_typeA_match_detection.ltlib_v1_0_2_allx_typeA_inst/DUT/I_WHOLE_SLICE.G_SLICE_IDX[1].U_ALL_SRL_SLICE/CI_I
    SLICE_X43Y179        CARRY8 (Prop_CARRY8_SLICEM_CI_CO[3])
                                                      0.082     4.074 r  kria_starter_kit_i/ila_0/U0/ila_core_inst/u_ila_cap_ctrl/u_cap_addrgen/u_cap_window_counter/u_wcnt_lcmp/allx_typeA_match_detection.ltlib_v1_0_2_allx_typeA_inst/DUT/I_WHOLE_SLICE.G_SLICE_IDX[1].U_ALL_SRL_SLICE/u_carry4_inst_CARRY8/CO[3]
                         net (fo=1, routed)           0.316     4.390    kria_starter_kit_i/ila_0/U0/ila_core_inst/u_ila_regs/u_wcnt_lcmp_q
    SLICE_X44Y179        LUT2 (Prop_D5LUT_SLICEL_I1_O)
                                                      0.152     4.542 r  kria_starter_kit_i/ila_0/U0/ila_core_inst/u_ila_regs/u_wcnt_lcmp_q_i_1/O
                         net (fo=1, routed)           0.024     4.566    kria_starter_kit_i/ila_0/U0/ila_core_inst/u_ila_cap_ctrl/u_cap_addrgen/u_cap_window_counter/wcnt_lcmp_temp
    SLICE_X44Y179        FDRE                                         r  kria_starter_kit_i/ila_0/U0/ila_core_inst/u_ila_cap_ctrl/u_cap_addrgen/u_cap_window_counter/u_wcnt_lcmp_q/D
  -------------------------------------------------------------------    -------------------

                         (clock clk_pl_0 rise edge)
                                                      0.000     0.000 r  
    PS8_X0Y0             PS8                          0.000     0.000 r  kria_starter_kit_i/zynq_ultra_ps_e_0/U0/PS8_i/PLCLK[0]
                         net (fo=1, routed)           0.181     0.181    kria_starter_kit_i/zynq_ultra_ps_e_0/U0/pl_clk_unbuffered[0]
    BUFG_PS_X0Y90        BUFG_PS (Prop_BUFG_PS_I_O)
                                                      0.035     0.216 r  kria_starter_kit_i/zynq_ultra_ps_e_0/U0/buffer_pl_clk_0.PL_CLK_0_BUFG/O
    X1Y2 (CLOCK_ROOT)    net (fo=1510, routed)        2.311     2.527    kria_starter_kit_i/ila_0/U0/ila_core_inst/u_ila_cap_ctrl/u_cap_addrgen/u_cap_window_counter/DESIGN_CLK_I
    SLICE_X44Y179        FDRE                                         r  kria_starter_kit_i/ila_0/U0/ila_core_inst/u_ila_cap_ctrl/u_cap_addrgen/u_cap_window_counter/u_wcnt_lcmp_q/C

Slack:                    inf
  Source:                 kria_starter_kit_i/ila_0/U0/ila_core_inst/u_ila_cap_ctrl/u_cap_addrgen/u_cap_window_counter/u_wcnt_hcmp/allx_typeA_match_detection.ltlib_v1_0_2_allx_typeA_inst/DUT/I_WHOLE_SLICE.G_SLICE_IDX[0].U_ALL_SRL_SLICE/u_srlA/S1/CLK
                            (rising edge-triggered cell SRLC32E clocked by clk_pl_0  {rise@0.000ns fall@5.000ns period=10.000ns})
  Destination:            kria_starter_kit_i/ila_0/U0/ila_core_inst/u_ila_cap_ctrl/u_cap_addrgen/u_cap_window_counter/u_wcnt_hcmp_q/D
                            (rising edge-triggered cell FDRE clocked by clk_pl_0  {rise@0.000ns fall@5.000ns period=10.000ns})
  Path Group:             (none)
  Path Type:              Setup (Max at Slow Process Corner)
  Data Path Delay:        1.709ns  (logic 1.088ns (63.663%)  route 0.621ns (36.337%))
  Logic Levels:           3  (CARRY8=2 LUT2=1)
  Clock Path Skew:        -0.321ns (DCD - SCD + CPR)
    Destination Clock Delay (DCD):    2.519ns
    Source Clock Delay      (SCD):    2.840ns
    Clock Pessimism Removal (CPR):    0.000ns
  Clock Uncertainty:      0.160ns  ((TSJ^2 + DJ^2)^1/2) / 2 + PE
    Total System Jitter     (TSJ):    0.071ns
    Discrete Jitter          (DJ):    0.312ns
    Phase Error              (PE):    0.000ns
  Clock Net Delay (Source):      2.573ns (routing 1.401ns, distribution 1.172ns)
  Clock Net Delay (Destination): 2.303ns (routing 1.282ns, distribution 1.021ns)
  Timing Exception:       False Path

    Location             Delay type                Incr(ns)  Path(ns)    Netlist Resource(s)
  -------------------------------------------------------------------    -------------------
                         (clock clk_pl_0 rise edge)
                                                      0.000     0.000 r  
    PS8_X0Y0             PS8                          0.000     0.000 r  kria_starter_kit_i/zynq_ultra_ps_e_0/U0/PS8_i/PLCLK[0]
                         net (fo=1, routed)           0.229     0.229    kria_starter_kit_i/zynq_ultra_ps_e_0/U0/pl_clk_unbuffered[0]
    BUFG_PS_X0Y90        BUFG_PS (Prop_BUFG_PS_I_O)
                                                      0.038     0.267 r  kria_starter_kit_i/zynq_ultra_ps_e_0/U0/buffer_pl_clk_0.PL_CLK_0_BUFG/O
    X1Y2 (CLOCK_ROOT)    net (fo=1510, routed)        2.573     2.840    kria_starter_kit_i/ila_0/U0/ila_core_inst/u_ila_cap_ctrl/u_cap_addrgen/u_cap_window_counter/u_wcnt_hcmp/allx_typeA_match_detection.ltlib_v1_0_2_allx_typeA_inst/DUT/I_WHOLE_SLICE.G_SLICE_IDX[0].U_ALL_SRL_SLICE/u_srlA/CLK
    SLICE_X41Y177        SRLC32E                                      r  kria_starter_kit_i/ila_0/U0/ila_core_inst/u_ila_cap_ctrl/u_cap_addrgen/u_cap_window_counter/u_wcnt_hcmp/allx_typeA_match_detection.ltlib_v1_0_2_allx_typeA_inst/DUT/I_WHOLE_SLICE.G_SLICE_IDX[0].U_ALL_SRL_SLICE/u_srlA/S1/CLK
  -------------------------------------------------------------------    -------------------
    SLICE_X41Y177        SRLC32E (Prop_A6LUT_SLICEM_CLK_Q)
                                                      0.544     3.384 r  kria_starter_kit_i/ila_0/U0/ila_core_inst/u_ila_cap_ctrl/u_cap_addrgen/u_cap_window_counter/u_wcnt_hcmp/allx_typeA_match_detection.ltlib_v1_0_2_allx_typeA_inst/DUT/I_WHOLE_SLICE.G_SLICE_IDX[0].U_ALL_SRL_SLICE/u_srlA/S1/Q
                         net (fo=1, routed)           0.321     3.705    kria_starter_kit_i/ila_0/U0/ila_core_inst/u_ila_cap_ctrl/u_cap_addrgen/u_cap_window_counter/u_wcnt_hcmp/allx_typeA_match_detection.ltlib_v1_0_2_allx_typeA_inst/DUT/lopt_8
    SLICE_X40Y177        CARRY8 (Prop_CARRY8_SLICEM_S[4]_CO[7])
                                                      0.236     3.941 r  kria_starter_kit_i/ila_0/U0/ila_core_inst/u_ila_cap_ctrl/u_cap_addrgen/u_cap_window_counter/u_wcnt_hcmp/allx_typeA_match_detection.ltlib_v1_0_2_allx_typeA_inst/DUT/u_carry4_inst_CARRY8/CO[7]
                         net (fo=1, routed)           0.030     3.971    kria_starter_kit_i/ila_0/U0/ila_core_inst/u_ila_cap_ctrl/u_cap_addrgen/u_cap_window_counter/u_wcnt_hcmp/allx_typeA_match_detection.ltlib_v1_0_2_allx_typeA_inst/DUT/I_WHOLE_SLICE.G_SLICE_IDX[1].U_ALL_SRL_SLICE/CI_I
    SLICE_X40Y178        CARRY8 (Prop_CARRY8_SLICEM_CI_CO[3])
                                                      0.082     4.053 r  kria_starter_kit_i/ila_0/U0/ila_core_inst/u_ila_cap_ctrl/u_cap_addrgen/u_cap_window_counter/u_wcnt_hcmp/allx_typeA_match_detection.ltlib_v1_0_2_allx_typeA_inst/DUT/I_WHOLE_SLICE.G_SLICE_IDX[1].U_ALL_SRL_SLICE/u_carry4_inst_CARRY8/CO[3]
                         net (fo=1, routed)           0.236     4.289    kria_starter_kit_i/ila_0/U0/ila_core_inst/u_ila_regs/u_wcnt_hcmp_q
    SLICE_X41Y179        LUT2 (Prop_G5LUT_SLICEM_I1_O)
                                                      0.226     4.515 r  kria_starter_kit_i/ila_0/U0/ila_core_inst/u_ila_regs/u_wcnt_hcmp_q_i_1/O
                         net (fo=1, routed)           0.034     4.549    kria_starter_kit_i/ila_0/U0/ila_core_inst/u_ila_cap_ctrl/u_cap_addrgen/u_cap_window_counter/wcnt_hcmp_temp
    SLICE_X41Y179        FDRE                                         r  kria_starter_kit_i/ila_0/U0/ila_core_inst/u_ila_cap_ctrl/u_cap_addrgen/u_cap_window_counter/u_wcnt_hcmp_q/D
  -------------------------------------------------------------------    -------------------

                         (clock clk_pl_0 rise edge)
                                                      0.000     0.000 r  
    PS8_X0Y0             PS8                          0.000     0.000 r  kria_starter_kit_i/zynq_ultra_ps_e_0/U0/PS8_i/PLCLK[0]
                         net (fo=1, routed)           0.181     0.181    kria_starter_kit_i/zynq_ultra_ps_e_0/U0/pl_clk_unbuffered[0]
    BUFG_PS_X0Y90        BUFG_PS (Prop_BUFG_PS_I_O)
                                                      0.035     0.216 r  kria_starter_kit_i/zynq_ultra_ps_e_0/U0/buffer_pl_clk_0.PL_CLK_0_BUFG/O
    X1Y2 (CLOCK_ROOT)    net (fo=1510, routed)        2.303     2.519    kria_starter_kit_i/ila_0/U0/ila_core_inst/u_ila_cap_ctrl/u_cap_addrgen/u_cap_window_counter/DESIGN_CLK_I
    SLICE_X41Y179        FDRE                                         r  kria_starter_kit_i/ila_0/U0/ila_core_inst/u_ila_cap_ctrl/u_cap_addrgen/u_cap_window_counter/u_wcnt_hcmp_q/C

Slack:                    inf
  Source:                 kria_starter_kit_i/ila_0/U0/ila_core_inst/u_trig/N_DDR_TC.N_DDR_TC_INST[0].U_TC/allx_typeA_match_detection.ltlib_v1_0_2_allx_typeA_inst/DUT/I_WHOLE_SLICE.G_SLICE_IDX[0].U_ALL_SRL_SLICE/u_srlC/S2/CLK
                            (rising edge-triggered cell SRL16E clocked by clk_pl_0  {rise@0.000ns fall@5.000ns period=10.000ns})
  Destination:            kria_starter_kit_i/ila_0/U0/ila_core_inst/u_trig/N_DDR_TC.N_DDR_TC_INST[0].U_TC/allx_typeA_match_detection.ltlib_v1_0_2_allx_typeA_inst/DUT/I_WHOLE_SLICE.G_SLICE_IDX[0].U_ALL_SRL_SLICE/I_IS_TERMINATION_SLICE_W_OUTPUT_REG.DOUT_O_reg/D
                            (rising edge-triggered cell FDRE clocked by clk_pl_0  {rise@0.000ns fall@5.000ns period=10.000ns})
  Path Group:             (none)
  Path Type:              Setup (Max at Slow Process Corner)
  Data Path Delay:        1.669ns  (logic 0.623ns (37.328%)  route 1.046ns (62.672%))
  Logic Levels:           1  (CARRY8=1)
  Clock Path Skew:        -0.306ns (DCD - SCD + CPR)
    Destination Clock Delay (DCD):    2.565ns
    Source Clock Delay      (SCD):    2.871ns
    Clock Pessimism Removal (CPR):    0.000ns
  Clock Uncertainty:      0.160ns  ((TSJ^2 + DJ^2)^1/2) / 2 + PE
    Total System Jitter     (TSJ):    0.071ns
    Discrete Jitter          (DJ):    0.312ns
    Phase Error              (PE):    0.000ns
  Clock Net Delay (Source):      2.604ns (routing 1.401ns, distribution 1.203ns)
  Clock Net Delay (Destination): 2.349ns (routing 1.282ns, distribution 1.067ns)
  Timing Exception:       False Path

    Location             Delay type                Incr(ns)  Path(ns)    Netlist Resource(s)
  -------------------------------------------------------------------    -------------------
                         (clock clk_pl_0 rise edge)
                                                      0.000     0.000 r  
    PS8_X0Y0             PS8                          0.000     0.000 r  kria_starter_kit_i/zynq_ultra_ps_e_0/U0/PS8_i/PLCLK[0]
                         net (fo=1, routed)           0.229     0.229    kria_starter_kit_i/zynq_ultra_ps_e_0/U0/pl_clk_unbuffered[0]
    BUFG_PS_X0Y90        BUFG_PS (Prop_BUFG_PS_I_O)
                                                      0.038     0.267 r  kria_starter_kit_i/zynq_ultra_ps_e_0/U0/buffer_pl_clk_0.PL_CLK_0_BUFG/O
    X1Y2 (CLOCK_ROOT)    net (fo=1510, routed)        2.604     2.871    kria_starter_kit_i/ila_0/U0/ila_core_inst/u_trig/N_DDR_TC.N_DDR_TC_INST[0].U_TC/allx_typeA_match_detection.ltlib_v1_0_2_allx_typeA_inst/DUT/I_WHOLE_SLICE.G_SLICE_IDX[0].U_ALL_SRL_SLICE/u_srlC/CLK
    SLICE_X45Y179        SRL16E                                       r  kria_starter_kit_i/ila_0/U0/ila_core_inst/u_trig/N_DDR_TC.N_DDR_TC_INST[0].U_TC/allx_typeA_match_detection.ltlib_v1_0_2_allx_typeA_inst/DUT/I_WHOLE_SLICE.G_SLICE_IDX[0].U_ALL_SRL_SLICE/u_srlC/S2/CLK
  -------------------------------------------------------------------    -------------------
    SLICE_X45Y179        SRL16E (Prop_C5LUT_SLICEM_CLK_Q)
                                                      0.523     3.394 r  kria_starter_kit_i/ila_0/U0/ila_core_inst/u_trig/N_DDR_TC.N_DDR_TC_INST[0].U_TC/allx_typeA_match_detection.ltlib_v1_0_2_allx_typeA_inst/DUT/I_WHOLE_SLICE.G_SLICE_IDX[0].U_ALL_SRL_SLICE/u_srlC/S2/Q
                         net (fo=1, routed)           0.444     3.838    kria_starter_kit_i/ila_0/U0/ila_core_inst/u_trig/N_DDR_TC.N_DDR_TC_INST[0].U_TC/allx_typeA_match_detection.ltlib_v1_0_2_allx_typeA_inst/DUT/lopt_2
    SLICE_X45Y180        CARRY8 (Prop_CARRY8_SLICEM_DI[6]_CO[7])
                                                      0.100     3.938 r  kria_starter_kit_i/ila_0/U0/ila_core_inst/u_trig/N_DDR_TC.N_DDR_TC_INST[0].U_TC/allx_typeA_match_detection.ltlib_v1_0_2_allx_typeA_inst/DUT/u_carry4_inst_CARRY8/CO[7]
                         net (fo=1, routed)           0.602     4.540    kria_starter_kit_i/ila_0/U0/ila_core_inst/u_trig/N_DDR_TC.N_DDR_TC_INST[0].U_TC/allx_typeA_match_detection.ltlib_v1_0_2_allx_typeA_inst/DUT/I_WHOLE_SLICE.G_SLICE_IDX[0].U_ALL_SRL_SLICE/muxcy_lo[3]
    SLICE_X43Y182        FDRE                                         r  kria_starter_kit_i/ila_0/U0/ila_core_inst/u_trig/N_DDR_TC.N_DDR_TC_INST[0].U_TC/allx_typeA_match_detection.ltlib_v1_0_2_allx_typeA_inst/DUT/I_WHOLE_SLICE.G_SLICE_IDX[0].U_ALL_SRL_SLICE/I_IS_TERMINATION_SLICE_W_OUTPUT_REG.DOUT_O_reg/D
  -------------------------------------------------------------------    -------------------

                         (clock clk_pl_0 rise edge)
                                                      0.000     0.000 r  
    PS8_X0Y0             PS8                          0.000     0.000 r  kria_starter_kit_i/zynq_ultra_ps_e_0/U0/PS8_i/PLCLK[0]
                         net (fo=1, routed)           0.181     0.181    kria_starter_kit_i/zynq_ultra_ps_e_0/U0/pl_clk_unbuffered[0]
    BUFG_PS_X0Y90        BUFG_PS (Prop_BUFG_PS_I_O)
                                                      0.035     0.216 r  kria_starter_kit_i/zynq_ultra_ps_e_0/U0/buffer_pl_clk_0.PL_CLK_0_BUFG/O
    X1Y2 (CLOCK_ROOT)    net (fo=1510, routed)        2.349     2.565    kria_starter_kit_i/ila_0/U0/ila_core_inst/u_trig/N_DDR_TC.N_DDR_TC_INST[0].U_TC/allx_typeA_match_detection.ltlib_v1_0_2_allx_typeA_inst/DUT/I_WHOLE_SLICE.G_SLICE_IDX[0].U_ALL_SRL_SLICE/CLK_I
    SLICE_X43Y182        FDRE                                         r  kria_starter_kit_i/ila_0/U0/ila_core_inst/u_trig/N_DDR_TC.N_DDR_TC_INST[0].U_TC/allx_typeA_match_detection.ltlib_v1_0_2_allx_typeA_inst/DUT/I_WHOLE_SLICE.G_SLICE_IDX[0].U_ALL_SRL_SLICE/I_IS_TERMINATION_SLICE_W_OUTPUT_REG.DOUT_O_reg/C

Slack:                    inf
  Source:                 kria_starter_kit_i/ila_0/U0/ila_core_inst/u_ila_cap_ctrl/u_cap_addrgen/u_cap_sample_counter/U_SCRST/I_YESLUT6.U_SRL32_A/CLK
                            (rising edge-triggered cell SRLC32E clocked by clk_pl_0  {rise@0.000ns fall@5.000ns period=10.000ns})
  Destination:            kria_starter_kit_i/ila_0/U0/ila_core_inst/u_ila_cap_ctrl/u_cap_addrgen/u_cap_sample_counter/iscnt_reg[5]/R
                            (rising edge-triggered cell FDRE clocked by clk_pl_0  {rise@0.000ns fall@5.000ns period=10.000ns})
  Path Group:             (none)
  Path Type:              Setup (Max at Slow Process Corner)
  Data Path Delay:        1.555ns  (logic 0.767ns (49.337%)  route 0.788ns (50.663%))
  Logic Levels:           1  (LUT3=1)
  Clock Path Skew:        -0.435ns (DCD - SCD + CPR)
    Destination Clock Delay (DCD):    2.506ns
    Source Clock Delay      (SCD):    2.941ns
    Clock Pessimism Removal (CPR):    0.000ns
  Clock Uncertainty:      0.160ns  ((TSJ^2 + DJ^2)^1/2) / 2 + PE
    Total System Jitter     (TSJ):    0.071ns
    Discrete Jitter          (DJ):    0.312ns
    Phase Error              (PE):    0.000ns
  Clock Net Delay (Source):      2.674ns (routing 1.401ns, distribution 1.273ns)
  Clock Net Delay (Destination): 2.290ns (routing 1.282ns, distribution 1.008ns)
  Timing Exception:       False Path

    Location             Delay type                Incr(ns)  Path(ns)    Netlist Resource(s)
  -------------------------------------------------------------------    -------------------
                         (clock clk_pl_0 rise edge)
                                                      0.000     0.000 r  
    PS8_X0Y0             PS8                          0.000     0.000 r  kria_starter_kit_i/zynq_ultra_ps_e_0/U0/PS8_i/PLCLK[0]
                         net (fo=1, routed)           0.229     0.229    kria_starter_kit_i/zynq_ultra_ps_e_0/U0/pl_clk_unbuffered[0]
    BUFG_PS_X0Y90        BUFG_PS (Prop_BUFG_PS_I_O)
                                                      0.038     0.267 r  kria_starter_kit_i/zynq_ultra_ps_e_0/U0/buffer_pl_clk_0.PL_CLK_0_BUFG/O
    X1Y2 (CLOCK_ROOT)    net (fo=1510, routed)        2.674     2.941    kria_starter_kit_i/ila_0/U0/ila_core_inst/u_ila_cap_ctrl/u_cap_addrgen/u_cap_sample_counter/U_SCRST/CFG_CLK_I
    SLICE_X41Y180        SRLC32E                                      r  kria_starter_kit_i/ila_0/U0/ila_core_inst/u_ila_cap_ctrl/u_cap_addrgen/u_cap_sample_counter/U_SCRST/I_YESLUT6.U_SRL32_A/CLK
  -------------------------------------------------------------------    -------------------
    SLICE_X41Y180        SRLC32E (Prop_A6LUT_SLICEM_CLK_Q)
                                                      0.544     3.485 r  kria_starter_kit_i/ila_0/U0/ila_core_inst/u_ila_cap_ctrl/u_cap_addrgen/u_cap_sample_counter/U_SCRST/I_YESLUT6.U_SRL32_A/Q
                         net (fo=1, routed)           0.232     3.717    kria_starter_kit_i/ila_0/U0/ila_core_inst/u_ila_cap_ctrl/u_cap_addrgen/u_cap_sample_counter/U_SCRST/I_YESLUT6.SRL_Q_1
    SLICE_X41Y179        LUT3 (Prop_C5LUT_SLICEM_I0_O)
                                                      0.223     3.940 r  kria_starter_kit_i/ila_0/U0/ila_core_inst/u_ila_cap_ctrl/u_cap_addrgen/u_cap_sample_counter/U_SCRST/O_INST_0/O
                         net (fo=10, routed)          0.556     4.495    kria_starter_kit_i/ila_0/U0/ila_core_inst/u_ila_cap_ctrl/u_cap_addrgen/u_cap_sample_counter/U_SCRST_n_1
    SLICE_X42Y176        FDRE                                         r  kria_starter_kit_i/ila_0/U0/ila_core_inst/u_ila_cap_ctrl/u_cap_addrgen/u_cap_sample_counter/iscnt_reg[5]/R
  -------------------------------------------------------------------    -------------------

                         (clock clk_pl_0 rise edge)
                                                      0.000     0.000 r  
    PS8_X0Y0             PS8                          0.000     0.000 r  kria_starter_kit_i/zynq_ultra_ps_e_0/U0/PS8_i/PLCLK[0]
                         net (fo=1, routed)           0.181     0.181    kria_starter_kit_i/zynq_ultra_ps_e_0/U0/pl_clk_unbuffered[0]
    BUFG_PS_X0Y90        BUFG_PS (Prop_BUFG_PS_I_O)
                                                      0.035     0.216 r  kria_starter_kit_i/zynq_ultra_ps_e_0/U0/buffer_pl_clk_0.PL_CLK_0_BUFG/O
    X1Y2 (CLOCK_ROOT)    net (fo=1510, routed)        2.290     2.506    kria_starter_kit_i/ila_0/U0/ila_core_inst/u_ila_cap_ctrl/u_cap_addrgen/u_cap_sample_counter/DESIGN_CLK_I
    SLICE_X42Y176        FDRE                                         r  kria_starter_kit_i/ila_0/U0/ila_core_inst/u_ila_cap_ctrl/u_cap_addrgen/u_cap_sample_counter/iscnt_reg[5]/C





Min Delay Paths
--------------------------------------------------------------------------------------
Slack:                    inf
  Source:                 kria_starter_kit_i/ila_0/U0/ila_core_inst/u_ila_cap_ctrl/u_cap_addrgen/i_o_to_64k.cfg_data_vec_reg[4]/C
                            (rising edge-triggered cell FDRE clocked by clk_pl_0  {rise@0.000ns fall@5.000ns period=10.000ns})
  Destination:            kria_starter_kit_i/ila_0/U0/ila_core_inst/u_ila_cap_ctrl/u_cap_addrgen/cfg_data_vec_sync1_reg[4]/D
                            (rising edge-triggered cell FDRE clocked by clk_pl_0  {rise@0.000ns fall@5.000ns period=10.000ns})
  Path Group:             (none)
  Path Type:              Hold (Min at Fast Process Corner)
  Data Path Delay:        0.126ns  (logic 0.083ns (66.064%)  route 0.043ns (33.936%))
  Logic Levels:           0  
  Clock Path Skew:        0.169ns (DCD - SCD - CPR)
    Destination Clock Delay (DCD):    1.723ns
    Source Clock Delay      (SCD):    1.554ns
    Clock Pessimism Removal (CPR):    -0.000ns
  Clock Uncertainty:      0.160ns  ((TSJ^2 + DJ^2)^1/2) / 2 + PE
    Total System Jitter     (TSJ):    0.071ns
    Discrete Jitter          (DJ):    0.312ns
    Phase Error              (PE):    0.000ns
  Clock Net Delay (Source):      1.403ns (routing 0.785ns, distribution 0.618ns)
  Clock Net Delay (Destination): 1.536ns (routing 0.861ns, distribution 0.675ns)
  Timing Exception:       False Path

    Location             Delay type                Incr(ns)  Path(ns)    Netlist Resource(s)
  -------------------------------------------------------------------    -------------------
                         (clock clk_pl_0 rise edge)
                                                      0.000     0.000 r  
    PS8_X0Y0             PS8                          0.000     0.000 r  kria_starter_kit_i/zynq_ultra_ps_e_0/U0/PS8_i/PLCLK[0]
                         net (fo=1, routed)           0.129     0.129    kria_starter_kit_i/zynq_ultra_ps_e_0/U0/pl_clk_unbuffered[0]
    BUFG_PS_X0Y90        BUFG_PS (Prop_BUFG_PS_I_O)
                                                      0.022     0.151 r  kria_starter_kit_i/zynq_ultra_ps_e_0/U0/buffer_pl_clk_0.PL_CLK_0_BUFG/O
    X1Y2 (CLOCK_ROOT)    net (fo=1510, routed)        1.403     1.554    kria_starter_kit_i/ila_0/U0/ila_core_inst/u_ila_cap_ctrl/u_cap_addrgen/s_dclk_o
    SLICE_X41Y178        FDRE                                         r  kria_starter_kit_i/ila_0/U0/ila_core_inst/u_ila_cap_ctrl/u_cap_addrgen/i_o_to_64k.cfg_data_vec_reg[4]/C
  -------------------------------------------------------------------    -------------------
    SLICE_X41Y178        FDRE (Prop_HFF_SLICEM_C_Q)
                                                      0.083     1.637 r  kria_starter_kit_i/ila_0/U0/ila_core_inst/u_ila_cap_ctrl/u_cap_addrgen/i_o_to_64k.cfg_data_vec_reg[4]/Q
                         net (fo=2, routed)           0.043     1.680    kria_starter_kit_i/ila_0/U0/ila_core_inst/u_ila_cap_ctrl/u_cap_addrgen/cfg_data_vec[4]
    SLICE_X41Y178        FDRE                                         r  kria_starter_kit_i/ila_0/U0/ila_core_inst/u_ila_cap_ctrl/u_cap_addrgen/cfg_data_vec_sync1_reg[4]/D
  -------------------------------------------------------------------    -------------------

                         (clock clk_pl_0 rise edge)
                                                      0.000     0.000 r  
    PS8_X0Y0             PS8                          0.000     0.000 r  kria_starter_kit_i/zynq_ultra_ps_e_0/U0/PS8_i/PLCLK[0]
                         net (fo=1, routed)           0.164     0.164    kria_starter_kit_i/zynq_ultra_ps_e_0/U0/pl_clk_unbuffered[0]
    BUFG_PS_X0Y90        BUFG_PS (Prop_BUFG_PS_I_O)
                                                      0.023     0.187 r  kria_starter_kit_i/zynq_ultra_ps_e_0/U0/buffer_pl_clk_0.PL_CLK_0_BUFG/O
    X1Y2 (CLOCK_ROOT)    net (fo=1510, routed)        1.536     1.723    kria_starter_kit_i/ila_0/U0/ila_core_inst/u_ila_cap_ctrl/u_cap_addrgen/DESIGN_CLK_I
    SLICE_X41Y178        FDRE                                         r  kria_starter_kit_i/ila_0/U0/ila_core_inst/u_ila_cap_ctrl/u_cap_addrgen/cfg_data_vec_sync1_reg[4]/C

Slack:                    inf
  Source:                 kria_starter_kit_i/ila_0/U0/ila_core_inst/u_ila_cap_ctrl/u_cap_addrgen/i_o_to_64k.cfg_data_vec_reg[6]/C
                            (rising edge-triggered cell FDRE clocked by clk_pl_0  {rise@0.000ns fall@5.000ns period=10.000ns})
  Destination:            kria_starter_kit_i/ila_0/U0/ila_core_inst/u_ila_cap_ctrl/u_cap_addrgen/cfg_data_vec_sync1_reg[6]/D
                            (rising edge-triggered cell FDRE clocked by clk_pl_0  {rise@0.000ns fall@5.000ns period=10.000ns})
  Path Group:             (none)
  Path Type:              Hold (Min at Fast Process Corner)
  Data Path Delay:        0.122ns  (logic 0.084ns (69.058%)  route 0.038ns (30.941%))
  Logic Levels:           0  
  Clock Path Skew:        0.169ns (DCD - SCD - CPR)
    Destination Clock Delay (DCD):    1.729ns
    Source Clock Delay      (SCD):    1.560ns
    Clock Pessimism Removal (CPR):    -0.000ns
  Clock Uncertainty:      0.160ns  ((TSJ^2 + DJ^2)^1/2) / 2 + PE
    Total System Jitter     (TSJ):    0.071ns
    Discrete Jitter          (DJ):    0.312ns
    Phase Error              (PE):    0.000ns
  Clock Net Delay (Source):      1.409ns (routing 0.785ns, distribution 0.624ns)
  Clock Net Delay (Destination): 1.542ns (routing 0.861ns, distribution 0.681ns)
  Timing Exception:       False Path

    Location             Delay type                Incr(ns)  Path(ns)    Netlist Resource(s)
  -------------------------------------------------------------------    -------------------
                         (clock clk_pl_0 rise edge)
                                                      0.000     0.000 r  
    PS8_X0Y0             PS8                          0.000     0.000 r  kria_starter_kit_i/zynq_ultra_ps_e_0/U0/PS8_i/PLCLK[0]
                         net (fo=1, routed)           0.129     0.129    kria_starter_kit_i/zynq_ultra_ps_e_0/U0/pl_clk_unbuffered[0]
    BUFG_PS_X0Y90        BUFG_PS (Prop_BUFG_PS_I_O)
                                                      0.022     0.151 r  kria_starter_kit_i/zynq_ultra_ps_e_0/U0/buffer_pl_clk_0.PL_CLK_0_BUFG/O
    X1Y2 (CLOCK_ROOT)    net (fo=1510, routed)        1.409     1.560    kria_starter_kit_i/ila_0/U0/ila_core_inst/u_ila_cap_ctrl/u_cap_addrgen/s_dclk_o
    SLICE_X42Y175        FDRE                                         r  kria_starter_kit_i/ila_0/U0/ila_core_inst/u_ila_cap_ctrl/u_cap_addrgen/i_o_to_64k.cfg_data_vec_reg[6]/C
  -------------------------------------------------------------------    -------------------
    SLICE_X42Y175        FDRE (Prop_HFF_SLICEL_C_Q)
                                                      0.084     1.644 r  kria_starter_kit_i/ila_0/U0/ila_core_inst/u_ila_cap_ctrl/u_cap_addrgen/i_o_to_64k.cfg_data_vec_reg[6]/Q
                         net (fo=2, routed)           0.038     1.681    kria_starter_kit_i/ila_0/U0/ila_core_inst/u_ila_cap_ctrl/u_cap_addrgen/cfg_data_vec[6]
    SLICE_X42Y175        FDRE                                         r  kria_starter_kit_i/ila_0/U0/ila_core_inst/u_ila_cap_ctrl/u_cap_addrgen/cfg_data_vec_sync1_reg[6]/D
  -------------------------------------------------------------------    -------------------

                         (clock clk_pl_0 rise edge)
                                                      0.000     0.000 r  
    PS8_X0Y0             PS8                          0.000     0.000 r  kria_starter_kit_i/zynq_ultra_ps_e_0/U0/PS8_i/PLCLK[0]
                         net (fo=1, routed)           0.164     0.164    kria_starter_kit_i/zynq_ultra_ps_e_0/U0/pl_clk_unbuffered[0]
    BUFG_PS_X0Y90        BUFG_PS (Prop_BUFG_PS_I_O)
                                                      0.023     0.187 r  kria_starter_kit_i/zynq_ultra_ps_e_0/U0/buffer_pl_clk_0.PL_CLK_0_BUFG/O
    X1Y2 (CLOCK_ROOT)    net (fo=1510, routed)        1.542     1.729    kria_starter_kit_i/ila_0/U0/ila_core_inst/u_ila_cap_ctrl/u_cap_addrgen/DESIGN_CLK_I
    SLICE_X42Y175        FDRE                                         r  kria_starter_kit_i/ila_0/U0/ila_core_inst/u_ila_cap_ctrl/u_cap_addrgen/cfg_data_vec_sync1_reg[6]/C

Slack:                    inf
  Source:                 kria_starter_kit_i/ila_0/U0/ila_core_inst/u_ila_cap_ctrl/u_cap_addrgen/i_o_to_64k.cfg_data_vec_reg[1]/C
                            (rising edge-triggered cell FDRE clocked by clk_pl_0  {rise@0.000ns fall@5.000ns period=10.000ns})
  Destination:            kria_starter_kit_i/ila_0/U0/ila_core_inst/u_ila_cap_ctrl/u_cap_addrgen/cfg_data_vec_sync1_reg[1]/D
                            (rising edge-triggered cell FDRE clocked by clk_pl_0  {rise@0.000ns fall@5.000ns period=10.000ns})
  Path Group:             (none)
  Path Type:              Hold (Min at Fast Process Corner)
  Data Path Delay:        0.145ns  (logic 0.084ns (57.876%)  route 0.061ns (42.124%))
  Logic Levels:           0  
  Clock Path Skew:        0.166ns (DCD - SCD - CPR)
    Destination Clock Delay (DCD):    1.719ns
    Source Clock Delay      (SCD):    1.553ns
    Clock Pessimism Removal (CPR):    -0.000ns
  Clock Uncertainty:      0.160ns  ((TSJ^2 + DJ^2)^1/2) / 2 + PE
    Total System Jitter     (TSJ):    0.071ns
    Discrete Jitter          (DJ):    0.312ns
    Phase Error              (PE):    0.000ns
  Clock Net Delay (Source):      1.402ns (routing 0.785ns, distribution 0.617ns)
  Clock Net Delay (Destination): 1.532ns (routing 0.861ns, distribution 0.671ns)
  Timing Exception:       False Path

    Location             Delay type                Incr(ns)  Path(ns)    Netlist Resource(s)
  -------------------------------------------------------------------    -------------------
                         (clock clk_pl_0 rise edge)
                                                      0.000     0.000 r  
    PS8_X0Y0             PS8                          0.000     0.000 r  kria_starter_kit_i/zynq_ultra_ps_e_0/U0/PS8_i/PLCLK[0]
                         net (fo=1, routed)           0.129     0.129    kria_starter_kit_i/zynq_ultra_ps_e_0/U0/pl_clk_unbuffered[0]
    BUFG_PS_X0Y90        BUFG_PS (Prop_BUFG_PS_I_O)
                                                      0.022     0.151 r  kria_starter_kit_i/zynq_ultra_ps_e_0/U0/buffer_pl_clk_0.PL_CLK_0_BUFG/O
    X1Y2 (CLOCK_ROOT)    net (fo=1510, routed)        1.402     1.553    kria_starter_kit_i/ila_0/U0/ila_core_inst/u_ila_cap_ctrl/u_cap_addrgen/s_dclk_o
    SLICE_X42Y178        FDRE                                         r  kria_starter_kit_i/ila_0/U0/ila_core_inst/u_ila_cap_ctrl/u_cap_addrgen/i_o_to_64k.cfg_data_vec_reg[1]/C
  -------------------------------------------------------------------    -------------------
    SLICE_X42Y178        FDRE (Prop_DFF_SLICEL_C_Q)
                                                      0.084     1.637 r  kria_starter_kit_i/ila_0/U0/ila_core_inst/u_ila_cap_ctrl/u_cap_addrgen/i_o_to_64k.cfg_data_vec_reg[1]/Q
                         net (fo=2, routed)           0.061     1.698    kria_starter_kit_i/ila_0/U0/ila_core_inst/u_ila_cap_ctrl/u_cap_addrgen/cfg_data_vec[1]
    SLICE_X42Y177        FDRE                                         r  kria_starter_kit_i/ila_0/U0/ila_core_inst/u_ila_cap_ctrl/u_cap_addrgen/cfg_data_vec_sync1_reg[1]/D
  -------------------------------------------------------------------    -------------------

                         (clock clk_pl_0 rise edge)
                                                      0.000     0.000 r  
    PS8_X0Y0             PS8                          0.000     0.000 r  kria_starter_kit_i/zynq_ultra_ps_e_0/U0/PS8_i/PLCLK[0]
                         net (fo=1, routed)           0.164     0.164    kria_starter_kit_i/zynq_ultra_ps_e_0/U0/pl_clk_unbuffered[0]
    BUFG_PS_X0Y90        BUFG_PS (Prop_BUFG_PS_I_O)
                                                      0.023     0.187 r  kria_starter_kit_i/zynq_ultra_ps_e_0/U0/buffer_pl_clk_0.PL_CLK_0_BUFG/O
    X1Y2 (CLOCK_ROOT)    net (fo=1510, routed)        1.532     1.719    kria_starter_kit_i/ila_0/U0/ila_core_inst/u_ila_cap_ctrl/u_cap_addrgen/DESIGN_CLK_I
    SLICE_X42Y177        FDRE                                         r  kria_starter_kit_i/ila_0/U0/ila_core_inst/u_ila_cap_ctrl/u_cap_addrgen/cfg_data_vec_sync1_reg[1]/C

Slack:                    inf
  Source:                 kria_starter_kit_i/ila_0/U0/ila_core_inst/u_ila_cap_ctrl/u_cap_addrgen/i_o_to_64k.cfg_data_vec_reg[8]/C
                            (rising edge-triggered cell FDRE clocked by clk_pl_0  {rise@0.000ns fall@5.000ns period=10.000ns})
  Destination:            kria_starter_kit_i/ila_0/U0/ila_core_inst/u_ila_cap_ctrl/u_cap_addrgen/cfg_data_vec_sync1_reg[8]/D
                            (rising edge-triggered cell FDRE clocked by clk_pl_0  {rise@0.000ns fall@5.000ns period=10.000ns})
  Path Group:             (none)
  Path Type:              Hold (Min at Fast Process Corner)
  Data Path Delay:        0.150ns  (logic 0.085ns (56.578%)  route 0.065ns (43.422%))
  Logic Levels:           0  
  Clock Path Skew:        0.155ns (DCD - SCD - CPR)
    Destination Clock Delay (DCD):    1.714ns
    Source Clock Delay      (SCD):    1.560ns
    Clock Pessimism Removal (CPR):    -0.000ns
  Clock Uncertainty:      0.160ns  ((TSJ^2 + DJ^2)^1/2) / 2 + PE
    Total System Jitter     (TSJ):    0.071ns
    Discrete Jitter          (DJ):    0.312ns
    Phase Error              (PE):    0.000ns
  Clock Net Delay (Source):      1.409ns (routing 0.785ns, distribution 0.624ns)
  Clock Net Delay (Destination): 1.527ns (routing 0.861ns, distribution 0.666ns)
  Timing Exception:       False Path

    Location             Delay type                Incr(ns)  Path(ns)    Netlist Resource(s)
  -------------------------------------------------------------------    -------------------
                         (clock clk_pl_0 rise edge)
                                                      0.000     0.000 r  
    PS8_X0Y0             PS8                          0.000     0.000 r  kria_starter_kit_i/zynq_ultra_ps_e_0/U0/PS8_i/PLCLK[0]
                         net (fo=1, routed)           0.129     0.129    kria_starter_kit_i/zynq_ultra_ps_e_0/U0/pl_clk_unbuffered[0]
    BUFG_PS_X0Y90        BUFG_PS (Prop_BUFG_PS_I_O)
                                                      0.022     0.151 r  kria_starter_kit_i/zynq_ultra_ps_e_0/U0/buffer_pl_clk_0.PL_CLK_0_BUFG/O
    X1Y2 (CLOCK_ROOT)    net (fo=1510, routed)        1.409     1.560    kria_starter_kit_i/ila_0/U0/ila_core_inst/u_ila_cap_ctrl/u_cap_addrgen/s_dclk_o
    SLICE_X42Y174        FDRE                                         r  kria_starter_kit_i/ila_0/U0/ila_core_inst/u_ila_cap_ctrl/u_cap_addrgen/i_o_to_64k.cfg_data_vec_reg[8]/C
  -------------------------------------------------------------------    -------------------
    SLICE_X42Y174        FDRE (Prop_GFF2_SLICEL_C_Q)
                                                      0.085     1.645 r  kria_starter_kit_i/ila_0/U0/ila_core_inst/u_ila_cap_ctrl/u_cap_addrgen/i_o_to_64k.cfg_data_vec_reg[8]/Q
                         net (fo=2, routed)           0.065     1.710    kria_starter_kit_i/ila_0/U0/ila_core_inst/u_ila_cap_ctrl/u_cap_addrgen/cfg_data_vec[8]
    SLICE_X42Y176        FDRE                                         r  kria_starter_kit_i/ila_0/U0/ila_core_inst/u_ila_cap_ctrl/u_cap_addrgen/cfg_data_vec_sync1_reg[8]/D
  -------------------------------------------------------------------    -------------------

                         (clock clk_pl_0 rise edge)
                                                      0.000     0.000 r  
    PS8_X0Y0             PS8                          0.000     0.000 r  kria_starter_kit_i/zynq_ultra_ps_e_0/U0/PS8_i/PLCLK[0]
                         net (fo=1, routed)           0.164     0.164    kria_starter_kit_i/zynq_ultra_ps_e_0/U0/pl_clk_unbuffered[0]
    BUFG_PS_X0Y90        BUFG_PS (Prop_BUFG_PS_I_O)
                                                      0.023     0.187 r  kria_starter_kit_i/zynq_ultra_ps_e_0/U0/buffer_pl_clk_0.PL_CLK_0_BUFG/O
    X1Y2 (CLOCK_ROOT)    net (fo=1510, routed)        1.527     1.714    kria_starter_kit_i/ila_0/U0/ila_core_inst/u_ila_cap_ctrl/u_cap_addrgen/DESIGN_CLK_I
    SLICE_X42Y176        FDRE                                         r  kria_starter_kit_i/ila_0/U0/ila_core_inst/u_ila_cap_ctrl/u_cap_addrgen/cfg_data_vec_sync1_reg[8]/C

Slack:                    inf
  Source:                 kria_starter_kit_i/ila_0/U0/ila_core_inst/u_ila_cap_ctrl/u_cap_addrgen/i_o_to_64k.cfg_data_vec_reg[3]/C
                            (rising edge-triggered cell FDRE clocked by clk_pl_0  {rise@0.000ns fall@5.000ns period=10.000ns})
  Destination:            kria_starter_kit_i/ila_0/U0/ila_core_inst/u_ila_cap_ctrl/u_cap_addrgen/cfg_data_vec_sync1_reg[3]/D
                            (rising edge-triggered cell FDRE clocked by clk_pl_0  {rise@0.000ns fall@5.000ns period=10.000ns})
  Path Group:             (none)
  Path Type:              Hold (Min at Fast Process Corner)
  Data Path Delay:        0.166ns  (logic 0.084ns (50.609%)  route 0.082ns (49.391%))
  Logic Levels:           0  
  Clock Path Skew:        0.166ns (DCD - SCD - CPR)
    Destination Clock Delay (DCD):    1.719ns
    Source Clock Delay      (SCD):    1.553ns
    Clock Pessimism Removal (CPR):    -0.000ns
  Clock Uncertainty:      0.160ns  ((TSJ^2 + DJ^2)^1/2) / 2 + PE
    Total System Jitter     (TSJ):    0.071ns
    Discrete Jitter          (DJ):    0.312ns
    Phase Error              (PE):    0.000ns
  Clock Net Delay (Source):      1.402ns (routing 0.785ns, distribution 0.617ns)
  Clock Net Delay (Destination): 1.532ns (routing 0.861ns, distribution 0.671ns)
  Timing Exception:       False Path

    Location             Delay type                Incr(ns)  Path(ns)    Netlist Resource(s)
  -------------------------------------------------------------------    -------------------
                         (clock clk_pl_0 rise edge)
                                                      0.000     0.000 r  
    PS8_X0Y0             PS8                          0.000     0.000 r  kria_starter_kit_i/zynq_ultra_ps_e_0/U0/PS8_i/PLCLK[0]
                         net (fo=1, routed)           0.129     0.129    kria_starter_kit_i/zynq_ultra_ps_e_0/U0/pl_clk_unbuffered[0]
    BUFG_PS_X0Y90        BUFG_PS (Prop_BUFG_PS_I_O)
                                                      0.022     0.151 r  kria_starter_kit_i/zynq_ultra_ps_e_0/U0/buffer_pl_clk_0.PL_CLK_0_BUFG/O
    X1Y2 (CLOCK_ROOT)    net (fo=1510, routed)        1.402     1.553    kria_starter_kit_i/ila_0/U0/ila_core_inst/u_ila_cap_ctrl/u_cap_addrgen/s_dclk_o
    SLICE_X42Y178        FDRE                                         r  kria_starter_kit_i/ila_0/U0/ila_core_inst/u_ila_cap_ctrl/u_cap_addrgen/i_o_to_64k.cfg_data_vec_reg[3]/C
  -------------------------------------------------------------------    -------------------
    SLICE_X42Y178        FDRE (Prop_BFF_SLICEL_C_Q)
                                                      0.084     1.637 r  kria_starter_kit_i/ila_0/U0/ila_core_inst/u_ila_cap_ctrl/u_cap_addrgen/i_o_to_64k.cfg_data_vec_reg[3]/Q
                         net (fo=2, routed)           0.082     1.719    kria_starter_kit_i/ila_0/U0/ila_core_inst/u_ila_cap_ctrl/u_cap_addrgen/cfg_data_vec[3]
    SLICE_X42Y178        FDRE                                         r  kria_starter_kit_i/ila_0/U0/ila_core_inst/u_ila_cap_ctrl/u_cap_addrgen/cfg_data_vec_sync1_reg[3]/D
  -------------------------------------------------------------------    -------------------

                         (clock clk_pl_0 rise edge)
                                                      0.000     0.000 r  
    PS8_X0Y0             PS8                          0.000     0.000 r  kria_starter_kit_i/zynq_ultra_ps_e_0/U0/PS8_i/PLCLK[0]
                         net (fo=1, routed)           0.164     0.164    kria_starter_kit_i/zynq_ultra_ps_e_0/U0/pl_clk_unbuffered[0]
    BUFG_PS_X0Y90        BUFG_PS (Prop_BUFG_PS_I_O)
                                                      0.023     0.187 r  kria_starter_kit_i/zynq_ultra_ps_e_0/U0/buffer_pl_clk_0.PL_CLK_0_BUFG/O
    X1Y2 (CLOCK_ROOT)    net (fo=1510, routed)        1.532     1.719    kria_starter_kit_i/ila_0/U0/ila_core_inst/u_ila_cap_ctrl/u_cap_addrgen/DESIGN_CLK_I
    SLICE_X42Y178        FDRE                                         r  kria_starter_kit_i/ila_0/U0/ila_core_inst/u_ila_cap_ctrl/u_cap_addrgen/cfg_data_vec_sync1_reg[3]/C

Slack:                    inf
  Source:                 kria_starter_kit_i/ila_0/U0/ila_core_inst/u_ila_cap_ctrl/u_cap_addrgen/captured_samples_reg[4]/C
                            (rising edge-triggered cell FDRE clocked by clk_pl_0  {rise@0.000ns fall@5.000ns period=10.000ns})
  Destination:            kria_starter_kit_i/ila_0/U0/ila_core_inst/u_ila_regs/reg_9/I_EN_STAT_EQ1.U_STAT/xsdb_reg_reg[4]/D
                            (rising edge-triggered cell FDRE clocked by clk_pl_0  {rise@0.000ns fall@5.000ns period=10.000ns})
  Path Group:             (none)
  Path Type:              Hold (Min at Fast Process Corner)
  Data Path Delay:        0.175ns  (logic 0.083ns (47.429%)  route 0.092ns (52.571%))
  Logic Levels:           0  
  Clock Path Skew:        0.221ns (DCD - SCD - CPR)
    Destination Clock Delay (DCD):    1.768ns
    Source Clock Delay      (SCD):    1.547ns
    Clock Pessimism Removal (CPR):    -0.000ns
  Clock Uncertainty:      0.160ns  ((TSJ^2 + DJ^2)^1/2) / 2 + PE
    Total System Jitter     (TSJ):    0.071ns
    Discrete Jitter          (DJ):    0.312ns
    Phase Error              (PE):    0.000ns
  Clock Net Delay (Source):      1.396ns (routing 0.785ns, distribution 0.611ns)
  Clock Net Delay (Destination): 1.581ns (routing 0.861ns, distribution 0.720ns)
  Timing Exception:       False Path

    Location             Delay type                Incr(ns)  Path(ns)    Netlist Resource(s)
  -------------------------------------------------------------------    -------------------
                         (clock clk_pl_0 rise edge)
                                                      0.000     0.000 r  
    PS8_X0Y0             PS8                          0.000     0.000 r  kria_starter_kit_i/zynq_ultra_ps_e_0/U0/PS8_i/PLCLK[0]
                         net (fo=1, routed)           0.129     0.129    kria_starter_kit_i/zynq_ultra_ps_e_0/U0/pl_clk_unbuffered[0]
    BUFG_PS_X0Y90        BUFG_PS (Prop_BUFG_PS_I_O)
                                                      0.022     0.151 r  kria_starter_kit_i/zynq_ultra_ps_e_0/U0/buffer_pl_clk_0.PL_CLK_0_BUFG/O
    X1Y2 (CLOCK_ROOT)    net (fo=1510, routed)        1.396     1.547    kria_starter_kit_i/ila_0/U0/ila_core_inst/u_ila_cap_ctrl/u_cap_addrgen/DESIGN_CLK_I
    SLICE_X43Y179        FDRE                                         r  kria_starter_kit_i/ila_0/U0/ila_core_inst/u_ila_cap_ctrl/u_cap_addrgen/captured_samples_reg[4]/C
  -------------------------------------------------------------------    -------------------
    SLICE_X43Y179        FDRE (Prop_HFF2_SLICEM_C_Q)
                                                      0.083     1.630 r  kria_starter_kit_i/ila_0/U0/ila_core_inst/u_ila_cap_ctrl/u_cap_addrgen/captured_samples_reg[4]/Q
                         net (fo=1, routed)           0.092     1.722    kria_starter_kit_i/ila_0/U0/ila_core_inst/u_ila_regs/reg_9/I_EN_STAT_EQ1.U_STAT/din_i[4]
    SLICE_X43Y181        FDRE                                         r  kria_starter_kit_i/ila_0/U0/ila_core_inst/u_ila_regs/reg_9/I_EN_STAT_EQ1.U_STAT/xsdb_reg_reg[4]/D
  -------------------------------------------------------------------    -------------------

                         (clock clk_pl_0 rise edge)
                                                      0.000     0.000 r  
    PS8_X0Y0             PS8                          0.000     0.000 r  kria_starter_kit_i/zynq_ultra_ps_e_0/U0/PS8_i/PLCLK[0]
                         net (fo=1, routed)           0.164     0.164    kria_starter_kit_i/zynq_ultra_ps_e_0/U0/pl_clk_unbuffered[0]
    BUFG_PS_X0Y90        BUFG_PS (Prop_BUFG_PS_I_O)
                                                      0.023     0.187 r  kria_starter_kit_i/zynq_ultra_ps_e_0/U0/buffer_pl_clk_0.PL_CLK_0_BUFG/O
    X1Y2 (CLOCK_ROOT)    net (fo=1510, routed)        1.581     1.768    kria_starter_kit_i/ila_0/U0/ila_core_inst/u_ila_regs/reg_9/I_EN_STAT_EQ1.U_STAT/s_dclk_i
    SLICE_X43Y181        FDRE                                         r  kria_starter_kit_i/ila_0/U0/ila_core_inst/u_ila_regs/reg_9/I_EN_STAT_EQ1.U_STAT/xsdb_reg_reg[4]/C

Slack:                    inf
  Source:                 kria_starter_kit_i/ila_0/U0/ila_core_inst/u_ila_cap_ctrl/u_cap_addrgen/i_o_to_64k.cfg_data_vec_reg[2]/C
                            (rising edge-triggered cell FDRE clocked by clk_pl_0  {rise@0.000ns fall@5.000ns period=10.000ns})
  Destination:            kria_starter_kit_i/ila_0/U0/ila_core_inst/u_ila_cap_ctrl/u_cap_addrgen/cfg_data_vec_sync1_reg[2]/D
                            (rising edge-triggered cell FDRE clocked by clk_pl_0  {rise@0.000ns fall@5.000ns period=10.000ns})
  Path Group:             (none)
  Path Type:              Hold (Min at Fast Process Corner)
  Data Path Delay:        0.176ns  (logic 0.084ns (47.681%)  route 0.092ns (52.319%))
  Logic Levels:           0  
  Clock Path Skew:        0.166ns (DCD - SCD - CPR)
    Destination Clock Delay (DCD):    1.719ns
    Source Clock Delay      (SCD):    1.553ns
    Clock Pessimism Removal (CPR):    -0.000ns
  Clock Uncertainty:      0.160ns  ((TSJ^2 + DJ^2)^1/2) / 2 + PE
    Total System Jitter     (TSJ):    0.071ns
    Discrete Jitter          (DJ):    0.312ns
    Phase Error              (PE):    0.000ns
  Clock Net Delay (Source):      1.402ns (routing 0.785ns, distribution 0.617ns)
  Clock Net Delay (Destination): 1.532ns (routing 0.861ns, distribution 0.671ns)
  Timing Exception:       False Path

    Location             Delay type                Incr(ns)  Path(ns)    Netlist Resource(s)
  -------------------------------------------------------------------    -------------------
                         (clock clk_pl_0 rise edge)
                                                      0.000     0.000 r  
    PS8_X0Y0             PS8                          0.000     0.000 r  kria_starter_kit_i/zynq_ultra_ps_e_0/U0/PS8_i/PLCLK[0]
                         net (fo=1, routed)           0.129     0.129    kria_starter_kit_i/zynq_ultra_ps_e_0/U0/pl_clk_unbuffered[0]
    BUFG_PS_X0Y90        BUFG_PS (Prop_BUFG_PS_I_O)
                                                      0.022     0.151 r  kria_starter_kit_i/zynq_ultra_ps_e_0/U0/buffer_pl_clk_0.PL_CLK_0_BUFG/O
    X1Y2 (CLOCK_ROOT)    net (fo=1510, routed)        1.402     1.553    kria_starter_kit_i/ila_0/U0/ila_core_inst/u_ila_cap_ctrl/u_cap_addrgen/s_dclk_o
    SLICE_X42Y178        FDRE                                         r  kria_starter_kit_i/ila_0/U0/ila_core_inst/u_ila_cap_ctrl/u_cap_addrgen/i_o_to_64k.cfg_data_vec_reg[2]/C
  -------------------------------------------------------------------    -------------------
    SLICE_X42Y178        FDRE (Prop_CFF_SLICEL_C_Q)
                                                      0.084     1.637 r  kria_starter_kit_i/ila_0/U0/ila_core_inst/u_ila_cap_ctrl/u_cap_addrgen/i_o_to_64k.cfg_data_vec_reg[2]/Q
                         net (fo=2, routed)           0.092     1.729    kria_starter_kit_i/ila_0/U0/ila_core_inst/u_ila_cap_ctrl/u_cap_addrgen/cfg_data_vec[2]
    SLICE_X42Y177        FDRE                                         r  kria_starter_kit_i/ila_0/U0/ila_core_inst/u_ila_cap_ctrl/u_cap_addrgen/cfg_data_vec_sync1_reg[2]/D
  -------------------------------------------------------------------    -------------------

                         (clock clk_pl_0 rise edge)
                                                      0.000     0.000 r  
    PS8_X0Y0             PS8                          0.000     0.000 r  kria_starter_kit_i/zynq_ultra_ps_e_0/U0/PS8_i/PLCLK[0]
                         net (fo=1, routed)           0.164     0.164    kria_starter_kit_i/zynq_ultra_ps_e_0/U0/pl_clk_unbuffered[0]
    BUFG_PS_X0Y90        BUFG_PS (Prop_BUFG_PS_I_O)
                                                      0.023     0.187 r  kria_starter_kit_i/zynq_ultra_ps_e_0/U0/buffer_pl_clk_0.PL_CLK_0_BUFG/O
    X1Y2 (CLOCK_ROOT)    net (fo=1510, routed)        1.532     1.719    kria_starter_kit_i/ila_0/U0/ila_core_inst/u_ila_cap_ctrl/u_cap_addrgen/DESIGN_CLK_I
    SLICE_X42Y177        FDRE                                         r  kria_starter_kit_i/ila_0/U0/ila_core_inst/u_ila_cap_ctrl/u_cap_addrgen/cfg_data_vec_sync1_reg[2]/C

Slack:                    inf
  Source:                 kria_starter_kit_i/ila_0/U0/ila_core_inst/u_ila_cap_ctrl/u_cap_addrgen/captured_samples_reg[8]/C
                            (rising edge-triggered cell FDRE clocked by clk_pl_0  {rise@0.000ns fall@5.000ns period=10.000ns})
  Destination:            kria_starter_kit_i/ila_0/U0/ila_core_inst/u_ila_regs/reg_9/I_EN_STAT_EQ1.U_STAT/xsdb_reg_reg[8]/D
                            (rising edge-triggered cell FDRE clocked by clk_pl_0  {rise@0.000ns fall@5.000ns period=10.000ns})
  Path Group:             (none)
  Path Type:              Hold (Min at Fast Process Corner)
  Data Path Delay:        0.190ns  (logic 0.084ns (44.211%)  route 0.106ns (55.789%))
  Logic Levels:           0  
  Clock Path Skew:        0.216ns (DCD - SCD - CPR)
    Destination Clock Delay (DCD):    1.763ns
    Source Clock Delay      (SCD):    1.547ns
    Clock Pessimism Removal (CPR):    -0.000ns
  Clock Uncertainty:      0.160ns  ((TSJ^2 + DJ^2)^1/2) / 2 + PE
    Total System Jitter     (TSJ):    0.071ns
    Discrete Jitter          (DJ):    0.312ns
    Phase Error              (PE):    0.000ns
  Clock Net Delay (Source):      1.396ns (routing 0.785ns, distribution 0.611ns)
  Clock Net Delay (Destination): 1.576ns (routing 0.861ns, distribution 0.715ns)
  Timing Exception:       False Path

    Location             Delay type                Incr(ns)  Path(ns)    Netlist Resource(s)
  -------------------------------------------------------------------    -------------------
                         (clock clk_pl_0 rise edge)
                                                      0.000     0.000 r  
    PS8_X0Y0             PS8                          0.000     0.000 r  kria_starter_kit_i/zynq_ultra_ps_e_0/U0/PS8_i/PLCLK[0]
                         net (fo=1, routed)           0.129     0.129    kria_starter_kit_i/zynq_ultra_ps_e_0/U0/pl_clk_unbuffered[0]
    BUFG_PS_X0Y90        BUFG_PS (Prop_BUFG_PS_I_O)
                                                      0.022     0.151 r  kria_starter_kit_i/zynq_ultra_ps_e_0/U0/buffer_pl_clk_0.PL_CLK_0_BUFG/O
    X1Y2 (CLOCK_ROOT)    net (fo=1510, routed)        1.396     1.547    kria_starter_kit_i/ila_0/U0/ila_core_inst/u_ila_cap_ctrl/u_cap_addrgen/DESIGN_CLK_I
    SLICE_X43Y179        FDRE                                         r  kria_starter_kit_i/ila_0/U0/ila_core_inst/u_ila_cap_ctrl/u_cap_addrgen/captured_samples_reg[8]/C
  -------------------------------------------------------------------    -------------------
    SLICE_X43Y179        FDRE (Prop_GFF2_SLICEM_C_Q)
                                                      0.084     1.631 r  kria_starter_kit_i/ila_0/U0/ila_core_inst/u_ila_cap_ctrl/u_cap_addrgen/captured_samples_reg[8]/Q
                         net (fo=1, routed)           0.106     1.737    kria_starter_kit_i/ila_0/U0/ila_core_inst/u_ila_regs/reg_9/I_EN_STAT_EQ1.U_STAT/din_i[8]
    SLICE_X43Y184        FDRE                                         r  kria_starter_kit_i/ila_0/U0/ila_core_inst/u_ila_regs/reg_9/I_EN_STAT_EQ1.U_STAT/xsdb_reg_reg[8]/D
  -------------------------------------------------------------------    -------------------

                         (clock clk_pl_0 rise edge)
                                                      0.000     0.000 r  
    PS8_X0Y0             PS8                          0.000     0.000 r  kria_starter_kit_i/zynq_ultra_ps_e_0/U0/PS8_i/PLCLK[0]
                         net (fo=1, routed)           0.164     0.164    kria_starter_kit_i/zynq_ultra_ps_e_0/U0/pl_clk_unbuffered[0]
    BUFG_PS_X0Y90        BUFG_PS (Prop_BUFG_PS_I_O)
                                                      0.023     0.187 r  kria_starter_kit_i/zynq_ultra_ps_e_0/U0/buffer_pl_clk_0.PL_CLK_0_BUFG/O
    X1Y2 (CLOCK_ROOT)    net (fo=1510, routed)        1.576     1.763    kria_starter_kit_i/ila_0/U0/ila_core_inst/u_ila_regs/reg_9/I_EN_STAT_EQ1.U_STAT/s_dclk_i
    SLICE_X43Y184        FDRE                                         r  kria_starter_kit_i/ila_0/U0/ila_core_inst/u_ila_regs/reg_9/I_EN_STAT_EQ1.U_STAT/xsdb_reg_reg[8]/C

Slack:                    inf
  Source:                 kria_starter_kit_i/ila_0/U0/ila_core_inst/u_ila_reset_ctrl/asyncrounous_transfer.arm_out_transfer_inst/din_reg_reg/C
                            (rising edge-triggered cell FDRE clocked by clk_pl_0  {rise@0.000ns fall@5.000ns period=10.000ns})
  Destination:            kria_starter_kit_i/ila_0/U0/ila_core_inst/u_ila_reset_ctrl/asyncrounous_transfer.arm_out_transfer_inst/dout_reg0_reg/D
                            (rising edge-triggered cell FDRE clocked by clk_pl_0  {rise@0.000ns fall@5.000ns period=10.000ns})
  Path Group:             (none)
  Path Type:              Hold (Min at Fast Process Corner)
  Data Path Delay:        0.145ns  (logic 0.084ns (57.935%)  route 0.061ns (42.065%))
  Logic Levels:           0  
  Clock Path Skew:        0.171ns (DCD - SCD - CPR)
    Destination Clock Delay (DCD):    1.764ns
    Source Clock Delay      (SCD):    1.593ns
    Clock Pessimism Removal (CPR):    -0.000ns
  Clock Uncertainty:      0.160ns  ((TSJ^2 + DJ^2)^1/2) / 2 + PE
    Total System Jitter     (TSJ):    0.071ns
    Discrete Jitter          (DJ):    0.312ns
    Phase Error              (PE):    0.000ns
  Clock Net Delay (Source):      1.442ns (routing 0.785ns, distribution 0.657ns)
  Clock Net Delay (Destination): 1.577ns (routing 0.861ns, distribution 0.716ns)
  Timing Exception:       False Path

    Location             Delay type                Incr(ns)  Path(ns)    Netlist Resource(s)
  -------------------------------------------------------------------    -------------------
                         (clock clk_pl_0 rise edge)
                                                      0.000     0.000 r  
    PS8_X0Y0             PS8                          0.000     0.000 r  kria_starter_kit_i/zynq_ultra_ps_e_0/U0/PS8_i/PLCLK[0]
                         net (fo=1, routed)           0.129     0.129    kria_starter_kit_i/zynq_ultra_ps_e_0/U0/pl_clk_unbuffered[0]
    BUFG_PS_X0Y90        BUFG_PS (Prop_BUFG_PS_I_O)
                                                      0.022     0.151 r  kria_starter_kit_i/zynq_ultra_ps_e_0/U0/buffer_pl_clk_0.PL_CLK_0_BUFG/O
    X1Y2 (CLOCK_ROOT)    net (fo=1510, routed)        1.442     1.593    kria_starter_kit_i/ila_0/U0/ila_core_inst/u_ila_reset_ctrl/asyncrounous_transfer.arm_out_transfer_inst/TCLK_I
    SLICE_X42Y180        FDRE                                         r  kria_starter_kit_i/ila_0/U0/ila_core_inst/u_ila_reset_ctrl/asyncrounous_transfer.arm_out_transfer_inst/din_reg_reg/C
  -------------------------------------------------------------------    -------------------
    SLICE_X42Y180        FDRE (Prop_CFF_SLICEL_C_Q)
                                                      0.084     1.677 r  kria_starter_kit_i/ila_0/U0/ila_core_inst/u_ila_reset_ctrl/asyncrounous_transfer.arm_out_transfer_inst/din_reg_reg/Q
                         net (fo=2, routed)           0.061     1.738    kria_starter_kit_i/ila_0/U0/ila_core_inst/u_ila_reset_ctrl/asyncrounous_transfer.arm_out_transfer_inst/din_reg
    SLICE_X42Y180        FDRE                                         r  kria_starter_kit_i/ila_0/U0/ila_core_inst/u_ila_reset_ctrl/asyncrounous_transfer.arm_out_transfer_inst/dout_reg0_reg/D
  -------------------------------------------------------------------    -------------------

                         (clock clk_pl_0 rise edge)
                                                      0.000     0.000 r  
    PS8_X0Y0             PS8                          0.000     0.000 r  kria_starter_kit_i/zynq_ultra_ps_e_0/U0/PS8_i/PLCLK[0]
                         net (fo=1, routed)           0.164     0.164    kria_starter_kit_i/zynq_ultra_ps_e_0/U0/pl_clk_unbuffered[0]
    BUFG_PS_X0Y90        BUFG_PS (Prop_BUFG_PS_I_O)
                                                      0.023     0.187 r  kria_starter_kit_i/zynq_ultra_ps_e_0/U0/buffer_pl_clk_0.PL_CLK_0_BUFG/O
    X1Y2 (CLOCK_ROOT)    net (fo=1510, routed)        1.577     1.764    kria_starter_kit_i/ila_0/U0/ila_core_inst/u_ila_reset_ctrl/asyncrounous_transfer.arm_out_transfer_inst/RCLK_I
    SLICE_X42Y180        FDRE                                         r  kria_starter_kit_i/ila_0/U0/ila_core_inst/u_ila_reset_ctrl/asyncrounous_transfer.arm_out_transfer_inst/dout_reg0_reg/C

Slack:                    inf
  Source:                 kria_starter_kit_i/ila_0/U0/ila_core_inst/u_ila_reset_ctrl/asyncrounous_transfer.halt_in_transfer_inst/din_reg_reg/C
                            (rising edge-triggered cell FDRE clocked by clk_pl_0  {rise@0.000ns fall@5.000ns period=10.000ns})
  Destination:            kria_starter_kit_i/ila_0/U0/ila_core_inst/u_ila_reset_ctrl/asyncrounous_transfer.halt_in_transfer_inst/dout_reg0_reg/D
                            (rising edge-triggered cell FDRE clocked by clk_pl_0  {rise@0.000ns fall@5.000ns period=10.000ns})
  Path Group:             (none)
  Path Type:              Hold (Min at Fast Process Corner)
  Data Path Delay:        0.143ns  (logic 0.083ns (57.986%)  route 0.060ns (42.014%))
  Logic Levels:           0  
  Clock Path Skew:        0.173ns (DCD - SCD - CPR)
    Destination Clock Delay (DCD):    1.768ns
    Source Clock Delay      (SCD):    1.595ns
    Clock Pessimism Removal (CPR):    -0.000ns
  Clock Uncertainty:      0.160ns  ((TSJ^2 + DJ^2)^1/2) / 2 + PE
    Total System Jitter     (TSJ):    0.071ns
    Discrete Jitter          (DJ):    0.312ns
    Phase Error              (PE):    0.000ns
  Clock Net Delay (Source):      1.444ns (routing 0.785ns, distribution 0.659ns)
  Clock Net Delay (Destination): 1.581ns (routing 0.861ns, distribution 0.720ns)
  Timing Exception:       False Path

    Location             Delay type                Incr(ns)  Path(ns)    Netlist Resource(s)
  -------------------------------------------------------------------    -------------------
                         (clock clk_pl_0 rise edge)
                                                      0.000     0.000 r  
    PS8_X0Y0             PS8                          0.000     0.000 r  kria_starter_kit_i/zynq_ultra_ps_e_0/U0/PS8_i/PLCLK[0]
                         net (fo=1, routed)           0.129     0.129    kria_starter_kit_i/zynq_ultra_ps_e_0/U0/pl_clk_unbuffered[0]
    BUFG_PS_X0Y90        BUFG_PS (Prop_BUFG_PS_I_O)
                                                      0.022     0.151 r  kria_starter_kit_i/zynq_ultra_ps_e_0/U0/buffer_pl_clk_0.PL_CLK_0_BUFG/O
    X1Y2 (CLOCK_ROOT)    net (fo=1510, routed)        1.444     1.595    kria_starter_kit_i/ila_0/U0/ila_core_inst/u_ila_reset_ctrl/asyncrounous_transfer.halt_in_transfer_inst/TCLK_I
    SLICE_X42Y183        FDRE                                         r  kria_starter_kit_i/ila_0/U0/ila_core_inst/u_ila_reset_ctrl/asyncrounous_transfer.halt_in_transfer_inst/din_reg_reg/C
  -------------------------------------------------------------------    -------------------
    SLICE_X42Y183        FDRE (Prop_FFF_SLICEL_C_Q)
                                                      0.083     1.678 r  kria_starter_kit_i/ila_0/U0/ila_core_inst/u_ila_reset_ctrl/asyncrounous_transfer.halt_in_transfer_inst/din_reg_reg/Q
                         net (fo=2, routed)           0.060     1.738    kria_starter_kit_i/ila_0/U0/ila_core_inst/u_ila_reset_ctrl/asyncrounous_transfer.halt_in_transfer_inst/din_reg
    SLICE_X42Y183        FDRE                                         r  kria_starter_kit_i/ila_0/U0/ila_core_inst/u_ila_reset_ctrl/asyncrounous_transfer.halt_in_transfer_inst/dout_reg0_reg/D
  -------------------------------------------------------------------    -------------------

                         (clock clk_pl_0 rise edge)
                                                      0.000     0.000 r  
    PS8_X0Y0             PS8                          0.000     0.000 r  kria_starter_kit_i/zynq_ultra_ps_e_0/U0/PS8_i/PLCLK[0]
                         net (fo=1, routed)           0.164     0.164    kria_starter_kit_i/zynq_ultra_ps_e_0/U0/pl_clk_unbuffered[0]
    BUFG_PS_X0Y90        BUFG_PS (Prop_BUFG_PS_I_O)
                                                      0.023     0.187 r  kria_starter_kit_i/zynq_ultra_ps_e_0/U0/buffer_pl_clk_0.PL_CLK_0_BUFG/O
    X1Y2 (CLOCK_ROOT)    net (fo=1510, routed)        1.581     1.768    kria_starter_kit_i/ila_0/U0/ila_core_inst/u_ila_reset_ctrl/asyncrounous_transfer.halt_in_transfer_inst/RCLK_I
    SLICE_X42Y183        FDRE                                         r  kria_starter_kit_i/ila_0/U0/ila_core_inst/u_ila_reset_ctrl/asyncrounous_transfer.halt_in_transfer_inst/dout_reg0_reg/C





--------------------------------------------------------------------------------------
Path Group:  (none)
From Clock:  dbg_hub/inst/BSCANID.u_xsdbm_id/SWITCH_N_EXT_BSCAN.bscan_inst/SERIES7_BSCAN.bscan_inst/INTERNAL_TCK
  To Clock:  clk_pl_0

Max Delay            78 Endpoints
Min Delay            86 Endpoints
--------------------------------------------------------------------------------------


Max Delay Paths
--------------------------------------------------------------------------------------
Slack:                    inf
  Source:                 dbg_hub/inst/BSCANID.u_xsdbm_id/CORE_XSDB.UUT_MASTER/U_ICON_INTERFACE/U_CMD5/shift_reg_in_reg[9]/C
                            (rising edge-triggered cell FDRE clocked by dbg_hub/inst/BSCANID.u_xsdbm_id/SWITCH_N_EXT_BSCAN.bscan_inst/SERIES7_BSCAN.bscan_inst/INTERNAL_TCK  {rise@0.000ns fall@25.000ns period=50.000ns})
  Destination:            dbg_hub/inst/BSCANID.u_xsdbm_id/CORE_XSDB.UUT_MASTER/U_ICON_INTERFACE/U_CMD5/ctl_reg_reg[9]/D
                            (rising edge-triggered cell FDRE clocked by clk_pl_0  {rise@0.000ns fall@5.000ns period=10.000ns})
  Path Group:             (none)
  Path Type:              Setup (Max at Slow Process Corner)
  Data Path Delay:        1.085ns  (logic 0.113ns (10.415%)  route 0.972ns (89.584%))
  Logic Levels:           0  
  Clock Path Skew:        -6.232ns (DCD - SCD + CPR)
    Destination Clock Delay (DCD):    2.593ns
    Source Clock Delay      (SCD):    8.825ns
    Clock Pessimism Removal (CPR):    0.000ns
  Clock Uncertainty:      0.160ns  ((TSJ^2 + DJ^2)^1/2) / 2 + PE
    Total System Jitter     (TSJ):    0.071ns
    Discrete Jitter          (DJ):    0.312ns
    Phase Error              (PE):    0.000ns
  Clock Net Delay (Source):      2.350ns (routing 1.187ns, distribution 1.163ns)
  Clock Net Delay (Destination): 2.377ns (routing 1.282ns, distribution 1.095ns)
  Timing Exception:       False Path

    Location             Delay type                Incr(ns)  Path(ns)    Netlist Resource(s)
  -------------------------------------------------------------------    -------------------
                         (clock dbg_hub/inst/BSCANID.u_xsdbm_id/SWITCH_N_EXT_BSCAN.bscan_inst/SERIES7_BSCAN.bscan_inst/INTERNAL_TCK rise edge)
                                                      0.000     0.000 r  
    CONFIG_SITE_X0Y0     BSCANE2                      0.000     0.000 r  dbg_hub/inst/BSCANID.u_xsdbm_id/SWITCH_N_EXT_BSCAN.bscan_inst/SERIES7_BSCAN.bscan_inst/INTERNAL_TCK
    CONFIG_SITE_X0Y0     BSCANE2 (Prop_BSCAN1_CONFIG_SITE_INTERNAL_TCK_TCK)
                                                      4.800     4.800 r  dbg_hub/inst/BSCANID.u_xsdbm_id/SWITCH_N_EXT_BSCAN.bscan_inst/SERIES7_BSCAN.bscan_inst/TCK
                         net (fo=1, routed)           1.631     6.431    dbg_hub/inst/BSCANID.u_xsdbm_id/tck_bs
    BUFGCE_X0Y76         BUFGCE (Prop_BUFCE_BUFGCE_I_O)
                                                      0.044     6.475 r  dbg_hub/inst/BSCANID.u_xsdbm_id/SWITCH_N_EXT_BSCAN.u_bufg_icon_tck/O
    X2Y2 (CLOCK_ROOT)    net (fo=478, routed)         2.350     8.825    dbg_hub/inst/BSCANID.u_xsdbm_id/CORE_XSDB.UUT_MASTER/U_ICON_INTERFACE/U_CMD5/m_bscan_tck[0]
    SLICE_X49Y193        FDRE                                         r  dbg_hub/inst/BSCANID.u_xsdbm_id/CORE_XSDB.UUT_MASTER/U_ICON_INTERFACE/U_CMD5/shift_reg_in_reg[9]/C
  -------------------------------------------------------------------    -------------------
    SLICE_X49Y193        FDRE (Prop_HFF_SLICEL_C_Q)
                                                      0.113     8.938 r  dbg_hub/inst/BSCANID.u_xsdbm_id/CORE_XSDB.UUT_MASTER/U_ICON_INTERFACE/U_CMD5/shift_reg_in_reg[9]/Q
                         net (fo=2, routed)           0.972     9.910    dbg_hub/inst/BSCANID.u_xsdbm_id/CORE_XSDB.UUT_MASTER/U_ICON_INTERFACE/U_CMD5/shift_reg_in[9]
    SLICE_X47Y193        FDRE                                         r  dbg_hub/inst/BSCANID.u_xsdbm_id/CORE_XSDB.UUT_MASTER/U_ICON_INTERFACE/U_CMD5/ctl_reg_reg[9]/D
  -------------------------------------------------------------------    -------------------

                         (clock clk_pl_0 rise edge)
                                                      0.000     0.000 r  
    PS8_X0Y0             PS8                          0.000     0.000 r  kria_starter_kit_i/zynq_ultra_ps_e_0/U0/PS8_i/PLCLK[0]
                         net (fo=1, routed)           0.181     0.181    kria_starter_kit_i/zynq_ultra_ps_e_0/U0/pl_clk_unbuffered[0]
    BUFG_PS_X0Y90        BUFG_PS (Prop_BUFG_PS_I_O)
                                                      0.035     0.216 r  kria_starter_kit_i/zynq_ultra_ps_e_0/U0/buffer_pl_clk_0.PL_CLK_0_BUFG/O
    X1Y2 (CLOCK_ROOT)    net (fo=1510, routed)        2.377     2.593    dbg_hub/inst/BSCANID.u_xsdbm_id/CORE_XSDB.UUT_MASTER/U_ICON_INTERFACE/U_CMD5/clk
    SLICE_X47Y193        FDRE                                         r  dbg_hub/inst/BSCANID.u_xsdbm_id/CORE_XSDB.UUT_MASTER/U_ICON_INTERFACE/U_CMD5/ctl_reg_reg[9]/C

Slack:                    inf
  Source:                 dbg_hub/inst/BSCANID.u_xsdbm_id/CORE_XSDB.UUT_MASTER/U_ICON_INTERFACE/U_CMD6_WR/U_WR_FIFO/SUBCORE_FIFO.xsdbm_v3_0_2_wrfifo_inst/inst_fifo_gen/gconvfifo.rf/grf.rf/gntv_or_sync_fifo.mem/gdm.dm_gen.dm/RAM_reg_0_15_0_13/RAME_D1/CLK
                            (rising edge-triggered cell RAMD32 clocked by dbg_hub/inst/BSCANID.u_xsdbm_id/SWITCH_N_EXT_BSCAN.bscan_inst/SERIES7_BSCAN.bscan_inst/INTERNAL_TCK  {rise@0.000ns fall@25.000ns period=50.000ns})
  Destination:            dbg_hub/inst/BSCANID.u_xsdbm_id/CORE_XSDB.UUT_MASTER/U_ICON_INTERFACE/U_CMD6_WR/U_WR_FIFO/SUBCORE_FIFO.xsdbm_v3_0_2_wrfifo_inst/inst_fifo_gen/gconvfifo.rf/grf.rf/gntv_or_sync_fifo.mem/gdm.dm_gen.dm/gpr1.dout_i_reg[9]/D
                            (rising edge-triggered cell FDRE clocked by clk_pl_0  {rise@0.000ns fall@5.000ns period=10.000ns})
  Path Group:             (none)
  Path Type:              Setup (Max at Slow Process Corner)
  Data Path Delay:        1.027ns  (logic 0.424ns (41.285%)  route 0.603ns (58.715%))
  Logic Levels:           0  
  Clock Path Skew:        -6.254ns (DCD - SCD + CPR)
    Destination Clock Delay (DCD):    2.593ns
    Source Clock Delay      (SCD):    8.847ns
    Clock Pessimism Removal (CPR):    0.000ns
  Clock Uncertainty:      0.160ns  ((TSJ^2 + DJ^2)^1/2) / 2 + PE
    Total System Jitter     (TSJ):    0.071ns
    Discrete Jitter          (DJ):    0.312ns
    Phase Error              (PE):    0.000ns
  Clock Net Delay (Source):      2.372ns (routing 1.187ns, distribution 1.185ns)
  Clock Net Delay (Destination): 2.377ns (routing 1.282ns, distribution 1.095ns)
  Timing Exception:       False Path

    Location             Delay type                Incr(ns)  Path(ns)    Netlist Resource(s)
  -------------------------------------------------------------------    -------------------
                         (clock dbg_hub/inst/BSCANID.u_xsdbm_id/SWITCH_N_EXT_BSCAN.bscan_inst/SERIES7_BSCAN.bscan_inst/INTERNAL_TCK rise edge)
                                                      0.000     0.000 r  
    CONFIG_SITE_X0Y0     BSCANE2                      0.000     0.000 r  dbg_hub/inst/BSCANID.u_xsdbm_id/SWITCH_N_EXT_BSCAN.bscan_inst/SERIES7_BSCAN.bscan_inst/INTERNAL_TCK
    CONFIG_SITE_X0Y0     BSCANE2 (Prop_BSCAN1_CONFIG_SITE_INTERNAL_TCK_TCK)
                                                      4.800     4.800 r  dbg_hub/inst/BSCANID.u_xsdbm_id/SWITCH_N_EXT_BSCAN.bscan_inst/SERIES7_BSCAN.bscan_inst/TCK
                         net (fo=1, routed)           1.631     6.431    dbg_hub/inst/BSCANID.u_xsdbm_id/tck_bs
    BUFGCE_X0Y76         BUFGCE (Prop_BUFCE_BUFGCE_I_O)
                                                      0.044     6.475 r  dbg_hub/inst/BSCANID.u_xsdbm_id/SWITCH_N_EXT_BSCAN.u_bufg_icon_tck/O
    X2Y2 (CLOCK_ROOT)    net (fo=478, routed)         2.372     8.847    dbg_hub/inst/BSCANID.u_xsdbm_id/CORE_XSDB.UUT_MASTER/U_ICON_INTERFACE/U_CMD6_WR/U_WR_FIFO/SUBCORE_FIFO.xsdbm_v3_0_2_wrfifo_inst/inst_fifo_gen/gconvfifo.rf/grf.rf/gntv_or_sync_fifo.mem/gdm.dm_gen.dm/RAM_reg_0_15_0_13/WCLK
    SLICE_X45Y196        RAMD32                                       r  dbg_hub/inst/BSCANID.u_xsdbm_id/CORE_XSDB.UUT_MASTER/U_ICON_INTERFACE/U_CMD6_WR/U_WR_FIFO/SUBCORE_FIFO.xsdbm_v3_0_2_wrfifo_inst/inst_fifo_gen/gconvfifo.rf/grf.rf/gntv_or_sync_fifo.mem/gdm.dm_gen.dm/RAM_reg_0_15_0_13/RAME_D1/CLK
  -------------------------------------------------------------------    -------------------
    SLICE_X45Y196        RAMD32 (Prop_E6LUT_SLICEM_CLK_O)
                                                      0.424     9.271 r  dbg_hub/inst/BSCANID.u_xsdbm_id/CORE_XSDB.UUT_MASTER/U_ICON_INTERFACE/U_CMD6_WR/U_WR_FIFO/SUBCORE_FIFO.xsdbm_v3_0_2_wrfifo_inst/inst_fifo_gen/gconvfifo.rf/grf.rf/gntv_or_sync_fifo.mem/gdm.dm_gen.dm/RAM_reg_0_15_0_13/RAME_D1/O
                         net (fo=1, routed)           0.603     9.874    dbg_hub/inst/BSCANID.u_xsdbm_id/CORE_XSDB.UUT_MASTER/U_ICON_INTERFACE/U_CMD6_WR/U_WR_FIFO/SUBCORE_FIFO.xsdbm_v3_0_2_wrfifo_inst/inst_fifo_gen/gconvfifo.rf/grf.rf/gntv_or_sync_fifo.mem/gdm.dm_gen.dm/dout_i0[9]
    SLICE_X45Y195        FDRE                                         r  dbg_hub/inst/BSCANID.u_xsdbm_id/CORE_XSDB.UUT_MASTER/U_ICON_INTERFACE/U_CMD6_WR/U_WR_FIFO/SUBCORE_FIFO.xsdbm_v3_0_2_wrfifo_inst/inst_fifo_gen/gconvfifo.rf/grf.rf/gntv_or_sync_fifo.mem/gdm.dm_gen.dm/gpr1.dout_i_reg[9]/D
  -------------------------------------------------------------------    -------------------

                         (clock clk_pl_0 rise edge)
                                                      0.000     0.000 r  
    PS8_X0Y0             PS8                          0.000     0.000 r  kria_starter_kit_i/zynq_ultra_ps_e_0/U0/PS8_i/PLCLK[0]
                         net (fo=1, routed)           0.181     0.181    kria_starter_kit_i/zynq_ultra_ps_e_0/U0/pl_clk_unbuffered[0]
    BUFG_PS_X0Y90        BUFG_PS (Prop_BUFG_PS_I_O)
                                                      0.035     0.216 r  kria_starter_kit_i/zynq_ultra_ps_e_0/U0/buffer_pl_clk_0.PL_CLK_0_BUFG/O
    X1Y2 (CLOCK_ROOT)    net (fo=1510, routed)        2.377     2.593    dbg_hub/inst/BSCANID.u_xsdbm_id/CORE_XSDB.UUT_MASTER/U_ICON_INTERFACE/U_CMD6_WR/U_WR_FIFO/SUBCORE_FIFO.xsdbm_v3_0_2_wrfifo_inst/inst_fifo_gen/gconvfifo.rf/grf.rf/gntv_or_sync_fifo.mem/gdm.dm_gen.dm/rd_clk
    SLICE_X45Y195        FDRE                                         r  dbg_hub/inst/BSCANID.u_xsdbm_id/CORE_XSDB.UUT_MASTER/U_ICON_INTERFACE/U_CMD6_WR/U_WR_FIFO/SUBCORE_FIFO.xsdbm_v3_0_2_wrfifo_inst/inst_fifo_gen/gconvfifo.rf/grf.rf/gntv_or_sync_fifo.mem/gdm.dm_gen.dm/gpr1.dout_i_reg[9]/C

Slack:                    inf
  Source:                 dbg_hub/inst/BSCANID.u_xsdbm_id/CORE_XSDB.UUT_MASTER/U_ICON_INTERFACE/U_CMD6_WR/U_WR_FIFO/SUBCORE_FIFO.xsdbm_v3_0_2_wrfifo_inst/inst_fifo_gen/gconvfifo.rf/grf.rf/gntv_or_sync_fifo.mem/gdm.dm_gen.dm/RAM_reg_0_15_0_13/RAMD_D1/CLK
                            (rising edge-triggered cell RAMD32 clocked by dbg_hub/inst/BSCANID.u_xsdbm_id/SWITCH_N_EXT_BSCAN.bscan_inst/SERIES7_BSCAN.bscan_inst/INTERNAL_TCK  {rise@0.000ns fall@25.000ns period=50.000ns})
  Destination:            dbg_hub/inst/BSCANID.u_xsdbm_id/CORE_XSDB.UUT_MASTER/U_ICON_INTERFACE/U_CMD6_WR/U_WR_FIFO/SUBCORE_FIFO.xsdbm_v3_0_2_wrfifo_inst/inst_fifo_gen/gconvfifo.rf/grf.rf/gntv_or_sync_fifo.mem/gdm.dm_gen.dm/gpr1.dout_i_reg[7]/D
                            (rising edge-triggered cell FDRE clocked by clk_pl_0  {rise@0.000ns fall@5.000ns period=10.000ns})
  Path Group:             (none)
  Path Type:              Setup (Max at Slow Process Corner)
  Data Path Delay:        0.937ns  (logic 0.426ns (45.464%)  route 0.511ns (54.536%))
  Logic Levels:           0  
  Clock Path Skew:        -6.253ns (DCD - SCD + CPR)
    Destination Clock Delay (DCD):    2.594ns
    Source Clock Delay      (SCD):    8.847ns
    Clock Pessimism Removal (CPR):    0.000ns
  Clock Uncertainty:      0.160ns  ((TSJ^2 + DJ^2)^1/2) / 2 + PE
    Total System Jitter     (TSJ):    0.071ns
    Discrete Jitter          (DJ):    0.312ns
    Phase Error              (PE):    0.000ns
  Clock Net Delay (Source):      2.372ns (routing 1.187ns, distribution 1.185ns)
  Clock Net Delay (Destination): 2.378ns (routing 1.282ns, distribution 1.096ns)
  Timing Exception:       False Path

    Location             Delay type                Incr(ns)  Path(ns)    Netlist Resource(s)
  -------------------------------------------------------------------    -------------------
                         (clock dbg_hub/inst/BSCANID.u_xsdbm_id/SWITCH_N_EXT_BSCAN.bscan_inst/SERIES7_BSCAN.bscan_inst/INTERNAL_TCK rise edge)
                                                      0.000     0.000 r  
    CONFIG_SITE_X0Y0     BSCANE2                      0.000     0.000 r  dbg_hub/inst/BSCANID.u_xsdbm_id/SWITCH_N_EXT_BSCAN.bscan_inst/SERIES7_BSCAN.bscan_inst/INTERNAL_TCK
    CONFIG_SITE_X0Y0     BSCANE2 (Prop_BSCAN1_CONFIG_SITE_INTERNAL_TCK_TCK)
                                                      4.800     4.800 r  dbg_hub/inst/BSCANID.u_xsdbm_id/SWITCH_N_EXT_BSCAN.bscan_inst/SERIES7_BSCAN.bscan_inst/TCK
                         net (fo=1, routed)           1.631     6.431    dbg_hub/inst/BSCANID.u_xsdbm_id/tck_bs
    BUFGCE_X0Y76         BUFGCE (Prop_BUFCE_BUFGCE_I_O)
                                                      0.044     6.475 r  dbg_hub/inst/BSCANID.u_xsdbm_id/SWITCH_N_EXT_BSCAN.u_bufg_icon_tck/O
    X2Y2 (CLOCK_ROOT)    net (fo=478, routed)         2.372     8.847    dbg_hub/inst/BSCANID.u_xsdbm_id/CORE_XSDB.UUT_MASTER/U_ICON_INTERFACE/U_CMD6_WR/U_WR_FIFO/SUBCORE_FIFO.xsdbm_v3_0_2_wrfifo_inst/inst_fifo_gen/gconvfifo.rf/grf.rf/gntv_or_sync_fifo.mem/gdm.dm_gen.dm/RAM_reg_0_15_0_13/WCLK
    SLICE_X45Y196        RAMD32                                       r  dbg_hub/inst/BSCANID.u_xsdbm_id/CORE_XSDB.UUT_MASTER/U_ICON_INTERFACE/U_CMD6_WR/U_WR_FIFO/SUBCORE_FIFO.xsdbm_v3_0_2_wrfifo_inst/inst_fifo_gen/gconvfifo.rf/grf.rf/gntv_or_sync_fifo.mem/gdm.dm_gen.dm/RAM_reg_0_15_0_13/RAMD_D1/CLK
  -------------------------------------------------------------------    -------------------
    SLICE_X45Y196        RAMD32 (Prop_D6LUT_SLICEM_CLK_O)
                                                      0.426     9.273 r  dbg_hub/inst/BSCANID.u_xsdbm_id/CORE_XSDB.UUT_MASTER/U_ICON_INTERFACE/U_CMD6_WR/U_WR_FIFO/SUBCORE_FIFO.xsdbm_v3_0_2_wrfifo_inst/inst_fifo_gen/gconvfifo.rf/grf.rf/gntv_or_sync_fifo.mem/gdm.dm_gen.dm/RAM_reg_0_15_0_13/RAMD_D1/O
                         net (fo=1, routed)           0.511     9.784    dbg_hub/inst/BSCANID.u_xsdbm_id/CORE_XSDB.UUT_MASTER/U_ICON_INTERFACE/U_CMD6_WR/U_WR_FIFO/SUBCORE_FIFO.xsdbm_v3_0_2_wrfifo_inst/inst_fifo_gen/gconvfifo.rf/grf.rf/gntv_or_sync_fifo.mem/gdm.dm_gen.dm/dout_i0[7]
    SLICE_X47Y195        FDRE                                         r  dbg_hub/inst/BSCANID.u_xsdbm_id/CORE_XSDB.UUT_MASTER/U_ICON_INTERFACE/U_CMD6_WR/U_WR_FIFO/SUBCORE_FIFO.xsdbm_v3_0_2_wrfifo_inst/inst_fifo_gen/gconvfifo.rf/grf.rf/gntv_or_sync_fifo.mem/gdm.dm_gen.dm/gpr1.dout_i_reg[7]/D
  -------------------------------------------------------------------    -------------------

                         (clock clk_pl_0 rise edge)
                                                      0.000     0.000 r  
    PS8_X0Y0             PS8                          0.000     0.000 r  kria_starter_kit_i/zynq_ultra_ps_e_0/U0/PS8_i/PLCLK[0]
                         net (fo=1, routed)           0.181     0.181    kria_starter_kit_i/zynq_ultra_ps_e_0/U0/pl_clk_unbuffered[0]
    BUFG_PS_X0Y90        BUFG_PS (Prop_BUFG_PS_I_O)
                                                      0.035     0.216 r  kria_starter_kit_i/zynq_ultra_ps_e_0/U0/buffer_pl_clk_0.PL_CLK_0_BUFG/O
    X1Y2 (CLOCK_ROOT)    net (fo=1510, routed)        2.378     2.594    dbg_hub/inst/BSCANID.u_xsdbm_id/CORE_XSDB.UUT_MASTER/U_ICON_INTERFACE/U_CMD6_WR/U_WR_FIFO/SUBCORE_FIFO.xsdbm_v3_0_2_wrfifo_inst/inst_fifo_gen/gconvfifo.rf/grf.rf/gntv_or_sync_fifo.mem/gdm.dm_gen.dm/rd_clk
    SLICE_X47Y195        FDRE                                         r  dbg_hub/inst/BSCANID.u_xsdbm_id/CORE_XSDB.UUT_MASTER/U_ICON_INTERFACE/U_CMD6_WR/U_WR_FIFO/SUBCORE_FIFO.xsdbm_v3_0_2_wrfifo_inst/inst_fifo_gen/gconvfifo.rf/grf.rf/gntv_or_sync_fifo.mem/gdm.dm_gen.dm/gpr1.dout_i_reg[7]/C

Slack:                    inf
  Source:                 dbg_hub/inst/BSCANID.u_xsdbm_id/CORE_XSDB.UUT_MASTER/U_ICON_INTERFACE/wrdata_rst_reg/C
                            (rising edge-triggered cell FDRE clocked by dbg_hub/inst/BSCANID.u_xsdbm_id/SWITCH_N_EXT_BSCAN.bscan_inst/SERIES7_BSCAN.bscan_inst/INTERNAL_TCK  {rise@0.000ns fall@25.000ns period=50.000ns})
  Destination:            dbg_hub/inst/BSCANID.u_xsdbm_id/CORE_XSDB.UUT_MASTER/U_ICON_INTERFACE/U_CMD6_WR/U_WR_FIFO/SUBCORE_FIFO.xsdbm_v3_0_2_wrfifo_inst/inst_fifo_gen/gconvfifo.rf/grf.rf/rstblk/ngwrdrst.grst.g7serrst.rst_rd_reg1_reg/PRE
                            (recovery check against rising-edge clock clk_pl_0  {rise@0.000ns fall@5.000ns period=10.000ns})
  Path Group:             (none)
  Path Type:              Recovery (Max at Slow Process Corner)
  Data Path Delay:        0.916ns  (logic 0.114ns (12.448%)  route 0.802ns (87.552%))
  Logic Levels:           0  
  Clock Path Skew:        -6.246ns (DCD - SCD + CPR)
    Destination Clock Delay (DCD):    2.586ns
    Source Clock Delay      (SCD):    8.832ns
    Clock Pessimism Removal (CPR):    0.000ns
  Clock Uncertainty:      0.160ns  ((TSJ^2 + DJ^2)^1/2) / 2 + PE
    Total System Jitter     (TSJ):    0.071ns
    Discrete Jitter          (DJ):    0.312ns
    Phase Error              (PE):    0.000ns
  Clock Net Delay (Source):      2.357ns (routing 1.187ns, distribution 1.170ns)
  Clock Net Delay (Destination): 2.370ns (routing 1.282ns, distribution 1.088ns)
  Timing Exception:       False Path

    Location             Delay type                Incr(ns)  Path(ns)    Netlist Resource(s)
  -------------------------------------------------------------------    -------------------
                         (clock dbg_hub/inst/BSCANID.u_xsdbm_id/SWITCH_N_EXT_BSCAN.bscan_inst/SERIES7_BSCAN.bscan_inst/INTERNAL_TCK rise edge)
                                                      0.000     0.000 r  
    CONFIG_SITE_X0Y0     BSCANE2                      0.000     0.000 r  dbg_hub/inst/BSCANID.u_xsdbm_id/SWITCH_N_EXT_BSCAN.bscan_inst/SERIES7_BSCAN.bscan_inst/INTERNAL_TCK
    CONFIG_SITE_X0Y0     BSCANE2 (Prop_BSCAN1_CONFIG_SITE_INTERNAL_TCK_TCK)
                                                      4.800     4.800 r  dbg_hub/inst/BSCANID.u_xsdbm_id/SWITCH_N_EXT_BSCAN.bscan_inst/SERIES7_BSCAN.bscan_inst/TCK
                         net (fo=1, routed)           1.631     6.431    dbg_hub/inst/BSCANID.u_xsdbm_id/tck_bs
    BUFGCE_X0Y76         BUFGCE (Prop_BUFCE_BUFGCE_I_O)
                                                      0.044     6.475 r  dbg_hub/inst/BSCANID.u_xsdbm_id/SWITCH_N_EXT_BSCAN.u_bufg_icon_tck/O
    X2Y2 (CLOCK_ROOT)    net (fo=478, routed)         2.357     8.832    dbg_hub/inst/BSCANID.u_xsdbm_id/CORE_XSDB.UUT_MASTER/U_ICON_INTERFACE/m_bscan_tck[0]
    SLICE_X51Y198        FDRE                                         r  dbg_hub/inst/BSCANID.u_xsdbm_id/CORE_XSDB.UUT_MASTER/U_ICON_INTERFACE/wrdata_rst_reg/C
  -------------------------------------------------------------------    -------------------
    SLICE_X51Y198        FDRE (Prop_DFF_SLICEL_C_Q)
                                                      0.114     8.946 f  dbg_hub/inst/BSCANID.u_xsdbm_id/CORE_XSDB.UUT_MASTER/U_ICON_INTERFACE/wrdata_rst_reg/Q
                         net (fo=20, routed)          0.802     9.748    dbg_hub/inst/BSCANID.u_xsdbm_id/CORE_XSDB.UUT_MASTER/U_ICON_INTERFACE/U_CMD6_WR/U_WR_FIFO/SUBCORE_FIFO.xsdbm_v3_0_2_wrfifo_inst/inst_fifo_gen/gconvfifo.rf/grf.rf/rstblk/rst
    SLICE_X45Y197        FDPE                                         f  dbg_hub/inst/BSCANID.u_xsdbm_id/CORE_XSDB.UUT_MASTER/U_ICON_INTERFACE/U_CMD6_WR/U_WR_FIFO/SUBCORE_FIFO.xsdbm_v3_0_2_wrfifo_inst/inst_fifo_gen/gconvfifo.rf/grf.rf/rstblk/ngwrdrst.grst.g7serrst.rst_rd_reg1_reg/PRE
  -------------------------------------------------------------------    -------------------

                         (clock clk_pl_0 rise edge)
                                                      0.000     0.000 r  
    PS8_X0Y0             PS8                          0.000     0.000 r  kria_starter_kit_i/zynq_ultra_ps_e_0/U0/PS8_i/PLCLK[0]
                         net (fo=1, routed)           0.181     0.181    kria_starter_kit_i/zynq_ultra_ps_e_0/U0/pl_clk_unbuffered[0]
    BUFG_PS_X0Y90        BUFG_PS (Prop_BUFG_PS_I_O)
                                                      0.035     0.216 r  kria_starter_kit_i/zynq_ultra_ps_e_0/U0/buffer_pl_clk_0.PL_CLK_0_BUFG/O
    X1Y2 (CLOCK_ROOT)    net (fo=1510, routed)        2.370     2.586    dbg_hub/inst/BSCANID.u_xsdbm_id/CORE_XSDB.UUT_MASTER/U_ICON_INTERFACE/U_CMD6_WR/U_WR_FIFO/SUBCORE_FIFO.xsdbm_v3_0_2_wrfifo_inst/inst_fifo_gen/gconvfifo.rf/grf.rf/rstblk/rd_clk
    SLICE_X45Y197        FDPE                                         r  dbg_hub/inst/BSCANID.u_xsdbm_id/CORE_XSDB.UUT_MASTER/U_ICON_INTERFACE/U_CMD6_WR/U_WR_FIFO/SUBCORE_FIFO.xsdbm_v3_0_2_wrfifo_inst/inst_fifo_gen/gconvfifo.rf/grf.rf/rstblk/ngwrdrst.grst.g7serrst.rst_rd_reg1_reg/C

Slack:                    inf
  Source:                 dbg_hub/inst/BSCANID.u_xsdbm_id/CORE_XSDB.UUT_MASTER/U_ICON_INTERFACE/wrdata_rst_reg/C
                            (rising edge-triggered cell FDRE clocked by dbg_hub/inst/BSCANID.u_xsdbm_id/SWITCH_N_EXT_BSCAN.bscan_inst/SERIES7_BSCAN.bscan_inst/INTERNAL_TCK  {rise@0.000ns fall@25.000ns period=50.000ns})
  Destination:            dbg_hub/inst/BSCANID.u_xsdbm_id/CORE_XSDB.UUT_MASTER/U_ICON_INTERFACE/U_CMD6_WR/U_WR_FIFO/SUBCORE_FIFO.xsdbm_v3_0_2_wrfifo_inst/inst_fifo_gen/gconvfifo.rf/grf.rf/rstblk/ngwrdrst.grst.g7serrst.rst_rd_reg2_reg/PRE
                            (recovery check against rising-edge clock clk_pl_0  {rise@0.000ns fall@5.000ns period=10.000ns})
  Path Group:             (none)
  Path Type:              Recovery (Max at Slow Process Corner)
  Data Path Delay:        0.916ns  (logic 0.114ns (12.448%)  route 0.802ns (87.552%))
  Logic Levels:           0  
  Clock Path Skew:        -6.246ns (DCD - SCD + CPR)
    Destination Clock Delay (DCD):    2.586ns
    Source Clock Delay      (SCD):    8.832ns
    Clock Pessimism Removal (CPR):    0.000ns
  Clock Uncertainty:      0.160ns  ((TSJ^2 + DJ^2)^1/2) / 2 + PE
    Total System Jitter     (TSJ):    0.071ns
    Discrete Jitter          (DJ):    0.312ns
    Phase Error              (PE):    0.000ns
  Clock Net Delay (Source):      2.357ns (routing 1.187ns, distribution 1.170ns)
  Clock Net Delay (Destination): 2.370ns (routing 1.282ns, distribution 1.088ns)
  Timing Exception:       False Path

    Location             Delay type                Incr(ns)  Path(ns)    Netlist Resource(s)
  -------------------------------------------------------------------    -------------------
                         (clock dbg_hub/inst/BSCANID.u_xsdbm_id/SWITCH_N_EXT_BSCAN.bscan_inst/SERIES7_BSCAN.bscan_inst/INTERNAL_TCK rise edge)
                                                      0.000     0.000 r  
    CONFIG_SITE_X0Y0     BSCANE2                      0.000     0.000 r  dbg_hub/inst/BSCANID.u_xsdbm_id/SWITCH_N_EXT_BSCAN.bscan_inst/SERIES7_BSCAN.bscan_inst/INTERNAL_TCK
    CONFIG_SITE_X0Y0     BSCANE2 (Prop_BSCAN1_CONFIG_SITE_INTERNAL_TCK_TCK)
                                                      4.800     4.800 r  dbg_hub/inst/BSCANID.u_xsdbm_id/SWITCH_N_EXT_BSCAN.bscan_inst/SERIES7_BSCAN.bscan_inst/TCK
                         net (fo=1, routed)           1.631     6.431    dbg_hub/inst/BSCANID.u_xsdbm_id/tck_bs
    BUFGCE_X0Y76         BUFGCE (Prop_BUFCE_BUFGCE_I_O)
                                                      0.044     6.475 r  dbg_hub/inst/BSCANID.u_xsdbm_id/SWITCH_N_EXT_BSCAN.u_bufg_icon_tck/O
    X2Y2 (CLOCK_ROOT)    net (fo=478, routed)         2.357     8.832    dbg_hub/inst/BSCANID.u_xsdbm_id/CORE_XSDB.UUT_MASTER/U_ICON_INTERFACE/m_bscan_tck[0]
    SLICE_X51Y198        FDRE                                         r  dbg_hub/inst/BSCANID.u_xsdbm_id/CORE_XSDB.UUT_MASTER/U_ICON_INTERFACE/wrdata_rst_reg/C
  -------------------------------------------------------------------    -------------------
    SLICE_X51Y198        FDRE (Prop_DFF_SLICEL_C_Q)
                                                      0.114     8.946 f  dbg_hub/inst/BSCANID.u_xsdbm_id/CORE_XSDB.UUT_MASTER/U_ICON_INTERFACE/wrdata_rst_reg/Q
                         net (fo=20, routed)          0.802     9.748    dbg_hub/inst/BSCANID.u_xsdbm_id/CORE_XSDB.UUT_MASTER/U_ICON_INTERFACE/U_CMD6_WR/U_WR_FIFO/SUBCORE_FIFO.xsdbm_v3_0_2_wrfifo_inst/inst_fifo_gen/gconvfifo.rf/grf.rf/rstblk/rst
    SLICE_X45Y197        FDPE                                         f  dbg_hub/inst/BSCANID.u_xsdbm_id/CORE_XSDB.UUT_MASTER/U_ICON_INTERFACE/U_CMD6_WR/U_WR_FIFO/SUBCORE_FIFO.xsdbm_v3_0_2_wrfifo_inst/inst_fifo_gen/gconvfifo.rf/grf.rf/rstblk/ngwrdrst.grst.g7serrst.rst_rd_reg2_reg/PRE
  -------------------------------------------------------------------    -------------------

                         (clock clk_pl_0 rise edge)
                                                      0.000     0.000 r  
    PS8_X0Y0             PS8                          0.000     0.000 r  kria_starter_kit_i/zynq_ultra_ps_e_0/U0/PS8_i/PLCLK[0]
                         net (fo=1, routed)           0.181     0.181    kria_starter_kit_i/zynq_ultra_ps_e_0/U0/pl_clk_unbuffered[0]
    BUFG_PS_X0Y90        BUFG_PS (Prop_BUFG_PS_I_O)
                                                      0.035     0.216 r  kria_starter_kit_i/zynq_ultra_ps_e_0/U0/buffer_pl_clk_0.PL_CLK_0_BUFG/O
    X1Y2 (CLOCK_ROOT)    net (fo=1510, routed)        2.370     2.586    dbg_hub/inst/BSCANID.u_xsdbm_id/CORE_XSDB.UUT_MASTER/U_ICON_INTERFACE/U_CMD6_WR/U_WR_FIFO/SUBCORE_FIFO.xsdbm_v3_0_2_wrfifo_inst/inst_fifo_gen/gconvfifo.rf/grf.rf/rstblk/rd_clk
    SLICE_X45Y197        FDPE                                         r  dbg_hub/inst/BSCANID.u_xsdbm_id/CORE_XSDB.UUT_MASTER/U_ICON_INTERFACE/U_CMD6_WR/U_WR_FIFO/SUBCORE_FIFO.xsdbm_v3_0_2_wrfifo_inst/inst_fifo_gen/gconvfifo.rf/grf.rf/rstblk/ngwrdrst.grst.g7serrst.rst_rd_reg2_reg/C

Slack:                    inf
  Source:                 dbg_hub/inst/BSCANID.u_xsdbm_id/CORE_XSDB.UUT_MASTER/U_ICON_INTERFACE/U_CMD6_WR/U_WR_FIFO/SUBCORE_FIFO.xsdbm_v3_0_2_wrfifo_inst/inst_fifo_gen/gconvfifo.rf/grf.rf/gntv_or_sync_fifo.mem/gdm.dm_gen.dm/RAM_reg_0_15_0_13/RAMB/CLK
                            (rising edge-triggered cell RAMD32 clocked by dbg_hub/inst/BSCANID.u_xsdbm_id/SWITCH_N_EXT_BSCAN.bscan_inst/SERIES7_BSCAN.bscan_inst/INTERNAL_TCK  {rise@0.000ns fall@25.000ns period=50.000ns})
  Destination:            dbg_hub/inst/BSCANID.u_xsdbm_id/CORE_XSDB.UUT_MASTER/U_ICON_INTERFACE/U_CMD6_WR/U_WR_FIFO/SUBCORE_FIFO.xsdbm_v3_0_2_wrfifo_inst/inst_fifo_gen/gconvfifo.rf/grf.rf/gntv_or_sync_fifo.mem/gdm.dm_gen.dm/gpr1.dout_i_reg[2]/D
                            (rising edge-triggered cell FDRE clocked by clk_pl_0  {rise@0.000ns fall@5.000ns period=10.000ns})
  Path Group:             (none)
  Path Type:              Setup (Max at Slow Process Corner)
  Data Path Delay:        0.881ns  (logic 0.412ns (46.765%)  route 0.469ns (53.235%))
  Logic Levels:           0  
  Clock Path Skew:        -6.253ns (DCD - SCD + CPR)
    Destination Clock Delay (DCD):    2.594ns
    Source Clock Delay      (SCD):    8.847ns
    Clock Pessimism Removal (CPR):    0.000ns
  Clock Uncertainty:      0.160ns  ((TSJ^2 + DJ^2)^1/2) / 2 + PE
    Total System Jitter     (TSJ):    0.071ns
    Discrete Jitter          (DJ):    0.312ns
    Phase Error              (PE):    0.000ns
  Clock Net Delay (Source):      2.372ns (routing 1.187ns, distribution 1.185ns)
  Clock Net Delay (Destination): 2.378ns (routing 1.282ns, distribution 1.096ns)
  Timing Exception:       False Path

    Location             Delay type                Incr(ns)  Path(ns)    Netlist Resource(s)
  -------------------------------------------------------------------    -------------------
                         (clock dbg_hub/inst/BSCANID.u_xsdbm_id/SWITCH_N_EXT_BSCAN.bscan_inst/SERIES7_BSCAN.bscan_inst/INTERNAL_TCK rise edge)
                                                      0.000     0.000 r  
    CONFIG_SITE_X0Y0     BSCANE2                      0.000     0.000 r  dbg_hub/inst/BSCANID.u_xsdbm_id/SWITCH_N_EXT_BSCAN.bscan_inst/SERIES7_BSCAN.bscan_inst/INTERNAL_TCK
    CONFIG_SITE_X0Y0     BSCANE2 (Prop_BSCAN1_CONFIG_SITE_INTERNAL_TCK_TCK)
                                                      4.800     4.800 r  dbg_hub/inst/BSCANID.u_xsdbm_id/SWITCH_N_EXT_BSCAN.bscan_inst/SERIES7_BSCAN.bscan_inst/TCK
                         net (fo=1, routed)           1.631     6.431    dbg_hub/inst/BSCANID.u_xsdbm_id/tck_bs
    BUFGCE_X0Y76         BUFGCE (Prop_BUFCE_BUFGCE_I_O)
                                                      0.044     6.475 r  dbg_hub/inst/BSCANID.u_xsdbm_id/SWITCH_N_EXT_BSCAN.u_bufg_icon_tck/O
    X2Y2 (CLOCK_ROOT)    net (fo=478, routed)         2.372     8.847    dbg_hub/inst/BSCANID.u_xsdbm_id/CORE_XSDB.UUT_MASTER/U_ICON_INTERFACE/U_CMD6_WR/U_WR_FIFO/SUBCORE_FIFO.xsdbm_v3_0_2_wrfifo_inst/inst_fifo_gen/gconvfifo.rf/grf.rf/gntv_or_sync_fifo.mem/gdm.dm_gen.dm/RAM_reg_0_15_0_13/WCLK
    SLICE_X45Y196        RAMD32                                       r  dbg_hub/inst/BSCANID.u_xsdbm_id/CORE_XSDB.UUT_MASTER/U_ICON_INTERFACE/U_CMD6_WR/U_WR_FIFO/SUBCORE_FIFO.xsdbm_v3_0_2_wrfifo_inst/inst_fifo_gen/gconvfifo.rf/grf.rf/gntv_or_sync_fifo.mem/gdm.dm_gen.dm/RAM_reg_0_15_0_13/RAMB/CLK
  -------------------------------------------------------------------    -------------------
    SLICE_X45Y196        RAMD32 (Prop_B5LUT_SLICEM_CLK_O)
                                                      0.412     9.259 r  dbg_hub/inst/BSCANID.u_xsdbm_id/CORE_XSDB.UUT_MASTER/U_ICON_INTERFACE/U_CMD6_WR/U_WR_FIFO/SUBCORE_FIFO.xsdbm_v3_0_2_wrfifo_inst/inst_fifo_gen/gconvfifo.rf/grf.rf/gntv_or_sync_fifo.mem/gdm.dm_gen.dm/RAM_reg_0_15_0_13/RAMB/O
                         net (fo=1, routed)           0.469     9.728    dbg_hub/inst/BSCANID.u_xsdbm_id/CORE_XSDB.UUT_MASTER/U_ICON_INTERFACE/U_CMD6_WR/U_WR_FIFO/SUBCORE_FIFO.xsdbm_v3_0_2_wrfifo_inst/inst_fifo_gen/gconvfifo.rf/grf.rf/gntv_or_sync_fifo.mem/gdm.dm_gen.dm/dout_i0[2]
    SLICE_X47Y195        FDRE                                         r  dbg_hub/inst/BSCANID.u_xsdbm_id/CORE_XSDB.UUT_MASTER/U_ICON_INTERFACE/U_CMD6_WR/U_WR_FIFO/SUBCORE_FIFO.xsdbm_v3_0_2_wrfifo_inst/inst_fifo_gen/gconvfifo.rf/grf.rf/gntv_or_sync_fifo.mem/gdm.dm_gen.dm/gpr1.dout_i_reg[2]/D
  -------------------------------------------------------------------    -------------------

                         (clock clk_pl_0 rise edge)
                                                      0.000     0.000 r  
    PS8_X0Y0             PS8                          0.000     0.000 r  kria_starter_kit_i/zynq_ultra_ps_e_0/U0/PS8_i/PLCLK[0]
                         net (fo=1, routed)           0.181     0.181    kria_starter_kit_i/zynq_ultra_ps_e_0/U0/pl_clk_unbuffered[0]
    BUFG_PS_X0Y90        BUFG_PS (Prop_BUFG_PS_I_O)
                                                      0.035     0.216 r  kria_starter_kit_i/zynq_ultra_ps_e_0/U0/buffer_pl_clk_0.PL_CLK_0_BUFG/O
    X1Y2 (CLOCK_ROOT)    net (fo=1510, routed)        2.378     2.594    dbg_hub/inst/BSCANID.u_xsdbm_id/CORE_XSDB.UUT_MASTER/U_ICON_INTERFACE/U_CMD6_WR/U_WR_FIFO/SUBCORE_FIFO.xsdbm_v3_0_2_wrfifo_inst/inst_fifo_gen/gconvfifo.rf/grf.rf/gntv_or_sync_fifo.mem/gdm.dm_gen.dm/rd_clk
    SLICE_X47Y195        FDRE                                         r  dbg_hub/inst/BSCANID.u_xsdbm_id/CORE_XSDB.UUT_MASTER/U_ICON_INTERFACE/U_CMD6_WR/U_WR_FIFO/SUBCORE_FIFO.xsdbm_v3_0_2_wrfifo_inst/inst_fifo_gen/gconvfifo.rf/grf.rf/gntv_or_sync_fifo.mem/gdm.dm_gen.dm/gpr1.dout_i_reg[2]/C

Slack:                    inf
  Source:                 dbg_hub/inst/BSCANID.u_xsdbm_id/CORE_XSDB.UUT_MASTER/U_ICON_INTERFACE/U_CMD6_WR/U_WR_FIFO/SUBCORE_FIFO.xsdbm_v3_0_2_wrfifo_inst/inst_fifo_gen/gconvfifo.rf/grf.rf/gntv_or_sync_fifo.mem/gdm.dm_gen.dm/RAM_reg_0_15_0_13/RAMC_D1/CLK
                            (rising edge-triggered cell RAMD32 clocked by dbg_hub/inst/BSCANID.u_xsdbm_id/SWITCH_N_EXT_BSCAN.bscan_inst/SERIES7_BSCAN.bscan_inst/INTERNAL_TCK  {rise@0.000ns fall@25.000ns period=50.000ns})
  Destination:            dbg_hub/inst/BSCANID.u_xsdbm_id/CORE_XSDB.UUT_MASTER/U_ICON_INTERFACE/U_CMD6_WR/U_WR_FIFO/SUBCORE_FIFO.xsdbm_v3_0_2_wrfifo_inst/inst_fifo_gen/gconvfifo.rf/grf.rf/gntv_or_sync_fifo.mem/gdm.dm_gen.dm/gpr1.dout_i_reg[5]/D
                            (rising edge-triggered cell FDRE clocked by clk_pl_0  {rise@0.000ns fall@5.000ns period=10.000ns})
  Path Group:             (none)
  Path Type:              Setup (Max at Slow Process Corner)
  Data Path Delay:        0.862ns  (logic 0.433ns (50.232%)  route 0.429ns (49.768%))
  Logic Levels:           0  
  Clock Path Skew:        -6.254ns (DCD - SCD + CPR)
    Destination Clock Delay (DCD):    2.593ns
    Source Clock Delay      (SCD):    8.847ns
    Clock Pessimism Removal (CPR):    0.000ns
  Clock Uncertainty:      0.160ns  ((TSJ^2 + DJ^2)^1/2) / 2 + PE
    Total System Jitter     (TSJ):    0.071ns
    Discrete Jitter          (DJ):    0.312ns
    Phase Error              (PE):    0.000ns
  Clock Net Delay (Source):      2.372ns (routing 1.187ns, distribution 1.185ns)
  Clock Net Delay (Destination): 2.377ns (routing 1.282ns, distribution 1.095ns)
  Timing Exception:       False Path

    Location             Delay type                Incr(ns)  Path(ns)    Netlist Resource(s)
  -------------------------------------------------------------------    -------------------
                         (clock dbg_hub/inst/BSCANID.u_xsdbm_id/SWITCH_N_EXT_BSCAN.bscan_inst/SERIES7_BSCAN.bscan_inst/INTERNAL_TCK rise edge)
                                                      0.000     0.000 r  
    CONFIG_SITE_X0Y0     BSCANE2                      0.000     0.000 r  dbg_hub/inst/BSCANID.u_xsdbm_id/SWITCH_N_EXT_BSCAN.bscan_inst/SERIES7_BSCAN.bscan_inst/INTERNAL_TCK
    CONFIG_SITE_X0Y0     BSCANE2 (Prop_BSCAN1_CONFIG_SITE_INTERNAL_TCK_TCK)
                                                      4.800     4.800 r  dbg_hub/inst/BSCANID.u_xsdbm_id/SWITCH_N_EXT_BSCAN.bscan_inst/SERIES7_BSCAN.bscan_inst/TCK
                         net (fo=1, routed)           1.631     6.431    dbg_hub/inst/BSCANID.u_xsdbm_id/tck_bs
    BUFGCE_X0Y76         BUFGCE (Prop_BUFCE_BUFGCE_I_O)
                                                      0.044     6.475 r  dbg_hub/inst/BSCANID.u_xsdbm_id/SWITCH_N_EXT_BSCAN.u_bufg_icon_tck/O
    X2Y2 (CLOCK_ROOT)    net (fo=478, routed)         2.372     8.847    dbg_hub/inst/BSCANID.u_xsdbm_id/CORE_XSDB.UUT_MASTER/U_ICON_INTERFACE/U_CMD6_WR/U_WR_FIFO/SUBCORE_FIFO.xsdbm_v3_0_2_wrfifo_inst/inst_fifo_gen/gconvfifo.rf/grf.rf/gntv_or_sync_fifo.mem/gdm.dm_gen.dm/RAM_reg_0_15_0_13/WCLK
    SLICE_X45Y196        RAMD32                                       r  dbg_hub/inst/BSCANID.u_xsdbm_id/CORE_XSDB.UUT_MASTER/U_ICON_INTERFACE/U_CMD6_WR/U_WR_FIFO/SUBCORE_FIFO.xsdbm_v3_0_2_wrfifo_inst/inst_fifo_gen/gconvfifo.rf/grf.rf/gntv_or_sync_fifo.mem/gdm.dm_gen.dm/RAM_reg_0_15_0_13/RAMC_D1/CLK
  -------------------------------------------------------------------    -------------------
    SLICE_X45Y196        RAMD32 (Prop_C6LUT_SLICEM_CLK_O)
                                                      0.433     9.280 r  dbg_hub/inst/BSCANID.u_xsdbm_id/CORE_XSDB.UUT_MASTER/U_ICON_INTERFACE/U_CMD6_WR/U_WR_FIFO/SUBCORE_FIFO.xsdbm_v3_0_2_wrfifo_inst/inst_fifo_gen/gconvfifo.rf/grf.rf/gntv_or_sync_fifo.mem/gdm.dm_gen.dm/RAM_reg_0_15_0_13/RAMC_D1/O
                         net (fo=1, routed)           0.429     9.709    dbg_hub/inst/BSCANID.u_xsdbm_id/CORE_XSDB.UUT_MASTER/U_ICON_INTERFACE/U_CMD6_WR/U_WR_FIFO/SUBCORE_FIFO.xsdbm_v3_0_2_wrfifo_inst/inst_fifo_gen/gconvfifo.rf/grf.rf/gntv_or_sync_fifo.mem/gdm.dm_gen.dm/dout_i0[5]
    SLICE_X45Y195        FDRE                                         r  dbg_hub/inst/BSCANID.u_xsdbm_id/CORE_XSDB.UUT_MASTER/U_ICON_INTERFACE/U_CMD6_WR/U_WR_FIFO/SUBCORE_FIFO.xsdbm_v3_0_2_wrfifo_inst/inst_fifo_gen/gconvfifo.rf/grf.rf/gntv_or_sync_fifo.mem/gdm.dm_gen.dm/gpr1.dout_i_reg[5]/D
  -------------------------------------------------------------------    -------------------

                         (clock clk_pl_0 rise edge)
                                                      0.000     0.000 r  
    PS8_X0Y0             PS8                          0.000     0.000 r  kria_starter_kit_i/zynq_ultra_ps_e_0/U0/PS8_i/PLCLK[0]
                         net (fo=1, routed)           0.181     0.181    kria_starter_kit_i/zynq_ultra_ps_e_0/U0/pl_clk_unbuffered[0]
    BUFG_PS_X0Y90        BUFG_PS (Prop_BUFG_PS_I_O)
                                                      0.035     0.216 r  kria_starter_kit_i/zynq_ultra_ps_e_0/U0/buffer_pl_clk_0.PL_CLK_0_BUFG/O
    X1Y2 (CLOCK_ROOT)    net (fo=1510, routed)        2.377     2.593    dbg_hub/inst/BSCANID.u_xsdbm_id/CORE_XSDB.UUT_MASTER/U_ICON_INTERFACE/U_CMD6_WR/U_WR_FIFO/SUBCORE_FIFO.xsdbm_v3_0_2_wrfifo_inst/inst_fifo_gen/gconvfifo.rf/grf.rf/gntv_or_sync_fifo.mem/gdm.dm_gen.dm/rd_clk
    SLICE_X45Y195        FDRE                                         r  dbg_hub/inst/BSCANID.u_xsdbm_id/CORE_XSDB.UUT_MASTER/U_ICON_INTERFACE/U_CMD6_WR/U_WR_FIFO/SUBCORE_FIFO.xsdbm_v3_0_2_wrfifo_inst/inst_fifo_gen/gconvfifo.rf/grf.rf/gntv_or_sync_fifo.mem/gdm.dm_gen.dm/gpr1.dout_i_reg[5]/C

Slack:                    inf
  Source:                 dbg_hub/inst/BSCANID.u_xsdbm_id/CORE_XSDB.UUT_MASTER/U_ICON_INTERFACE/U_CMD6_WR/U_WR_FIFO/SUBCORE_FIFO.xsdbm_v3_0_2_wrfifo_inst/inst_fifo_gen/gconvfifo.rf/grf.rf/gntv_or_sync_fifo.mem/gdm.dm_gen.dm/RAM_reg_0_15_0_13/RAMD/CLK
                            (rising edge-triggered cell RAMD32 clocked by dbg_hub/inst/BSCANID.u_xsdbm_id/SWITCH_N_EXT_BSCAN.bscan_inst/SERIES7_BSCAN.bscan_inst/INTERNAL_TCK  {rise@0.000ns fall@25.000ns period=50.000ns})
  Destination:            dbg_hub/inst/BSCANID.u_xsdbm_id/CORE_XSDB.UUT_MASTER/U_ICON_INTERFACE/U_CMD6_WR/U_WR_FIFO/SUBCORE_FIFO.xsdbm_v3_0_2_wrfifo_inst/inst_fifo_gen/gconvfifo.rf/grf.rf/gntv_or_sync_fifo.mem/gdm.dm_gen.dm/gpr1.dout_i_reg[6]/D
                            (rising edge-triggered cell FDRE clocked by clk_pl_0  {rise@0.000ns fall@5.000ns period=10.000ns})
  Path Group:             (none)
  Path Type:              Setup (Max at Slow Process Corner)
  Data Path Delay:        0.830ns  (logic 0.406ns (48.916%)  route 0.424ns (51.084%))
  Logic Levels:           0  
  Clock Path Skew:        -6.254ns (DCD - SCD + CPR)
    Destination Clock Delay (DCD):    2.593ns
    Source Clock Delay      (SCD):    8.847ns
    Clock Pessimism Removal (CPR):    0.000ns
  Clock Uncertainty:      0.160ns  ((TSJ^2 + DJ^2)^1/2) / 2 + PE
    Total System Jitter     (TSJ):    0.071ns
    Discrete Jitter          (DJ):    0.312ns
    Phase Error              (PE):    0.000ns
  Clock Net Delay (Source):      2.372ns (routing 1.187ns, distribution 1.185ns)
  Clock Net Delay (Destination): 2.377ns (routing 1.282ns, distribution 1.095ns)
  Timing Exception:       False Path

    Location             Delay type                Incr(ns)  Path(ns)    Netlist Resource(s)
  -------------------------------------------------------------------    -------------------
                         (clock dbg_hub/inst/BSCANID.u_xsdbm_id/SWITCH_N_EXT_BSCAN.bscan_inst/SERIES7_BSCAN.bscan_inst/INTERNAL_TCK rise edge)
                                                      0.000     0.000 r  
    CONFIG_SITE_X0Y0     BSCANE2                      0.000     0.000 r  dbg_hub/inst/BSCANID.u_xsdbm_id/SWITCH_N_EXT_BSCAN.bscan_inst/SERIES7_BSCAN.bscan_inst/INTERNAL_TCK
    CONFIG_SITE_X0Y0     BSCANE2 (Prop_BSCAN1_CONFIG_SITE_INTERNAL_TCK_TCK)
                                                      4.800     4.800 r  dbg_hub/inst/BSCANID.u_xsdbm_id/SWITCH_N_EXT_BSCAN.bscan_inst/SERIES7_BSCAN.bscan_inst/TCK
                         net (fo=1, routed)           1.631     6.431    dbg_hub/inst/BSCANID.u_xsdbm_id/tck_bs
    BUFGCE_X0Y76         BUFGCE (Prop_BUFCE_BUFGCE_I_O)
                                                      0.044     6.475 r  dbg_hub/inst/BSCANID.u_xsdbm_id/SWITCH_N_EXT_BSCAN.u_bufg_icon_tck/O
    X2Y2 (CLOCK_ROOT)    net (fo=478, routed)         2.372     8.847    dbg_hub/inst/BSCANID.u_xsdbm_id/CORE_XSDB.UUT_MASTER/U_ICON_INTERFACE/U_CMD6_WR/U_WR_FIFO/SUBCORE_FIFO.xsdbm_v3_0_2_wrfifo_inst/inst_fifo_gen/gconvfifo.rf/grf.rf/gntv_or_sync_fifo.mem/gdm.dm_gen.dm/RAM_reg_0_15_0_13/WCLK
    SLICE_X45Y196        RAMD32                                       r  dbg_hub/inst/BSCANID.u_xsdbm_id/CORE_XSDB.UUT_MASTER/U_ICON_INTERFACE/U_CMD6_WR/U_WR_FIFO/SUBCORE_FIFO.xsdbm_v3_0_2_wrfifo_inst/inst_fifo_gen/gconvfifo.rf/grf.rf/gntv_or_sync_fifo.mem/gdm.dm_gen.dm/RAM_reg_0_15_0_13/RAMD/CLK
  -------------------------------------------------------------------    -------------------
    SLICE_X45Y196        RAMD32 (Prop_D5LUT_SLICEM_CLK_O)
                                                      0.406     9.253 r  dbg_hub/inst/BSCANID.u_xsdbm_id/CORE_XSDB.UUT_MASTER/U_ICON_INTERFACE/U_CMD6_WR/U_WR_FIFO/SUBCORE_FIFO.xsdbm_v3_0_2_wrfifo_inst/inst_fifo_gen/gconvfifo.rf/grf.rf/gntv_or_sync_fifo.mem/gdm.dm_gen.dm/RAM_reg_0_15_0_13/RAMD/O
                         net (fo=1, routed)           0.424     9.677    dbg_hub/inst/BSCANID.u_xsdbm_id/CORE_XSDB.UUT_MASTER/U_ICON_INTERFACE/U_CMD6_WR/U_WR_FIFO/SUBCORE_FIFO.xsdbm_v3_0_2_wrfifo_inst/inst_fifo_gen/gconvfifo.rf/grf.rf/gntv_or_sync_fifo.mem/gdm.dm_gen.dm/dout_i0[6]
    SLICE_X45Y195        FDRE                                         r  dbg_hub/inst/BSCANID.u_xsdbm_id/CORE_XSDB.UUT_MASTER/U_ICON_INTERFACE/U_CMD6_WR/U_WR_FIFO/SUBCORE_FIFO.xsdbm_v3_0_2_wrfifo_inst/inst_fifo_gen/gconvfifo.rf/grf.rf/gntv_or_sync_fifo.mem/gdm.dm_gen.dm/gpr1.dout_i_reg[6]/D
  -------------------------------------------------------------------    -------------------

                         (clock clk_pl_0 rise edge)
                                                      0.000     0.000 r  
    PS8_X0Y0             PS8                          0.000     0.000 r  kria_starter_kit_i/zynq_ultra_ps_e_0/U0/PS8_i/PLCLK[0]
                         net (fo=1, routed)           0.181     0.181    kria_starter_kit_i/zynq_ultra_ps_e_0/U0/pl_clk_unbuffered[0]
    BUFG_PS_X0Y90        BUFG_PS (Prop_BUFG_PS_I_O)
                                                      0.035     0.216 r  kria_starter_kit_i/zynq_ultra_ps_e_0/U0/buffer_pl_clk_0.PL_CLK_0_BUFG/O
    X1Y2 (CLOCK_ROOT)    net (fo=1510, routed)        2.377     2.593    dbg_hub/inst/BSCANID.u_xsdbm_id/CORE_XSDB.UUT_MASTER/U_ICON_INTERFACE/U_CMD6_WR/U_WR_FIFO/SUBCORE_FIFO.xsdbm_v3_0_2_wrfifo_inst/inst_fifo_gen/gconvfifo.rf/grf.rf/gntv_or_sync_fifo.mem/gdm.dm_gen.dm/rd_clk
    SLICE_X45Y195        FDRE                                         r  dbg_hub/inst/BSCANID.u_xsdbm_id/CORE_XSDB.UUT_MASTER/U_ICON_INTERFACE/U_CMD6_WR/U_WR_FIFO/SUBCORE_FIFO.xsdbm_v3_0_2_wrfifo_inst/inst_fifo_gen/gconvfifo.rf/grf.rf/gntv_or_sync_fifo.mem/gdm.dm_gen.dm/gpr1.dout_i_reg[6]/C

Slack:                    inf
  Source:                 dbg_hub/inst/BSCANID.u_xsdbm_id/CORE_XSDB.UUT_MASTER/U_ICON_INTERFACE/U_CMD6_WR/U_WR_FIFO/SUBCORE_FIFO.xsdbm_v3_0_2_wrfifo_inst/inst_fifo_gen/gconvfifo.rf/grf.rf/gntv_or_sync_fifo.mem/gdm.dm_gen.dm/RAM_reg_0_15_0_13/RAMF/CLK
                            (rising edge-triggered cell RAMD32 clocked by dbg_hub/inst/BSCANID.u_xsdbm_id/SWITCH_N_EXT_BSCAN.bscan_inst/SERIES7_BSCAN.bscan_inst/INTERNAL_TCK  {rise@0.000ns fall@25.000ns period=50.000ns})
  Destination:            dbg_hub/inst/BSCANID.u_xsdbm_id/CORE_XSDB.UUT_MASTER/U_ICON_INTERFACE/U_CMD6_WR/U_WR_FIFO/SUBCORE_FIFO.xsdbm_v3_0_2_wrfifo_inst/inst_fifo_gen/gconvfifo.rf/grf.rf/gntv_or_sync_fifo.mem/gdm.dm_gen.dm/gpr1.dout_i_reg[10]/D
                            (rising edge-triggered cell FDRE clocked by clk_pl_0  {rise@0.000ns fall@5.000ns period=10.000ns})
  Path Group:             (none)
  Path Type:              Setup (Max at Slow Process Corner)
  Data Path Delay:        0.814ns  (logic 0.417ns (51.229%)  route 0.397ns (48.772%))
  Logic Levels:           0  
  Clock Path Skew:        -6.253ns (DCD - SCD + CPR)
    Destination Clock Delay (DCD):    2.594ns
    Source Clock Delay      (SCD):    8.847ns
    Clock Pessimism Removal (CPR):    0.000ns
  Clock Uncertainty:      0.160ns  ((TSJ^2 + DJ^2)^1/2) / 2 + PE
    Total System Jitter     (TSJ):    0.071ns
    Discrete Jitter          (DJ):    0.312ns
    Phase Error              (PE):    0.000ns
  Clock Net Delay (Source):      2.372ns (routing 1.187ns, distribution 1.185ns)
  Clock Net Delay (Destination): 2.378ns (routing 1.282ns, distribution 1.096ns)
  Timing Exception:       False Path

    Location             Delay type                Incr(ns)  Path(ns)    Netlist Resource(s)
  -------------------------------------------------------------------    -------------------
                         (clock dbg_hub/inst/BSCANID.u_xsdbm_id/SWITCH_N_EXT_BSCAN.bscan_inst/SERIES7_BSCAN.bscan_inst/INTERNAL_TCK rise edge)
                                                      0.000     0.000 r  
    CONFIG_SITE_X0Y0     BSCANE2                      0.000     0.000 r  dbg_hub/inst/BSCANID.u_xsdbm_id/SWITCH_N_EXT_BSCAN.bscan_inst/SERIES7_BSCAN.bscan_inst/INTERNAL_TCK
    CONFIG_SITE_X0Y0     BSCANE2 (Prop_BSCAN1_CONFIG_SITE_INTERNAL_TCK_TCK)
                                                      4.800     4.800 r  dbg_hub/inst/BSCANID.u_xsdbm_id/SWITCH_N_EXT_BSCAN.bscan_inst/SERIES7_BSCAN.bscan_inst/TCK
                         net (fo=1, routed)           1.631     6.431    dbg_hub/inst/BSCANID.u_xsdbm_id/tck_bs
    BUFGCE_X0Y76         BUFGCE (Prop_BUFCE_BUFGCE_I_O)
                                                      0.044     6.475 r  dbg_hub/inst/BSCANID.u_xsdbm_id/SWITCH_N_EXT_BSCAN.u_bufg_icon_tck/O
    X2Y2 (CLOCK_ROOT)    net (fo=478, routed)         2.372     8.847    dbg_hub/inst/BSCANID.u_xsdbm_id/CORE_XSDB.UUT_MASTER/U_ICON_INTERFACE/U_CMD6_WR/U_WR_FIFO/SUBCORE_FIFO.xsdbm_v3_0_2_wrfifo_inst/inst_fifo_gen/gconvfifo.rf/grf.rf/gntv_or_sync_fifo.mem/gdm.dm_gen.dm/RAM_reg_0_15_0_13/WCLK
    SLICE_X45Y196        RAMD32                                       r  dbg_hub/inst/BSCANID.u_xsdbm_id/CORE_XSDB.UUT_MASTER/U_ICON_INTERFACE/U_CMD6_WR/U_WR_FIFO/SUBCORE_FIFO.xsdbm_v3_0_2_wrfifo_inst/inst_fifo_gen/gconvfifo.rf/grf.rf/gntv_or_sync_fifo.mem/gdm.dm_gen.dm/RAM_reg_0_15_0_13/RAMF/CLK
  -------------------------------------------------------------------    -------------------
    SLICE_X45Y196        RAMD32 (Prop_F5LUT_SLICEM_CLK_O)
                                                      0.417     9.264 r  dbg_hub/inst/BSCANID.u_xsdbm_id/CORE_XSDB.UUT_MASTER/U_ICON_INTERFACE/U_CMD6_WR/U_WR_FIFO/SUBCORE_FIFO.xsdbm_v3_0_2_wrfifo_inst/inst_fifo_gen/gconvfifo.rf/grf.rf/gntv_or_sync_fifo.mem/gdm.dm_gen.dm/RAM_reg_0_15_0_13/RAMF/O
                         net (fo=1, routed)           0.397     9.661    dbg_hub/inst/BSCANID.u_xsdbm_id/CORE_XSDB.UUT_MASTER/U_ICON_INTERFACE/U_CMD6_WR/U_WR_FIFO/SUBCORE_FIFO.xsdbm_v3_0_2_wrfifo_inst/inst_fifo_gen/gconvfifo.rf/grf.rf/gntv_or_sync_fifo.mem/gdm.dm_gen.dm/dout_i0[10]
    SLICE_X47Y195        FDRE                                         r  dbg_hub/inst/BSCANID.u_xsdbm_id/CORE_XSDB.UUT_MASTER/U_ICON_INTERFACE/U_CMD6_WR/U_WR_FIFO/SUBCORE_FIFO.xsdbm_v3_0_2_wrfifo_inst/inst_fifo_gen/gconvfifo.rf/grf.rf/gntv_or_sync_fifo.mem/gdm.dm_gen.dm/gpr1.dout_i_reg[10]/D
  -------------------------------------------------------------------    -------------------

                         (clock clk_pl_0 rise edge)
                                                      0.000     0.000 r  
    PS8_X0Y0             PS8                          0.000     0.000 r  kria_starter_kit_i/zynq_ultra_ps_e_0/U0/PS8_i/PLCLK[0]
                         net (fo=1, routed)           0.181     0.181    kria_starter_kit_i/zynq_ultra_ps_e_0/U0/pl_clk_unbuffered[0]
    BUFG_PS_X0Y90        BUFG_PS (Prop_BUFG_PS_I_O)
                                                      0.035     0.216 r  kria_starter_kit_i/zynq_ultra_ps_e_0/U0/buffer_pl_clk_0.PL_CLK_0_BUFG/O
    X1Y2 (CLOCK_ROOT)    net (fo=1510, routed)        2.378     2.594    dbg_hub/inst/BSCANID.u_xsdbm_id/CORE_XSDB.UUT_MASTER/U_ICON_INTERFACE/U_CMD6_WR/U_WR_FIFO/SUBCORE_FIFO.xsdbm_v3_0_2_wrfifo_inst/inst_fifo_gen/gconvfifo.rf/grf.rf/gntv_or_sync_fifo.mem/gdm.dm_gen.dm/rd_clk
    SLICE_X47Y195        FDRE                                         r  dbg_hub/inst/BSCANID.u_xsdbm_id/CORE_XSDB.UUT_MASTER/U_ICON_INTERFACE/U_CMD6_WR/U_WR_FIFO/SUBCORE_FIFO.xsdbm_v3_0_2_wrfifo_inst/inst_fifo_gen/gconvfifo.rf/grf.rf/gntv_or_sync_fifo.mem/gdm.dm_gen.dm/gpr1.dout_i_reg[10]/C

Slack:                    inf
  Source:                 dbg_hub/inst/BSCANID.u_xsdbm_id/CORE_XSDB.UUT_MASTER/U_ICON_INTERFACE/U_CMD6_WR/U_WR_FIFO/SUBCORE_FIFO.xsdbm_v3_0_2_wrfifo_inst/inst_fifo_gen/gconvfifo.rf/grf.rf/gntv_or_sync_fifo.mem/gdm.dm_gen.dm/RAM_reg_0_15_0_13/RAMF_D1/CLK
                            (rising edge-triggered cell RAMD32 clocked by dbg_hub/inst/BSCANID.u_xsdbm_id/SWITCH_N_EXT_BSCAN.bscan_inst/SERIES7_BSCAN.bscan_inst/INTERNAL_TCK  {rise@0.000ns fall@25.000ns period=50.000ns})
  Destination:            dbg_hub/inst/BSCANID.u_xsdbm_id/CORE_XSDB.UUT_MASTER/U_ICON_INTERFACE/U_CMD6_WR/U_WR_FIFO/SUBCORE_FIFO.xsdbm_v3_0_2_wrfifo_inst/inst_fifo_gen/gconvfifo.rf/grf.rf/gntv_or_sync_fifo.mem/gdm.dm_gen.dm/gpr1.dout_i_reg[11]/D
                            (rising edge-triggered cell FDRE clocked by clk_pl_0  {rise@0.000ns fall@5.000ns period=10.000ns})
  Path Group:             (none)
  Path Type:              Setup (Max at Slow Process Corner)
  Data Path Delay:        0.806ns  (logic 0.429ns (53.226%)  route 0.377ns (46.774%))
  Logic Levels:           0  
  Clock Path Skew:        -6.261ns (DCD - SCD + CPR)
    Destination Clock Delay (DCD):    2.586ns
    Source Clock Delay      (SCD):    8.847ns
    Clock Pessimism Removal (CPR):    0.000ns
  Clock Uncertainty:      0.160ns  ((TSJ^2 + DJ^2)^1/2) / 2 + PE
    Total System Jitter     (TSJ):    0.071ns
    Discrete Jitter          (DJ):    0.312ns
    Phase Error              (PE):    0.000ns
  Clock Net Delay (Source):      2.372ns (routing 1.187ns, distribution 1.185ns)
  Clock Net Delay (Destination): 2.370ns (routing 1.282ns, distribution 1.088ns)
  Timing Exception:       False Path

    Location             Delay type                Incr(ns)  Path(ns)    Netlist Resource(s)
  -------------------------------------------------------------------    -------------------
                         (clock dbg_hub/inst/BSCANID.u_xsdbm_id/SWITCH_N_EXT_BSCAN.bscan_inst/SERIES7_BSCAN.bscan_inst/INTERNAL_TCK rise edge)
                                                      0.000     0.000 r  
    CONFIG_SITE_X0Y0     BSCANE2                      0.000     0.000 r  dbg_hub/inst/BSCANID.u_xsdbm_id/SWITCH_N_EXT_BSCAN.bscan_inst/SERIES7_BSCAN.bscan_inst/INTERNAL_TCK
    CONFIG_SITE_X0Y0     BSCANE2 (Prop_BSCAN1_CONFIG_SITE_INTERNAL_TCK_TCK)
                                                      4.800     4.800 r  dbg_hub/inst/BSCANID.u_xsdbm_id/SWITCH_N_EXT_BSCAN.bscan_inst/SERIES7_BSCAN.bscan_inst/TCK
                         net (fo=1, routed)           1.631     6.431    dbg_hub/inst/BSCANID.u_xsdbm_id/tck_bs
    BUFGCE_X0Y76         BUFGCE (Prop_BUFCE_BUFGCE_I_O)
                                                      0.044     6.475 r  dbg_hub/inst/BSCANID.u_xsdbm_id/SWITCH_N_EXT_BSCAN.u_bufg_icon_tck/O
    X2Y2 (CLOCK_ROOT)    net (fo=478, routed)         2.372     8.847    dbg_hub/inst/BSCANID.u_xsdbm_id/CORE_XSDB.UUT_MASTER/U_ICON_INTERFACE/U_CMD6_WR/U_WR_FIFO/SUBCORE_FIFO.xsdbm_v3_0_2_wrfifo_inst/inst_fifo_gen/gconvfifo.rf/grf.rf/gntv_or_sync_fifo.mem/gdm.dm_gen.dm/RAM_reg_0_15_0_13/WCLK
    SLICE_X45Y196        RAMD32                                       r  dbg_hub/inst/BSCANID.u_xsdbm_id/CORE_XSDB.UUT_MASTER/U_ICON_INTERFACE/U_CMD6_WR/U_WR_FIFO/SUBCORE_FIFO.xsdbm_v3_0_2_wrfifo_inst/inst_fifo_gen/gconvfifo.rf/grf.rf/gntv_or_sync_fifo.mem/gdm.dm_gen.dm/RAM_reg_0_15_0_13/RAMF_D1/CLK
  -------------------------------------------------------------------    -------------------
    SLICE_X45Y196        RAMD32 (Prop_F6LUT_SLICEM_CLK_O)
                                                      0.429     9.276 r  dbg_hub/inst/BSCANID.u_xsdbm_id/CORE_XSDB.UUT_MASTER/U_ICON_INTERFACE/U_CMD6_WR/U_WR_FIFO/SUBCORE_FIFO.xsdbm_v3_0_2_wrfifo_inst/inst_fifo_gen/gconvfifo.rf/grf.rf/gntv_or_sync_fifo.mem/gdm.dm_gen.dm/RAM_reg_0_15_0_13/RAMF_D1/O
                         net (fo=1, routed)           0.377     9.653    dbg_hub/inst/BSCANID.u_xsdbm_id/CORE_XSDB.UUT_MASTER/U_ICON_INTERFACE/U_CMD6_WR/U_WR_FIFO/SUBCORE_FIFO.xsdbm_v3_0_2_wrfifo_inst/inst_fifo_gen/gconvfifo.rf/grf.rf/gntv_or_sync_fifo.mem/gdm.dm_gen.dm/dout_i0[11]
    SLICE_X45Y197        FDRE                                         r  dbg_hub/inst/BSCANID.u_xsdbm_id/CORE_XSDB.UUT_MASTER/U_ICON_INTERFACE/U_CMD6_WR/U_WR_FIFO/SUBCORE_FIFO.xsdbm_v3_0_2_wrfifo_inst/inst_fifo_gen/gconvfifo.rf/grf.rf/gntv_or_sync_fifo.mem/gdm.dm_gen.dm/gpr1.dout_i_reg[11]/D
  -------------------------------------------------------------------    -------------------

                         (clock clk_pl_0 rise edge)
                                                      0.000     0.000 r  
    PS8_X0Y0             PS8                          0.000     0.000 r  kria_starter_kit_i/zynq_ultra_ps_e_0/U0/PS8_i/PLCLK[0]
                         net (fo=1, routed)           0.181     0.181    kria_starter_kit_i/zynq_ultra_ps_e_0/U0/pl_clk_unbuffered[0]
    BUFG_PS_X0Y90        BUFG_PS (Prop_BUFG_PS_I_O)
                                                      0.035     0.216 r  kria_starter_kit_i/zynq_ultra_ps_e_0/U0/buffer_pl_clk_0.PL_CLK_0_BUFG/O
    X1Y2 (CLOCK_ROOT)    net (fo=1510, routed)        2.370     2.586    dbg_hub/inst/BSCANID.u_xsdbm_id/CORE_XSDB.UUT_MASTER/U_ICON_INTERFACE/U_CMD6_WR/U_WR_FIFO/SUBCORE_FIFO.xsdbm_v3_0_2_wrfifo_inst/inst_fifo_gen/gconvfifo.rf/grf.rf/gntv_or_sync_fifo.mem/gdm.dm_gen.dm/rd_clk
    SLICE_X45Y197        FDRE                                         r  dbg_hub/inst/BSCANID.u_xsdbm_id/CORE_XSDB.UUT_MASTER/U_ICON_INTERFACE/U_CMD6_WR/U_WR_FIFO/SUBCORE_FIFO.xsdbm_v3_0_2_wrfifo_inst/inst_fifo_gen/gconvfifo.rf/grf.rf/gntv_or_sync_fifo.mem/gdm.dm_gen.dm/gpr1.dout_i_reg[11]/C





Min Delay Paths
--------------------------------------------------------------------------------------
Slack:                    inf
  Source:                 dbg_hub/inst/BSCANID.u_xsdbm_id/CORE_XSDB.UUT_MASTER/U_ICON_INTERFACE/U_CMD6_WR/U_WR_FIFO/SUBCORE_FIFO.xsdbm_v3_0_2_wrfifo_inst/inst_fifo_gen/gconvfifo.rf/grf.rf/gntv_or_sync_fifo.gcx.clkx/gnxpm_cdc.wr_pntr_gc_reg[2]/C
                            (rising edge-triggered cell FDCE clocked by dbg_hub/inst/BSCANID.u_xsdbm_id/SWITCH_N_EXT_BSCAN.bscan_inst/SERIES7_BSCAN.bscan_inst/INTERNAL_TCK  {rise@0.000ns fall@25.000ns period=50.000ns})
  Destination:            dbg_hub/inst/BSCANID.u_xsdbm_id/CORE_XSDB.UUT_MASTER/U_ICON_INTERFACE/U_CMD6_WR/U_WR_FIFO/SUBCORE_FIFO.xsdbm_v3_0_2_wrfifo_inst/inst_fifo_gen/gconvfifo.rf/grf.rf/gntv_or_sync_fifo.gcx.clkx/gnxpm_cdc.gsync_stage[1].rd_stg_inst/Q_reg_reg[2]/D
                            (rising edge-triggered cell FDCE clocked by clk_pl_0  {rise@0.000ns fall@5.000ns period=10.000ns})
  Path Group:             (none)
  Path Type:              Hold (Min at Fast Process Corner)
  Data Path Delay:        0.162ns  (logic 0.084ns (51.852%)  route 0.078ns (48.148%))
  Logic Levels:           0  
  Clock Path Skew:        -0.710ns (DCD - SCD - CPR)
    Destination Clock Delay (DCD):    1.759ns
    Source Clock Delay      (SCD):    2.469ns
    Clock Pessimism Removal (CPR):    -0.000ns
  Clock Uncertainty:      0.160ns  ((TSJ^2 + DJ^2)^1/2) / 2 + PE
    Total System Jitter     (TSJ):    0.071ns
    Discrete Jitter          (DJ):    0.312ns
    Phase Error              (PE):    0.000ns
  Clock Net Delay (Source):      1.253ns (routing 0.650ns, distribution 0.603ns)
  Clock Net Delay (Destination): 1.572ns (routing 0.861ns, distribution 0.711ns)
  Timing Exception:       False Path

    Location             Delay type                Incr(ns)  Path(ns)    Netlist Resource(s)
  -------------------------------------------------------------------    -------------------
                         (clock dbg_hub/inst/BSCANID.u_xsdbm_id/SWITCH_N_EXT_BSCAN.bscan_inst/SERIES7_BSCAN.bscan_inst/INTERNAL_TCK rise edge)
                                                      0.000     0.000 r  
    CONFIG_SITE_X0Y0     BSCANE2                      0.000     0.000 r  dbg_hub/inst/BSCANID.u_xsdbm_id/SWITCH_N_EXT_BSCAN.bscan_inst/SERIES7_BSCAN.bscan_inst/INTERNAL_TCK
    CONFIG_SITE_X0Y0     BSCANE2 (Prop_BSCAN1_CONFIG_SITE_INTERNAL_TCK_TCK)
                                                      0.465     0.465 r  dbg_hub/inst/BSCANID.u_xsdbm_id/SWITCH_N_EXT_BSCAN.bscan_inst/SERIES7_BSCAN.bscan_inst/TCK
                         net (fo=1, routed)           0.728     1.193    dbg_hub/inst/BSCANID.u_xsdbm_id/tck_bs
    BUFGCE_X0Y76         BUFGCE (Prop_BUFCE_BUFGCE_I_O)
                                                      0.023     1.216 r  dbg_hub/inst/BSCANID.u_xsdbm_id/SWITCH_N_EXT_BSCAN.u_bufg_icon_tck/O
    X2Y2 (CLOCK_ROOT)    net (fo=478, routed)         1.253     2.469    dbg_hub/inst/BSCANID.u_xsdbm_id/CORE_XSDB.UUT_MASTER/U_ICON_INTERFACE/U_CMD6_WR/U_WR_FIFO/SUBCORE_FIFO.xsdbm_v3_0_2_wrfifo_inst/inst_fifo_gen/gconvfifo.rf/grf.rf/gntv_or_sync_fifo.gcx.clkx/wr_clk
    SLICE_X44Y197        FDCE                                         r  dbg_hub/inst/BSCANID.u_xsdbm_id/CORE_XSDB.UUT_MASTER/U_ICON_INTERFACE/U_CMD6_WR/U_WR_FIFO/SUBCORE_FIFO.xsdbm_v3_0_2_wrfifo_inst/inst_fifo_gen/gconvfifo.rf/grf.rf/gntv_or_sync_fifo.gcx.clkx/gnxpm_cdc.wr_pntr_gc_reg[2]/C
  -------------------------------------------------------------------    -------------------
    SLICE_X44Y197        FDCE (Prop_GFF_SLICEL_C_Q)
                                                      0.084     2.553 r  dbg_hub/inst/BSCANID.u_xsdbm_id/CORE_XSDB.UUT_MASTER/U_ICON_INTERFACE/U_CMD6_WR/U_WR_FIFO/SUBCORE_FIFO.xsdbm_v3_0_2_wrfifo_inst/inst_fifo_gen/gconvfifo.rf/grf.rf/gntv_or_sync_fifo.gcx.clkx/gnxpm_cdc.wr_pntr_gc_reg[2]/Q
                         net (fo=1, routed)           0.078     2.631    dbg_hub/inst/BSCANID.u_xsdbm_id/CORE_XSDB.UUT_MASTER/U_ICON_INTERFACE/U_CMD6_WR/U_WR_FIFO/SUBCORE_FIFO.xsdbm_v3_0_2_wrfifo_inst/inst_fifo_gen/gconvfifo.rf/grf.rf/gntv_or_sync_fifo.gcx.clkx/gnxpm_cdc.gsync_stage[1].rd_stg_inst/Q[2]
    SLICE_X44Y197        FDCE                                         r  dbg_hub/inst/BSCANID.u_xsdbm_id/CORE_XSDB.UUT_MASTER/U_ICON_INTERFACE/U_CMD6_WR/U_WR_FIFO/SUBCORE_FIFO.xsdbm_v3_0_2_wrfifo_inst/inst_fifo_gen/gconvfifo.rf/grf.rf/gntv_or_sync_fifo.gcx.clkx/gnxpm_cdc.gsync_stage[1].rd_stg_inst/Q_reg_reg[2]/D
  -------------------------------------------------------------------    -------------------

                         (clock clk_pl_0 rise edge)
                                                      0.000     0.000 r  
    PS8_X0Y0             PS8                          0.000     0.000 r  kria_starter_kit_i/zynq_ultra_ps_e_0/U0/PS8_i/PLCLK[0]
                         net (fo=1, routed)           0.164     0.164    kria_starter_kit_i/zynq_ultra_ps_e_0/U0/pl_clk_unbuffered[0]
    BUFG_PS_X0Y90        BUFG_PS (Prop_BUFG_PS_I_O)
                                                      0.023     0.187 r  kria_starter_kit_i/zynq_ultra_ps_e_0/U0/buffer_pl_clk_0.PL_CLK_0_BUFG/O
    X1Y2 (CLOCK_ROOT)    net (fo=1510, routed)        1.572     1.759    dbg_hub/inst/BSCANID.u_xsdbm_id/CORE_XSDB.UUT_MASTER/U_ICON_INTERFACE/U_CMD6_WR/U_WR_FIFO/SUBCORE_FIFO.xsdbm_v3_0_2_wrfifo_inst/inst_fifo_gen/gconvfifo.rf/grf.rf/gntv_or_sync_fifo.gcx.clkx/gnxpm_cdc.gsync_stage[1].rd_stg_inst/rd_clk
    SLICE_X44Y197        FDCE                                         r  dbg_hub/inst/BSCANID.u_xsdbm_id/CORE_XSDB.UUT_MASTER/U_ICON_INTERFACE/U_CMD6_WR/U_WR_FIFO/SUBCORE_FIFO.xsdbm_v3_0_2_wrfifo_inst/inst_fifo_gen/gconvfifo.rf/grf.rf/gntv_or_sync_fifo.gcx.clkx/gnxpm_cdc.gsync_stage[1].rd_stg_inst/Q_reg_reg[2]/C

Slack:                    inf
  Source:                 dbg_hub/inst/BSCANID.u_xsdbm_id/CORE_XSDB.UUT_MASTER/U_ICON_INTERFACE/U_CMD6_WR/U_WR_FIFO/SUBCORE_FIFO.xsdbm_v3_0_2_wrfifo_inst/inst_fifo_gen/gconvfifo.rf/grf.rf/gntv_or_sync_fifo.gcx.clkx/gnxpm_cdc.wr_pntr_gc_reg[3]/C
                            (rising edge-triggered cell FDCE clocked by dbg_hub/inst/BSCANID.u_xsdbm_id/SWITCH_N_EXT_BSCAN.bscan_inst/SERIES7_BSCAN.bscan_inst/INTERNAL_TCK  {rise@0.000ns fall@25.000ns period=50.000ns})
  Destination:            dbg_hub/inst/BSCANID.u_xsdbm_id/CORE_XSDB.UUT_MASTER/U_ICON_INTERFACE/U_CMD6_WR/U_WR_FIFO/SUBCORE_FIFO.xsdbm_v3_0_2_wrfifo_inst/inst_fifo_gen/gconvfifo.rf/grf.rf/gntv_or_sync_fifo.gcx.clkx/gnxpm_cdc.gsync_stage[1].rd_stg_inst/Q_reg_reg[3]/D
                            (rising edge-triggered cell FDCE clocked by clk_pl_0  {rise@0.000ns fall@5.000ns period=10.000ns})
  Path Group:             (none)
  Path Type:              Hold (Min at Fast Process Corner)
  Data Path Delay:        0.169ns  (logic 0.084ns (49.704%)  route 0.085ns (50.296%))
  Logic Levels:           0  
  Clock Path Skew:        -0.710ns (DCD - SCD - CPR)
    Destination Clock Delay (DCD):    1.759ns
    Source Clock Delay      (SCD):    2.469ns
    Clock Pessimism Removal (CPR):    -0.000ns
  Clock Uncertainty:      0.160ns  ((TSJ^2 + DJ^2)^1/2) / 2 + PE
    Total System Jitter     (TSJ):    0.071ns
    Discrete Jitter          (DJ):    0.312ns
    Phase Error              (PE):    0.000ns
  Clock Net Delay (Source):      1.253ns (routing 0.650ns, distribution 0.603ns)
  Clock Net Delay (Destination): 1.572ns (routing 0.861ns, distribution 0.711ns)
  Timing Exception:       False Path

    Location             Delay type                Incr(ns)  Path(ns)    Netlist Resource(s)
  -------------------------------------------------------------------    -------------------
                         (clock dbg_hub/inst/BSCANID.u_xsdbm_id/SWITCH_N_EXT_BSCAN.bscan_inst/SERIES7_BSCAN.bscan_inst/INTERNAL_TCK rise edge)
                                                      0.000     0.000 r  
    CONFIG_SITE_X0Y0     BSCANE2                      0.000     0.000 r  dbg_hub/inst/BSCANID.u_xsdbm_id/SWITCH_N_EXT_BSCAN.bscan_inst/SERIES7_BSCAN.bscan_inst/INTERNAL_TCK
    CONFIG_SITE_X0Y0     BSCANE2 (Prop_BSCAN1_CONFIG_SITE_INTERNAL_TCK_TCK)
                                                      0.465     0.465 r  dbg_hub/inst/BSCANID.u_xsdbm_id/SWITCH_N_EXT_BSCAN.bscan_inst/SERIES7_BSCAN.bscan_inst/TCK
                         net (fo=1, routed)           0.728     1.193    dbg_hub/inst/BSCANID.u_xsdbm_id/tck_bs
    BUFGCE_X0Y76         BUFGCE (Prop_BUFCE_BUFGCE_I_O)
                                                      0.023     1.216 r  dbg_hub/inst/BSCANID.u_xsdbm_id/SWITCH_N_EXT_BSCAN.u_bufg_icon_tck/O
    X2Y2 (CLOCK_ROOT)    net (fo=478, routed)         1.253     2.469    dbg_hub/inst/BSCANID.u_xsdbm_id/CORE_XSDB.UUT_MASTER/U_ICON_INTERFACE/U_CMD6_WR/U_WR_FIFO/SUBCORE_FIFO.xsdbm_v3_0_2_wrfifo_inst/inst_fifo_gen/gconvfifo.rf/grf.rf/gntv_or_sync_fifo.gcx.clkx/wr_clk
    SLICE_X44Y197        FDCE                                         r  dbg_hub/inst/BSCANID.u_xsdbm_id/CORE_XSDB.UUT_MASTER/U_ICON_INTERFACE/U_CMD6_WR/U_WR_FIFO/SUBCORE_FIFO.xsdbm_v3_0_2_wrfifo_inst/inst_fifo_gen/gconvfifo.rf/grf.rf/gntv_or_sync_fifo.gcx.clkx/gnxpm_cdc.wr_pntr_gc_reg[3]/C
  -------------------------------------------------------------------    -------------------
    SLICE_X44Y197        FDCE (Prop_EFF_SLICEL_C_Q)
                                                      0.084     2.553 r  dbg_hub/inst/BSCANID.u_xsdbm_id/CORE_XSDB.UUT_MASTER/U_ICON_INTERFACE/U_CMD6_WR/U_WR_FIFO/SUBCORE_FIFO.xsdbm_v3_0_2_wrfifo_inst/inst_fifo_gen/gconvfifo.rf/grf.rf/gntv_or_sync_fifo.gcx.clkx/gnxpm_cdc.wr_pntr_gc_reg[3]/Q
                         net (fo=1, routed)           0.085     2.638    dbg_hub/inst/BSCANID.u_xsdbm_id/CORE_XSDB.UUT_MASTER/U_ICON_INTERFACE/U_CMD6_WR/U_WR_FIFO/SUBCORE_FIFO.xsdbm_v3_0_2_wrfifo_inst/inst_fifo_gen/gconvfifo.rf/grf.rf/gntv_or_sync_fifo.gcx.clkx/gnxpm_cdc.gsync_stage[1].rd_stg_inst/Q[3]
    SLICE_X44Y197        FDCE                                         r  dbg_hub/inst/BSCANID.u_xsdbm_id/CORE_XSDB.UUT_MASTER/U_ICON_INTERFACE/U_CMD6_WR/U_WR_FIFO/SUBCORE_FIFO.xsdbm_v3_0_2_wrfifo_inst/inst_fifo_gen/gconvfifo.rf/grf.rf/gntv_or_sync_fifo.gcx.clkx/gnxpm_cdc.gsync_stage[1].rd_stg_inst/Q_reg_reg[3]/D
  -------------------------------------------------------------------    -------------------

                         (clock clk_pl_0 rise edge)
                                                      0.000     0.000 r  
    PS8_X0Y0             PS8                          0.000     0.000 r  kria_starter_kit_i/zynq_ultra_ps_e_0/U0/PS8_i/PLCLK[0]
                         net (fo=1, routed)           0.164     0.164    kria_starter_kit_i/zynq_ultra_ps_e_0/U0/pl_clk_unbuffered[0]
    BUFG_PS_X0Y90        BUFG_PS (Prop_BUFG_PS_I_O)
                                                      0.023     0.187 r  kria_starter_kit_i/zynq_ultra_ps_e_0/U0/buffer_pl_clk_0.PL_CLK_0_BUFG/O
    X1Y2 (CLOCK_ROOT)    net (fo=1510, routed)        1.572     1.759    dbg_hub/inst/BSCANID.u_xsdbm_id/CORE_XSDB.UUT_MASTER/U_ICON_INTERFACE/U_CMD6_WR/U_WR_FIFO/SUBCORE_FIFO.xsdbm_v3_0_2_wrfifo_inst/inst_fifo_gen/gconvfifo.rf/grf.rf/gntv_or_sync_fifo.gcx.clkx/gnxpm_cdc.gsync_stage[1].rd_stg_inst/rd_clk
    SLICE_X44Y197        FDCE                                         r  dbg_hub/inst/BSCANID.u_xsdbm_id/CORE_XSDB.UUT_MASTER/U_ICON_INTERFACE/U_CMD6_WR/U_WR_FIFO/SUBCORE_FIFO.xsdbm_v3_0_2_wrfifo_inst/inst_fifo_gen/gconvfifo.rf/grf.rf/gntv_or_sync_fifo.gcx.clkx/gnxpm_cdc.gsync_stage[1].rd_stg_inst/Q_reg_reg[3]/C

Slack:                    inf
  Source:                 dbg_hub/inst/BSCANID.u_xsdbm_id/CORE_XSDB.UUT_MASTER/U_ICON_INTERFACE/U_CMD3/icn_cmd_en_temp_reg/C
                            (rising edge-triggered cell FDRE clocked by dbg_hub/inst/BSCANID.u_xsdbm_id/SWITCH_N_EXT_BSCAN.bscan_inst/SERIES7_BSCAN.bscan_inst/INTERNAL_TCK  {rise@0.000ns fall@25.000ns period=50.000ns})
  Destination:            dbg_hub/inst/BSCANID.u_xsdbm_id/CORE_XSDB.UUT_MASTER/U_ICON_INTERFACE/U_CMD3/stat_reg_ld_reg[0]/D
                            (rising edge-triggered cell FDRE clocked by clk_pl_0  {rise@0.000ns fall@5.000ns period=10.000ns})
  Path Group:             (none)
  Path Type:              Hold (Min at Fast Process Corner)
  Data Path Delay:        0.143ns  (logic 0.083ns (57.939%)  route 0.060ns (42.061%))
  Logic Levels:           0  
  Clock Path Skew:        -0.695ns (DCD - SCD - CPR)
    Destination Clock Delay (DCD):    1.803ns
    Source Clock Delay      (SCD):    2.498ns
    Clock Pessimism Removal (CPR):    -0.000ns
  Clock Uncertainty:      0.160ns  ((TSJ^2 + DJ^2)^1/2) / 2 + PE
    Total System Jitter     (TSJ):    0.071ns
    Discrete Jitter          (DJ):    0.312ns
    Phase Error              (PE):    0.000ns
  Clock Net Delay (Source):      1.282ns (routing 0.650ns, distribution 0.632ns)
  Clock Net Delay (Destination): 1.616ns (routing 0.861ns, distribution 0.755ns)
  Timing Exception:       False Path

    Location             Delay type                Incr(ns)  Path(ns)    Netlist Resource(s)
  -------------------------------------------------------------------    -------------------
                         (clock dbg_hub/inst/BSCANID.u_xsdbm_id/SWITCH_N_EXT_BSCAN.bscan_inst/SERIES7_BSCAN.bscan_inst/INTERNAL_TCK rise edge)
                                                      0.000     0.000 r  
    CONFIG_SITE_X0Y0     BSCANE2                      0.000     0.000 r  dbg_hub/inst/BSCANID.u_xsdbm_id/SWITCH_N_EXT_BSCAN.bscan_inst/SERIES7_BSCAN.bscan_inst/INTERNAL_TCK
    CONFIG_SITE_X0Y0     BSCANE2 (Prop_BSCAN1_CONFIG_SITE_INTERNAL_TCK_TCK)
                                                      0.465     0.465 r  dbg_hub/inst/BSCANID.u_xsdbm_id/SWITCH_N_EXT_BSCAN.bscan_inst/SERIES7_BSCAN.bscan_inst/TCK
                         net (fo=1, routed)           0.728     1.193    dbg_hub/inst/BSCANID.u_xsdbm_id/tck_bs
    BUFGCE_X0Y76         BUFGCE (Prop_BUFCE_BUFGCE_I_O)
                                                      0.023     1.216 r  dbg_hub/inst/BSCANID.u_xsdbm_id/SWITCH_N_EXT_BSCAN.u_bufg_icon_tck/O
    X2Y2 (CLOCK_ROOT)    net (fo=478, routed)         1.282     2.498    dbg_hub/inst/BSCANID.u_xsdbm_id/CORE_XSDB.UUT_MASTER/U_ICON_INTERFACE/U_CMD3/m_bscan_tck[0]
    SLICE_X51Y189        FDRE                                         r  dbg_hub/inst/BSCANID.u_xsdbm_id/CORE_XSDB.UUT_MASTER/U_ICON_INTERFACE/U_CMD3/icn_cmd_en_temp_reg/C
  -------------------------------------------------------------------    -------------------
    SLICE_X51Y189        FDRE (Prop_FFF_SLICEL_C_Q)
                                                      0.083     2.581 r  dbg_hub/inst/BSCANID.u_xsdbm_id/CORE_XSDB.UUT_MASTER/U_ICON_INTERFACE/U_CMD3/icn_cmd_en_temp_reg/Q
                         net (fo=5, routed)           0.060     2.641    dbg_hub/inst/BSCANID.u_xsdbm_id/CORE_XSDB.UUT_MASTER/U_ICON_INTERFACE/U_CMD3/icn_cmd_en_temp
    SLICE_X51Y188        FDRE                                         r  dbg_hub/inst/BSCANID.u_xsdbm_id/CORE_XSDB.UUT_MASTER/U_ICON_INTERFACE/U_CMD3/stat_reg_ld_reg[0]/D
  -------------------------------------------------------------------    -------------------

                         (clock clk_pl_0 rise edge)
                                                      0.000     0.000 r  
    PS8_X0Y0             PS8                          0.000     0.000 r  kria_starter_kit_i/zynq_ultra_ps_e_0/U0/PS8_i/PLCLK[0]
                         net (fo=1, routed)           0.164     0.164    kria_starter_kit_i/zynq_ultra_ps_e_0/U0/pl_clk_unbuffered[0]
    BUFG_PS_X0Y90        BUFG_PS (Prop_BUFG_PS_I_O)
                                                      0.023     0.187 r  kria_starter_kit_i/zynq_ultra_ps_e_0/U0/buffer_pl_clk_0.PL_CLK_0_BUFG/O
    X1Y2 (CLOCK_ROOT)    net (fo=1510, routed)        1.616     1.803    dbg_hub/inst/BSCANID.u_xsdbm_id/CORE_XSDB.UUT_MASTER/U_ICON_INTERFACE/U_CMD3/clk
    SLICE_X51Y188        FDRE                                         r  dbg_hub/inst/BSCANID.u_xsdbm_id/CORE_XSDB.UUT_MASTER/U_ICON_INTERFACE/U_CMD3/stat_reg_ld_reg[0]/C

Slack:                    inf
  Source:                 dbg_hub/inst/BSCANID.u_xsdbm_id/CORE_XSDB.UUT_MASTER/U_ICON_INTERFACE/U_CMD6_RD/U_RD_FIFO/SUBCORE_FIFO.xsdbm_v3_0_2_rdfifo_inst/inst_fifo_gen/gconvfifo.rf/grf.rf/gntv_or_sync_fifo.gcx.clkx/gnxpm_cdc.rd_pntr_gc_reg[2]/C
                            (rising edge-triggered cell FDCE clocked by dbg_hub/inst/BSCANID.u_xsdbm_id/SWITCH_N_EXT_BSCAN.bscan_inst/SERIES7_BSCAN.bscan_inst/INTERNAL_TCK  {rise@0.000ns fall@25.000ns period=50.000ns})
  Destination:            dbg_hub/inst/BSCANID.u_xsdbm_id/CORE_XSDB.UUT_MASTER/U_ICON_INTERFACE/U_CMD6_RD/U_RD_FIFO/SUBCORE_FIFO.xsdbm_v3_0_2_rdfifo_inst/inst_fifo_gen/gconvfifo.rf/grf.rf/gntv_or_sync_fifo.gcx.clkx/gnxpm_cdc.gsync_stage[1].wr_stg_inst/Q_reg_reg[2]/D
                            (rising edge-triggered cell FDCE clocked by clk_pl_0  {rise@0.000ns fall@5.000ns period=10.000ns})
  Path Group:             (none)
  Path Type:              Hold (Min at Fast Process Corner)
  Data Path Delay:        0.143ns  (logic 0.083ns (58.042%)  route 0.060ns (41.958%))
  Logic Levels:           0  
  Clock Path Skew:        -0.685ns (DCD - SCD - CPR)
    Destination Clock Delay (DCD):    1.817ns
    Source Clock Delay      (SCD):    2.502ns
    Clock Pessimism Removal (CPR):    -0.000ns
  Clock Uncertainty:      0.160ns  ((TSJ^2 + DJ^2)^1/2) / 2 + PE
    Total System Jitter     (TSJ):    0.071ns
    Discrete Jitter          (DJ):    0.312ns
    Phase Error              (PE):    0.000ns
  Clock Net Delay (Source):      1.286ns (routing 0.650ns, distribution 0.636ns)
  Clock Net Delay (Destination): 1.630ns (routing 0.861ns, distribution 0.769ns)
  Timing Exception:       False Path

    Location             Delay type                Incr(ns)  Path(ns)    Netlist Resource(s)
  -------------------------------------------------------------------    -------------------
                         (clock dbg_hub/inst/BSCANID.u_xsdbm_id/SWITCH_N_EXT_BSCAN.bscan_inst/SERIES7_BSCAN.bscan_inst/INTERNAL_TCK rise edge)
                                                      0.000     0.000 r  
    CONFIG_SITE_X0Y0     BSCANE2                      0.000     0.000 r  dbg_hub/inst/BSCANID.u_xsdbm_id/SWITCH_N_EXT_BSCAN.bscan_inst/SERIES7_BSCAN.bscan_inst/INTERNAL_TCK
    CONFIG_SITE_X0Y0     BSCANE2 (Prop_BSCAN1_CONFIG_SITE_INTERNAL_TCK_TCK)
                                                      0.465     0.465 r  dbg_hub/inst/BSCANID.u_xsdbm_id/SWITCH_N_EXT_BSCAN.bscan_inst/SERIES7_BSCAN.bscan_inst/TCK
                         net (fo=1, routed)           0.728     1.193    dbg_hub/inst/BSCANID.u_xsdbm_id/tck_bs
    BUFGCE_X0Y76         BUFGCE (Prop_BUFCE_BUFGCE_I_O)
                                                      0.023     1.216 r  dbg_hub/inst/BSCANID.u_xsdbm_id/SWITCH_N_EXT_BSCAN.u_bufg_icon_tck/O
    X2Y2 (CLOCK_ROOT)    net (fo=478, routed)         1.286     2.502    dbg_hub/inst/BSCANID.u_xsdbm_id/CORE_XSDB.UUT_MASTER/U_ICON_INTERFACE/U_CMD6_RD/U_RD_FIFO/SUBCORE_FIFO.xsdbm_v3_0_2_rdfifo_inst/inst_fifo_gen/gconvfifo.rf/grf.rf/gntv_or_sync_fifo.gcx.clkx/rd_clk
    SLICE_X50Y200        FDCE                                         r  dbg_hub/inst/BSCANID.u_xsdbm_id/CORE_XSDB.UUT_MASTER/U_ICON_INTERFACE/U_CMD6_RD/U_RD_FIFO/SUBCORE_FIFO.xsdbm_v3_0_2_rdfifo_inst/inst_fifo_gen/gconvfifo.rf/grf.rf/gntv_or_sync_fifo.gcx.clkx/gnxpm_cdc.rd_pntr_gc_reg[2]/C
  -------------------------------------------------------------------    -------------------
    SLICE_X50Y200        FDCE (Prop_FFF_SLICEL_C_Q)
                                                      0.083     2.585 r  dbg_hub/inst/BSCANID.u_xsdbm_id/CORE_XSDB.UUT_MASTER/U_ICON_INTERFACE/U_CMD6_RD/U_RD_FIFO/SUBCORE_FIFO.xsdbm_v3_0_2_rdfifo_inst/inst_fifo_gen/gconvfifo.rf/grf.rf/gntv_or_sync_fifo.gcx.clkx/gnxpm_cdc.rd_pntr_gc_reg[2]/Q
                         net (fo=1, routed)           0.060     2.645    dbg_hub/inst/BSCANID.u_xsdbm_id/CORE_XSDB.UUT_MASTER/U_ICON_INTERFACE/U_CMD6_RD/U_RD_FIFO/SUBCORE_FIFO.xsdbm_v3_0_2_rdfifo_inst/inst_fifo_gen/gconvfifo.rf/grf.rf/gntv_or_sync_fifo.gcx.clkx/gnxpm_cdc.gsync_stage[1].wr_stg_inst/Q[2]
    SLICE_X50Y201        FDCE                                         r  dbg_hub/inst/BSCANID.u_xsdbm_id/CORE_XSDB.UUT_MASTER/U_ICON_INTERFACE/U_CMD6_RD/U_RD_FIFO/SUBCORE_FIFO.xsdbm_v3_0_2_rdfifo_inst/inst_fifo_gen/gconvfifo.rf/grf.rf/gntv_or_sync_fifo.gcx.clkx/gnxpm_cdc.gsync_stage[1].wr_stg_inst/Q_reg_reg[2]/D
  -------------------------------------------------------------------    -------------------

                         (clock clk_pl_0 rise edge)
                                                      0.000     0.000 r  
    PS8_X0Y0             PS8                          0.000     0.000 r  kria_starter_kit_i/zynq_ultra_ps_e_0/U0/PS8_i/PLCLK[0]
                         net (fo=1, routed)           0.164     0.164    kria_starter_kit_i/zynq_ultra_ps_e_0/U0/pl_clk_unbuffered[0]
    BUFG_PS_X0Y90        BUFG_PS (Prop_BUFG_PS_I_O)
                                                      0.023     0.187 r  kria_starter_kit_i/zynq_ultra_ps_e_0/U0/buffer_pl_clk_0.PL_CLK_0_BUFG/O
    X1Y2 (CLOCK_ROOT)    net (fo=1510, routed)        1.630     1.817    dbg_hub/inst/BSCANID.u_xsdbm_id/CORE_XSDB.UUT_MASTER/U_ICON_INTERFACE/U_CMD6_RD/U_RD_FIFO/SUBCORE_FIFO.xsdbm_v3_0_2_rdfifo_inst/inst_fifo_gen/gconvfifo.rf/grf.rf/gntv_or_sync_fifo.gcx.clkx/gnxpm_cdc.gsync_stage[1].wr_stg_inst/wr_clk
    SLICE_X50Y201        FDCE                                         r  dbg_hub/inst/BSCANID.u_xsdbm_id/CORE_XSDB.UUT_MASTER/U_ICON_INTERFACE/U_CMD6_RD/U_RD_FIFO/SUBCORE_FIFO.xsdbm_v3_0_2_rdfifo_inst/inst_fifo_gen/gconvfifo.rf/grf.rf/gntv_or_sync_fifo.gcx.clkx/gnxpm_cdc.gsync_stage[1].wr_stg_inst/Q_reg_reg[2]/C

Slack:                    inf
  Source:                 dbg_hub/inst/BSCANID.u_xsdbm_id/CORE_XSDB.UUT_MASTER/U_ICON_INTERFACE/U_CMD4/shift_reg_in_reg[7]/C
                            (rising edge-triggered cell FDRE clocked by dbg_hub/inst/BSCANID.u_xsdbm_id/SWITCH_N_EXT_BSCAN.bscan_inst/SERIES7_BSCAN.bscan_inst/INTERNAL_TCK  {rise@0.000ns fall@25.000ns period=50.000ns})
  Destination:            dbg_hub/inst/BSCANID.u_xsdbm_id/CORE_XSDB.UUT_MASTER/U_ICON_INTERFACE/U_CMD4/ctl_reg_reg[7]/D
                            (rising edge-triggered cell FDRE clocked by clk_pl_0  {rise@0.000ns fall@5.000ns period=10.000ns})
  Path Group:             (none)
  Path Type:              Hold (Min at Fast Process Corner)
  Data Path Delay:        0.148ns  (logic 0.084ns (56.897%)  route 0.064ns (43.103%))
  Logic Levels:           0  
  Clock Path Skew:        -0.691ns (DCD - SCD - CPR)
    Destination Clock Delay (DCD):    1.808ns
    Source Clock Delay      (SCD):    2.500ns
    Clock Pessimism Removal (CPR):    -0.000ns
  Clock Uncertainty:      0.160ns  ((TSJ^2 + DJ^2)^1/2) / 2 + PE
    Total System Jitter     (TSJ):    0.071ns
    Discrete Jitter          (DJ):    0.312ns
    Phase Error              (PE):    0.000ns
  Clock Net Delay (Source):      1.284ns (routing 0.650ns, distribution 0.634ns)
  Clock Net Delay (Destination): 1.621ns (routing 0.861ns, distribution 0.760ns)
  Timing Exception:       False Path

    Location             Delay type                Incr(ns)  Path(ns)    Netlist Resource(s)
  -------------------------------------------------------------------    -------------------
                         (clock dbg_hub/inst/BSCANID.u_xsdbm_id/SWITCH_N_EXT_BSCAN.bscan_inst/SERIES7_BSCAN.bscan_inst/INTERNAL_TCK rise edge)
                                                      0.000     0.000 r  
    CONFIG_SITE_X0Y0     BSCANE2                      0.000     0.000 r  dbg_hub/inst/BSCANID.u_xsdbm_id/SWITCH_N_EXT_BSCAN.bscan_inst/SERIES7_BSCAN.bscan_inst/INTERNAL_TCK
    CONFIG_SITE_X0Y0     BSCANE2 (Prop_BSCAN1_CONFIG_SITE_INTERNAL_TCK_TCK)
                                                      0.465     0.465 r  dbg_hub/inst/BSCANID.u_xsdbm_id/SWITCH_N_EXT_BSCAN.bscan_inst/SERIES7_BSCAN.bscan_inst/TCK
                         net (fo=1, routed)           0.728     1.193    dbg_hub/inst/BSCANID.u_xsdbm_id/tck_bs
    BUFGCE_X0Y76         BUFGCE (Prop_BUFCE_BUFGCE_I_O)
                                                      0.023     1.216 r  dbg_hub/inst/BSCANID.u_xsdbm_id/SWITCH_N_EXT_BSCAN.u_bufg_icon_tck/O
    X2Y2 (CLOCK_ROOT)    net (fo=478, routed)         1.284     2.500    dbg_hub/inst/BSCANID.u_xsdbm_id/CORE_XSDB.UUT_MASTER/U_ICON_INTERFACE/U_CMD4/m_bscan_tck[0]
    SLICE_X52Y196        FDRE                                         r  dbg_hub/inst/BSCANID.u_xsdbm_id/CORE_XSDB.UUT_MASTER/U_ICON_INTERFACE/U_CMD4/shift_reg_in_reg[7]/C
  -------------------------------------------------------------------    -------------------
    SLICE_X52Y196        FDRE (Prop_BFF_SLICEL_C_Q)
                                                      0.084     2.584 r  dbg_hub/inst/BSCANID.u_xsdbm_id/CORE_XSDB.UUT_MASTER/U_ICON_INTERFACE/U_CMD4/shift_reg_in_reg[7]/Q
                         net (fo=2, routed)           0.064     2.647    dbg_hub/inst/BSCANID.u_xsdbm_id/CORE_XSDB.UUT_MASTER/U_ICON_INTERFACE/U_CMD4/shift_reg_in[7]
    SLICE_X52Y197        FDRE                                         r  dbg_hub/inst/BSCANID.u_xsdbm_id/CORE_XSDB.UUT_MASTER/U_ICON_INTERFACE/U_CMD4/ctl_reg_reg[7]/D
  -------------------------------------------------------------------    -------------------

                         (clock clk_pl_0 rise edge)
                                                      0.000     0.000 r  
    PS8_X0Y0             PS8                          0.000     0.000 r  kria_starter_kit_i/zynq_ultra_ps_e_0/U0/PS8_i/PLCLK[0]
                         net (fo=1, routed)           0.164     0.164    kria_starter_kit_i/zynq_ultra_ps_e_0/U0/pl_clk_unbuffered[0]
    BUFG_PS_X0Y90        BUFG_PS (Prop_BUFG_PS_I_O)
                                                      0.023     0.187 r  kria_starter_kit_i/zynq_ultra_ps_e_0/U0/buffer_pl_clk_0.PL_CLK_0_BUFG/O
    X1Y2 (CLOCK_ROOT)    net (fo=1510, routed)        1.621     1.808    dbg_hub/inst/BSCANID.u_xsdbm_id/CORE_XSDB.UUT_MASTER/U_ICON_INTERFACE/U_CMD4/clk
    SLICE_X52Y197        FDRE                                         r  dbg_hub/inst/BSCANID.u_xsdbm_id/CORE_XSDB.UUT_MASTER/U_ICON_INTERFACE/U_CMD4/ctl_reg_reg[7]/C

Slack:                    inf
  Source:                 dbg_hub/inst/BSCANID.u_xsdbm_id/CORE_XSDB.UUT_MASTER/U_ICON_INTERFACE/U_CMD4/shift_reg_in_reg[15]/C
                            (rising edge-triggered cell FDRE clocked by dbg_hub/inst/BSCANID.u_xsdbm_id/SWITCH_N_EXT_BSCAN.bscan_inst/SERIES7_BSCAN.bscan_inst/INTERNAL_TCK  {rise@0.000ns fall@25.000ns period=50.000ns})
  Destination:            dbg_hub/inst/BSCANID.u_xsdbm_id/CORE_XSDB.UUT_MASTER/U_ICON_INTERFACE/U_CMD4/ctl_reg_reg[15]/D
                            (rising edge-triggered cell FDRE clocked by clk_pl_0  {rise@0.000ns fall@5.000ns period=10.000ns})
  Path Group:             (none)
  Path Type:              Hold (Min at Fast Process Corner)
  Data Path Delay:        0.148ns  (logic 0.086ns (57.980%)  route 0.062ns (42.020%))
  Logic Levels:           0  
  Clock Path Skew:        -0.686ns (DCD - SCD - CPR)
    Destination Clock Delay (DCD):    1.814ns
    Source Clock Delay      (SCD):    2.501ns
    Clock Pessimism Removal (CPR):    -0.000ns
  Clock Uncertainty:      0.160ns  ((TSJ^2 + DJ^2)^1/2) / 2 + PE
    Total System Jitter     (TSJ):    0.071ns
    Discrete Jitter          (DJ):    0.312ns
    Phase Error              (PE):    0.000ns
  Clock Net Delay (Source):      1.285ns (routing 0.650ns, distribution 0.635ns)
  Clock Net Delay (Destination): 1.627ns (routing 0.861ns, distribution 0.766ns)
  Timing Exception:       False Path

    Location             Delay type                Incr(ns)  Path(ns)    Netlist Resource(s)
  -------------------------------------------------------------------    -------------------
                         (clock dbg_hub/inst/BSCANID.u_xsdbm_id/SWITCH_N_EXT_BSCAN.bscan_inst/SERIES7_BSCAN.bscan_inst/INTERNAL_TCK rise edge)
                                                      0.000     0.000 r  
    CONFIG_SITE_X0Y0     BSCANE2                      0.000     0.000 r  dbg_hub/inst/BSCANID.u_xsdbm_id/SWITCH_N_EXT_BSCAN.bscan_inst/SERIES7_BSCAN.bscan_inst/INTERNAL_TCK
    CONFIG_SITE_X0Y0     BSCANE2 (Prop_BSCAN1_CONFIG_SITE_INTERNAL_TCK_TCK)
                                                      0.465     0.465 r  dbg_hub/inst/BSCANID.u_xsdbm_id/SWITCH_N_EXT_BSCAN.bscan_inst/SERIES7_BSCAN.bscan_inst/TCK
                         net (fo=1, routed)           0.728     1.193    dbg_hub/inst/BSCANID.u_xsdbm_id/tck_bs
    BUFGCE_X0Y76         BUFGCE (Prop_BUFCE_BUFGCE_I_O)
                                                      0.023     1.216 r  dbg_hub/inst/BSCANID.u_xsdbm_id/SWITCH_N_EXT_BSCAN.u_bufg_icon_tck/O
    X2Y2 (CLOCK_ROOT)    net (fo=478, routed)         1.285     2.501    dbg_hub/inst/BSCANID.u_xsdbm_id/CORE_XSDB.UUT_MASTER/U_ICON_INTERFACE/U_CMD4/m_bscan_tck[0]
    SLICE_X52Y195        FDRE                                         r  dbg_hub/inst/BSCANID.u_xsdbm_id/CORE_XSDB.UUT_MASTER/U_ICON_INTERFACE/U_CMD4/shift_reg_in_reg[15]/C
  -------------------------------------------------------------------    -------------------
    SLICE_X52Y195        FDRE (Prop_DFF2_SLICEL_C_Q)
                                                      0.086     2.587 r  dbg_hub/inst/BSCANID.u_xsdbm_id/CORE_XSDB.UUT_MASTER/U_ICON_INTERFACE/U_CMD4/shift_reg_in_reg[15]/Q
                         net (fo=2, routed)           0.062     2.649    dbg_hub/inst/BSCANID.u_xsdbm_id/CORE_XSDB.UUT_MASTER/U_ICON_INTERFACE/U_CMD4/shift_reg_in[15]
    SLICE_X52Y194        FDRE                                         r  dbg_hub/inst/BSCANID.u_xsdbm_id/CORE_XSDB.UUT_MASTER/U_ICON_INTERFACE/U_CMD4/ctl_reg_reg[15]/D
  -------------------------------------------------------------------    -------------------

                         (clock clk_pl_0 rise edge)
                                                      0.000     0.000 r  
    PS8_X0Y0             PS8                          0.000     0.000 r  kria_starter_kit_i/zynq_ultra_ps_e_0/U0/PS8_i/PLCLK[0]
                         net (fo=1, routed)           0.164     0.164    kria_starter_kit_i/zynq_ultra_ps_e_0/U0/pl_clk_unbuffered[0]
    BUFG_PS_X0Y90        BUFG_PS (Prop_BUFG_PS_I_O)
                                                      0.023     0.187 r  kria_starter_kit_i/zynq_ultra_ps_e_0/U0/buffer_pl_clk_0.PL_CLK_0_BUFG/O
    X1Y2 (CLOCK_ROOT)    net (fo=1510, routed)        1.627     1.814    dbg_hub/inst/BSCANID.u_xsdbm_id/CORE_XSDB.UUT_MASTER/U_ICON_INTERFACE/U_CMD4/clk
    SLICE_X52Y194        FDRE                                         r  dbg_hub/inst/BSCANID.u_xsdbm_id/CORE_XSDB.UUT_MASTER/U_ICON_INTERFACE/U_CMD4/ctl_reg_reg[15]/C

Slack:                    inf
  Source:                 dbg_hub/inst/BSCANID.u_xsdbm_id/CORE_XSDB.UUT_MASTER/U_ICON_INTERFACE/U_CMD4/shift_reg_in_reg[5]/C
                            (rising edge-triggered cell FDRE clocked by dbg_hub/inst/BSCANID.u_xsdbm_id/SWITCH_N_EXT_BSCAN.bscan_inst/SERIES7_BSCAN.bscan_inst/INTERNAL_TCK  {rise@0.000ns fall@25.000ns period=50.000ns})
  Destination:            dbg_hub/inst/BSCANID.u_xsdbm_id/CORE_XSDB.UUT_MASTER/U_ICON_INTERFACE/U_CMD4/ctl_reg_reg[5]/D
                            (rising edge-triggered cell FDRE clocked by clk_pl_0  {rise@0.000ns fall@5.000ns period=10.000ns})
  Path Group:             (none)
  Path Type:              Hold (Min at Fast Process Corner)
  Data Path Delay:        0.148ns  (logic 0.084ns (56.897%)  route 0.064ns (43.103%))
  Logic Levels:           0  
  Clock Path Skew:        -0.693ns (DCD - SCD - CPR)
    Destination Clock Delay (DCD):    1.808ns
    Source Clock Delay      (SCD):    2.502ns
    Clock Pessimism Removal (CPR):    -0.000ns
  Clock Uncertainty:      0.160ns  ((TSJ^2 + DJ^2)^1/2) / 2 + PE
    Total System Jitter     (TSJ):    0.071ns
    Discrete Jitter          (DJ):    0.312ns
    Phase Error              (PE):    0.000ns
  Clock Net Delay (Source):      1.286ns (routing 0.650ns, distribution 0.636ns)
  Clock Net Delay (Destination): 1.621ns (routing 0.861ns, distribution 0.760ns)
  Timing Exception:       False Path

    Location             Delay type                Incr(ns)  Path(ns)    Netlist Resource(s)
  -------------------------------------------------------------------    -------------------
                         (clock dbg_hub/inst/BSCANID.u_xsdbm_id/SWITCH_N_EXT_BSCAN.bscan_inst/SERIES7_BSCAN.bscan_inst/INTERNAL_TCK rise edge)
                                                      0.000     0.000 r  
    CONFIG_SITE_X0Y0     BSCANE2                      0.000     0.000 r  dbg_hub/inst/BSCANID.u_xsdbm_id/SWITCH_N_EXT_BSCAN.bscan_inst/SERIES7_BSCAN.bscan_inst/INTERNAL_TCK
    CONFIG_SITE_X0Y0     BSCANE2 (Prop_BSCAN1_CONFIG_SITE_INTERNAL_TCK_TCK)
                                                      0.465     0.465 r  dbg_hub/inst/BSCANID.u_xsdbm_id/SWITCH_N_EXT_BSCAN.bscan_inst/SERIES7_BSCAN.bscan_inst/TCK
                         net (fo=1, routed)           0.728     1.193    dbg_hub/inst/BSCANID.u_xsdbm_id/tck_bs
    BUFGCE_X0Y76         BUFGCE (Prop_BUFCE_BUFGCE_I_O)
                                                      0.023     1.216 r  dbg_hub/inst/BSCANID.u_xsdbm_id/SWITCH_N_EXT_BSCAN.u_bufg_icon_tck/O
    X2Y2 (CLOCK_ROOT)    net (fo=478, routed)         1.286     2.502    dbg_hub/inst/BSCANID.u_xsdbm_id/CORE_XSDB.UUT_MASTER/U_ICON_INTERFACE/U_CMD4/m_bscan_tck[0]
    SLICE_X52Y196        FDRE                                         r  dbg_hub/inst/BSCANID.u_xsdbm_id/CORE_XSDB.UUT_MASTER/U_ICON_INTERFACE/U_CMD4/shift_reg_in_reg[5]/C
  -------------------------------------------------------------------    -------------------
    SLICE_X52Y196        FDRE (Prop_HFF2_SLICEL_C_Q)
                                                      0.084     2.586 r  dbg_hub/inst/BSCANID.u_xsdbm_id/CORE_XSDB.UUT_MASTER/U_ICON_INTERFACE/U_CMD4/shift_reg_in_reg[5]/Q
                         net (fo=2, routed)           0.064     2.649    dbg_hub/inst/BSCANID.u_xsdbm_id/CORE_XSDB.UUT_MASTER/U_ICON_INTERFACE/U_CMD4/shift_reg_in[5]
    SLICE_X52Y197        FDRE                                         r  dbg_hub/inst/BSCANID.u_xsdbm_id/CORE_XSDB.UUT_MASTER/U_ICON_INTERFACE/U_CMD4/ctl_reg_reg[5]/D
  -------------------------------------------------------------------    -------------------

                         (clock clk_pl_0 rise edge)
                                                      0.000     0.000 r  
    PS8_X0Y0             PS8                          0.000     0.000 r  kria_starter_kit_i/zynq_ultra_ps_e_0/U0/PS8_i/PLCLK[0]
                         net (fo=1, routed)           0.164     0.164    kria_starter_kit_i/zynq_ultra_ps_e_0/U0/pl_clk_unbuffered[0]
    BUFG_PS_X0Y90        BUFG_PS (Prop_BUFG_PS_I_O)
                                                      0.023     0.187 r  kria_starter_kit_i/zynq_ultra_ps_e_0/U0/buffer_pl_clk_0.PL_CLK_0_BUFG/O
    X1Y2 (CLOCK_ROOT)    net (fo=1510, routed)        1.621     1.808    dbg_hub/inst/BSCANID.u_xsdbm_id/CORE_XSDB.UUT_MASTER/U_ICON_INTERFACE/U_CMD4/clk
    SLICE_X52Y197        FDRE                                         r  dbg_hub/inst/BSCANID.u_xsdbm_id/CORE_XSDB.UUT_MASTER/U_ICON_INTERFACE/U_CMD4/ctl_reg_reg[5]/C

Slack:                    inf
  Source:                 dbg_hub/inst/BSCANID.u_xsdbm_id/CORE_XSDB.UUT_MASTER/U_ICON_INTERFACE/U_CMD4/shift_reg_in_reg[1]/C
                            (rising edge-triggered cell FDRE clocked by dbg_hub/inst/BSCANID.u_xsdbm_id/SWITCH_N_EXT_BSCAN.bscan_inst/SERIES7_BSCAN.bscan_inst/INTERNAL_TCK  {rise@0.000ns fall@25.000ns period=50.000ns})
  Destination:            dbg_hub/inst/BSCANID.u_xsdbm_id/CORE_XSDB.UUT_MASTER/U_ICON_INTERFACE/U_CMD4/ctl_reg_reg[1]/D
                            (rising edge-triggered cell FDRE clocked by clk_pl_0  {rise@0.000ns fall@5.000ns period=10.000ns})
  Path Group:             (none)
  Path Type:              Hold (Min at Fast Process Corner)
  Data Path Delay:        0.155ns  (logic 0.086ns (55.614%)  route 0.069ns (44.386%))
  Logic Levels:           0  
  Clock Path Skew:        -0.687ns (DCD - SCD - CPR)
    Destination Clock Delay (DCD):    1.812ns
    Source Clock Delay      (SCD):    2.500ns
    Clock Pessimism Removal (CPR):    -0.000ns
  Clock Uncertainty:      0.160ns  ((TSJ^2 + DJ^2)^1/2) / 2 + PE
    Total System Jitter     (TSJ):    0.071ns
    Discrete Jitter          (DJ):    0.312ns
    Phase Error              (PE):    0.000ns
  Clock Net Delay (Source):      1.284ns (routing 0.650ns, distribution 0.634ns)
  Clock Net Delay (Destination): 1.625ns (routing 0.861ns, distribution 0.764ns)
  Timing Exception:       False Path

    Location             Delay type                Incr(ns)  Path(ns)    Netlist Resource(s)
  -------------------------------------------------------------------    -------------------
                         (clock dbg_hub/inst/BSCANID.u_xsdbm_id/SWITCH_N_EXT_BSCAN.bscan_inst/SERIES7_BSCAN.bscan_inst/INTERNAL_TCK rise edge)
                                                      0.000     0.000 r  
    CONFIG_SITE_X0Y0     BSCANE2                      0.000     0.000 r  dbg_hub/inst/BSCANID.u_xsdbm_id/SWITCH_N_EXT_BSCAN.bscan_inst/SERIES7_BSCAN.bscan_inst/INTERNAL_TCK
    CONFIG_SITE_X0Y0     BSCANE2 (Prop_BSCAN1_CONFIG_SITE_INTERNAL_TCK_TCK)
                                                      0.465     0.465 r  dbg_hub/inst/BSCANID.u_xsdbm_id/SWITCH_N_EXT_BSCAN.bscan_inst/SERIES7_BSCAN.bscan_inst/TCK
                         net (fo=1, routed)           0.728     1.193    dbg_hub/inst/BSCANID.u_xsdbm_id/tck_bs
    BUFGCE_X0Y76         BUFGCE (Prop_BUFCE_BUFGCE_I_O)
                                                      0.023     1.216 r  dbg_hub/inst/BSCANID.u_xsdbm_id/SWITCH_N_EXT_BSCAN.u_bufg_icon_tck/O
    X2Y2 (CLOCK_ROOT)    net (fo=478, routed)         1.284     2.500    dbg_hub/inst/BSCANID.u_xsdbm_id/CORE_XSDB.UUT_MASTER/U_ICON_INTERFACE/U_CMD4/m_bscan_tck[0]
    SLICE_X52Y196        FDRE                                         r  dbg_hub/inst/BSCANID.u_xsdbm_id/CORE_XSDB.UUT_MASTER/U_ICON_INTERFACE/U_CMD4/shift_reg_in_reg[1]/C
  -------------------------------------------------------------------    -------------------
    SLICE_X52Y196        FDRE (Prop_DFF2_SLICEL_C_Q)
                                                      0.086     2.586 r  dbg_hub/inst/BSCANID.u_xsdbm_id/CORE_XSDB.UUT_MASTER/U_ICON_INTERFACE/U_CMD4/shift_reg_in_reg[1]/Q
                         net (fo=2, routed)           0.069     2.654    dbg_hub/inst/BSCANID.u_xsdbm_id/CORE_XSDB.UUT_MASTER/U_ICON_INTERFACE/U_CMD4/shift_reg_in[1]
    SLICE_X52Y197        FDRE                                         r  dbg_hub/inst/BSCANID.u_xsdbm_id/CORE_XSDB.UUT_MASTER/U_ICON_INTERFACE/U_CMD4/ctl_reg_reg[1]/D
  -------------------------------------------------------------------    -------------------

                         (clock clk_pl_0 rise edge)
                                                      0.000     0.000 r  
    PS8_X0Y0             PS8                          0.000     0.000 r  kria_starter_kit_i/zynq_ultra_ps_e_0/U0/PS8_i/PLCLK[0]
                         net (fo=1, routed)           0.164     0.164    kria_starter_kit_i/zynq_ultra_ps_e_0/U0/pl_clk_unbuffered[0]
    BUFG_PS_X0Y90        BUFG_PS (Prop_BUFG_PS_I_O)
                                                      0.023     0.187 r  kria_starter_kit_i/zynq_ultra_ps_e_0/U0/buffer_pl_clk_0.PL_CLK_0_BUFG/O
    X1Y2 (CLOCK_ROOT)    net (fo=1510, routed)        1.625     1.812    dbg_hub/inst/BSCANID.u_xsdbm_id/CORE_XSDB.UUT_MASTER/U_ICON_INTERFACE/U_CMD4/clk
    SLICE_X52Y197        FDRE                                         r  dbg_hub/inst/BSCANID.u_xsdbm_id/CORE_XSDB.UUT_MASTER/U_ICON_INTERFACE/U_CMD4/ctl_reg_reg[1]/C

Slack:                    inf
  Source:                 dbg_hub/inst/BSCANID.u_xsdbm_id/CORE_XSDB.UUT_MASTER/U_ICON_INTERFACE/U_CMD4/shift_reg_in_reg[0]/C
                            (rising edge-triggered cell FDRE clocked by dbg_hub/inst/BSCANID.u_xsdbm_id/SWITCH_N_EXT_BSCAN.bscan_inst/SERIES7_BSCAN.bscan_inst/INTERNAL_TCK  {rise@0.000ns fall@25.000ns period=50.000ns})
  Destination:            dbg_hub/inst/BSCANID.u_xsdbm_id/CORE_XSDB.UUT_MASTER/U_ICON_INTERFACE/U_CMD4/ctl_reg_reg[0]/D
                            (rising edge-triggered cell FDRE clocked by clk_pl_0  {rise@0.000ns fall@5.000ns period=10.000ns})
  Path Group:             (none)
  Path Type:              Hold (Min at Fast Process Corner)
  Data Path Delay:        0.158ns  (logic 0.085ns (53.922%)  route 0.073ns (46.078%))
  Logic Levels:           0  
  Clock Path Skew:        -0.687ns (DCD - SCD - CPR)
    Destination Clock Delay (DCD):    1.812ns
    Source Clock Delay      (SCD):    2.500ns
    Clock Pessimism Removal (CPR):    -0.000ns
  Clock Uncertainty:      0.160ns  ((TSJ^2 + DJ^2)^1/2) / 2 + PE
    Total System Jitter     (TSJ):    0.071ns
    Discrete Jitter          (DJ):    0.312ns
    Phase Error              (PE):    0.000ns
  Clock Net Delay (Source):      1.284ns (routing 0.650ns, distribution 0.634ns)
  Clock Net Delay (Destination): 1.625ns (routing 0.861ns, distribution 0.764ns)
  Timing Exception:       False Path

    Location             Delay type                Incr(ns)  Path(ns)    Netlist Resource(s)
  -------------------------------------------------------------------    -------------------
                         (clock dbg_hub/inst/BSCANID.u_xsdbm_id/SWITCH_N_EXT_BSCAN.bscan_inst/SERIES7_BSCAN.bscan_inst/INTERNAL_TCK rise edge)
                                                      0.000     0.000 r  
    CONFIG_SITE_X0Y0     BSCANE2                      0.000     0.000 r  dbg_hub/inst/BSCANID.u_xsdbm_id/SWITCH_N_EXT_BSCAN.bscan_inst/SERIES7_BSCAN.bscan_inst/INTERNAL_TCK
    CONFIG_SITE_X0Y0     BSCANE2 (Prop_BSCAN1_CONFIG_SITE_INTERNAL_TCK_TCK)
                                                      0.465     0.465 r  dbg_hub/inst/BSCANID.u_xsdbm_id/SWITCH_N_EXT_BSCAN.bscan_inst/SERIES7_BSCAN.bscan_inst/TCK
                         net (fo=1, routed)           0.728     1.193    dbg_hub/inst/BSCANID.u_xsdbm_id/tck_bs
    BUFGCE_X0Y76         BUFGCE (Prop_BUFCE_BUFGCE_I_O)
                                                      0.023     1.216 r  dbg_hub/inst/BSCANID.u_xsdbm_id/SWITCH_N_EXT_BSCAN.u_bufg_icon_tck/O
    X2Y2 (CLOCK_ROOT)    net (fo=478, routed)         1.284     2.500    dbg_hub/inst/BSCANID.u_xsdbm_id/CORE_XSDB.UUT_MASTER/U_ICON_INTERFACE/U_CMD4/m_bscan_tck[0]
    SLICE_X52Y196        FDRE                                         r  dbg_hub/inst/BSCANID.u_xsdbm_id/CORE_XSDB.UUT_MASTER/U_ICON_INTERFACE/U_CMD4/shift_reg_in_reg[0]/C
  -------------------------------------------------------------------    -------------------
    SLICE_X52Y196        FDRE (Prop_AFF2_SLICEL_C_Q)
                                                      0.085     2.585 r  dbg_hub/inst/BSCANID.u_xsdbm_id/CORE_XSDB.UUT_MASTER/U_ICON_INTERFACE/U_CMD4/shift_reg_in_reg[0]/Q
                         net (fo=2, routed)           0.073     2.657    dbg_hub/inst/BSCANID.u_xsdbm_id/CORE_XSDB.UUT_MASTER/U_ICON_INTERFACE/U_CMD4/shift_reg_in[0]
    SLICE_X52Y197        FDRE                                         r  dbg_hub/inst/BSCANID.u_xsdbm_id/CORE_XSDB.UUT_MASTER/U_ICON_INTERFACE/U_CMD4/ctl_reg_reg[0]/D
  -------------------------------------------------------------------    -------------------

                         (clock clk_pl_0 rise edge)
                                                      0.000     0.000 r  
    PS8_X0Y0             PS8                          0.000     0.000 r  kria_starter_kit_i/zynq_ultra_ps_e_0/U0/PS8_i/PLCLK[0]
                         net (fo=1, routed)           0.164     0.164    kria_starter_kit_i/zynq_ultra_ps_e_0/U0/pl_clk_unbuffered[0]
    BUFG_PS_X0Y90        BUFG_PS (Prop_BUFG_PS_I_O)
                                                      0.023     0.187 r  kria_starter_kit_i/zynq_ultra_ps_e_0/U0/buffer_pl_clk_0.PL_CLK_0_BUFG/O
    X1Y2 (CLOCK_ROOT)    net (fo=1510, routed)        1.625     1.812    dbg_hub/inst/BSCANID.u_xsdbm_id/CORE_XSDB.UUT_MASTER/U_ICON_INTERFACE/U_CMD4/clk
    SLICE_X52Y197        FDRE                                         r  dbg_hub/inst/BSCANID.u_xsdbm_id/CORE_XSDB.UUT_MASTER/U_ICON_INTERFACE/U_CMD4/ctl_reg_reg[0]/C

Slack:                    inf
  Source:                 dbg_hub/inst/BSCANID.u_xsdbm_id/CORE_XSDB.UUT_MASTER/U_ICON_INTERFACE/U_CMD4/shift_reg_in_reg[14]/C
                            (rising edge-triggered cell FDRE clocked by dbg_hub/inst/BSCANID.u_xsdbm_id/SWITCH_N_EXT_BSCAN.bscan_inst/SERIES7_BSCAN.bscan_inst/INTERNAL_TCK  {rise@0.000ns fall@25.000ns period=50.000ns})
  Destination:            dbg_hub/inst/BSCANID.u_xsdbm_id/CORE_XSDB.UUT_MASTER/U_ICON_INTERFACE/U_CMD4/ctl_reg_reg[14]/D
                            (rising edge-triggered cell FDRE clocked by clk_pl_0  {rise@0.000ns fall@5.000ns period=10.000ns})
  Path Group:             (none)
  Path Type:              Hold (Min at Fast Process Corner)
  Data Path Delay:        0.158ns  (logic 0.085ns (53.922%)  route 0.073ns (46.078%))
  Logic Levels:           0  
  Clock Path Skew:        -0.688ns (DCD - SCD - CPR)
    Destination Clock Delay (DCD):    1.812ns
    Source Clock Delay      (SCD):    2.501ns
    Clock Pessimism Removal (CPR):    -0.000ns
  Clock Uncertainty:      0.160ns  ((TSJ^2 + DJ^2)^1/2) / 2 + PE
    Total System Jitter     (TSJ):    0.071ns
    Discrete Jitter          (DJ):    0.312ns
    Phase Error              (PE):    0.000ns
  Clock Net Delay (Source):      1.285ns (routing 0.650ns, distribution 0.635ns)
  Clock Net Delay (Destination): 1.625ns (routing 0.861ns, distribution 0.764ns)
  Timing Exception:       False Path

    Location             Delay type                Incr(ns)  Path(ns)    Netlist Resource(s)
  -------------------------------------------------------------------    -------------------
                         (clock dbg_hub/inst/BSCANID.u_xsdbm_id/SWITCH_N_EXT_BSCAN.bscan_inst/SERIES7_BSCAN.bscan_inst/INTERNAL_TCK rise edge)
                                                      0.000     0.000 r  
    CONFIG_SITE_X0Y0     BSCANE2                      0.000     0.000 r  dbg_hub/inst/BSCANID.u_xsdbm_id/SWITCH_N_EXT_BSCAN.bscan_inst/SERIES7_BSCAN.bscan_inst/INTERNAL_TCK
    CONFIG_SITE_X0Y0     BSCANE2 (Prop_BSCAN1_CONFIG_SITE_INTERNAL_TCK_TCK)
                                                      0.465     0.465 r  dbg_hub/inst/BSCANID.u_xsdbm_id/SWITCH_N_EXT_BSCAN.bscan_inst/SERIES7_BSCAN.bscan_inst/TCK
                         net (fo=1, routed)           0.728     1.193    dbg_hub/inst/BSCANID.u_xsdbm_id/tck_bs
    BUFGCE_X0Y76         BUFGCE (Prop_BUFCE_BUFGCE_I_O)
                                                      0.023     1.216 r  dbg_hub/inst/BSCANID.u_xsdbm_id/SWITCH_N_EXT_BSCAN.u_bufg_icon_tck/O
    X2Y2 (CLOCK_ROOT)    net (fo=478, routed)         1.285     2.501    dbg_hub/inst/BSCANID.u_xsdbm_id/CORE_XSDB.UUT_MASTER/U_ICON_INTERFACE/U_CMD4/m_bscan_tck[0]
    SLICE_X52Y195        FDRE                                         r  dbg_hub/inst/BSCANID.u_xsdbm_id/CORE_XSDB.UUT_MASTER/U_ICON_INTERFACE/U_CMD4/shift_reg_in_reg[14]/C
  -------------------------------------------------------------------    -------------------
    SLICE_X52Y195        FDRE (Prop_CFF2_SLICEL_C_Q)
                                                      0.085     2.586 r  dbg_hub/inst/BSCANID.u_xsdbm_id/CORE_XSDB.UUT_MASTER/U_ICON_INTERFACE/U_CMD4/shift_reg_in_reg[14]/Q
                         net (fo=2, routed)           0.073     2.658    dbg_hub/inst/BSCANID.u_xsdbm_id/CORE_XSDB.UUT_MASTER/U_ICON_INTERFACE/U_CMD4/shift_reg_in[14]
    SLICE_X52Y197        FDRE                                         r  dbg_hub/inst/BSCANID.u_xsdbm_id/CORE_XSDB.UUT_MASTER/U_ICON_INTERFACE/U_CMD4/ctl_reg_reg[14]/D
  -------------------------------------------------------------------    -------------------

                         (clock clk_pl_0 rise edge)
                                                      0.000     0.000 r  
    PS8_X0Y0             PS8                          0.000     0.000 r  kria_starter_kit_i/zynq_ultra_ps_e_0/U0/PS8_i/PLCLK[0]
                         net (fo=1, routed)           0.164     0.164    kria_starter_kit_i/zynq_ultra_ps_e_0/U0/pl_clk_unbuffered[0]
    BUFG_PS_X0Y90        BUFG_PS (Prop_BUFG_PS_I_O)
                                                      0.023     0.187 r  kria_starter_kit_i/zynq_ultra_ps_e_0/U0/buffer_pl_clk_0.PL_CLK_0_BUFG/O
    X1Y2 (CLOCK_ROOT)    net (fo=1510, routed)        1.625     1.812    dbg_hub/inst/BSCANID.u_xsdbm_id/CORE_XSDB.UUT_MASTER/U_ICON_INTERFACE/U_CMD4/clk
    SLICE_X52Y197        FDRE                                         r  dbg_hub/inst/BSCANID.u_xsdbm_id/CORE_XSDB.UUT_MASTER/U_ICON_INTERFACE/U_CMD4/ctl_reg_reg[14]/C





--------------------------------------------------------------------------------------
Path Group:  (none)
From Clock:  clk_pl_0
  To Clock:  dbg_hub/inst/BSCANID.u_xsdbm_id/SWITCH_N_EXT_BSCAN.bscan_inst/SERIES7_BSCAN.bscan_inst/INTERNAL_TCK

Max Delay            94 Endpoints
Min Delay           102 Endpoints
--------------------------------------------------------------------------------------


Max Delay Paths
--------------------------------------------------------------------------------------
Slack:                    inf
  Source:                 dbg_hub/inst/BSCANID.u_xsdbm_id/CORE_XSDB.UUT_MASTER/U_ICON_INTERFACE/U_CMD1/ctl_reg_reg[0]/C
                            (rising edge-triggered cell FDRE clocked by clk_pl_0  {rise@0.000ns fall@5.000ns period=10.000ns})
  Destination:            dbg_hub/inst/BSCANID.u_xsdbm_id/CORE_XSDB.UUT_MASTER/U_ICON_INTERFACE/ma_rst_1_reg/D
                            (rising edge-triggered cell FDRE clocked by dbg_hub/inst/BSCANID.u_xsdbm_id/SWITCH_N_EXT_BSCAN.bscan_inst/SERIES7_BSCAN.bscan_inst/INTERNAL_TCK  {rise@0.000ns fall@25.000ns period=50.000ns})
  Path Group:             (none)
  Path Type:              Setup (Max at Slow Process Corner)
  Data Path Delay:        2.095ns  (logic 0.113ns (5.395%)  route 1.982ns (94.605%))
  Logic Levels:           0  
  Clock Path Skew:        0.781ns (DCD - SCD + CPR)
    Destination Clock Delay (DCD):    3.740ns
    Source Clock Delay      (SCD):    2.960ns
    Clock Pessimism Removal (CPR):    0.000ns
  Clock Uncertainty:      0.160ns  ((TSJ^2 + DJ^2)^1/2) / 2 + PE
    Total System Jitter     (TSJ):    0.071ns
    Discrete Jitter          (DJ):    0.312ns
    Phase Error              (PE):    0.000ns
  Clock Net Delay (Source):      2.693ns (routing 1.401ns, distribution 1.292ns)
  Clock Net Delay (Destination): 2.116ns (routing 1.087ns, distribution 1.029ns)
  Timing Exception:       False Path

    Location             Delay type                Incr(ns)  Path(ns)    Netlist Resource(s)
  -------------------------------------------------------------------    -------------------
                         (clock clk_pl_0 rise edge)
                                                      0.000     0.000 r  
    PS8_X0Y0             PS8                          0.000     0.000 r  kria_starter_kit_i/zynq_ultra_ps_e_0/U0/PS8_i/PLCLK[0]
                         net (fo=1, routed)           0.229     0.229    kria_starter_kit_i/zynq_ultra_ps_e_0/U0/pl_clk_unbuffered[0]
    BUFG_PS_X0Y90        BUFG_PS (Prop_BUFG_PS_I_O)
                                                      0.038     0.267 r  kria_starter_kit_i/zynq_ultra_ps_e_0/U0/buffer_pl_clk_0.PL_CLK_0_BUFG/O
    X1Y2 (CLOCK_ROOT)    net (fo=1510, routed)        2.693     2.960    dbg_hub/inst/BSCANID.u_xsdbm_id/CORE_XSDB.UUT_MASTER/U_ICON_INTERFACE/U_CMD1/clk
    SLICE_X51Y190        FDRE                                         r  dbg_hub/inst/BSCANID.u_xsdbm_id/CORE_XSDB.UUT_MASTER/U_ICON_INTERFACE/U_CMD1/ctl_reg_reg[0]/C
  -------------------------------------------------------------------    -------------------
    SLICE_X51Y190        FDRE (Prop_HFF_SLICEL_C_Q)
                                                      0.113     3.073 r  dbg_hub/inst/BSCANID.u_xsdbm_id/CORE_XSDB.UUT_MASTER/U_ICON_INTERFACE/U_CMD1/ctl_reg_reg[0]/Q
                         net (fo=176, routed)         1.982     5.054    dbg_hub/inst/BSCANID.u_xsdbm_id/CORE_XSDB.UUT_MASTER/U_ICON_INTERFACE/ma_rst
    SLICE_X51Y198        FDRE                                         r  dbg_hub/inst/BSCANID.u_xsdbm_id/CORE_XSDB.UUT_MASTER/U_ICON_INTERFACE/ma_rst_1_reg/D
  -------------------------------------------------------------------    -------------------

                         (clock dbg_hub/inst/BSCANID.u_xsdbm_id/SWITCH_N_EXT_BSCAN.bscan_inst/SERIES7_BSCAN.bscan_inst/INTERNAL_TCK rise edge)
                                                      0.000     0.000 r  
    CONFIG_SITE_X0Y0     BSCANE2                      0.000     0.000 r  dbg_hub/inst/BSCANID.u_xsdbm_id/SWITCH_N_EXT_BSCAN.bscan_inst/SERIES7_BSCAN.bscan_inst/INTERNAL_TCK
    CONFIG_SITE_X0Y0     BSCANE2 (Prop_BSCAN1_CONFIG_SITE_INTERNAL_TCK_TCK)
                                                      0.465     0.465 r  dbg_hub/inst/BSCANID.u_xsdbm_id/SWITCH_N_EXT_BSCAN.bscan_inst/SERIES7_BSCAN.bscan_inst/TCK
                         net (fo=1, routed)           1.120     1.585    dbg_hub/inst/BSCANID.u_xsdbm_id/tck_bs
    BUFGCE_X0Y76         BUFGCE (Prop_BUFCE_BUFGCE_I_O)
                                                      0.039     1.624 r  dbg_hub/inst/BSCANID.u_xsdbm_id/SWITCH_N_EXT_BSCAN.u_bufg_icon_tck/O
    X2Y2 (CLOCK_ROOT)    net (fo=478, routed)         2.116     3.740    dbg_hub/inst/BSCANID.u_xsdbm_id/CORE_XSDB.UUT_MASTER/U_ICON_INTERFACE/m_bscan_tck[0]
    SLICE_X51Y198        FDRE                                         r  dbg_hub/inst/BSCANID.u_xsdbm_id/CORE_XSDB.UUT_MASTER/U_ICON_INTERFACE/ma_rst_1_reg/C

Slack:                    inf
  Source:                 dbg_hub/inst/BSCANID.u_xsdbm_id/CORE_XSDB.UUT_MASTER/U_ICON_INTERFACE/U_CMD1/ctl_reg_reg[0]/C
                            (rising edge-triggered cell FDRE clocked by clk_pl_0  {rise@0.000ns fall@5.000ns period=10.000ns})
  Destination:            dbg_hub/inst/BSCANID.u_xsdbm_id/CORE_XSDB.UUT_MASTER/U_ICON_INTERFACE/U_CMD4/shift_reg_in_reg[0]/R
                            (rising edge-triggered cell FDRE clocked by dbg_hub/inst/BSCANID.u_xsdbm_id/SWITCH_N_EXT_BSCAN.bscan_inst/SERIES7_BSCAN.bscan_inst/INTERNAL_TCK  {rise@0.000ns fall@25.000ns period=50.000ns})
  Path Group:             (none)
  Path Type:              Setup (Max at Slow Process Corner)
  Data Path Delay:        1.156ns  (logic 0.113ns (9.772%)  route 1.043ns (90.228%))
  Logic Levels:           0  
  Clock Path Skew:        0.781ns (DCD - SCD + CPR)
    Destination Clock Delay (DCD):    3.740ns
    Source Clock Delay      (SCD):    2.960ns
    Clock Pessimism Removal (CPR):    0.000ns
  Clock Uncertainty:      0.160ns  ((TSJ^2 + DJ^2)^1/2) / 2 + PE
    Total System Jitter     (TSJ):    0.071ns
    Discrete Jitter          (DJ):    0.312ns
    Phase Error              (PE):    0.000ns
  Clock Net Delay (Source):      2.693ns (routing 1.401ns, distribution 1.292ns)
  Clock Net Delay (Destination): 2.116ns (routing 1.087ns, distribution 1.029ns)
  Timing Exception:       False Path

    Location             Delay type                Incr(ns)  Path(ns)    Netlist Resource(s)
  -------------------------------------------------------------------    -------------------
                         (clock clk_pl_0 rise edge)
                                                      0.000     0.000 r  
    PS8_X0Y0             PS8                          0.000     0.000 r  kria_starter_kit_i/zynq_ultra_ps_e_0/U0/PS8_i/PLCLK[0]
                         net (fo=1, routed)           0.229     0.229    kria_starter_kit_i/zynq_ultra_ps_e_0/U0/pl_clk_unbuffered[0]
    BUFG_PS_X0Y90        BUFG_PS (Prop_BUFG_PS_I_O)
                                                      0.038     0.267 r  kria_starter_kit_i/zynq_ultra_ps_e_0/U0/buffer_pl_clk_0.PL_CLK_0_BUFG/O
    X1Y2 (CLOCK_ROOT)    net (fo=1510, routed)        2.693     2.960    dbg_hub/inst/BSCANID.u_xsdbm_id/CORE_XSDB.UUT_MASTER/U_ICON_INTERFACE/U_CMD1/clk
    SLICE_X51Y190        FDRE                                         r  dbg_hub/inst/BSCANID.u_xsdbm_id/CORE_XSDB.UUT_MASTER/U_ICON_INTERFACE/U_CMD1/ctl_reg_reg[0]/C
  -------------------------------------------------------------------    -------------------
    SLICE_X51Y190        FDRE (Prop_HFF_SLICEL_C_Q)
                                                      0.113     3.073 r  dbg_hub/inst/BSCANID.u_xsdbm_id/CORE_XSDB.UUT_MASTER/U_ICON_INTERFACE/U_CMD1/ctl_reg_reg[0]/Q
                         net (fo=176, routed)         1.043     4.116    dbg_hub/inst/BSCANID.u_xsdbm_id/CORE_XSDB.UUT_MASTER/U_ICON_INTERFACE/U_CMD4/SR[0]
    SLICE_X52Y196        FDRE                                         r  dbg_hub/inst/BSCANID.u_xsdbm_id/CORE_XSDB.UUT_MASTER/U_ICON_INTERFACE/U_CMD4/shift_reg_in_reg[0]/R
  -------------------------------------------------------------------    -------------------

                         (clock dbg_hub/inst/BSCANID.u_xsdbm_id/SWITCH_N_EXT_BSCAN.bscan_inst/SERIES7_BSCAN.bscan_inst/INTERNAL_TCK rise edge)
                                                      0.000     0.000 r  
    CONFIG_SITE_X0Y0     BSCANE2                      0.000     0.000 r  dbg_hub/inst/BSCANID.u_xsdbm_id/SWITCH_N_EXT_BSCAN.bscan_inst/SERIES7_BSCAN.bscan_inst/INTERNAL_TCK
    CONFIG_SITE_X0Y0     BSCANE2 (Prop_BSCAN1_CONFIG_SITE_INTERNAL_TCK_TCK)
                                                      0.465     0.465 r  dbg_hub/inst/BSCANID.u_xsdbm_id/SWITCH_N_EXT_BSCAN.bscan_inst/SERIES7_BSCAN.bscan_inst/TCK
                         net (fo=1, routed)           1.120     1.585    dbg_hub/inst/BSCANID.u_xsdbm_id/tck_bs
    BUFGCE_X0Y76         BUFGCE (Prop_BUFCE_BUFGCE_I_O)
                                                      0.039     1.624 r  dbg_hub/inst/BSCANID.u_xsdbm_id/SWITCH_N_EXT_BSCAN.u_bufg_icon_tck/O
    X2Y2 (CLOCK_ROOT)    net (fo=478, routed)         2.116     3.740    dbg_hub/inst/BSCANID.u_xsdbm_id/CORE_XSDB.UUT_MASTER/U_ICON_INTERFACE/U_CMD4/m_bscan_tck[0]
    SLICE_X52Y196        FDRE                                         r  dbg_hub/inst/BSCANID.u_xsdbm_id/CORE_XSDB.UUT_MASTER/U_ICON_INTERFACE/U_CMD4/shift_reg_in_reg[0]/C

Slack:                    inf
  Source:                 dbg_hub/inst/BSCANID.u_xsdbm_id/CORE_XSDB.UUT_MASTER/U_ICON_INTERFACE/U_CMD1/ctl_reg_reg[0]/C
                            (rising edge-triggered cell FDRE clocked by clk_pl_0  {rise@0.000ns fall@5.000ns period=10.000ns})
  Destination:            dbg_hub/inst/BSCANID.u_xsdbm_id/CORE_XSDB.UUT_MASTER/U_ICON_INTERFACE/U_CMD4/shift_reg_in_reg[10]/R
                            (rising edge-triggered cell FDRE clocked by dbg_hub/inst/BSCANID.u_xsdbm_id/SWITCH_N_EXT_BSCAN.bscan_inst/SERIES7_BSCAN.bscan_inst/INTERNAL_TCK  {rise@0.000ns fall@25.000ns period=50.000ns})
  Path Group:             (none)
  Path Type:              Setup (Max at Slow Process Corner)
  Data Path Delay:        1.156ns  (logic 0.113ns (9.772%)  route 1.043ns (90.228%))
  Logic Levels:           0  
  Clock Path Skew:        0.781ns (DCD - SCD + CPR)
    Destination Clock Delay (DCD):    3.740ns
    Source Clock Delay      (SCD):    2.960ns
    Clock Pessimism Removal (CPR):    0.000ns
  Clock Uncertainty:      0.160ns  ((TSJ^2 + DJ^2)^1/2) / 2 + PE
    Total System Jitter     (TSJ):    0.071ns
    Discrete Jitter          (DJ):    0.312ns
    Phase Error              (PE):    0.000ns
  Clock Net Delay (Source):      2.693ns (routing 1.401ns, distribution 1.292ns)
  Clock Net Delay (Destination): 2.116ns (routing 1.087ns, distribution 1.029ns)
  Timing Exception:       False Path

    Location             Delay type                Incr(ns)  Path(ns)    Netlist Resource(s)
  -------------------------------------------------------------------    -------------------
                         (clock clk_pl_0 rise edge)
                                                      0.000     0.000 r  
    PS8_X0Y0             PS8                          0.000     0.000 r  kria_starter_kit_i/zynq_ultra_ps_e_0/U0/PS8_i/PLCLK[0]
                         net (fo=1, routed)           0.229     0.229    kria_starter_kit_i/zynq_ultra_ps_e_0/U0/pl_clk_unbuffered[0]
    BUFG_PS_X0Y90        BUFG_PS (Prop_BUFG_PS_I_O)
                                                      0.038     0.267 r  kria_starter_kit_i/zynq_ultra_ps_e_0/U0/buffer_pl_clk_0.PL_CLK_0_BUFG/O
    X1Y2 (CLOCK_ROOT)    net (fo=1510, routed)        2.693     2.960    dbg_hub/inst/BSCANID.u_xsdbm_id/CORE_XSDB.UUT_MASTER/U_ICON_INTERFACE/U_CMD1/clk
    SLICE_X51Y190        FDRE                                         r  dbg_hub/inst/BSCANID.u_xsdbm_id/CORE_XSDB.UUT_MASTER/U_ICON_INTERFACE/U_CMD1/ctl_reg_reg[0]/C
  -------------------------------------------------------------------    -------------------
    SLICE_X51Y190        FDRE (Prop_HFF_SLICEL_C_Q)
                                                      0.113     3.073 r  dbg_hub/inst/BSCANID.u_xsdbm_id/CORE_XSDB.UUT_MASTER/U_ICON_INTERFACE/U_CMD1/ctl_reg_reg[0]/Q
                         net (fo=176, routed)         1.043     4.116    dbg_hub/inst/BSCANID.u_xsdbm_id/CORE_XSDB.UUT_MASTER/U_ICON_INTERFACE/U_CMD4/SR[0]
    SLICE_X52Y196        FDRE                                         r  dbg_hub/inst/BSCANID.u_xsdbm_id/CORE_XSDB.UUT_MASTER/U_ICON_INTERFACE/U_CMD4/shift_reg_in_reg[10]/R
  -------------------------------------------------------------------    -------------------

                         (clock dbg_hub/inst/BSCANID.u_xsdbm_id/SWITCH_N_EXT_BSCAN.bscan_inst/SERIES7_BSCAN.bscan_inst/INTERNAL_TCK rise edge)
                                                      0.000     0.000 r  
    CONFIG_SITE_X0Y0     BSCANE2                      0.000     0.000 r  dbg_hub/inst/BSCANID.u_xsdbm_id/SWITCH_N_EXT_BSCAN.bscan_inst/SERIES7_BSCAN.bscan_inst/INTERNAL_TCK
    CONFIG_SITE_X0Y0     BSCANE2 (Prop_BSCAN1_CONFIG_SITE_INTERNAL_TCK_TCK)
                                                      0.465     0.465 r  dbg_hub/inst/BSCANID.u_xsdbm_id/SWITCH_N_EXT_BSCAN.bscan_inst/SERIES7_BSCAN.bscan_inst/TCK
                         net (fo=1, routed)           1.120     1.585    dbg_hub/inst/BSCANID.u_xsdbm_id/tck_bs
    BUFGCE_X0Y76         BUFGCE (Prop_BUFCE_BUFGCE_I_O)
                                                      0.039     1.624 r  dbg_hub/inst/BSCANID.u_xsdbm_id/SWITCH_N_EXT_BSCAN.u_bufg_icon_tck/O
    X2Y2 (CLOCK_ROOT)    net (fo=478, routed)         2.116     3.740    dbg_hub/inst/BSCANID.u_xsdbm_id/CORE_XSDB.UUT_MASTER/U_ICON_INTERFACE/U_CMD4/m_bscan_tck[0]
    SLICE_X52Y196        FDRE                                         r  dbg_hub/inst/BSCANID.u_xsdbm_id/CORE_XSDB.UUT_MASTER/U_ICON_INTERFACE/U_CMD4/shift_reg_in_reg[10]/C

Slack:                    inf
  Source:                 dbg_hub/inst/BSCANID.u_xsdbm_id/CORE_XSDB.UUT_MASTER/U_ICON_INTERFACE/U_CMD1/ctl_reg_reg[0]/C
                            (rising edge-triggered cell FDRE clocked by clk_pl_0  {rise@0.000ns fall@5.000ns period=10.000ns})
  Destination:            dbg_hub/inst/BSCANID.u_xsdbm_id/CORE_XSDB.UUT_MASTER/U_ICON_INTERFACE/U_CMD4/shift_reg_in_reg[11]/R
                            (rising edge-triggered cell FDRE clocked by dbg_hub/inst/BSCANID.u_xsdbm_id/SWITCH_N_EXT_BSCAN.bscan_inst/SERIES7_BSCAN.bscan_inst/INTERNAL_TCK  {rise@0.000ns fall@25.000ns period=50.000ns})
  Path Group:             (none)
  Path Type:              Setup (Max at Slow Process Corner)
  Data Path Delay:        1.156ns  (logic 0.113ns (9.772%)  route 1.043ns (90.228%))
  Logic Levels:           0  
  Clock Path Skew:        0.781ns (DCD - SCD + CPR)
    Destination Clock Delay (DCD):    3.740ns
    Source Clock Delay      (SCD):    2.960ns
    Clock Pessimism Removal (CPR):    0.000ns
  Clock Uncertainty:      0.160ns  ((TSJ^2 + DJ^2)^1/2) / 2 + PE
    Total System Jitter     (TSJ):    0.071ns
    Discrete Jitter          (DJ):    0.312ns
    Phase Error              (PE):    0.000ns
  Clock Net Delay (Source):      2.693ns (routing 1.401ns, distribution 1.292ns)
  Clock Net Delay (Destination): 2.116ns (routing 1.087ns, distribution 1.029ns)
  Timing Exception:       False Path

    Location             Delay type                Incr(ns)  Path(ns)    Netlist Resource(s)
  -------------------------------------------------------------------    -------------------
                         (clock clk_pl_0 rise edge)
                                                      0.000     0.000 r  
    PS8_X0Y0             PS8                          0.000     0.000 r  kria_starter_kit_i/zynq_ultra_ps_e_0/U0/PS8_i/PLCLK[0]
                         net (fo=1, routed)           0.229     0.229    kria_starter_kit_i/zynq_ultra_ps_e_0/U0/pl_clk_unbuffered[0]
    BUFG_PS_X0Y90        BUFG_PS (Prop_BUFG_PS_I_O)
                                                      0.038     0.267 r  kria_starter_kit_i/zynq_ultra_ps_e_0/U0/buffer_pl_clk_0.PL_CLK_0_BUFG/O
    X1Y2 (CLOCK_ROOT)    net (fo=1510, routed)        2.693     2.960    dbg_hub/inst/BSCANID.u_xsdbm_id/CORE_XSDB.UUT_MASTER/U_ICON_INTERFACE/U_CMD1/clk
    SLICE_X51Y190        FDRE                                         r  dbg_hub/inst/BSCANID.u_xsdbm_id/CORE_XSDB.UUT_MASTER/U_ICON_INTERFACE/U_CMD1/ctl_reg_reg[0]/C
  -------------------------------------------------------------------    -------------------
    SLICE_X51Y190        FDRE (Prop_HFF_SLICEL_C_Q)
                                                      0.113     3.073 r  dbg_hub/inst/BSCANID.u_xsdbm_id/CORE_XSDB.UUT_MASTER/U_ICON_INTERFACE/U_CMD1/ctl_reg_reg[0]/Q
                         net (fo=176, routed)         1.043     4.116    dbg_hub/inst/BSCANID.u_xsdbm_id/CORE_XSDB.UUT_MASTER/U_ICON_INTERFACE/U_CMD4/SR[0]
    SLICE_X52Y196        FDRE                                         r  dbg_hub/inst/BSCANID.u_xsdbm_id/CORE_XSDB.UUT_MASTER/U_ICON_INTERFACE/U_CMD4/shift_reg_in_reg[11]/R
  -------------------------------------------------------------------    -------------------

                         (clock dbg_hub/inst/BSCANID.u_xsdbm_id/SWITCH_N_EXT_BSCAN.bscan_inst/SERIES7_BSCAN.bscan_inst/INTERNAL_TCK rise edge)
                                                      0.000     0.000 r  
    CONFIG_SITE_X0Y0     BSCANE2                      0.000     0.000 r  dbg_hub/inst/BSCANID.u_xsdbm_id/SWITCH_N_EXT_BSCAN.bscan_inst/SERIES7_BSCAN.bscan_inst/INTERNAL_TCK
    CONFIG_SITE_X0Y0     BSCANE2 (Prop_BSCAN1_CONFIG_SITE_INTERNAL_TCK_TCK)
                                                      0.465     0.465 r  dbg_hub/inst/BSCANID.u_xsdbm_id/SWITCH_N_EXT_BSCAN.bscan_inst/SERIES7_BSCAN.bscan_inst/TCK
                         net (fo=1, routed)           1.120     1.585    dbg_hub/inst/BSCANID.u_xsdbm_id/tck_bs
    BUFGCE_X0Y76         BUFGCE (Prop_BUFCE_BUFGCE_I_O)
                                                      0.039     1.624 r  dbg_hub/inst/BSCANID.u_xsdbm_id/SWITCH_N_EXT_BSCAN.u_bufg_icon_tck/O
    X2Y2 (CLOCK_ROOT)    net (fo=478, routed)         2.116     3.740    dbg_hub/inst/BSCANID.u_xsdbm_id/CORE_XSDB.UUT_MASTER/U_ICON_INTERFACE/U_CMD4/m_bscan_tck[0]
    SLICE_X52Y196        FDRE                                         r  dbg_hub/inst/BSCANID.u_xsdbm_id/CORE_XSDB.UUT_MASTER/U_ICON_INTERFACE/U_CMD4/shift_reg_in_reg[11]/C

Slack:                    inf
  Source:                 dbg_hub/inst/BSCANID.u_xsdbm_id/CORE_XSDB.UUT_MASTER/U_ICON_INTERFACE/U_CMD1/ctl_reg_reg[0]/C
                            (rising edge-triggered cell FDRE clocked by clk_pl_0  {rise@0.000ns fall@5.000ns period=10.000ns})
  Destination:            dbg_hub/inst/BSCANID.u_xsdbm_id/CORE_XSDB.UUT_MASTER/U_ICON_INTERFACE/U_CMD4/shift_reg_in_reg[1]/R
                            (rising edge-triggered cell FDRE clocked by dbg_hub/inst/BSCANID.u_xsdbm_id/SWITCH_N_EXT_BSCAN.bscan_inst/SERIES7_BSCAN.bscan_inst/INTERNAL_TCK  {rise@0.000ns fall@25.000ns period=50.000ns})
  Path Group:             (none)
  Path Type:              Setup (Max at Slow Process Corner)
  Data Path Delay:        1.156ns  (logic 0.113ns (9.772%)  route 1.043ns (90.228%))
  Logic Levels:           0  
  Clock Path Skew:        0.781ns (DCD - SCD + CPR)
    Destination Clock Delay (DCD):    3.740ns
    Source Clock Delay      (SCD):    2.960ns
    Clock Pessimism Removal (CPR):    0.000ns
  Clock Uncertainty:      0.160ns  ((TSJ^2 + DJ^2)^1/2) / 2 + PE
    Total System Jitter     (TSJ):    0.071ns
    Discrete Jitter          (DJ):    0.312ns
    Phase Error              (PE):    0.000ns
  Clock Net Delay (Source):      2.693ns (routing 1.401ns, distribution 1.292ns)
  Clock Net Delay (Destination): 2.116ns (routing 1.087ns, distribution 1.029ns)
  Timing Exception:       False Path

    Location             Delay type                Incr(ns)  Path(ns)    Netlist Resource(s)
  -------------------------------------------------------------------    -------------------
                         (clock clk_pl_0 rise edge)
                                                      0.000     0.000 r  
    PS8_X0Y0             PS8                          0.000     0.000 r  kria_starter_kit_i/zynq_ultra_ps_e_0/U0/PS8_i/PLCLK[0]
                         net (fo=1, routed)           0.229     0.229    kria_starter_kit_i/zynq_ultra_ps_e_0/U0/pl_clk_unbuffered[0]
    BUFG_PS_X0Y90        BUFG_PS (Prop_BUFG_PS_I_O)
                                                      0.038     0.267 r  kria_starter_kit_i/zynq_ultra_ps_e_0/U0/buffer_pl_clk_0.PL_CLK_0_BUFG/O
    X1Y2 (CLOCK_ROOT)    net (fo=1510, routed)        2.693     2.960    dbg_hub/inst/BSCANID.u_xsdbm_id/CORE_XSDB.UUT_MASTER/U_ICON_INTERFACE/U_CMD1/clk
    SLICE_X51Y190        FDRE                                         r  dbg_hub/inst/BSCANID.u_xsdbm_id/CORE_XSDB.UUT_MASTER/U_ICON_INTERFACE/U_CMD1/ctl_reg_reg[0]/C
  -------------------------------------------------------------------    -------------------
    SLICE_X51Y190        FDRE (Prop_HFF_SLICEL_C_Q)
                                                      0.113     3.073 r  dbg_hub/inst/BSCANID.u_xsdbm_id/CORE_XSDB.UUT_MASTER/U_ICON_INTERFACE/U_CMD1/ctl_reg_reg[0]/Q
                         net (fo=176, routed)         1.043     4.116    dbg_hub/inst/BSCANID.u_xsdbm_id/CORE_XSDB.UUT_MASTER/U_ICON_INTERFACE/U_CMD4/SR[0]
    SLICE_X52Y196        FDRE                                         r  dbg_hub/inst/BSCANID.u_xsdbm_id/CORE_XSDB.UUT_MASTER/U_ICON_INTERFACE/U_CMD4/shift_reg_in_reg[1]/R
  -------------------------------------------------------------------    -------------------

                         (clock dbg_hub/inst/BSCANID.u_xsdbm_id/SWITCH_N_EXT_BSCAN.bscan_inst/SERIES7_BSCAN.bscan_inst/INTERNAL_TCK rise edge)
                                                      0.000     0.000 r  
    CONFIG_SITE_X0Y0     BSCANE2                      0.000     0.000 r  dbg_hub/inst/BSCANID.u_xsdbm_id/SWITCH_N_EXT_BSCAN.bscan_inst/SERIES7_BSCAN.bscan_inst/INTERNAL_TCK
    CONFIG_SITE_X0Y0     BSCANE2 (Prop_BSCAN1_CONFIG_SITE_INTERNAL_TCK_TCK)
                                                      0.465     0.465 r  dbg_hub/inst/BSCANID.u_xsdbm_id/SWITCH_N_EXT_BSCAN.bscan_inst/SERIES7_BSCAN.bscan_inst/TCK
                         net (fo=1, routed)           1.120     1.585    dbg_hub/inst/BSCANID.u_xsdbm_id/tck_bs
    BUFGCE_X0Y76         BUFGCE (Prop_BUFCE_BUFGCE_I_O)
                                                      0.039     1.624 r  dbg_hub/inst/BSCANID.u_xsdbm_id/SWITCH_N_EXT_BSCAN.u_bufg_icon_tck/O
    X2Y2 (CLOCK_ROOT)    net (fo=478, routed)         2.116     3.740    dbg_hub/inst/BSCANID.u_xsdbm_id/CORE_XSDB.UUT_MASTER/U_ICON_INTERFACE/U_CMD4/m_bscan_tck[0]
    SLICE_X52Y196        FDRE                                         r  dbg_hub/inst/BSCANID.u_xsdbm_id/CORE_XSDB.UUT_MASTER/U_ICON_INTERFACE/U_CMD4/shift_reg_in_reg[1]/C

Slack:                    inf
  Source:                 dbg_hub/inst/BSCANID.u_xsdbm_id/CORE_XSDB.UUT_MASTER/U_ICON_INTERFACE/U_CMD1/ctl_reg_reg[0]/C
                            (rising edge-triggered cell FDRE clocked by clk_pl_0  {rise@0.000ns fall@5.000ns period=10.000ns})
  Destination:            dbg_hub/inst/BSCANID.u_xsdbm_id/CORE_XSDB.UUT_MASTER/U_ICON_INTERFACE/U_CMD4/shift_reg_in_reg[2]/R
                            (rising edge-triggered cell FDRE clocked by dbg_hub/inst/BSCANID.u_xsdbm_id/SWITCH_N_EXT_BSCAN.bscan_inst/SERIES7_BSCAN.bscan_inst/INTERNAL_TCK  {rise@0.000ns fall@25.000ns period=50.000ns})
  Path Group:             (none)
  Path Type:              Setup (Max at Slow Process Corner)
  Data Path Delay:        1.156ns  (logic 0.113ns (9.772%)  route 1.043ns (90.228%))
  Logic Levels:           0  
  Clock Path Skew:        0.784ns (DCD - SCD + CPR)
    Destination Clock Delay (DCD):    3.743ns
    Source Clock Delay      (SCD):    2.960ns
    Clock Pessimism Removal (CPR):    0.000ns
  Clock Uncertainty:      0.160ns  ((TSJ^2 + DJ^2)^1/2) / 2 + PE
    Total System Jitter     (TSJ):    0.071ns
    Discrete Jitter          (DJ):    0.312ns
    Phase Error              (PE):    0.000ns
  Clock Net Delay (Source):      2.693ns (routing 1.401ns, distribution 1.292ns)
  Clock Net Delay (Destination): 2.119ns (routing 1.087ns, distribution 1.032ns)
  Timing Exception:       False Path

    Location             Delay type                Incr(ns)  Path(ns)    Netlist Resource(s)
  -------------------------------------------------------------------    -------------------
                         (clock clk_pl_0 rise edge)
                                                      0.000     0.000 r  
    PS8_X0Y0             PS8                          0.000     0.000 r  kria_starter_kit_i/zynq_ultra_ps_e_0/U0/PS8_i/PLCLK[0]
                         net (fo=1, routed)           0.229     0.229    kria_starter_kit_i/zynq_ultra_ps_e_0/U0/pl_clk_unbuffered[0]
    BUFG_PS_X0Y90        BUFG_PS (Prop_BUFG_PS_I_O)
                                                      0.038     0.267 r  kria_starter_kit_i/zynq_ultra_ps_e_0/U0/buffer_pl_clk_0.PL_CLK_0_BUFG/O
    X1Y2 (CLOCK_ROOT)    net (fo=1510, routed)        2.693     2.960    dbg_hub/inst/BSCANID.u_xsdbm_id/CORE_XSDB.UUT_MASTER/U_ICON_INTERFACE/U_CMD1/clk
    SLICE_X51Y190        FDRE                                         r  dbg_hub/inst/BSCANID.u_xsdbm_id/CORE_XSDB.UUT_MASTER/U_ICON_INTERFACE/U_CMD1/ctl_reg_reg[0]/C
  -------------------------------------------------------------------    -------------------
    SLICE_X51Y190        FDRE (Prop_HFF_SLICEL_C_Q)
                                                      0.113     3.073 r  dbg_hub/inst/BSCANID.u_xsdbm_id/CORE_XSDB.UUT_MASTER/U_ICON_INTERFACE/U_CMD1/ctl_reg_reg[0]/Q
                         net (fo=176, routed)         1.043     4.116    dbg_hub/inst/BSCANID.u_xsdbm_id/CORE_XSDB.UUT_MASTER/U_ICON_INTERFACE/U_CMD4/SR[0]
    SLICE_X52Y196        FDRE                                         r  dbg_hub/inst/BSCANID.u_xsdbm_id/CORE_XSDB.UUT_MASTER/U_ICON_INTERFACE/U_CMD4/shift_reg_in_reg[2]/R
  -------------------------------------------------------------------    -------------------

                         (clock dbg_hub/inst/BSCANID.u_xsdbm_id/SWITCH_N_EXT_BSCAN.bscan_inst/SERIES7_BSCAN.bscan_inst/INTERNAL_TCK rise edge)
                                                      0.000     0.000 r  
    CONFIG_SITE_X0Y0     BSCANE2                      0.000     0.000 r  dbg_hub/inst/BSCANID.u_xsdbm_id/SWITCH_N_EXT_BSCAN.bscan_inst/SERIES7_BSCAN.bscan_inst/INTERNAL_TCK
    CONFIG_SITE_X0Y0     BSCANE2 (Prop_BSCAN1_CONFIG_SITE_INTERNAL_TCK_TCK)
                                                      0.465     0.465 r  dbg_hub/inst/BSCANID.u_xsdbm_id/SWITCH_N_EXT_BSCAN.bscan_inst/SERIES7_BSCAN.bscan_inst/TCK
                         net (fo=1, routed)           1.120     1.585    dbg_hub/inst/BSCANID.u_xsdbm_id/tck_bs
    BUFGCE_X0Y76         BUFGCE (Prop_BUFCE_BUFGCE_I_O)
                                                      0.039     1.624 r  dbg_hub/inst/BSCANID.u_xsdbm_id/SWITCH_N_EXT_BSCAN.u_bufg_icon_tck/O
    X2Y2 (CLOCK_ROOT)    net (fo=478, routed)         2.119     3.743    dbg_hub/inst/BSCANID.u_xsdbm_id/CORE_XSDB.UUT_MASTER/U_ICON_INTERFACE/U_CMD4/m_bscan_tck[0]
    SLICE_X52Y196        FDRE                                         r  dbg_hub/inst/BSCANID.u_xsdbm_id/CORE_XSDB.UUT_MASTER/U_ICON_INTERFACE/U_CMD4/shift_reg_in_reg[2]/C

Slack:                    inf
  Source:                 dbg_hub/inst/BSCANID.u_xsdbm_id/CORE_XSDB.UUT_MASTER/U_ICON_INTERFACE/U_CMD1/ctl_reg_reg[0]/C
                            (rising edge-triggered cell FDRE clocked by clk_pl_0  {rise@0.000ns fall@5.000ns period=10.000ns})
  Destination:            dbg_hub/inst/BSCANID.u_xsdbm_id/CORE_XSDB.UUT_MASTER/U_ICON_INTERFACE/U_CMD4/shift_reg_in_reg[3]/R
                            (rising edge-triggered cell FDRE clocked by dbg_hub/inst/BSCANID.u_xsdbm_id/SWITCH_N_EXT_BSCAN.bscan_inst/SERIES7_BSCAN.bscan_inst/INTERNAL_TCK  {rise@0.000ns fall@25.000ns period=50.000ns})
  Path Group:             (none)
  Path Type:              Setup (Max at Slow Process Corner)
  Data Path Delay:        1.156ns  (logic 0.113ns (9.772%)  route 1.043ns (90.228%))
  Logic Levels:           0  
  Clock Path Skew:        0.784ns (DCD - SCD + CPR)
    Destination Clock Delay (DCD):    3.743ns
    Source Clock Delay      (SCD):    2.960ns
    Clock Pessimism Removal (CPR):    0.000ns
  Clock Uncertainty:      0.160ns  ((TSJ^2 + DJ^2)^1/2) / 2 + PE
    Total System Jitter     (TSJ):    0.071ns
    Discrete Jitter          (DJ):    0.312ns
    Phase Error              (PE):    0.000ns
  Clock Net Delay (Source):      2.693ns (routing 1.401ns, distribution 1.292ns)
  Clock Net Delay (Destination): 2.119ns (routing 1.087ns, distribution 1.032ns)
  Timing Exception:       False Path

    Location             Delay type                Incr(ns)  Path(ns)    Netlist Resource(s)
  -------------------------------------------------------------------    -------------------
                         (clock clk_pl_0 rise edge)
                                                      0.000     0.000 r  
    PS8_X0Y0             PS8                          0.000     0.000 r  kria_starter_kit_i/zynq_ultra_ps_e_0/U0/PS8_i/PLCLK[0]
                         net (fo=1, routed)           0.229     0.229    kria_starter_kit_i/zynq_ultra_ps_e_0/U0/pl_clk_unbuffered[0]
    BUFG_PS_X0Y90        BUFG_PS (Prop_BUFG_PS_I_O)
                                                      0.038     0.267 r  kria_starter_kit_i/zynq_ultra_ps_e_0/U0/buffer_pl_clk_0.PL_CLK_0_BUFG/O
    X1Y2 (CLOCK_ROOT)    net (fo=1510, routed)        2.693     2.960    dbg_hub/inst/BSCANID.u_xsdbm_id/CORE_XSDB.UUT_MASTER/U_ICON_INTERFACE/U_CMD1/clk
    SLICE_X51Y190        FDRE                                         r  dbg_hub/inst/BSCANID.u_xsdbm_id/CORE_XSDB.UUT_MASTER/U_ICON_INTERFACE/U_CMD1/ctl_reg_reg[0]/C
  -------------------------------------------------------------------    -------------------
    SLICE_X51Y190        FDRE (Prop_HFF_SLICEL_C_Q)
                                                      0.113     3.073 r  dbg_hub/inst/BSCANID.u_xsdbm_id/CORE_XSDB.UUT_MASTER/U_ICON_INTERFACE/U_CMD1/ctl_reg_reg[0]/Q
                         net (fo=176, routed)         1.043     4.116    dbg_hub/inst/BSCANID.u_xsdbm_id/CORE_XSDB.UUT_MASTER/U_ICON_INTERFACE/U_CMD4/SR[0]
    SLICE_X52Y196        FDRE                                         r  dbg_hub/inst/BSCANID.u_xsdbm_id/CORE_XSDB.UUT_MASTER/U_ICON_INTERFACE/U_CMD4/shift_reg_in_reg[3]/R
  -------------------------------------------------------------------    -------------------

                         (clock dbg_hub/inst/BSCANID.u_xsdbm_id/SWITCH_N_EXT_BSCAN.bscan_inst/SERIES7_BSCAN.bscan_inst/INTERNAL_TCK rise edge)
                                                      0.000     0.000 r  
    CONFIG_SITE_X0Y0     BSCANE2                      0.000     0.000 r  dbg_hub/inst/BSCANID.u_xsdbm_id/SWITCH_N_EXT_BSCAN.bscan_inst/SERIES7_BSCAN.bscan_inst/INTERNAL_TCK
    CONFIG_SITE_X0Y0     BSCANE2 (Prop_BSCAN1_CONFIG_SITE_INTERNAL_TCK_TCK)
                                                      0.465     0.465 r  dbg_hub/inst/BSCANID.u_xsdbm_id/SWITCH_N_EXT_BSCAN.bscan_inst/SERIES7_BSCAN.bscan_inst/TCK
                         net (fo=1, routed)           1.120     1.585    dbg_hub/inst/BSCANID.u_xsdbm_id/tck_bs
    BUFGCE_X0Y76         BUFGCE (Prop_BUFCE_BUFGCE_I_O)
                                                      0.039     1.624 r  dbg_hub/inst/BSCANID.u_xsdbm_id/SWITCH_N_EXT_BSCAN.u_bufg_icon_tck/O
    X2Y2 (CLOCK_ROOT)    net (fo=478, routed)         2.119     3.743    dbg_hub/inst/BSCANID.u_xsdbm_id/CORE_XSDB.UUT_MASTER/U_ICON_INTERFACE/U_CMD4/m_bscan_tck[0]
    SLICE_X52Y196        FDRE                                         r  dbg_hub/inst/BSCANID.u_xsdbm_id/CORE_XSDB.UUT_MASTER/U_ICON_INTERFACE/U_CMD4/shift_reg_in_reg[3]/C

Slack:                    inf
  Source:                 dbg_hub/inst/BSCANID.u_xsdbm_id/CORE_XSDB.UUT_MASTER/U_ICON_INTERFACE/U_CMD1/ctl_reg_reg[0]/C
                            (rising edge-triggered cell FDRE clocked by clk_pl_0  {rise@0.000ns fall@5.000ns period=10.000ns})
  Destination:            dbg_hub/inst/BSCANID.u_xsdbm_id/CORE_XSDB.UUT_MASTER/U_ICON_INTERFACE/U_CMD4/shift_reg_in_reg[4]/R
                            (rising edge-triggered cell FDRE clocked by dbg_hub/inst/BSCANID.u_xsdbm_id/SWITCH_N_EXT_BSCAN.bscan_inst/SERIES7_BSCAN.bscan_inst/INTERNAL_TCK  {rise@0.000ns fall@25.000ns period=50.000ns})
  Path Group:             (none)
  Path Type:              Setup (Max at Slow Process Corner)
  Data Path Delay:        1.156ns  (logic 0.113ns (9.772%)  route 1.043ns (90.228%))
  Logic Levels:           0  
  Clock Path Skew:        0.784ns (DCD - SCD + CPR)
    Destination Clock Delay (DCD):    3.743ns
    Source Clock Delay      (SCD):    2.960ns
    Clock Pessimism Removal (CPR):    0.000ns
  Clock Uncertainty:      0.160ns  ((TSJ^2 + DJ^2)^1/2) / 2 + PE
    Total System Jitter     (TSJ):    0.071ns
    Discrete Jitter          (DJ):    0.312ns
    Phase Error              (PE):    0.000ns
  Clock Net Delay (Source):      2.693ns (routing 1.401ns, distribution 1.292ns)
  Clock Net Delay (Destination): 2.119ns (routing 1.087ns, distribution 1.032ns)
  Timing Exception:       False Path

    Location             Delay type                Incr(ns)  Path(ns)    Netlist Resource(s)
  -------------------------------------------------------------------    -------------------
                         (clock clk_pl_0 rise edge)
                                                      0.000     0.000 r  
    PS8_X0Y0             PS8                          0.000     0.000 r  kria_starter_kit_i/zynq_ultra_ps_e_0/U0/PS8_i/PLCLK[0]
                         net (fo=1, routed)           0.229     0.229    kria_starter_kit_i/zynq_ultra_ps_e_0/U0/pl_clk_unbuffered[0]
    BUFG_PS_X0Y90        BUFG_PS (Prop_BUFG_PS_I_O)
                                                      0.038     0.267 r  kria_starter_kit_i/zynq_ultra_ps_e_0/U0/buffer_pl_clk_0.PL_CLK_0_BUFG/O
    X1Y2 (CLOCK_ROOT)    net (fo=1510, routed)        2.693     2.960    dbg_hub/inst/BSCANID.u_xsdbm_id/CORE_XSDB.UUT_MASTER/U_ICON_INTERFACE/U_CMD1/clk
    SLICE_X51Y190        FDRE                                         r  dbg_hub/inst/BSCANID.u_xsdbm_id/CORE_XSDB.UUT_MASTER/U_ICON_INTERFACE/U_CMD1/ctl_reg_reg[0]/C
  -------------------------------------------------------------------    -------------------
    SLICE_X51Y190        FDRE (Prop_HFF_SLICEL_C_Q)
                                                      0.113     3.073 r  dbg_hub/inst/BSCANID.u_xsdbm_id/CORE_XSDB.UUT_MASTER/U_ICON_INTERFACE/U_CMD1/ctl_reg_reg[0]/Q
                         net (fo=176, routed)         1.043     4.116    dbg_hub/inst/BSCANID.u_xsdbm_id/CORE_XSDB.UUT_MASTER/U_ICON_INTERFACE/U_CMD4/SR[0]
    SLICE_X52Y196        FDRE                                         r  dbg_hub/inst/BSCANID.u_xsdbm_id/CORE_XSDB.UUT_MASTER/U_ICON_INTERFACE/U_CMD4/shift_reg_in_reg[4]/R
  -------------------------------------------------------------------    -------------------

                         (clock dbg_hub/inst/BSCANID.u_xsdbm_id/SWITCH_N_EXT_BSCAN.bscan_inst/SERIES7_BSCAN.bscan_inst/INTERNAL_TCK rise edge)
                                                      0.000     0.000 r  
    CONFIG_SITE_X0Y0     BSCANE2                      0.000     0.000 r  dbg_hub/inst/BSCANID.u_xsdbm_id/SWITCH_N_EXT_BSCAN.bscan_inst/SERIES7_BSCAN.bscan_inst/INTERNAL_TCK
    CONFIG_SITE_X0Y0     BSCANE2 (Prop_BSCAN1_CONFIG_SITE_INTERNAL_TCK_TCK)
                                                      0.465     0.465 r  dbg_hub/inst/BSCANID.u_xsdbm_id/SWITCH_N_EXT_BSCAN.bscan_inst/SERIES7_BSCAN.bscan_inst/TCK
                         net (fo=1, routed)           1.120     1.585    dbg_hub/inst/BSCANID.u_xsdbm_id/tck_bs
    BUFGCE_X0Y76         BUFGCE (Prop_BUFCE_BUFGCE_I_O)
                                                      0.039     1.624 r  dbg_hub/inst/BSCANID.u_xsdbm_id/SWITCH_N_EXT_BSCAN.u_bufg_icon_tck/O
    X2Y2 (CLOCK_ROOT)    net (fo=478, routed)         2.119     3.743    dbg_hub/inst/BSCANID.u_xsdbm_id/CORE_XSDB.UUT_MASTER/U_ICON_INTERFACE/U_CMD4/m_bscan_tck[0]
    SLICE_X52Y196        FDRE                                         r  dbg_hub/inst/BSCANID.u_xsdbm_id/CORE_XSDB.UUT_MASTER/U_ICON_INTERFACE/U_CMD4/shift_reg_in_reg[4]/C

Slack:                    inf
  Source:                 dbg_hub/inst/BSCANID.u_xsdbm_id/CORE_XSDB.UUT_MASTER/U_ICON_INTERFACE/U_CMD1/ctl_reg_reg[0]/C
                            (rising edge-triggered cell FDRE clocked by clk_pl_0  {rise@0.000ns fall@5.000ns period=10.000ns})
  Destination:            dbg_hub/inst/BSCANID.u_xsdbm_id/CORE_XSDB.UUT_MASTER/U_ICON_INTERFACE/U_CMD4/shift_reg_in_reg[5]/R
                            (rising edge-triggered cell FDRE clocked by dbg_hub/inst/BSCANID.u_xsdbm_id/SWITCH_N_EXT_BSCAN.bscan_inst/SERIES7_BSCAN.bscan_inst/INTERNAL_TCK  {rise@0.000ns fall@25.000ns period=50.000ns})
  Path Group:             (none)
  Path Type:              Setup (Max at Slow Process Corner)
  Data Path Delay:        1.156ns  (logic 0.113ns (9.772%)  route 1.043ns (90.228%))
  Logic Levels:           0  
  Clock Path Skew:        0.784ns (DCD - SCD + CPR)
    Destination Clock Delay (DCD):    3.743ns
    Source Clock Delay      (SCD):    2.960ns
    Clock Pessimism Removal (CPR):    0.000ns
  Clock Uncertainty:      0.160ns  ((TSJ^2 + DJ^2)^1/2) / 2 + PE
    Total System Jitter     (TSJ):    0.071ns
    Discrete Jitter          (DJ):    0.312ns
    Phase Error              (PE):    0.000ns
  Clock Net Delay (Source):      2.693ns (routing 1.401ns, distribution 1.292ns)
  Clock Net Delay (Destination): 2.119ns (routing 1.087ns, distribution 1.032ns)
  Timing Exception:       False Path

    Location             Delay type                Incr(ns)  Path(ns)    Netlist Resource(s)
  -------------------------------------------------------------------    -------------------
                         (clock clk_pl_0 rise edge)
                                                      0.000     0.000 r  
    PS8_X0Y0             PS8                          0.000     0.000 r  kria_starter_kit_i/zynq_ultra_ps_e_0/U0/PS8_i/PLCLK[0]
                         net (fo=1, routed)           0.229     0.229    kria_starter_kit_i/zynq_ultra_ps_e_0/U0/pl_clk_unbuffered[0]
    BUFG_PS_X0Y90        BUFG_PS (Prop_BUFG_PS_I_O)
                                                      0.038     0.267 r  kria_starter_kit_i/zynq_ultra_ps_e_0/U0/buffer_pl_clk_0.PL_CLK_0_BUFG/O
    X1Y2 (CLOCK_ROOT)    net (fo=1510, routed)        2.693     2.960    dbg_hub/inst/BSCANID.u_xsdbm_id/CORE_XSDB.UUT_MASTER/U_ICON_INTERFACE/U_CMD1/clk
    SLICE_X51Y190        FDRE                                         r  dbg_hub/inst/BSCANID.u_xsdbm_id/CORE_XSDB.UUT_MASTER/U_ICON_INTERFACE/U_CMD1/ctl_reg_reg[0]/C
  -------------------------------------------------------------------    -------------------
    SLICE_X51Y190        FDRE (Prop_HFF_SLICEL_C_Q)
                                                      0.113     3.073 r  dbg_hub/inst/BSCANID.u_xsdbm_id/CORE_XSDB.UUT_MASTER/U_ICON_INTERFACE/U_CMD1/ctl_reg_reg[0]/Q
                         net (fo=176, routed)         1.043     4.116    dbg_hub/inst/BSCANID.u_xsdbm_id/CORE_XSDB.UUT_MASTER/U_ICON_INTERFACE/U_CMD4/SR[0]
    SLICE_X52Y196        FDRE                                         r  dbg_hub/inst/BSCANID.u_xsdbm_id/CORE_XSDB.UUT_MASTER/U_ICON_INTERFACE/U_CMD4/shift_reg_in_reg[5]/R
  -------------------------------------------------------------------    -------------------

                         (clock dbg_hub/inst/BSCANID.u_xsdbm_id/SWITCH_N_EXT_BSCAN.bscan_inst/SERIES7_BSCAN.bscan_inst/INTERNAL_TCK rise edge)
                                                      0.000     0.000 r  
    CONFIG_SITE_X0Y0     BSCANE2                      0.000     0.000 r  dbg_hub/inst/BSCANID.u_xsdbm_id/SWITCH_N_EXT_BSCAN.bscan_inst/SERIES7_BSCAN.bscan_inst/INTERNAL_TCK
    CONFIG_SITE_X0Y0     BSCANE2 (Prop_BSCAN1_CONFIG_SITE_INTERNAL_TCK_TCK)
                                                      0.465     0.465 r  dbg_hub/inst/BSCANID.u_xsdbm_id/SWITCH_N_EXT_BSCAN.bscan_inst/SERIES7_BSCAN.bscan_inst/TCK
                         net (fo=1, routed)           1.120     1.585    dbg_hub/inst/BSCANID.u_xsdbm_id/tck_bs
    BUFGCE_X0Y76         BUFGCE (Prop_BUFCE_BUFGCE_I_O)
                                                      0.039     1.624 r  dbg_hub/inst/BSCANID.u_xsdbm_id/SWITCH_N_EXT_BSCAN.u_bufg_icon_tck/O
    X2Y2 (CLOCK_ROOT)    net (fo=478, routed)         2.119     3.743    dbg_hub/inst/BSCANID.u_xsdbm_id/CORE_XSDB.UUT_MASTER/U_ICON_INTERFACE/U_CMD4/m_bscan_tck[0]
    SLICE_X52Y196        FDRE                                         r  dbg_hub/inst/BSCANID.u_xsdbm_id/CORE_XSDB.UUT_MASTER/U_ICON_INTERFACE/U_CMD4/shift_reg_in_reg[5]/C

Slack:                    inf
  Source:                 dbg_hub/inst/BSCANID.u_xsdbm_id/CORE_XSDB.UUT_MASTER/U_ICON_INTERFACE/U_CMD1/ctl_reg_reg[0]/C
                            (rising edge-triggered cell FDRE clocked by clk_pl_0  {rise@0.000ns fall@5.000ns period=10.000ns})
  Destination:            dbg_hub/inst/BSCANID.u_xsdbm_id/CORE_XSDB.UUT_MASTER/U_ICON_INTERFACE/U_CMD4/shift_reg_in_reg[6]/R
                            (rising edge-triggered cell FDRE clocked by dbg_hub/inst/BSCANID.u_xsdbm_id/SWITCH_N_EXT_BSCAN.bscan_inst/SERIES7_BSCAN.bscan_inst/INTERNAL_TCK  {rise@0.000ns fall@25.000ns period=50.000ns})
  Path Group:             (none)
  Path Type:              Setup (Max at Slow Process Corner)
  Data Path Delay:        1.156ns  (logic 0.113ns (9.772%)  route 1.043ns (90.228%))
  Logic Levels:           0  
  Clock Path Skew:        0.781ns (DCD - SCD + CPR)
    Destination Clock Delay (DCD):    3.740ns
    Source Clock Delay      (SCD):    2.960ns
    Clock Pessimism Removal (CPR):    0.000ns
  Clock Uncertainty:      0.160ns  ((TSJ^2 + DJ^2)^1/2) / 2 + PE
    Total System Jitter     (TSJ):    0.071ns
    Discrete Jitter          (DJ):    0.312ns
    Phase Error              (PE):    0.000ns
  Clock Net Delay (Source):      2.693ns (routing 1.401ns, distribution 1.292ns)
  Clock Net Delay (Destination): 2.116ns (routing 1.087ns, distribution 1.029ns)
  Timing Exception:       False Path

    Location             Delay type                Incr(ns)  Path(ns)    Netlist Resource(s)
  -------------------------------------------------------------------    -------------------
                         (clock clk_pl_0 rise edge)
                                                      0.000     0.000 r  
    PS8_X0Y0             PS8                          0.000     0.000 r  kria_starter_kit_i/zynq_ultra_ps_e_0/U0/PS8_i/PLCLK[0]
                         net (fo=1, routed)           0.229     0.229    kria_starter_kit_i/zynq_ultra_ps_e_0/U0/pl_clk_unbuffered[0]
    BUFG_PS_X0Y90        BUFG_PS (Prop_BUFG_PS_I_O)
                                                      0.038     0.267 r  kria_starter_kit_i/zynq_ultra_ps_e_0/U0/buffer_pl_clk_0.PL_CLK_0_BUFG/O
    X1Y2 (CLOCK_ROOT)    net (fo=1510, routed)        2.693     2.960    dbg_hub/inst/BSCANID.u_xsdbm_id/CORE_XSDB.UUT_MASTER/U_ICON_INTERFACE/U_CMD1/clk
    SLICE_X51Y190        FDRE                                         r  dbg_hub/inst/BSCANID.u_xsdbm_id/CORE_XSDB.UUT_MASTER/U_ICON_INTERFACE/U_CMD1/ctl_reg_reg[0]/C
  -------------------------------------------------------------------    -------------------
    SLICE_X51Y190        FDRE (Prop_HFF_SLICEL_C_Q)
                                                      0.113     3.073 r  dbg_hub/inst/BSCANID.u_xsdbm_id/CORE_XSDB.UUT_MASTER/U_ICON_INTERFACE/U_CMD1/ctl_reg_reg[0]/Q
                         net (fo=176, routed)         1.043     4.116    dbg_hub/inst/BSCANID.u_xsdbm_id/CORE_XSDB.UUT_MASTER/U_ICON_INTERFACE/U_CMD4/SR[0]
    SLICE_X52Y196        FDRE                                         r  dbg_hub/inst/BSCANID.u_xsdbm_id/CORE_XSDB.UUT_MASTER/U_ICON_INTERFACE/U_CMD4/shift_reg_in_reg[6]/R
  -------------------------------------------------------------------    -------------------

                         (clock dbg_hub/inst/BSCANID.u_xsdbm_id/SWITCH_N_EXT_BSCAN.bscan_inst/SERIES7_BSCAN.bscan_inst/INTERNAL_TCK rise edge)
                                                      0.000     0.000 r  
    CONFIG_SITE_X0Y0     BSCANE2                      0.000     0.000 r  dbg_hub/inst/BSCANID.u_xsdbm_id/SWITCH_N_EXT_BSCAN.bscan_inst/SERIES7_BSCAN.bscan_inst/INTERNAL_TCK
    CONFIG_SITE_X0Y0     BSCANE2 (Prop_BSCAN1_CONFIG_SITE_INTERNAL_TCK_TCK)
                                                      0.465     0.465 r  dbg_hub/inst/BSCANID.u_xsdbm_id/SWITCH_N_EXT_BSCAN.bscan_inst/SERIES7_BSCAN.bscan_inst/TCK
                         net (fo=1, routed)           1.120     1.585    dbg_hub/inst/BSCANID.u_xsdbm_id/tck_bs
    BUFGCE_X0Y76         BUFGCE (Prop_BUFCE_BUFGCE_I_O)
                                                      0.039     1.624 r  dbg_hub/inst/BSCANID.u_xsdbm_id/SWITCH_N_EXT_BSCAN.u_bufg_icon_tck/O
    X2Y2 (CLOCK_ROOT)    net (fo=478, routed)         2.116     3.740    dbg_hub/inst/BSCANID.u_xsdbm_id/CORE_XSDB.UUT_MASTER/U_ICON_INTERFACE/U_CMD4/m_bscan_tck[0]
    SLICE_X52Y196        FDRE                                         r  dbg_hub/inst/BSCANID.u_xsdbm_id/CORE_XSDB.UUT_MASTER/U_ICON_INTERFACE/U_CMD4/shift_reg_in_reg[6]/C





Min Delay Paths
--------------------------------------------------------------------------------------
Slack:                    inf
  Source:                 dbg_hub/inst/BSCANID.u_xsdbm_id/CORE_XSDB.UUT_MASTER/U_ICON_INTERFACE/U_CMD6_WR/U_WR_FIFO/SUBCORE_FIFO.xsdbm_v3_0_2_wrfifo_inst/inst_fifo_gen/gconvfifo.rf/grf.rf/gntv_or_sync_fifo.gcx.clkx/gnxpm_cdc.rd_pntr_gc_reg[1]/C
                            (rising edge-triggered cell FDCE clocked by clk_pl_0  {rise@0.000ns fall@5.000ns period=10.000ns})
  Destination:            dbg_hub/inst/BSCANID.u_xsdbm_id/CORE_XSDB.UUT_MASTER/U_ICON_INTERFACE/U_CMD6_WR/U_WR_FIFO/SUBCORE_FIFO.xsdbm_v3_0_2_wrfifo_inst/inst_fifo_gen/gconvfifo.rf/grf.rf/gntv_or_sync_fifo.gcx.clkx/gnxpm_cdc.gsync_stage[1].wr_stg_inst/Q_reg_reg[1]/D
                            (rising edge-triggered cell FDCE clocked by dbg_hub/inst/BSCANID.u_xsdbm_id/SWITCH_N_EXT_BSCAN.bscan_inst/SERIES7_BSCAN.bscan_inst/INTERNAL_TCK  {rise@0.000ns fall@25.000ns period=50.000ns})
  Path Group:             (none)
  Path Type:              Hold (Min at Fast Process Corner)
  Data Path Delay:        0.168ns  (logic 0.086ns (51.190%)  route 0.082ns (48.810%))
  Logic Levels:           0  
  Clock Path Skew:        5.832ns (DCD - SCD - CPR)
    Destination Clock Delay (DCD):    7.422ns
    Source Clock Delay      (SCD):    1.590ns
    Clock Pessimism Removal (CPR):    -0.000ns
  Clock Uncertainty:      0.160ns  ((TSJ^2 + DJ^2)^1/2) / 2 + PE
    Total System Jitter     (TSJ):    0.071ns
    Discrete Jitter          (DJ):    0.312ns
    Phase Error              (PE):    0.000ns
  Clock Net Delay (Source):      1.439ns (routing 0.785ns, distribution 0.654ns)
  Clock Net Delay (Destination): 1.371ns (routing 0.709ns, distribution 0.662ns)
  Timing Exception:       False Path

    Location             Delay type                Incr(ns)  Path(ns)    Netlist Resource(s)
  -------------------------------------------------------------------    -------------------
                         (clock clk_pl_0 rise edge)
                                                      0.000     0.000 r  
    PS8_X0Y0             PS8                          0.000     0.000 r  kria_starter_kit_i/zynq_ultra_ps_e_0/U0/PS8_i/PLCLK[0]
                         net (fo=1, routed)           0.129     0.129    kria_starter_kit_i/zynq_ultra_ps_e_0/U0/pl_clk_unbuffered[0]
    BUFG_PS_X0Y90        BUFG_PS (Prop_BUFG_PS_I_O)
                                                      0.022     0.151 r  kria_starter_kit_i/zynq_ultra_ps_e_0/U0/buffer_pl_clk_0.PL_CLK_0_BUFG/O
    X1Y2 (CLOCK_ROOT)    net (fo=1510, routed)        1.439     1.590    dbg_hub/inst/BSCANID.u_xsdbm_id/CORE_XSDB.UUT_MASTER/U_ICON_INTERFACE/U_CMD6_WR/U_WR_FIFO/SUBCORE_FIFO.xsdbm_v3_0_2_wrfifo_inst/inst_fifo_gen/gconvfifo.rf/grf.rf/gntv_or_sync_fifo.gcx.clkx/rd_clk
    SLICE_X44Y197        FDCE                                         r  dbg_hub/inst/BSCANID.u_xsdbm_id/CORE_XSDB.UUT_MASTER/U_ICON_INTERFACE/U_CMD6_WR/U_WR_FIFO/SUBCORE_FIFO.xsdbm_v3_0_2_wrfifo_inst/inst_fifo_gen/gconvfifo.rf/grf.rf/gntv_or_sync_fifo.gcx.clkx/gnxpm_cdc.rd_pntr_gc_reg[1]/C
  -------------------------------------------------------------------    -------------------
    SLICE_X44Y197        FDCE (Prop_DFF2_SLICEL_C_Q)
                                                      0.086     1.676 r  dbg_hub/inst/BSCANID.u_xsdbm_id/CORE_XSDB.UUT_MASTER/U_ICON_INTERFACE/U_CMD6_WR/U_WR_FIFO/SUBCORE_FIFO.xsdbm_v3_0_2_wrfifo_inst/inst_fifo_gen/gconvfifo.rf/grf.rf/gntv_or_sync_fifo.gcx.clkx/gnxpm_cdc.rd_pntr_gc_reg[1]/Q
                         net (fo=1, routed)           0.082     1.758    dbg_hub/inst/BSCANID.u_xsdbm_id/CORE_XSDB.UUT_MASTER/U_ICON_INTERFACE/U_CMD6_WR/U_WR_FIFO/SUBCORE_FIFO.xsdbm_v3_0_2_wrfifo_inst/inst_fifo_gen/gconvfifo.rf/grf.rf/gntv_or_sync_fifo.gcx.clkx/gnxpm_cdc.gsync_stage[1].wr_stg_inst/Q[1]
    SLICE_X44Y198        FDCE                                         r  dbg_hub/inst/BSCANID.u_xsdbm_id/CORE_XSDB.UUT_MASTER/U_ICON_INTERFACE/U_CMD6_WR/U_WR_FIFO/SUBCORE_FIFO.xsdbm_v3_0_2_wrfifo_inst/inst_fifo_gen/gconvfifo.rf/grf.rf/gntv_or_sync_fifo.gcx.clkx/gnxpm_cdc.gsync_stage[1].wr_stg_inst/Q_reg_reg[1]/D
  -------------------------------------------------------------------    -------------------

                         (clock dbg_hub/inst/BSCANID.u_xsdbm_id/SWITCH_N_EXT_BSCAN.bscan_inst/SERIES7_BSCAN.bscan_inst/INTERNAL_TCK rise edge)
                                                      0.000     0.000 r  
    CONFIG_SITE_X0Y0     BSCANE2                      0.000     0.000 r  dbg_hub/inst/BSCANID.u_xsdbm_id/SWITCH_N_EXT_BSCAN.bscan_inst/SERIES7_BSCAN.bscan_inst/INTERNAL_TCK
    CONFIG_SITE_X0Y0     BSCANE2 (Prop_BSCAN1_CONFIG_SITE_INTERNAL_TCK_TCK)
                                                      4.800     4.800 r  dbg_hub/inst/BSCANID.u_xsdbm_id/SWITCH_N_EXT_BSCAN.bscan_inst/SERIES7_BSCAN.bscan_inst/TCK
                         net (fo=1, routed)           1.225     6.025    dbg_hub/inst/BSCANID.u_xsdbm_id/tck_bs
    BUFGCE_X0Y76         BUFGCE (Prop_BUFCE_BUFGCE_I_O)
                                                      0.026     6.051 r  dbg_hub/inst/BSCANID.u_xsdbm_id/SWITCH_N_EXT_BSCAN.u_bufg_icon_tck/O
    X2Y2 (CLOCK_ROOT)    net (fo=478, routed)         1.371     7.422    dbg_hub/inst/BSCANID.u_xsdbm_id/CORE_XSDB.UUT_MASTER/U_ICON_INTERFACE/U_CMD6_WR/U_WR_FIFO/SUBCORE_FIFO.xsdbm_v3_0_2_wrfifo_inst/inst_fifo_gen/gconvfifo.rf/grf.rf/gntv_or_sync_fifo.gcx.clkx/gnxpm_cdc.gsync_stage[1].wr_stg_inst/wr_clk
    SLICE_X44Y198        FDCE                                         r  dbg_hub/inst/BSCANID.u_xsdbm_id/CORE_XSDB.UUT_MASTER/U_ICON_INTERFACE/U_CMD6_WR/U_WR_FIFO/SUBCORE_FIFO.xsdbm_v3_0_2_wrfifo_inst/inst_fifo_gen/gconvfifo.rf/grf.rf/gntv_or_sync_fifo.gcx.clkx/gnxpm_cdc.gsync_stage[1].wr_stg_inst/Q_reg_reg[1]/C

Slack:                    inf
  Source:                 dbg_hub/inst/BSCANID.u_xsdbm_id/CORE_XSDB.UUT_MASTER/U_ICON_INTERFACE/U_CMD6_RD/U_RD_FIFO/SUBCORE_FIFO.xsdbm_v3_0_2_rdfifo_inst/inst_fifo_gen/gconvfifo.rf/grf.rf/gntv_or_sync_fifo.gcx.clkx/gnxpm_cdc.wr_pntr_gc_reg[1]/C
                            (rising edge-triggered cell FDCE clocked by clk_pl_0  {rise@0.000ns fall@5.000ns period=10.000ns})
  Destination:            dbg_hub/inst/BSCANID.u_xsdbm_id/CORE_XSDB.UUT_MASTER/U_ICON_INTERFACE/U_CMD6_RD/U_RD_FIFO/SUBCORE_FIFO.xsdbm_v3_0_2_rdfifo_inst/inst_fifo_gen/gconvfifo.rf/grf.rf/gntv_or_sync_fifo.gcx.clkx/gnxpm_cdc.gsync_stage[1].rd_stg_inst/Q_reg_reg[1]/D
                            (rising edge-triggered cell FDCE clocked by dbg_hub/inst/BSCANID.u_xsdbm_id/SWITCH_N_EXT_BSCAN.bscan_inst/SERIES7_BSCAN.bscan_inst/INTERNAL_TCK  {rise@0.000ns fall@25.000ns period=50.000ns})
  Path Group:             (none)
  Path Type:              Hold (Min at Fast Process Corner)
  Data Path Delay:        0.144ns  (logic 0.086ns (59.722%)  route 0.058ns (40.278%))
  Logic Levels:           0  
  Clock Path Skew:        5.823ns (DCD - SCD - CPR)
    Destination Clock Delay (DCD):    7.457ns
    Source Clock Delay      (SCD):    1.634ns
    Clock Pessimism Removal (CPR):    -0.000ns
  Clock Uncertainty:      0.160ns  ((TSJ^2 + DJ^2)^1/2) / 2 + PE
    Total System Jitter     (TSJ):    0.071ns
    Discrete Jitter          (DJ):    0.312ns
    Phase Error              (PE):    0.000ns
  Clock Net Delay (Source):      1.483ns (routing 0.785ns, distribution 0.698ns)
  Clock Net Delay (Destination): 1.406ns (routing 0.709ns, distribution 0.697ns)
  Timing Exception:       False Path

    Location             Delay type                Incr(ns)  Path(ns)    Netlist Resource(s)
  -------------------------------------------------------------------    -------------------
                         (clock clk_pl_0 rise edge)
                                                      0.000     0.000 r  
    PS8_X0Y0             PS8                          0.000     0.000 r  kria_starter_kit_i/zynq_ultra_ps_e_0/U0/PS8_i/PLCLK[0]
                         net (fo=1, routed)           0.129     0.129    kria_starter_kit_i/zynq_ultra_ps_e_0/U0/pl_clk_unbuffered[0]
    BUFG_PS_X0Y90        BUFG_PS (Prop_BUFG_PS_I_O)
                                                      0.022     0.151 r  kria_starter_kit_i/zynq_ultra_ps_e_0/U0/buffer_pl_clk_0.PL_CLK_0_BUFG/O
    X1Y2 (CLOCK_ROOT)    net (fo=1510, routed)        1.483     1.634    dbg_hub/inst/BSCANID.u_xsdbm_id/CORE_XSDB.UUT_MASTER/U_ICON_INTERFACE/U_CMD6_RD/U_RD_FIFO/SUBCORE_FIFO.xsdbm_v3_0_2_rdfifo_inst/inst_fifo_gen/gconvfifo.rf/grf.rf/gntv_or_sync_fifo.gcx.clkx/wr_clk
    SLICE_X51Y199        FDCE                                         r  dbg_hub/inst/BSCANID.u_xsdbm_id/CORE_XSDB.UUT_MASTER/U_ICON_INTERFACE/U_CMD6_RD/U_RD_FIFO/SUBCORE_FIFO.xsdbm_v3_0_2_rdfifo_inst/inst_fifo_gen/gconvfifo.rf/grf.rf/gntv_or_sync_fifo.gcx.clkx/gnxpm_cdc.wr_pntr_gc_reg[1]/C
  -------------------------------------------------------------------    -------------------
    SLICE_X51Y199        FDCE (Prop_DFF2_SLICEL_C_Q)
                                                      0.086     1.720 r  dbg_hub/inst/BSCANID.u_xsdbm_id/CORE_XSDB.UUT_MASTER/U_ICON_INTERFACE/U_CMD6_RD/U_RD_FIFO/SUBCORE_FIFO.xsdbm_v3_0_2_rdfifo_inst/inst_fifo_gen/gconvfifo.rf/grf.rf/gntv_or_sync_fifo.gcx.clkx/gnxpm_cdc.wr_pntr_gc_reg[1]/Q
                         net (fo=1, routed)           0.058     1.778    dbg_hub/inst/BSCANID.u_xsdbm_id/CORE_XSDB.UUT_MASTER/U_ICON_INTERFACE/U_CMD6_RD/U_RD_FIFO/SUBCORE_FIFO.xsdbm_v3_0_2_rdfifo_inst/inst_fifo_gen/gconvfifo.rf/grf.rf/gntv_or_sync_fifo.gcx.clkx/gnxpm_cdc.gsync_stage[1].rd_stg_inst/Q[1]
    SLICE_X51Y200        FDCE                                         r  dbg_hub/inst/BSCANID.u_xsdbm_id/CORE_XSDB.UUT_MASTER/U_ICON_INTERFACE/U_CMD6_RD/U_RD_FIFO/SUBCORE_FIFO.xsdbm_v3_0_2_rdfifo_inst/inst_fifo_gen/gconvfifo.rf/grf.rf/gntv_or_sync_fifo.gcx.clkx/gnxpm_cdc.gsync_stage[1].rd_stg_inst/Q_reg_reg[1]/D
  -------------------------------------------------------------------    -------------------

                         (clock dbg_hub/inst/BSCANID.u_xsdbm_id/SWITCH_N_EXT_BSCAN.bscan_inst/SERIES7_BSCAN.bscan_inst/INTERNAL_TCK rise edge)
                                                      0.000     0.000 r  
    CONFIG_SITE_X0Y0     BSCANE2                      0.000     0.000 r  dbg_hub/inst/BSCANID.u_xsdbm_id/SWITCH_N_EXT_BSCAN.bscan_inst/SERIES7_BSCAN.bscan_inst/INTERNAL_TCK
    CONFIG_SITE_X0Y0     BSCANE2 (Prop_BSCAN1_CONFIG_SITE_INTERNAL_TCK_TCK)
                                                      4.800     4.800 r  dbg_hub/inst/BSCANID.u_xsdbm_id/SWITCH_N_EXT_BSCAN.bscan_inst/SERIES7_BSCAN.bscan_inst/TCK
                         net (fo=1, routed)           1.225     6.025    dbg_hub/inst/BSCANID.u_xsdbm_id/tck_bs
    BUFGCE_X0Y76         BUFGCE (Prop_BUFCE_BUFGCE_I_O)
                                                      0.026     6.051 r  dbg_hub/inst/BSCANID.u_xsdbm_id/SWITCH_N_EXT_BSCAN.u_bufg_icon_tck/O
    X2Y2 (CLOCK_ROOT)    net (fo=478, routed)         1.406     7.457    dbg_hub/inst/BSCANID.u_xsdbm_id/CORE_XSDB.UUT_MASTER/U_ICON_INTERFACE/U_CMD6_RD/U_RD_FIFO/SUBCORE_FIFO.xsdbm_v3_0_2_rdfifo_inst/inst_fifo_gen/gconvfifo.rf/grf.rf/gntv_or_sync_fifo.gcx.clkx/gnxpm_cdc.gsync_stage[1].rd_stg_inst/rd_clk
    SLICE_X51Y200        FDCE                                         r  dbg_hub/inst/BSCANID.u_xsdbm_id/CORE_XSDB.UUT_MASTER/U_ICON_INTERFACE/U_CMD6_RD/U_RD_FIFO/SUBCORE_FIFO.xsdbm_v3_0_2_rdfifo_inst/inst_fifo_gen/gconvfifo.rf/grf.rf/gntv_or_sync_fifo.gcx.clkx/gnxpm_cdc.gsync_stage[1].rd_stg_inst/Q_reg_reg[1]/C

Slack:                    inf
  Source:                 dbg_hub/inst/BSCANID.u_xsdbm_id/CORE_XSDB.UUT_MASTER/U_ICON_INTERFACE/U_CMD6_WR/U_WR_FIFO/SUBCORE_FIFO.xsdbm_v3_0_2_wrfifo_inst/inst_fifo_gen/gconvfifo.rf/grf.rf/gntv_or_sync_fifo.gcx.clkx/gnxpm_cdc.rd_pntr_gc_reg[3]/C
                            (rising edge-triggered cell FDCE clocked by clk_pl_0  {rise@0.000ns fall@5.000ns period=10.000ns})
  Destination:            dbg_hub/inst/BSCANID.u_xsdbm_id/CORE_XSDB.UUT_MASTER/U_ICON_INTERFACE/U_CMD6_WR/U_WR_FIFO/SUBCORE_FIFO.xsdbm_v3_0_2_wrfifo_inst/inst_fifo_gen/gconvfifo.rf/grf.rf/gntv_or_sync_fifo.gcx.clkx/gnxpm_cdc.gsync_stage[1].wr_stg_inst/Q_reg_reg[3]/D
                            (rising edge-triggered cell FDCE clocked by dbg_hub/inst/BSCANID.u_xsdbm_id/SWITCH_N_EXT_BSCAN.bscan_inst/SERIES7_BSCAN.bscan_inst/INTERNAL_TCK  {rise@0.000ns fall@25.000ns period=50.000ns})
  Path Group:             (none)
  Path Type:              Hold (Min at Fast Process Corner)
  Data Path Delay:        0.190ns  (logic 0.084ns (44.211%)  route 0.106ns (55.789%))
  Logic Levels:           0  
  Clock Path Skew:        5.831ns (DCD - SCD - CPR)
    Destination Clock Delay (DCD):    7.421ns
    Source Clock Delay      (SCD):    1.590ns
    Clock Pessimism Removal (CPR):    -0.000ns
  Clock Uncertainty:      0.160ns  ((TSJ^2 + DJ^2)^1/2) / 2 + PE
    Total System Jitter     (TSJ):    0.071ns
    Discrete Jitter          (DJ):    0.312ns
    Phase Error              (PE):    0.000ns
  Clock Net Delay (Source):      1.439ns (routing 0.785ns, distribution 0.654ns)
  Clock Net Delay (Destination): 1.370ns (routing 0.709ns, distribution 0.661ns)
  Timing Exception:       False Path

    Location             Delay type                Incr(ns)  Path(ns)    Netlist Resource(s)
  -------------------------------------------------------------------    -------------------
                         (clock clk_pl_0 rise edge)
                                                      0.000     0.000 r  
    PS8_X0Y0             PS8                          0.000     0.000 r  kria_starter_kit_i/zynq_ultra_ps_e_0/U0/PS8_i/PLCLK[0]
                         net (fo=1, routed)           0.129     0.129    kria_starter_kit_i/zynq_ultra_ps_e_0/U0/pl_clk_unbuffered[0]
    BUFG_PS_X0Y90        BUFG_PS (Prop_BUFG_PS_I_O)
                                                      0.022     0.151 r  kria_starter_kit_i/zynq_ultra_ps_e_0/U0/buffer_pl_clk_0.PL_CLK_0_BUFG/O
    X1Y2 (CLOCK_ROOT)    net (fo=1510, routed)        1.439     1.590    dbg_hub/inst/BSCANID.u_xsdbm_id/CORE_XSDB.UUT_MASTER/U_ICON_INTERFACE/U_CMD6_WR/U_WR_FIFO/SUBCORE_FIFO.xsdbm_v3_0_2_wrfifo_inst/inst_fifo_gen/gconvfifo.rf/grf.rf/gntv_or_sync_fifo.gcx.clkx/rd_clk
    SLICE_X44Y197        FDCE                                         r  dbg_hub/inst/BSCANID.u_xsdbm_id/CORE_XSDB.UUT_MASTER/U_ICON_INTERFACE/U_CMD6_WR/U_WR_FIFO/SUBCORE_FIFO.xsdbm_v3_0_2_wrfifo_inst/inst_fifo_gen/gconvfifo.rf/grf.rf/gntv_or_sync_fifo.gcx.clkx/gnxpm_cdc.rd_pntr_gc_reg[3]/C
  -------------------------------------------------------------------    -------------------
    SLICE_X44Y197        FDCE (Prop_BFF_SLICEL_C_Q)
                                                      0.084     1.674 r  dbg_hub/inst/BSCANID.u_xsdbm_id/CORE_XSDB.UUT_MASTER/U_ICON_INTERFACE/U_CMD6_WR/U_WR_FIFO/SUBCORE_FIFO.xsdbm_v3_0_2_wrfifo_inst/inst_fifo_gen/gconvfifo.rf/grf.rf/gntv_or_sync_fifo.gcx.clkx/gnxpm_cdc.rd_pntr_gc_reg[3]/Q
                         net (fo=1, routed)           0.106     1.780    dbg_hub/inst/BSCANID.u_xsdbm_id/CORE_XSDB.UUT_MASTER/U_ICON_INTERFACE/U_CMD6_WR/U_WR_FIFO/SUBCORE_FIFO.xsdbm_v3_0_2_wrfifo_inst/inst_fifo_gen/gconvfifo.rf/grf.rf/gntv_or_sync_fifo.gcx.clkx/gnxpm_cdc.gsync_stage[1].wr_stg_inst/Q[3]
    SLICE_X44Y197        FDCE                                         r  dbg_hub/inst/BSCANID.u_xsdbm_id/CORE_XSDB.UUT_MASTER/U_ICON_INTERFACE/U_CMD6_WR/U_WR_FIFO/SUBCORE_FIFO.xsdbm_v3_0_2_wrfifo_inst/inst_fifo_gen/gconvfifo.rf/grf.rf/gntv_or_sync_fifo.gcx.clkx/gnxpm_cdc.gsync_stage[1].wr_stg_inst/Q_reg_reg[3]/D
  -------------------------------------------------------------------    -------------------

                         (clock dbg_hub/inst/BSCANID.u_xsdbm_id/SWITCH_N_EXT_BSCAN.bscan_inst/SERIES7_BSCAN.bscan_inst/INTERNAL_TCK rise edge)
                                                      0.000     0.000 r  
    CONFIG_SITE_X0Y0     BSCANE2                      0.000     0.000 r  dbg_hub/inst/BSCANID.u_xsdbm_id/SWITCH_N_EXT_BSCAN.bscan_inst/SERIES7_BSCAN.bscan_inst/INTERNAL_TCK
    CONFIG_SITE_X0Y0     BSCANE2 (Prop_BSCAN1_CONFIG_SITE_INTERNAL_TCK_TCK)
                                                      4.800     4.800 r  dbg_hub/inst/BSCANID.u_xsdbm_id/SWITCH_N_EXT_BSCAN.bscan_inst/SERIES7_BSCAN.bscan_inst/TCK
                         net (fo=1, routed)           1.225     6.025    dbg_hub/inst/BSCANID.u_xsdbm_id/tck_bs
    BUFGCE_X0Y76         BUFGCE (Prop_BUFCE_BUFGCE_I_O)
                                                      0.026     6.051 r  dbg_hub/inst/BSCANID.u_xsdbm_id/SWITCH_N_EXT_BSCAN.u_bufg_icon_tck/O
    X2Y2 (CLOCK_ROOT)    net (fo=478, routed)         1.370     7.421    dbg_hub/inst/BSCANID.u_xsdbm_id/CORE_XSDB.UUT_MASTER/U_ICON_INTERFACE/U_CMD6_WR/U_WR_FIFO/SUBCORE_FIFO.xsdbm_v3_0_2_wrfifo_inst/inst_fifo_gen/gconvfifo.rf/grf.rf/gntv_or_sync_fifo.gcx.clkx/gnxpm_cdc.gsync_stage[1].wr_stg_inst/wr_clk
    SLICE_X44Y197        FDCE                                         r  dbg_hub/inst/BSCANID.u_xsdbm_id/CORE_XSDB.UUT_MASTER/U_ICON_INTERFACE/U_CMD6_WR/U_WR_FIFO/SUBCORE_FIFO.xsdbm_v3_0_2_wrfifo_inst/inst_fifo_gen/gconvfifo.rf/grf.rf/gntv_or_sync_fifo.gcx.clkx/gnxpm_cdc.gsync_stage[1].wr_stg_inst/Q_reg_reg[3]/C

Slack:                    inf
  Source:                 dbg_hub/inst/BSCANID.u_xsdbm_id/CORE_XSDB.UUT_MASTER/U_ICON_INTERFACE/U_CMD2/stat_reg_reg[0]/C
                            (rising edge-triggered cell FDRE clocked by clk_pl_0  {rise@0.000ns fall@5.000ns period=10.000ns})
  Destination:            dbg_hub/inst/BSCANID.u_xsdbm_id/CORE_XSDB.UUT_MASTER/U_ICON_INTERFACE/U_CMD2/stat_reg_1_reg[0]/D
                            (rising edge-triggered cell FDRE clocked by dbg_hub/inst/BSCANID.u_xsdbm_id/SWITCH_N_EXT_BSCAN.bscan_inst/SERIES7_BSCAN.bscan_inst/INTERNAL_TCK  {rise@0.000ns fall@25.000ns period=50.000ns})
  Path Group:             (none)
  Path Type:              Hold (Min at Fast Process Corner)
  Data Path Delay:        0.169ns  (logic 0.085ns (50.296%)  route 0.084ns (49.704%))
  Logic Levels:           0  
  Clock Path Skew:        5.820ns (DCD - SCD - CPR)
    Destination Clock Delay (DCD):    7.452ns
    Source Clock Delay      (SCD):    1.633ns
    Clock Pessimism Removal (CPR):    -0.000ns
  Clock Uncertainty:      0.160ns  ((TSJ^2 + DJ^2)^1/2) / 2 + PE
    Total System Jitter     (TSJ):    0.071ns
    Discrete Jitter          (DJ):    0.312ns
    Phase Error              (PE):    0.000ns
  Clock Net Delay (Source):      1.482ns (routing 0.785ns, distribution 0.697ns)
  Clock Net Delay (Destination): 1.401ns (routing 0.709ns, distribution 0.692ns)
  Timing Exception:       False Path

    Location             Delay type                Incr(ns)  Path(ns)    Netlist Resource(s)
  -------------------------------------------------------------------    -------------------
                         (clock clk_pl_0 rise edge)
                                                      0.000     0.000 r  
    PS8_X0Y0             PS8                          0.000     0.000 r  kria_starter_kit_i/zynq_ultra_ps_e_0/U0/PS8_i/PLCLK[0]
                         net (fo=1, routed)           0.129     0.129    kria_starter_kit_i/zynq_ultra_ps_e_0/U0/pl_clk_unbuffered[0]
    BUFG_PS_X0Y90        BUFG_PS (Prop_BUFG_PS_I_O)
                                                      0.022     0.151 r  kria_starter_kit_i/zynq_ultra_ps_e_0/U0/buffer_pl_clk_0.PL_CLK_0_BUFG/O
    X1Y2 (CLOCK_ROOT)    net (fo=1510, routed)        1.482     1.633    dbg_hub/inst/BSCANID.u_xsdbm_id/CORE_XSDB.UUT_MASTER/U_ICON_INTERFACE/U_CMD2/clk
    SLICE_X49Y189        FDRE                                         r  dbg_hub/inst/BSCANID.u_xsdbm_id/CORE_XSDB.UUT_MASTER/U_ICON_INTERFACE/U_CMD2/stat_reg_reg[0]/C
  -------------------------------------------------------------------    -------------------
    SLICE_X49Y189        FDRE (Prop_AFF2_SLICEL_C_Q)
                                                      0.085     1.718 r  dbg_hub/inst/BSCANID.u_xsdbm_id/CORE_XSDB.UUT_MASTER/U_ICON_INTERFACE/U_CMD2/stat_reg_reg[0]/Q
                         net (fo=1, routed)           0.084     1.802    dbg_hub/inst/BSCANID.u_xsdbm_id/CORE_XSDB.UUT_MASTER/U_ICON_INTERFACE/U_CMD2/stat_reg[0]
    SLICE_X49Y190        FDRE                                         r  dbg_hub/inst/BSCANID.u_xsdbm_id/CORE_XSDB.UUT_MASTER/U_ICON_INTERFACE/U_CMD2/stat_reg_1_reg[0]/D
  -------------------------------------------------------------------    -------------------

                         (clock dbg_hub/inst/BSCANID.u_xsdbm_id/SWITCH_N_EXT_BSCAN.bscan_inst/SERIES7_BSCAN.bscan_inst/INTERNAL_TCK rise edge)
                                                      0.000     0.000 r  
    CONFIG_SITE_X0Y0     BSCANE2                      0.000     0.000 r  dbg_hub/inst/BSCANID.u_xsdbm_id/SWITCH_N_EXT_BSCAN.bscan_inst/SERIES7_BSCAN.bscan_inst/INTERNAL_TCK
    CONFIG_SITE_X0Y0     BSCANE2 (Prop_BSCAN1_CONFIG_SITE_INTERNAL_TCK_TCK)
                                                      4.800     4.800 r  dbg_hub/inst/BSCANID.u_xsdbm_id/SWITCH_N_EXT_BSCAN.bscan_inst/SERIES7_BSCAN.bscan_inst/TCK
                         net (fo=1, routed)           1.225     6.025    dbg_hub/inst/BSCANID.u_xsdbm_id/tck_bs
    BUFGCE_X0Y76         BUFGCE (Prop_BUFCE_BUFGCE_I_O)
                                                      0.026     6.051 r  dbg_hub/inst/BSCANID.u_xsdbm_id/SWITCH_N_EXT_BSCAN.u_bufg_icon_tck/O
    X2Y2 (CLOCK_ROOT)    net (fo=478, routed)         1.401     7.452    dbg_hub/inst/BSCANID.u_xsdbm_id/CORE_XSDB.UUT_MASTER/U_ICON_INTERFACE/U_CMD2/m_bscan_tck[0]
    SLICE_X49Y190        FDRE                                         r  dbg_hub/inst/BSCANID.u_xsdbm_id/CORE_XSDB.UUT_MASTER/U_ICON_INTERFACE/U_CMD2/stat_reg_1_reg[0]/C

Slack:                    inf
  Source:                 dbg_hub/inst/BSCANID.u_xsdbm_id/CORE_XSDB.UUT_MASTER/U_ICON_INTERFACE/U_CMD2/stat_reg_reg[2]/C
                            (rising edge-triggered cell FDRE clocked by clk_pl_0  {rise@0.000ns fall@5.000ns period=10.000ns})
  Destination:            dbg_hub/inst/BSCANID.u_xsdbm_id/CORE_XSDB.UUT_MASTER/U_ICON_INTERFACE/U_CMD2/stat_reg_1_reg[2]/D
                            (rising edge-triggered cell FDRE clocked by dbg_hub/inst/BSCANID.u_xsdbm_id/SWITCH_N_EXT_BSCAN.bscan_inst/SERIES7_BSCAN.bscan_inst/INTERNAL_TCK  {rise@0.000ns fall@25.000ns period=50.000ns})
  Path Group:             (none)
  Path Type:              Hold (Min at Fast Process Corner)
  Data Path Delay:        0.169ns  (logic 0.085ns (50.296%)  route 0.084ns (49.704%))
  Logic Levels:           0  
  Clock Path Skew:        5.814ns (DCD - SCD - CPR)
    Destination Clock Delay (DCD):    7.447ns
    Source Clock Delay      (SCD):    1.633ns
    Clock Pessimism Removal (CPR):    -0.000ns
  Clock Uncertainty:      0.160ns  ((TSJ^2 + DJ^2)^1/2) / 2 + PE
    Total System Jitter     (TSJ):    0.071ns
    Discrete Jitter          (DJ):    0.312ns
    Phase Error              (PE):    0.000ns
  Clock Net Delay (Source):      1.482ns (routing 0.785ns, distribution 0.697ns)
  Clock Net Delay (Destination): 1.396ns (routing 0.709ns, distribution 0.687ns)
  Timing Exception:       False Path

    Location             Delay type                Incr(ns)  Path(ns)    Netlist Resource(s)
  -------------------------------------------------------------------    -------------------
                         (clock clk_pl_0 rise edge)
                                                      0.000     0.000 r  
    PS8_X0Y0             PS8                          0.000     0.000 r  kria_starter_kit_i/zynq_ultra_ps_e_0/U0/PS8_i/PLCLK[0]
                         net (fo=1, routed)           0.129     0.129    kria_starter_kit_i/zynq_ultra_ps_e_0/U0/pl_clk_unbuffered[0]
    BUFG_PS_X0Y90        BUFG_PS (Prop_BUFG_PS_I_O)
                                                      0.022     0.151 r  kria_starter_kit_i/zynq_ultra_ps_e_0/U0/buffer_pl_clk_0.PL_CLK_0_BUFG/O
    X1Y2 (CLOCK_ROOT)    net (fo=1510, routed)        1.482     1.633    dbg_hub/inst/BSCANID.u_xsdbm_id/CORE_XSDB.UUT_MASTER/U_ICON_INTERFACE/U_CMD2/clk
    SLICE_X51Y191        FDRE                                         r  dbg_hub/inst/BSCANID.u_xsdbm_id/CORE_XSDB.UUT_MASTER/U_ICON_INTERFACE/U_CMD2/stat_reg_reg[2]/C
  -------------------------------------------------------------------    -------------------
    SLICE_X51Y191        FDRE (Prop_AFF2_SLICEL_C_Q)
                                                      0.085     1.718 r  dbg_hub/inst/BSCANID.u_xsdbm_id/CORE_XSDB.UUT_MASTER/U_ICON_INTERFACE/U_CMD2/stat_reg_reg[2]/Q
                         net (fo=1, routed)           0.084     1.802    dbg_hub/inst/BSCANID.u_xsdbm_id/CORE_XSDB.UUT_MASTER/U_ICON_INTERFACE/U_CMD2/stat_reg[2]
    SLICE_X51Y192        FDRE                                         r  dbg_hub/inst/BSCANID.u_xsdbm_id/CORE_XSDB.UUT_MASTER/U_ICON_INTERFACE/U_CMD2/stat_reg_1_reg[2]/D
  -------------------------------------------------------------------    -------------------

                         (clock dbg_hub/inst/BSCANID.u_xsdbm_id/SWITCH_N_EXT_BSCAN.bscan_inst/SERIES7_BSCAN.bscan_inst/INTERNAL_TCK rise edge)
                                                      0.000     0.000 r  
    CONFIG_SITE_X0Y0     BSCANE2                      0.000     0.000 r  dbg_hub/inst/BSCANID.u_xsdbm_id/SWITCH_N_EXT_BSCAN.bscan_inst/SERIES7_BSCAN.bscan_inst/INTERNAL_TCK
    CONFIG_SITE_X0Y0     BSCANE2 (Prop_BSCAN1_CONFIG_SITE_INTERNAL_TCK_TCK)
                                                      4.800     4.800 r  dbg_hub/inst/BSCANID.u_xsdbm_id/SWITCH_N_EXT_BSCAN.bscan_inst/SERIES7_BSCAN.bscan_inst/TCK
                         net (fo=1, routed)           1.225     6.025    dbg_hub/inst/BSCANID.u_xsdbm_id/tck_bs
    BUFGCE_X0Y76         BUFGCE (Prop_BUFCE_BUFGCE_I_O)
                                                      0.026     6.051 r  dbg_hub/inst/BSCANID.u_xsdbm_id/SWITCH_N_EXT_BSCAN.u_bufg_icon_tck/O
    X2Y2 (CLOCK_ROOT)    net (fo=478, routed)         1.396     7.447    dbg_hub/inst/BSCANID.u_xsdbm_id/CORE_XSDB.UUT_MASTER/U_ICON_INTERFACE/U_CMD2/m_bscan_tck[0]
    SLICE_X51Y192        FDRE                                         r  dbg_hub/inst/BSCANID.u_xsdbm_id/CORE_XSDB.UUT_MASTER/U_ICON_INTERFACE/U_CMD2/stat_reg_1_reg[2]/C

Slack:                    inf
  Source:                 dbg_hub/inst/BSCANID.u_xsdbm_id/CORE_XSDB.UUT_MASTER/U_ICON_INTERFACE/U_CMD3/stat_reg_reg[0]/C
                            (rising edge-triggered cell FDRE clocked by clk_pl_0  {rise@0.000ns fall@5.000ns period=10.000ns})
  Destination:            dbg_hub/inst/BSCANID.u_xsdbm_id/CORE_XSDB.UUT_MASTER/U_ICON_INTERFACE/U_CMD3/stat_reg_1_reg[0]/D
                            (rising edge-triggered cell FDRE clocked by dbg_hub/inst/BSCANID.u_xsdbm_id/SWITCH_N_EXT_BSCAN.bscan_inst/SERIES7_BSCAN.bscan_inst/INTERNAL_TCK  {rise@0.000ns fall@25.000ns period=50.000ns})
  Path Group:             (none)
  Path Type:              Hold (Min at Fast Process Corner)
  Data Path Delay:        0.169ns  (logic 0.085ns (50.296%)  route 0.084ns (49.704%))
  Logic Levels:           0  
  Clock Path Skew:        5.818ns (DCD - SCD - CPR)
    Destination Clock Delay (DCD):    7.451ns
    Source Clock Delay      (SCD):    1.633ns
    Clock Pessimism Removal (CPR):    -0.000ns
  Clock Uncertainty:      0.160ns  ((TSJ^2 + DJ^2)^1/2) / 2 + PE
    Total System Jitter     (TSJ):    0.071ns
    Discrete Jitter          (DJ):    0.312ns
    Phase Error              (PE):    0.000ns
  Clock Net Delay (Source):      1.482ns (routing 0.785ns, distribution 0.697ns)
  Clock Net Delay (Destination): 1.400ns (routing 0.709ns, distribution 0.691ns)
  Timing Exception:       False Path

    Location             Delay type                Incr(ns)  Path(ns)    Netlist Resource(s)
  -------------------------------------------------------------------    -------------------
                         (clock clk_pl_0 rise edge)
                                                      0.000     0.000 r  
    PS8_X0Y0             PS8                          0.000     0.000 r  kria_starter_kit_i/zynq_ultra_ps_e_0/U0/PS8_i/PLCLK[0]
                         net (fo=1, routed)           0.129     0.129    kria_starter_kit_i/zynq_ultra_ps_e_0/U0/pl_clk_unbuffered[0]
    BUFG_PS_X0Y90        BUFG_PS (Prop_BUFG_PS_I_O)
                                                      0.022     0.151 r  kria_starter_kit_i/zynq_ultra_ps_e_0/U0/buffer_pl_clk_0.PL_CLK_0_BUFG/O
    X1Y2 (CLOCK_ROOT)    net (fo=1510, routed)        1.482     1.633    dbg_hub/inst/BSCANID.u_xsdbm_id/CORE_XSDB.UUT_MASTER/U_ICON_INTERFACE/U_CMD3/clk
    SLICE_X52Y189        FDRE                                         r  dbg_hub/inst/BSCANID.u_xsdbm_id/CORE_XSDB.UUT_MASTER/U_ICON_INTERFACE/U_CMD3/stat_reg_reg[0]/C
  -------------------------------------------------------------------    -------------------
    SLICE_X52Y189        FDRE (Prop_AFF2_SLICEL_C_Q)
                                                      0.085     1.718 r  dbg_hub/inst/BSCANID.u_xsdbm_id/CORE_XSDB.UUT_MASTER/U_ICON_INTERFACE/U_CMD3/stat_reg_reg[0]/Q
                         net (fo=1, routed)           0.084     1.802    dbg_hub/inst/BSCANID.u_xsdbm_id/CORE_XSDB.UUT_MASTER/U_ICON_INTERFACE/U_CMD3/stat_reg[0]
    SLICE_X52Y190        FDRE                                         r  dbg_hub/inst/BSCANID.u_xsdbm_id/CORE_XSDB.UUT_MASTER/U_ICON_INTERFACE/U_CMD3/stat_reg_1_reg[0]/D
  -------------------------------------------------------------------    -------------------

                         (clock dbg_hub/inst/BSCANID.u_xsdbm_id/SWITCH_N_EXT_BSCAN.bscan_inst/SERIES7_BSCAN.bscan_inst/INTERNAL_TCK rise edge)
                                                      0.000     0.000 r  
    CONFIG_SITE_X0Y0     BSCANE2                      0.000     0.000 r  dbg_hub/inst/BSCANID.u_xsdbm_id/SWITCH_N_EXT_BSCAN.bscan_inst/SERIES7_BSCAN.bscan_inst/INTERNAL_TCK
    CONFIG_SITE_X0Y0     BSCANE2 (Prop_BSCAN1_CONFIG_SITE_INTERNAL_TCK_TCK)
                                                      4.800     4.800 r  dbg_hub/inst/BSCANID.u_xsdbm_id/SWITCH_N_EXT_BSCAN.bscan_inst/SERIES7_BSCAN.bscan_inst/TCK
                         net (fo=1, routed)           1.225     6.025    dbg_hub/inst/BSCANID.u_xsdbm_id/tck_bs
    BUFGCE_X0Y76         BUFGCE (Prop_BUFCE_BUFGCE_I_O)
                                                      0.026     6.051 r  dbg_hub/inst/BSCANID.u_xsdbm_id/SWITCH_N_EXT_BSCAN.u_bufg_icon_tck/O
    X2Y2 (CLOCK_ROOT)    net (fo=478, routed)         1.400     7.451    dbg_hub/inst/BSCANID.u_xsdbm_id/CORE_XSDB.UUT_MASTER/U_ICON_INTERFACE/U_CMD3/m_bscan_tck[0]
    SLICE_X52Y190        FDRE                                         r  dbg_hub/inst/BSCANID.u_xsdbm_id/CORE_XSDB.UUT_MASTER/U_ICON_INTERFACE/U_CMD3/stat_reg_1_reg[0]/C

Slack:                    inf
  Source:                 dbg_hub/inst/BSCANID.u_xsdbm_id/CORE_XSDB.UUT_MASTER/U_ICON_INTERFACE/U_CMD3/stat_reg_reg[2]/C
                            (rising edge-triggered cell FDRE clocked by clk_pl_0  {rise@0.000ns fall@5.000ns period=10.000ns})
  Destination:            dbg_hub/inst/BSCANID.u_xsdbm_id/CORE_XSDB.UUT_MASTER/U_ICON_INTERFACE/U_CMD3/stat_reg_1_reg[2]/D
                            (rising edge-triggered cell FDRE clocked by dbg_hub/inst/BSCANID.u_xsdbm_id/SWITCH_N_EXT_BSCAN.bscan_inst/SERIES7_BSCAN.bscan_inst/INTERNAL_TCK  {rise@0.000ns fall@25.000ns period=50.000ns})
  Path Group:             (none)
  Path Type:              Hold (Min at Fast Process Corner)
  Data Path Delay:        0.169ns  (logic 0.085ns (50.296%)  route 0.084ns (49.704%))
  Logic Levels:           0  
  Clock Path Skew:        5.813ns (DCD - SCD - CPR)
    Destination Clock Delay (DCD):    7.450ns
    Source Clock Delay      (SCD):    1.637ns
    Clock Pessimism Removal (CPR):    -0.000ns
  Clock Uncertainty:      0.160ns  ((TSJ^2 + DJ^2)^1/2) / 2 + PE
    Total System Jitter     (TSJ):    0.071ns
    Discrete Jitter          (DJ):    0.312ns
    Phase Error              (PE):    0.000ns
  Clock Net Delay (Source):      1.486ns (routing 0.785ns, distribution 0.701ns)
  Clock Net Delay (Destination): 1.399ns (routing 0.709ns, distribution 0.690ns)
  Timing Exception:       False Path

    Location             Delay type                Incr(ns)  Path(ns)    Netlist Resource(s)
  -------------------------------------------------------------------    -------------------
                         (clock clk_pl_0 rise edge)
                                                      0.000     0.000 r  
    PS8_X0Y0             PS8                          0.000     0.000 r  kria_starter_kit_i/zynq_ultra_ps_e_0/U0/PS8_i/PLCLK[0]
                         net (fo=1, routed)           0.129     0.129    kria_starter_kit_i/zynq_ultra_ps_e_0/U0/pl_clk_unbuffered[0]
    BUFG_PS_X0Y90        BUFG_PS (Prop_BUFG_PS_I_O)
                                                      0.022     0.151 r  kria_starter_kit_i/zynq_ultra_ps_e_0/U0/buffer_pl_clk_0.PL_CLK_0_BUFG/O
    X1Y2 (CLOCK_ROOT)    net (fo=1510, routed)        1.486     1.637    dbg_hub/inst/BSCANID.u_xsdbm_id/CORE_XSDB.UUT_MASTER/U_ICON_INTERFACE/U_CMD3/clk
    SLICE_X52Y191        FDRE                                         r  dbg_hub/inst/BSCANID.u_xsdbm_id/CORE_XSDB.UUT_MASTER/U_ICON_INTERFACE/U_CMD3/stat_reg_reg[2]/C
  -------------------------------------------------------------------    -------------------
    SLICE_X52Y191        FDRE (Prop_AFF2_SLICEL_C_Q)
                                                      0.085     1.722 r  dbg_hub/inst/BSCANID.u_xsdbm_id/CORE_XSDB.UUT_MASTER/U_ICON_INTERFACE/U_CMD3/stat_reg_reg[2]/Q
                         net (fo=1, routed)           0.084     1.806    dbg_hub/inst/BSCANID.u_xsdbm_id/CORE_XSDB.UUT_MASTER/U_ICON_INTERFACE/U_CMD3/stat_reg[2]
    SLICE_X52Y192        FDRE                                         r  dbg_hub/inst/BSCANID.u_xsdbm_id/CORE_XSDB.UUT_MASTER/U_ICON_INTERFACE/U_CMD3/stat_reg_1_reg[2]/D
  -------------------------------------------------------------------    -------------------

                         (clock dbg_hub/inst/BSCANID.u_xsdbm_id/SWITCH_N_EXT_BSCAN.bscan_inst/SERIES7_BSCAN.bscan_inst/INTERNAL_TCK rise edge)
                                                      0.000     0.000 r  
    CONFIG_SITE_X0Y0     BSCANE2                      0.000     0.000 r  dbg_hub/inst/BSCANID.u_xsdbm_id/SWITCH_N_EXT_BSCAN.bscan_inst/SERIES7_BSCAN.bscan_inst/INTERNAL_TCK
    CONFIG_SITE_X0Y0     BSCANE2 (Prop_BSCAN1_CONFIG_SITE_INTERNAL_TCK_TCK)
                                                      4.800     4.800 r  dbg_hub/inst/BSCANID.u_xsdbm_id/SWITCH_N_EXT_BSCAN.bscan_inst/SERIES7_BSCAN.bscan_inst/TCK
                         net (fo=1, routed)           1.225     6.025    dbg_hub/inst/BSCANID.u_xsdbm_id/tck_bs
    BUFGCE_X0Y76         BUFGCE (Prop_BUFCE_BUFGCE_I_O)
                                                      0.026     6.051 r  dbg_hub/inst/BSCANID.u_xsdbm_id/SWITCH_N_EXT_BSCAN.u_bufg_icon_tck/O
    X2Y2 (CLOCK_ROOT)    net (fo=478, routed)         1.399     7.450    dbg_hub/inst/BSCANID.u_xsdbm_id/CORE_XSDB.UUT_MASTER/U_ICON_INTERFACE/U_CMD3/m_bscan_tck[0]
    SLICE_X52Y192        FDRE                                         r  dbg_hub/inst/BSCANID.u_xsdbm_id/CORE_XSDB.UUT_MASTER/U_ICON_INTERFACE/U_CMD3/stat_reg_1_reg[2]/C

Slack:                    inf
  Source:                 dbg_hub/inst/BSCANID.u_xsdbm_id/CORE_XSDB.UUT_MASTER/U_ICON_INTERFACE/U_CMD7_STAT/stat_reg_reg[1]/C
                            (rising edge-triggered cell FDRE clocked by clk_pl_0  {rise@0.000ns fall@5.000ns period=10.000ns})
  Destination:            dbg_hub/inst/BSCANID.u_xsdbm_id/CORE_XSDB.UUT_MASTER/U_ICON_INTERFACE/U_CMD7_STAT/stat_reg_1_reg[1]/D
                            (rising edge-triggered cell FDRE clocked by dbg_hub/inst/BSCANID.u_xsdbm_id/SWITCH_N_EXT_BSCAN.bscan_inst/SERIES7_BSCAN.bscan_inst/INTERNAL_TCK  {rise@0.000ns fall@25.000ns period=50.000ns})
  Path Group:             (none)
  Path Type:              Hold (Min at Fast Process Corner)
  Data Path Delay:        0.169ns  (logic 0.085ns (50.296%)  route 0.084ns (49.704%))
  Logic Levels:           0  
  Clock Path Skew:        5.814ns (DCD - SCD - CPR)
    Destination Clock Delay (DCD):    7.452ns
    Source Clock Delay      (SCD):    1.638ns
    Clock Pessimism Removal (CPR):    -0.000ns
  Clock Uncertainty:      0.160ns  ((TSJ^2 + DJ^2)^1/2) / 2 + PE
    Total System Jitter     (TSJ):    0.071ns
    Discrete Jitter          (DJ):    0.312ns
    Phase Error              (PE):    0.000ns
  Clock Net Delay (Source):      1.487ns (routing 0.785ns, distribution 0.702ns)
  Clock Net Delay (Destination): 1.401ns (routing 0.709ns, distribution 0.692ns)
  Timing Exception:       False Path

    Location             Delay type                Incr(ns)  Path(ns)    Netlist Resource(s)
  -------------------------------------------------------------------    -------------------
                         (clock clk_pl_0 rise edge)
                                                      0.000     0.000 r  
    PS8_X0Y0             PS8                          0.000     0.000 r  kria_starter_kit_i/zynq_ultra_ps_e_0/U0/PS8_i/PLCLK[0]
                         net (fo=1, routed)           0.129     0.129    kria_starter_kit_i/zynq_ultra_ps_e_0/U0/pl_clk_unbuffered[0]
    BUFG_PS_X0Y90        BUFG_PS (Prop_BUFG_PS_I_O)
                                                      0.022     0.151 r  kria_starter_kit_i/zynq_ultra_ps_e_0/U0/buffer_pl_clk_0.PL_CLK_0_BUFG/O
    X1Y2 (CLOCK_ROOT)    net (fo=1510, routed)        1.487     1.638    dbg_hub/inst/BSCANID.u_xsdbm_id/CORE_XSDB.UUT_MASTER/U_ICON_INTERFACE/U_CMD7_STAT/clk
    SLICE_X52Y187        FDRE                                         r  dbg_hub/inst/BSCANID.u_xsdbm_id/CORE_XSDB.UUT_MASTER/U_ICON_INTERFACE/U_CMD7_STAT/stat_reg_reg[1]/C
  -------------------------------------------------------------------    -------------------
    SLICE_X52Y187        FDRE (Prop_AFF2_SLICEL_C_Q)
                                                      0.085     1.723 r  dbg_hub/inst/BSCANID.u_xsdbm_id/CORE_XSDB.UUT_MASTER/U_ICON_INTERFACE/U_CMD7_STAT/stat_reg_reg[1]/Q
                         net (fo=1, routed)           0.084     1.807    dbg_hub/inst/BSCANID.u_xsdbm_id/CORE_XSDB.UUT_MASTER/U_ICON_INTERFACE/U_CMD7_STAT/stat_reg[1]
    SLICE_X52Y188        FDRE                                         r  dbg_hub/inst/BSCANID.u_xsdbm_id/CORE_XSDB.UUT_MASTER/U_ICON_INTERFACE/U_CMD7_STAT/stat_reg_1_reg[1]/D
  -------------------------------------------------------------------    -------------------

                         (clock dbg_hub/inst/BSCANID.u_xsdbm_id/SWITCH_N_EXT_BSCAN.bscan_inst/SERIES7_BSCAN.bscan_inst/INTERNAL_TCK rise edge)
                                                      0.000     0.000 r  
    CONFIG_SITE_X0Y0     BSCANE2                      0.000     0.000 r  dbg_hub/inst/BSCANID.u_xsdbm_id/SWITCH_N_EXT_BSCAN.bscan_inst/SERIES7_BSCAN.bscan_inst/INTERNAL_TCK
    CONFIG_SITE_X0Y0     BSCANE2 (Prop_BSCAN1_CONFIG_SITE_INTERNAL_TCK_TCK)
                                                      4.800     4.800 r  dbg_hub/inst/BSCANID.u_xsdbm_id/SWITCH_N_EXT_BSCAN.bscan_inst/SERIES7_BSCAN.bscan_inst/TCK
                         net (fo=1, routed)           1.225     6.025    dbg_hub/inst/BSCANID.u_xsdbm_id/tck_bs
    BUFGCE_X0Y76         BUFGCE (Prop_BUFCE_BUFGCE_I_O)
                                                      0.026     6.051 r  dbg_hub/inst/BSCANID.u_xsdbm_id/SWITCH_N_EXT_BSCAN.u_bufg_icon_tck/O
    X2Y2 (CLOCK_ROOT)    net (fo=478, routed)         1.401     7.452    dbg_hub/inst/BSCANID.u_xsdbm_id/CORE_XSDB.UUT_MASTER/U_ICON_INTERFACE/U_CMD7_STAT/m_bscan_tck[0]
    SLICE_X52Y188        FDRE                                         r  dbg_hub/inst/BSCANID.u_xsdbm_id/CORE_XSDB.UUT_MASTER/U_ICON_INTERFACE/U_CMD7_STAT/stat_reg_1_reg[1]/C

Slack:                    inf
  Source:                 dbg_hub/inst/BSCANID.u_xsdbm_id/CORE_XSDB.UUT_MASTER/U_ICON_INTERFACE/U_CMD6_WR/U_WR_FIFO/SUBCORE_FIFO.xsdbm_v3_0_2_wrfifo_inst/inst_fifo_gen/gconvfifo.rf/grf.rf/gntv_or_sync_fifo.gcx.clkx/gnxpm_cdc.rd_pntr_gc_reg[2]/C
                            (rising edge-triggered cell FDCE clocked by clk_pl_0  {rise@0.000ns fall@5.000ns period=10.000ns})
  Destination:            dbg_hub/inst/BSCANID.u_xsdbm_id/CORE_XSDB.UUT_MASTER/U_ICON_INTERFACE/U_CMD6_WR/U_WR_FIFO/SUBCORE_FIFO.xsdbm_v3_0_2_wrfifo_inst/inst_fifo_gen/gconvfifo.rf/grf.rf/gntv_or_sync_fifo.gcx.clkx/gnxpm_cdc.gsync_stage[1].wr_stg_inst/Q_reg_reg[2]/D
                            (rising edge-triggered cell FDCE clocked by dbg_hub/inst/BSCANID.u_xsdbm_id/SWITCH_N_EXT_BSCAN.bscan_inst/SERIES7_BSCAN.bscan_inst/INTERNAL_TCK  {rise@0.000ns fall@25.000ns period=50.000ns})
  Path Group:             (none)
  Path Type:              Hold (Min at Fast Process Corner)
  Data Path Delay:        0.222ns  (logic 0.084ns (37.838%)  route 0.138ns (62.162%))
  Logic Levels:           0  
  Clock Path Skew:        5.838ns (DCD - SCD - CPR)
    Destination Clock Delay (DCD):    7.422ns
    Source Clock Delay      (SCD):    1.585ns
    Clock Pessimism Removal (CPR):    -0.000ns
  Clock Uncertainty:      0.160ns  ((TSJ^2 + DJ^2)^1/2) / 2 + PE
    Total System Jitter     (TSJ):    0.071ns
    Discrete Jitter          (DJ):    0.312ns
    Phase Error              (PE):    0.000ns
  Clock Net Delay (Source):      1.434ns (routing 0.785ns, distribution 0.649ns)
  Clock Net Delay (Destination): 1.371ns (routing 0.709ns, distribution 0.662ns)
  Timing Exception:       False Path

    Location             Delay type                Incr(ns)  Path(ns)    Netlist Resource(s)
  -------------------------------------------------------------------    -------------------
                         (clock clk_pl_0 rise edge)
                                                      0.000     0.000 r  
    PS8_X0Y0             PS8                          0.000     0.000 r  kria_starter_kit_i/zynq_ultra_ps_e_0/U0/PS8_i/PLCLK[0]
                         net (fo=1, routed)           0.129     0.129    kria_starter_kit_i/zynq_ultra_ps_e_0/U0/pl_clk_unbuffered[0]
    BUFG_PS_X0Y90        BUFG_PS (Prop_BUFG_PS_I_O)
                                                      0.022     0.151 r  kria_starter_kit_i/zynq_ultra_ps_e_0/U0/buffer_pl_clk_0.PL_CLK_0_BUFG/O
    X1Y2 (CLOCK_ROOT)    net (fo=1510, routed)        1.434     1.585    dbg_hub/inst/BSCANID.u_xsdbm_id/CORE_XSDB.UUT_MASTER/U_ICON_INTERFACE/U_CMD6_WR/U_WR_FIFO/SUBCORE_FIFO.xsdbm_v3_0_2_wrfifo_inst/inst_fifo_gen/gconvfifo.rf/grf.rf/gntv_or_sync_fifo.gcx.clkx/rd_clk
    SLICE_X43Y197        FDCE                                         r  dbg_hub/inst/BSCANID.u_xsdbm_id/CORE_XSDB.UUT_MASTER/U_ICON_INTERFACE/U_CMD6_WR/U_WR_FIFO/SUBCORE_FIFO.xsdbm_v3_0_2_wrfifo_inst/inst_fifo_gen/gconvfifo.rf/grf.rf/gntv_or_sync_fifo.gcx.clkx/gnxpm_cdc.rd_pntr_gc_reg[2]/C
  -------------------------------------------------------------------    -------------------
    SLICE_X43Y197        FDCE (Prop_EFF2_SLICEM_C_Q)
                                                      0.084     1.669 r  dbg_hub/inst/BSCANID.u_xsdbm_id/CORE_XSDB.UUT_MASTER/U_ICON_INTERFACE/U_CMD6_WR/U_WR_FIFO/SUBCORE_FIFO.xsdbm_v3_0_2_wrfifo_inst/inst_fifo_gen/gconvfifo.rf/grf.rf/gntv_or_sync_fifo.gcx.clkx/gnxpm_cdc.rd_pntr_gc_reg[2]/Q
                         net (fo=1, routed)           0.138     1.807    dbg_hub/inst/BSCANID.u_xsdbm_id/CORE_XSDB.UUT_MASTER/U_ICON_INTERFACE/U_CMD6_WR/U_WR_FIFO/SUBCORE_FIFO.xsdbm_v3_0_2_wrfifo_inst/inst_fifo_gen/gconvfifo.rf/grf.rf/gntv_or_sync_fifo.gcx.clkx/gnxpm_cdc.gsync_stage[1].wr_stg_inst/Q[2]
    SLICE_X44Y198        FDCE                                         r  dbg_hub/inst/BSCANID.u_xsdbm_id/CORE_XSDB.UUT_MASTER/U_ICON_INTERFACE/U_CMD6_WR/U_WR_FIFO/SUBCORE_FIFO.xsdbm_v3_0_2_wrfifo_inst/inst_fifo_gen/gconvfifo.rf/grf.rf/gntv_or_sync_fifo.gcx.clkx/gnxpm_cdc.gsync_stage[1].wr_stg_inst/Q_reg_reg[2]/D
  -------------------------------------------------------------------    -------------------

                         (clock dbg_hub/inst/BSCANID.u_xsdbm_id/SWITCH_N_EXT_BSCAN.bscan_inst/SERIES7_BSCAN.bscan_inst/INTERNAL_TCK rise edge)
                                                      0.000     0.000 r  
    CONFIG_SITE_X0Y0     BSCANE2                      0.000     0.000 r  dbg_hub/inst/BSCANID.u_xsdbm_id/SWITCH_N_EXT_BSCAN.bscan_inst/SERIES7_BSCAN.bscan_inst/INTERNAL_TCK
    CONFIG_SITE_X0Y0     BSCANE2 (Prop_BSCAN1_CONFIG_SITE_INTERNAL_TCK_TCK)
                                                      4.800     4.800 r  dbg_hub/inst/BSCANID.u_xsdbm_id/SWITCH_N_EXT_BSCAN.bscan_inst/SERIES7_BSCAN.bscan_inst/TCK
                         net (fo=1, routed)           1.225     6.025    dbg_hub/inst/BSCANID.u_xsdbm_id/tck_bs
    BUFGCE_X0Y76         BUFGCE (Prop_BUFCE_BUFGCE_I_O)
                                                      0.026     6.051 r  dbg_hub/inst/BSCANID.u_xsdbm_id/SWITCH_N_EXT_BSCAN.u_bufg_icon_tck/O
    X2Y2 (CLOCK_ROOT)    net (fo=478, routed)         1.371     7.422    dbg_hub/inst/BSCANID.u_xsdbm_id/CORE_XSDB.UUT_MASTER/U_ICON_INTERFACE/U_CMD6_WR/U_WR_FIFO/SUBCORE_FIFO.xsdbm_v3_0_2_wrfifo_inst/inst_fifo_gen/gconvfifo.rf/grf.rf/gntv_or_sync_fifo.gcx.clkx/gnxpm_cdc.gsync_stage[1].wr_stg_inst/wr_clk
    SLICE_X44Y198        FDCE                                         r  dbg_hub/inst/BSCANID.u_xsdbm_id/CORE_XSDB.UUT_MASTER/U_ICON_INTERFACE/U_CMD6_WR/U_WR_FIFO/SUBCORE_FIFO.xsdbm_v3_0_2_wrfifo_inst/inst_fifo_gen/gconvfifo.rf/grf.rf/gntv_or_sync_fifo.gcx.clkx/gnxpm_cdc.gsync_stage[1].wr_stg_inst/Q_reg_reg[2]/C

Slack:                    inf
  Source:                 dbg_hub/inst/BSCANID.u_xsdbm_id/CORE_XSDB.UUT_MASTER/U_ICON_INTERFACE/U_CMD2/stat_reg_reg[1]/C
                            (rising edge-triggered cell FDRE clocked by clk_pl_0  {rise@0.000ns fall@5.000ns period=10.000ns})
  Destination:            dbg_hub/inst/BSCANID.u_xsdbm_id/CORE_XSDB.UUT_MASTER/U_ICON_INTERFACE/U_CMD2/stat_reg_1_reg[1]/D
                            (rising edge-triggered cell FDRE clocked by dbg_hub/inst/BSCANID.u_xsdbm_id/SWITCH_N_EXT_BSCAN.bscan_inst/SERIES7_BSCAN.bscan_inst/INTERNAL_TCK  {rise@0.000ns fall@25.000ns period=50.000ns})
  Path Group:             (none)
  Path Type:              Hold (Min at Fast Process Corner)
  Data Path Delay:        0.169ns  (logic 0.085ns (50.296%)  route 0.084ns (49.704%))
  Logic Levels:           0  
  Clock Path Skew:        5.815ns (DCD - SCD - CPR)
    Destination Clock Delay (DCD):    7.453ns
    Source Clock Delay      (SCD):    1.638ns
    Clock Pessimism Removal (CPR):    -0.000ns
  Clock Uncertainty:      0.160ns  ((TSJ^2 + DJ^2)^1/2) / 2 + PE
    Total System Jitter     (TSJ):    0.071ns
    Discrete Jitter          (DJ):    0.312ns
    Phase Error              (PE):    0.000ns
  Clock Net Delay (Source):      1.487ns (routing 0.785ns, distribution 0.702ns)
  Clock Net Delay (Destination): 1.402ns (routing 0.709ns, distribution 0.693ns)
  Timing Exception:       False Path

    Location             Delay type                Incr(ns)  Path(ns)    Netlist Resource(s)
  -------------------------------------------------------------------    -------------------
                         (clock clk_pl_0 rise edge)
                                                      0.000     0.000 r  
    PS8_X0Y0             PS8                          0.000     0.000 r  kria_starter_kit_i/zynq_ultra_ps_e_0/U0/PS8_i/PLCLK[0]
                         net (fo=1, routed)           0.129     0.129    kria_starter_kit_i/zynq_ultra_ps_e_0/U0/pl_clk_unbuffered[0]
    BUFG_PS_X0Y90        BUFG_PS (Prop_BUFG_PS_I_O)
                                                      0.022     0.151 r  kria_starter_kit_i/zynq_ultra_ps_e_0/U0/buffer_pl_clk_0.PL_CLK_0_BUFG/O
    X1Y2 (CLOCK_ROOT)    net (fo=1510, routed)        1.487     1.638    dbg_hub/inst/BSCANID.u_xsdbm_id/CORE_XSDB.UUT_MASTER/U_ICON_INTERFACE/U_CMD2/clk
    SLICE_X50Y190        FDRE                                         r  dbg_hub/inst/BSCANID.u_xsdbm_id/CORE_XSDB.UUT_MASTER/U_ICON_INTERFACE/U_CMD2/stat_reg_reg[1]/C
  -------------------------------------------------------------------    -------------------
    SLICE_X50Y190        FDRE (Prop_AFF2_SLICEL_C_Q)
                                                      0.085     1.723 r  dbg_hub/inst/BSCANID.u_xsdbm_id/CORE_XSDB.UUT_MASTER/U_ICON_INTERFACE/U_CMD2/stat_reg_reg[1]/Q
                         net (fo=1, routed)           0.084     1.807    dbg_hub/inst/BSCANID.u_xsdbm_id/CORE_XSDB.UUT_MASTER/U_ICON_INTERFACE/U_CMD2/stat_reg[1]
    SLICE_X50Y191        FDRE                                         r  dbg_hub/inst/BSCANID.u_xsdbm_id/CORE_XSDB.UUT_MASTER/U_ICON_INTERFACE/U_CMD2/stat_reg_1_reg[1]/D
  -------------------------------------------------------------------    -------------------

                         (clock dbg_hub/inst/BSCANID.u_xsdbm_id/SWITCH_N_EXT_BSCAN.bscan_inst/SERIES7_BSCAN.bscan_inst/INTERNAL_TCK rise edge)
                                                      0.000     0.000 r  
    CONFIG_SITE_X0Y0     BSCANE2                      0.000     0.000 r  dbg_hub/inst/BSCANID.u_xsdbm_id/SWITCH_N_EXT_BSCAN.bscan_inst/SERIES7_BSCAN.bscan_inst/INTERNAL_TCK
    CONFIG_SITE_X0Y0     BSCANE2 (Prop_BSCAN1_CONFIG_SITE_INTERNAL_TCK_TCK)
                                                      4.800     4.800 r  dbg_hub/inst/BSCANID.u_xsdbm_id/SWITCH_N_EXT_BSCAN.bscan_inst/SERIES7_BSCAN.bscan_inst/TCK
                         net (fo=1, routed)           1.225     6.025    dbg_hub/inst/BSCANID.u_xsdbm_id/tck_bs
    BUFGCE_X0Y76         BUFGCE (Prop_BUFCE_BUFGCE_I_O)
                                                      0.026     6.051 r  dbg_hub/inst/BSCANID.u_xsdbm_id/SWITCH_N_EXT_BSCAN.u_bufg_icon_tck/O
    X2Y2 (CLOCK_ROOT)    net (fo=478, routed)         1.402     7.453    dbg_hub/inst/BSCANID.u_xsdbm_id/CORE_XSDB.UUT_MASTER/U_ICON_INTERFACE/U_CMD2/m_bscan_tck[0]
    SLICE_X50Y191        FDRE                                         r  dbg_hub/inst/BSCANID.u_xsdbm_id/CORE_XSDB.UUT_MASTER/U_ICON_INTERFACE/U_CMD2/stat_reg_1_reg[1]/C





--------------------------------------------------------------------------------------
Path Group:  (none)
From Clock:  
  To Clock:  

Max Delay             1 Endpoint
Min Delay             1 Endpoint
--------------------------------------------------------------------------------------


Max Delay Paths
--------------------------------------------------------------------------------------
Slack:                    inf
  Source:                 rpi_18
                            (input port)
  Destination:            uf1
                            (output port)
  Path Group:             (none)
  Path Type:              Max at Slow Process Corner
  Data Path Delay:        7.866ns  (logic 2.275ns (28.923%)  route 5.591ns (71.077%))
  Logic Levels:           4  (IBUFCTRL=1 INBUF=1 LUT2=1 OBUF=1)

    Location             Delay type                Incr(ns)  Path(ns)    Netlist Resource(s)
  -------------------------------------------------------------------    -------------------
    Y9                                                0.000     0.000 f  rpi_18 (IN)
                         net (fo=0)                   0.000     0.000    rpi_18_IBUF_inst/I
    Y9                   INBUF (Prop_INBUF_HDIOB_M_PAD_O)
                                                      1.237     1.237 f  rpi_18_IBUF_inst/INBUF_INST/O
                         net (fo=1, routed)           0.000     1.237    rpi_18_IBUF_inst/OUT
    Y9                   IBUFCTRL (Prop_IBUFCTRL_HDIOB_M_I_O)
                                                      0.000     1.237 f  rpi_18_IBUF_inst/IBUFCTRL_INST/O
                         net (fo=3, routed)           3.387     4.624    kria_starter_kit_i/nand_gate_0/b
    SLICE_X41Y184        LUT2 (Prop_G6LUT_SLICEM_I1_O)
                                                      0.152     4.776 r  kria_starter_kit_i/nand_gate_0/y_INST_0/O
                         net (fo=3, routed)           2.204     6.980    uf1_OBUF
    F8                   OBUF (Prop_OUTBUF_HPIOB_M_I_O)
                                                      0.887     7.866 r  uf1_OBUF_inst/O
                         net (fo=0)                   0.000     7.866    uf1
    F8                                                                r  uf1 (OUT)
  -------------------------------------------------------------------    -------------------





Min Delay Paths
--------------------------------------------------------------------------------------
Slack:                    inf
  Source:                 rpi_16
                            (input port)
  Destination:            uf1
                            (output port)
  Path Group:             (none)
  Path Type:              Min at Fast Process Corner
  Data Path Delay:        3.636ns  (logic 1.518ns (41.752%)  route 2.118ns (58.248%))
  Logic Levels:           4  (IBUFCTRL=1 INBUF=1 LUT2=1 OBUF=1)

    Location             Delay type                Incr(ns)  Path(ns)    Netlist Resource(s)
  -------------------------------------------------------------------    -------------------
    AA12                                              0.000     0.000 f  rpi_16 (IN)
                         net (fo=0)                   0.000     0.000    rpi_16_IBUF_inst/I
    AA12                 INBUF (Prop_INBUF_HDIOB_S_PAD_O)
                                                      1.035     1.035 f  rpi_16_IBUF_inst/INBUF_INST/O
                         net (fo=1, routed)           0.000     1.035    rpi_16_IBUF_inst/OUT
    AA12                 IBUFCTRL (Prop_IBUFCTRL_HDIOB_S_I_O)
                                                      0.000     1.035 f  rpi_16_IBUF_inst/IBUFCTRL_INST/O
                         net (fo=3, routed)           1.181     2.216    kria_starter_kit_i/nand_gate_0/a
    SLICE_X41Y184        LUT2 (Prop_G6LUT_SLICEM_I0_O)
                                                      0.104     2.320 r  kria_starter_kit_i/nand_gate_0/y_INST_0/O
                         net (fo=3, routed)           0.937     3.257    uf1_OBUF
    F8                   OBUF (Prop_OUTBUF_HPIOB_M_I_O)
                                                      0.379     3.636 r  uf1_OBUF_inst/O
                         net (fo=0)                   0.000     3.636    uf1
    F8                                                                r  uf1 (OUT)
  -------------------------------------------------------------------    -------------------





--------------------------------------------------------------------------------------
Path Group:  (none)
From Clock:  
  To Clock:  clk_pl_0

Max Delay             6 Endpoints
Min Delay             6 Endpoints
--------------------------------------------------------------------------------------


Max Delay Paths
--------------------------------------------------------------------------------------
Slack:                    inf
  Source:                 rpi_18
                            (input port)
  Destination:            kria_starter_kit_i/ila_0/U0/ila_core_inst/u_trig/U_TM/N_DDR_MODE.G_NMU[2].U_M/allx_typeA_match_detection.ltlib_v1_0_2_allx_typeA_inst/probeDelay1_reg[0]/D
                            (rising edge-triggered cell FDRE clocked by clk_pl_0  {rise@0.000ns fall@5.000ns period=10.000ns})
  Path Group:             (none)
  Path Type:              Setup (Max at Slow Process Corner)
  Data Path Delay:        5.487ns  (logic 1.540ns (28.059%)  route 3.947ns (71.941%))
  Logic Levels:           4  (IBUFCTRL=1 INBUF=1 LUT2=1 LUT3=1)
  Clock Path Skew:        2.591ns (DCD - SCD + CPR)
    Destination Clock Delay (DCD):    2.591ns
    Source Clock Delay      (SCD):    0.000ns
    Clock Pessimism Removal (CPR):    0.000ns
  Clock Uncertainty:      0.158ns  ((TSJ^2 + DJ^2)^1/2) / 2 + PE
    Total System Jitter     (TSJ):    0.050ns
    Discrete Jitter          (DJ):    0.312ns
    Phase Error              (PE):    0.000ns
  Clock Net Delay (Destination): 2.375ns (routing 1.282ns, distribution 1.093ns)

    Location             Delay type                Incr(ns)  Path(ns)    Netlist Resource(s)
  -------------------------------------------------------------------    -------------------
    Y9                                                0.000     0.000 f  rpi_18 (IN)
                         net (fo=0)                   0.000     0.000    rpi_18_IBUF_inst/I
    Y9                   INBUF (Prop_INBUF_HDIOB_M_PAD_O)
                                                      1.237     1.237 f  rpi_18_IBUF_inst/INBUF_INST/O
                         net (fo=1, routed)           0.000     1.237    rpi_18_IBUF_inst/OUT
    Y9                   IBUFCTRL (Prop_IBUFCTRL_HDIOB_M_I_O)
                                                      0.000     1.237 f  rpi_18_IBUF_inst/IBUFCTRL_INST/O
                         net (fo=3, routed)           3.387     4.624    kria_starter_kit_i/nand_gate_0/b
    SLICE_X41Y184        LUT2 (Prop_G6LUT_SLICEM_I1_O)
                                                      0.152     4.776 r  kria_starter_kit_i/nand_gate_0/y_INST_0/O
                         net (fo=3, routed)           0.494     5.270    kria_starter_kit_i/ila_0/U0/ila_core_inst/u_trig/U_TM/TRIGGER_I[2]
    SLICE_X46Y184        LUT3 (Prop_G6LUT_SLICEL_I2_O)
                                                      0.151     5.421 r  kria_starter_kit_i/ila_0/U0/ila_core_inst/u_trig/U_TM/N_DDR_MODE.G_NMU[2].U_M_i_1/O
                         net (fo=1, routed)           0.066     5.487    kria_starter_kit_i/ila_0/U0/ila_core_inst/u_trig/U_TM/N_DDR_MODE.G_NMU[2].U_M/allx_typeA_match_detection.ltlib_v1_0_2_allx_typeA_inst/PROBES_I[0]
    SLICE_X46Y184        FDRE                                         r  kria_starter_kit_i/ila_0/U0/ila_core_inst/u_trig/U_TM/N_DDR_MODE.G_NMU[2].U_M/allx_typeA_match_detection.ltlib_v1_0_2_allx_typeA_inst/probeDelay1_reg[0]/D
  -------------------------------------------------------------------    -------------------

                         (clock clk_pl_0 rise edge)
                                                      0.000     0.000 r  
    PS8_X0Y0             PS8                          0.000     0.000 r  kria_starter_kit_i/zynq_ultra_ps_e_0/U0/PS8_i/PLCLK[0]
                         net (fo=1, routed)           0.181     0.181    kria_starter_kit_i/zynq_ultra_ps_e_0/U0/pl_clk_unbuffered[0]
    BUFG_PS_X0Y90        BUFG_PS (Prop_BUFG_PS_I_O)
                                                      0.035     0.216 r  kria_starter_kit_i/zynq_ultra_ps_e_0/U0/buffer_pl_clk_0.PL_CLK_0_BUFG/O
    X1Y2 (CLOCK_ROOT)    net (fo=1510, routed)        2.375     2.591    kria_starter_kit_i/ila_0/U0/ila_core_inst/u_trig/U_TM/N_DDR_MODE.G_NMU[2].U_M/allx_typeA_match_detection.ltlib_v1_0_2_allx_typeA_inst/CLK_I
    SLICE_X46Y184        FDRE                                         r  kria_starter_kit_i/ila_0/U0/ila_core_inst/u_trig/U_TM/N_DDR_MODE.G_NMU[2].U_M/allx_typeA_match_detection.ltlib_v1_0_2_allx_typeA_inst/probeDelay1_reg[0]/C

Slack:                    inf
  Source:                 rpi_18
                            (input port)
  Destination:            kria_starter_kit_i/ila_0/U0/ila_core_inst/shifted_data_in_reg[7][2]_srl8/D
                            (rising edge-triggered cell SRL16E clocked by clk_pl_0  {rise@0.000ns fall@5.000ns period=10.000ns})
  Path Group:             (none)
  Path Type:              Setup (Max at Slow Process Corner)
  Data Path Delay:        5.365ns  (logic 1.389ns (25.883%)  route 3.976ns (74.117%))
  Logic Levels:           3  (IBUFCTRL=1 INBUF=1 LUT2=1)
  Clock Path Skew:        2.617ns (DCD - SCD + CPR)
    Destination Clock Delay (DCD):    2.617ns
    Source Clock Delay      (SCD):    0.000ns
    Clock Pessimism Removal (CPR):    0.000ns
  Clock Uncertainty:      0.158ns  ((TSJ^2 + DJ^2)^1/2) / 2 + PE
    Total System Jitter     (TSJ):    0.050ns
    Discrete Jitter          (DJ):    0.312ns
    Phase Error              (PE):    0.000ns
  Clock Net Delay (Destination): 2.401ns (routing 1.282ns, distribution 1.119ns)

    Location             Delay type                Incr(ns)  Path(ns)    Netlist Resource(s)
  -------------------------------------------------------------------    -------------------
    Y9                                                0.000     0.000 f  rpi_18 (IN)
                         net (fo=0)                   0.000     0.000    rpi_18_IBUF_inst/I
    Y9                   INBUF (Prop_INBUF_HDIOB_M_PAD_O)
                                                      1.237     1.237 f  rpi_18_IBUF_inst/INBUF_INST/O
                         net (fo=1, routed)           0.000     1.237    rpi_18_IBUF_inst/OUT
    Y9                   IBUFCTRL (Prop_IBUFCTRL_HDIOB_M_I_O)
                                                      0.000     1.237 f  rpi_18_IBUF_inst/IBUFCTRL_INST/O
                         net (fo=3, routed)           3.387     4.624    kria_starter_kit_i/nand_gate_0/b
    SLICE_X41Y184        LUT2 (Prop_G6LUT_SLICEM_I1_O)
                                                      0.152     4.776 r  kria_starter_kit_i/nand_gate_0/y_INST_0/O
                         net (fo=3, routed)           0.589     5.365    kria_starter_kit_i/ila_0/U0/ila_core_inst/TRIGGER_I[2]
    SLICE_X45Y185        SRL16E                                       r  kria_starter_kit_i/ila_0/U0/ila_core_inst/shifted_data_in_reg[7][2]_srl8/D
  -------------------------------------------------------------------    -------------------

                         (clock clk_pl_0 rise edge)
                                                      0.000     0.000 r  
    PS8_X0Y0             PS8                          0.000     0.000 r  kria_starter_kit_i/zynq_ultra_ps_e_0/U0/PS8_i/PLCLK[0]
                         net (fo=1, routed)           0.181     0.181    kria_starter_kit_i/zynq_ultra_ps_e_0/U0/pl_clk_unbuffered[0]
    BUFG_PS_X0Y90        BUFG_PS (Prop_BUFG_PS_I_O)
                                                      0.035     0.216 r  kria_starter_kit_i/zynq_ultra_ps_e_0/U0/buffer_pl_clk_0.PL_CLK_0_BUFG/O
    X1Y2 (CLOCK_ROOT)    net (fo=1510, routed)        2.401     2.617    kria_starter_kit_i/ila_0/U0/ila_core_inst/DESIGN_CLK_I
    SLICE_X45Y185        SRL16E                                       r  kria_starter_kit_i/ila_0/U0/ila_core_inst/shifted_data_in_reg[7][2]_srl8/CLK

Slack:                    inf
  Source:                 rpi_18
                            (input port)
  Destination:            kria_starter_kit_i/ila_0/U0/ila_core_inst/u_trig/U_TM/N_DDR_MODE.G_NMU[1].U_M/allx_typeA_match_detection.ltlib_v1_0_2_allx_typeA_inst/probeDelay1_reg[0]/D
                            (rising edge-triggered cell FDRE clocked by clk_pl_0  {rise@0.000ns fall@5.000ns period=10.000ns})
  Path Group:             (none)
  Path Type:              Setup (Max at Slow Process Corner)
  Data Path Delay:        4.594ns  (logic 1.388ns (30.203%)  route 3.207ns (69.797%))
  Logic Levels:           3  (IBUFCTRL=1 INBUF=1 LUT3=1)
  Clock Path Skew:        2.592ns (DCD - SCD + CPR)
    Destination Clock Delay (DCD):    2.592ns
    Source Clock Delay      (SCD):    0.000ns
    Clock Pessimism Removal (CPR):    0.000ns
  Clock Uncertainty:      0.158ns  ((TSJ^2 + DJ^2)^1/2) / 2 + PE
    Total System Jitter     (TSJ):    0.050ns
    Discrete Jitter          (DJ):    0.312ns
    Phase Error              (PE):    0.000ns
  Clock Net Delay (Destination): 2.376ns (routing 1.282ns, distribution 1.094ns)

    Location             Delay type                Incr(ns)  Path(ns)    Netlist Resource(s)
  -------------------------------------------------------------------    -------------------
    Y9                                                0.000     0.000 r  rpi_18 (IN)
                         net (fo=0)                   0.000     0.000    rpi_18_IBUF_inst/I
    Y9                   INBUF (Prop_INBUF_HDIOB_M_PAD_O)
                                                      1.237     1.237 r  rpi_18_IBUF_inst/INBUF_INST/O
                         net (fo=1, routed)           0.000     1.237    rpi_18_IBUF_inst/OUT
    Y9                   IBUFCTRL (Prop_IBUFCTRL_HDIOB_M_I_O)
                                                      0.000     1.237 r  rpi_18_IBUF_inst/IBUFCTRL_INST/O
                         net (fo=3, routed)           3.180     4.416    kria_starter_kit_i/ila_0/U0/ila_core_inst/u_trig/U_TM/TRIGGER_I[1]
    SLICE_X45Y184        LUT3 (Prop_H5LUT_SLICEM_I2_O)
                                                      0.151     4.567 r  kria_starter_kit_i/ila_0/U0/ila_core_inst/u_trig/U_TM/N_DDR_MODE.G_NMU[1].U_M_i_1/O
                         net (fo=1, routed)           0.027     4.594    kria_starter_kit_i/ila_0/U0/ila_core_inst/u_trig/U_TM/N_DDR_MODE.G_NMU[1].U_M/allx_typeA_match_detection.ltlib_v1_0_2_allx_typeA_inst/PROBES_I[0]
    SLICE_X45Y184        FDRE                                         r  kria_starter_kit_i/ila_0/U0/ila_core_inst/u_trig/U_TM/N_DDR_MODE.G_NMU[1].U_M/allx_typeA_match_detection.ltlib_v1_0_2_allx_typeA_inst/probeDelay1_reg[0]/D
  -------------------------------------------------------------------    -------------------

                         (clock clk_pl_0 rise edge)
                                                      0.000     0.000 r  
    PS8_X0Y0             PS8                          0.000     0.000 r  kria_starter_kit_i/zynq_ultra_ps_e_0/U0/PS8_i/PLCLK[0]
                         net (fo=1, routed)           0.181     0.181    kria_starter_kit_i/zynq_ultra_ps_e_0/U0/pl_clk_unbuffered[0]
    BUFG_PS_X0Y90        BUFG_PS (Prop_BUFG_PS_I_O)
                                                      0.035     0.216 r  kria_starter_kit_i/zynq_ultra_ps_e_0/U0/buffer_pl_clk_0.PL_CLK_0_BUFG/O
    X1Y2 (CLOCK_ROOT)    net (fo=1510, routed)        2.376     2.592    kria_starter_kit_i/ila_0/U0/ila_core_inst/u_trig/U_TM/N_DDR_MODE.G_NMU[1].U_M/allx_typeA_match_detection.ltlib_v1_0_2_allx_typeA_inst/CLK_I
    SLICE_X45Y184        FDRE                                         r  kria_starter_kit_i/ila_0/U0/ila_core_inst/u_trig/U_TM/N_DDR_MODE.G_NMU[1].U_M/allx_typeA_match_detection.ltlib_v1_0_2_allx_typeA_inst/probeDelay1_reg[0]/C

Slack:                    inf
  Source:                 rpi_16
                            (input port)
  Destination:            kria_starter_kit_i/ila_0/U0/ila_core_inst/u_trig/U_TM/N_DDR_MODE.G_NMU[0].U_M/allx_typeA_match_detection.ltlib_v1_0_2_allx_typeA_inst/probeDelay1_reg[0]/D
                            (rising edge-triggered cell FDRE clocked by clk_pl_0  {rise@0.000ns fall@5.000ns period=10.000ns})
  Path Group:             (none)
  Path Type:              Setup (Max at Slow Process Corner)
  Data Path Delay:        4.554ns  (logic 1.417ns (31.119%)  route 3.137ns (68.881%))
  Logic Levels:           3  (IBUFCTRL=1 INBUF=1 LUT3=1)
  Clock Path Skew:        2.592ns (DCD - SCD + CPR)
    Destination Clock Delay (DCD):    2.592ns
    Source Clock Delay      (SCD):    0.000ns
    Clock Pessimism Removal (CPR):    0.000ns
  Clock Uncertainty:      0.158ns  ((TSJ^2 + DJ^2)^1/2) / 2 + PE
    Total System Jitter     (TSJ):    0.050ns
    Discrete Jitter          (DJ):    0.312ns
    Phase Error              (PE):    0.000ns
  Clock Net Delay (Destination): 2.376ns (routing 1.282ns, distribution 1.094ns)

    Location             Delay type                Incr(ns)  Path(ns)    Netlist Resource(s)
  -------------------------------------------------------------------    -------------------
    AA12                                              0.000     0.000 r  rpi_16 (IN)
                         net (fo=0)                   0.000     0.000    rpi_16_IBUF_inst/I
    AA12                 INBUF (Prop_INBUF_HDIOB_S_PAD_O)
                                                      1.228     1.228 r  rpi_16_IBUF_inst/INBUF_INST/O
                         net (fo=1, routed)           0.000     1.228    rpi_16_IBUF_inst/OUT
    AA12                 IBUFCTRL (Prop_IBUFCTRL_HDIOB_S_I_O)
                                                      0.000     1.228 r  rpi_16_IBUF_inst/IBUFCTRL_INST/O
                         net (fo=3, routed)           3.057     4.285    kria_starter_kit_i/ila_0/U0/ila_core_inst/u_trig/U_TM/TRIGGER_I[0]
    SLICE_X45Y184        LUT3 (Prop_H6LUT_SLICEM_I2_O)
                                                      0.189     4.474 r  kria_starter_kit_i/ila_0/U0/ila_core_inst/u_trig/U_TM/N_DDR_MODE.G_NMU[0].U_M_i_1/O
                         net (fo=1, routed)           0.080     4.554    kria_starter_kit_i/ila_0/U0/ila_core_inst/u_trig/U_TM/N_DDR_MODE.G_NMU[0].U_M/allx_typeA_match_detection.ltlib_v1_0_2_allx_typeA_inst/PROBES_I[0]
    SLICE_X45Y184        FDRE                                         r  kria_starter_kit_i/ila_0/U0/ila_core_inst/u_trig/U_TM/N_DDR_MODE.G_NMU[0].U_M/allx_typeA_match_detection.ltlib_v1_0_2_allx_typeA_inst/probeDelay1_reg[0]/D
  -------------------------------------------------------------------    -------------------

                         (clock clk_pl_0 rise edge)
                                                      0.000     0.000 r  
    PS8_X0Y0             PS8                          0.000     0.000 r  kria_starter_kit_i/zynq_ultra_ps_e_0/U0/PS8_i/PLCLK[0]
                         net (fo=1, routed)           0.181     0.181    kria_starter_kit_i/zynq_ultra_ps_e_0/U0/pl_clk_unbuffered[0]
    BUFG_PS_X0Y90        BUFG_PS (Prop_BUFG_PS_I_O)
                                                      0.035     0.216 r  kria_starter_kit_i/zynq_ultra_ps_e_0/U0/buffer_pl_clk_0.PL_CLK_0_BUFG/O
    X1Y2 (CLOCK_ROOT)    net (fo=1510, routed)        2.376     2.592    kria_starter_kit_i/ila_0/U0/ila_core_inst/u_trig/U_TM/N_DDR_MODE.G_NMU[0].U_M/allx_typeA_match_detection.ltlib_v1_0_2_allx_typeA_inst/CLK_I
    SLICE_X45Y184        FDRE                                         r  kria_starter_kit_i/ila_0/U0/ila_core_inst/u_trig/U_TM/N_DDR_MODE.G_NMU[0].U_M/allx_typeA_match_detection.ltlib_v1_0_2_allx_typeA_inst/probeDelay1_reg[0]/C

Slack:                    inf
  Source:                 rpi_18
                            (input port)
  Destination:            kria_starter_kit_i/ila_0/U0/ila_core_inst/shifted_data_in_reg[7][1]_srl8/D
                            (rising edge-triggered cell SRL16E clocked by clk_pl_0  {rise@0.000ns fall@5.000ns period=10.000ns})
  Path Group:             (none)
  Path Type:              Setup (Max at Slow Process Corner)
  Data Path Delay:        4.447ns  (logic 1.237ns (27.807%)  route 3.210ns (72.193%))
  Logic Levels:           2  (IBUFCTRL=1 INBUF=1)
  Clock Path Skew:        2.617ns (DCD - SCD + CPR)
    Destination Clock Delay (DCD):    2.617ns
    Source Clock Delay      (SCD):    0.000ns
    Clock Pessimism Removal (CPR):    0.000ns
  Clock Uncertainty:      0.158ns  ((TSJ^2 + DJ^2)^1/2) / 2 + PE
    Total System Jitter     (TSJ):    0.050ns
    Discrete Jitter          (DJ):    0.312ns
    Phase Error              (PE):    0.000ns
  Clock Net Delay (Destination): 2.401ns (routing 1.282ns, distribution 1.119ns)

    Location             Delay type                Incr(ns)  Path(ns)    Netlist Resource(s)
  -------------------------------------------------------------------    -------------------
    Y9                                                0.000     0.000 r  rpi_18 (IN)
                         net (fo=0)                   0.000     0.000    rpi_18_IBUF_inst/I
    Y9                   INBUF (Prop_INBUF_HDIOB_M_PAD_O)
                                                      1.237     1.237 r  rpi_18_IBUF_inst/INBUF_INST/O
                         net (fo=1, routed)           0.000     1.237    rpi_18_IBUF_inst/OUT
    Y9                   IBUFCTRL (Prop_IBUFCTRL_HDIOB_M_I_O)
                                                      0.000     1.237 r  rpi_18_IBUF_inst/IBUFCTRL_INST/O
                         net (fo=3, routed)           3.210     4.447    kria_starter_kit_i/ila_0/U0/ila_core_inst/TRIGGER_I[1]
    SLICE_X45Y185        SRL16E                                       r  kria_starter_kit_i/ila_0/U0/ila_core_inst/shifted_data_in_reg[7][1]_srl8/D
  -------------------------------------------------------------------    -------------------

                         (clock clk_pl_0 rise edge)
                                                      0.000     0.000 r  
    PS8_X0Y0             PS8                          0.000     0.000 r  kria_starter_kit_i/zynq_ultra_ps_e_0/U0/PS8_i/PLCLK[0]
                         net (fo=1, routed)           0.181     0.181    kria_starter_kit_i/zynq_ultra_ps_e_0/U0/pl_clk_unbuffered[0]
    BUFG_PS_X0Y90        BUFG_PS (Prop_BUFG_PS_I_O)
                                                      0.035     0.216 r  kria_starter_kit_i/zynq_ultra_ps_e_0/U0/buffer_pl_clk_0.PL_CLK_0_BUFG/O
    X1Y2 (CLOCK_ROOT)    net (fo=1510, routed)        2.401     2.617    kria_starter_kit_i/ila_0/U0/ila_core_inst/DESIGN_CLK_I
    SLICE_X45Y185        SRL16E                                       r  kria_starter_kit_i/ila_0/U0/ila_core_inst/shifted_data_in_reg[7][1]_srl8/CLK

Slack:                    inf
  Source:                 rpi_16
                            (input port)
  Destination:            kria_starter_kit_i/ila_0/U0/ila_core_inst/shifted_data_in_reg[7][0]_srl8/D
                            (rising edge-triggered cell SRL16E clocked by clk_pl_0  {rise@0.000ns fall@5.000ns period=10.000ns})
  Path Group:             (none)
  Path Type:              Setup (Max at Slow Process Corner)
  Data Path Delay:        4.259ns  (logic 1.228ns (28.836%)  route 3.031ns (71.164%))
  Logic Levels:           2  (IBUFCTRL=1 INBUF=1)
  Clock Path Skew:        2.617ns (DCD - SCD + CPR)
    Destination Clock Delay (DCD):    2.617ns
    Source Clock Delay      (SCD):    0.000ns
    Clock Pessimism Removal (CPR):    0.000ns
  Clock Uncertainty:      0.158ns  ((TSJ^2 + DJ^2)^1/2) / 2 + PE
    Total System Jitter     (TSJ):    0.050ns
    Discrete Jitter          (DJ):    0.312ns
    Phase Error              (PE):    0.000ns
  Clock Net Delay (Destination): 2.401ns (routing 1.282ns, distribution 1.119ns)

    Location             Delay type                Incr(ns)  Path(ns)    Netlist Resource(s)
  -------------------------------------------------------------------    -------------------
    AA12                                              0.000     0.000 r  rpi_16 (IN)
                         net (fo=0)                   0.000     0.000    rpi_16_IBUF_inst/I
    AA12                 INBUF (Prop_INBUF_HDIOB_S_PAD_O)
                                                      1.228     1.228 r  rpi_16_IBUF_inst/INBUF_INST/O
                         net (fo=1, routed)           0.000     1.228    rpi_16_IBUF_inst/OUT
    AA12                 IBUFCTRL (Prop_IBUFCTRL_HDIOB_S_I_O)
                                                      0.000     1.228 r  rpi_16_IBUF_inst/IBUFCTRL_INST/O
                         net (fo=3, routed)           3.031     4.259    kria_starter_kit_i/ila_0/U0/ila_core_inst/TRIGGER_I[0]
    SLICE_X45Y185        SRL16E                                       r  kria_starter_kit_i/ila_0/U0/ila_core_inst/shifted_data_in_reg[7][0]_srl8/D
  -------------------------------------------------------------------    -------------------

                         (clock clk_pl_0 rise edge)
                                                      0.000     0.000 r  
    PS8_X0Y0             PS8                          0.000     0.000 r  kria_starter_kit_i/zynq_ultra_ps_e_0/U0/PS8_i/PLCLK[0]
                         net (fo=1, routed)           0.181     0.181    kria_starter_kit_i/zynq_ultra_ps_e_0/U0/pl_clk_unbuffered[0]
    BUFG_PS_X0Y90        BUFG_PS (Prop_BUFG_PS_I_O)
                                                      0.035     0.216 r  kria_starter_kit_i/zynq_ultra_ps_e_0/U0/buffer_pl_clk_0.PL_CLK_0_BUFG/O
    X1Y2 (CLOCK_ROOT)    net (fo=1510, routed)        2.401     2.617    kria_starter_kit_i/ila_0/U0/ila_core_inst/DESIGN_CLK_I
    SLICE_X45Y185        SRL16E                                       r  kria_starter_kit_i/ila_0/U0/ila_core_inst/shifted_data_in_reg[7][0]_srl8/CLK





Min Delay Paths
--------------------------------------------------------------------------------------
Slack:                    inf
  Source:                 rpi_16
                            (input port)
  Destination:            kria_starter_kit_i/ila_0/U0/ila_core_inst/shifted_data_in_reg[7][0]_srl8/D
                            (rising edge-triggered cell SRL16E clocked by clk_pl_0  {rise@0.000ns fall@5.000ns period=10.000ns})
  Path Group:             (none)
  Path Type:              Hold (Min at Fast Process Corner)
  Data Path Delay:        2.309ns  (logic 1.035ns (44.833%)  route 1.274ns (55.167%))
  Logic Levels:           2  (IBUFCTRL=1 INBUF=1)
  Clock Path Skew:        1.813ns (DCD - SCD - CPR)
    Destination Clock Delay (DCD):    1.813ns
    Source Clock Delay      (SCD):    0.000ns
    Clock Pessimism Removal (CPR):    -0.000ns
  Clock Net Delay (Destination): 1.626ns (routing 0.861ns, distribution 0.765ns)

    Location             Delay type                Incr(ns)  Path(ns)    Netlist Resource(s)
  -------------------------------------------------------------------    -------------------
    AA12                                              0.000     0.000 r  rpi_16 (IN)
                         net (fo=0)                   0.000     0.000    rpi_16_IBUF_inst/I
    AA12                 INBUF (Prop_INBUF_HDIOB_S_PAD_O)
                                                      1.035     1.035 r  rpi_16_IBUF_inst/INBUF_INST/O
                         net (fo=1, routed)           0.000     1.035    rpi_16_IBUF_inst/OUT
    AA12                 IBUFCTRL (Prop_IBUFCTRL_HDIOB_S_I_O)
                                                      0.000     1.035 r  rpi_16_IBUF_inst/IBUFCTRL_INST/O
                         net (fo=3, routed)           1.274     2.309    kria_starter_kit_i/ila_0/U0/ila_core_inst/TRIGGER_I[0]
    SLICE_X45Y185        SRL16E                                       r  kria_starter_kit_i/ila_0/U0/ila_core_inst/shifted_data_in_reg[7][0]_srl8/D
  -------------------------------------------------------------------    -------------------

                         (clock clk_pl_0 rise edge)
                                                      0.000     0.000 r  
    PS8_X0Y0             PS8                          0.000     0.000 r  kria_starter_kit_i/zynq_ultra_ps_e_0/U0/PS8_i/PLCLK[0]
                         net (fo=1, routed)           0.164     0.164    kria_starter_kit_i/zynq_ultra_ps_e_0/U0/pl_clk_unbuffered[0]
    BUFG_PS_X0Y90        BUFG_PS (Prop_BUFG_PS_I_O)
                                                      0.023     0.187 r  kria_starter_kit_i/zynq_ultra_ps_e_0/U0/buffer_pl_clk_0.PL_CLK_0_BUFG/O
    X1Y2 (CLOCK_ROOT)    net (fo=1510, routed)        1.626     1.813    kria_starter_kit_i/ila_0/U0/ila_core_inst/DESIGN_CLK_I
    SLICE_X45Y185        SRL16E                                       r  kria_starter_kit_i/ila_0/U0/ila_core_inst/shifted_data_in_reg[7][0]_srl8/CLK

Slack:                    inf
  Source:                 rpi_18
                            (input port)
  Destination:            kria_starter_kit_i/ila_0/U0/ila_core_inst/shifted_data_in_reg[7][1]_srl8/D
                            (rising edge-triggered cell SRL16E clocked by clk_pl_0  {rise@0.000ns fall@5.000ns period=10.000ns})
  Path Group:             (none)
  Path Type:              Hold (Min at Fast Process Corner)
  Data Path Delay:        2.409ns  (logic 1.044ns (43.329%)  route 1.365ns (56.671%))
  Logic Levels:           2  (IBUFCTRL=1 INBUF=1)
  Clock Path Skew:        1.813ns (DCD - SCD - CPR)
    Destination Clock Delay (DCD):    1.813ns
    Source Clock Delay      (SCD):    0.000ns
    Clock Pessimism Removal (CPR):    -0.000ns
  Clock Net Delay (Destination): 1.626ns (routing 0.861ns, distribution 0.765ns)

    Location             Delay type                Incr(ns)  Path(ns)    Netlist Resource(s)
  -------------------------------------------------------------------    -------------------
    Y9                                                0.000     0.000 r  rpi_18 (IN)
                         net (fo=0)                   0.000     0.000    rpi_18_IBUF_inst/I
    Y9                   INBUF (Prop_INBUF_HDIOB_M_PAD_O)
                                                      1.044     1.044 r  rpi_18_IBUF_inst/INBUF_INST/O
                         net (fo=1, routed)           0.000     1.044    rpi_18_IBUF_inst/OUT
    Y9                   IBUFCTRL (Prop_IBUFCTRL_HDIOB_M_I_O)
                                                      0.000     1.044 r  rpi_18_IBUF_inst/IBUFCTRL_INST/O
                         net (fo=3, routed)           1.365     2.409    kria_starter_kit_i/ila_0/U0/ila_core_inst/TRIGGER_I[1]
    SLICE_X45Y185        SRL16E                                       r  kria_starter_kit_i/ila_0/U0/ila_core_inst/shifted_data_in_reg[7][1]_srl8/D
  -------------------------------------------------------------------    -------------------

                         (clock clk_pl_0 rise edge)
                                                      0.000     0.000 r  
    PS8_X0Y0             PS8                          0.000     0.000 r  kria_starter_kit_i/zynq_ultra_ps_e_0/U0/PS8_i/PLCLK[0]
                         net (fo=1, routed)           0.164     0.164    kria_starter_kit_i/zynq_ultra_ps_e_0/U0/pl_clk_unbuffered[0]
    BUFG_PS_X0Y90        BUFG_PS (Prop_BUFG_PS_I_O)
                                                      0.023     0.187 r  kria_starter_kit_i/zynq_ultra_ps_e_0/U0/buffer_pl_clk_0.PL_CLK_0_BUFG/O
    X1Y2 (CLOCK_ROOT)    net (fo=1510, routed)        1.626     1.813    kria_starter_kit_i/ila_0/U0/ila_core_inst/DESIGN_CLK_I
    SLICE_X45Y185        SRL16E                                       r  kria_starter_kit_i/ila_0/U0/ila_core_inst/shifted_data_in_reg[7][1]_srl8/CLK

Slack:                    inf
  Source:                 rpi_16
                            (input port)
  Destination:            kria_starter_kit_i/ila_0/U0/ila_core_inst/u_trig/U_TM/N_DDR_MODE.G_NMU[0].U_M/allx_typeA_match_detection.ltlib_v1_0_2_allx_typeA_inst/probeDelay1_reg[0]/D
                            (rising edge-triggered cell FDRE clocked by clk_pl_0  {rise@0.000ns fall@5.000ns period=10.000ns})
  Path Group:             (none)
  Path Type:              Hold (Min at Fast Process Corner)
  Data Path Delay:        2.435ns  (logic 1.126ns (46.250%)  route 1.309ns (53.750%))
  Logic Levels:           3  (IBUFCTRL=1 INBUF=1 LUT3=1)
  Clock Path Skew:        1.781ns (DCD - SCD - CPR)
    Destination Clock Delay (DCD):    1.781ns
    Source Clock Delay      (SCD):    0.000ns
    Clock Pessimism Removal (CPR):    -0.000ns
  Clock Net Delay (Destination): 1.594ns (routing 0.861ns, distribution 0.733ns)

    Location             Delay type                Incr(ns)  Path(ns)    Netlist Resource(s)
  -------------------------------------------------------------------    -------------------
    AA12                                              0.000     0.000 r  rpi_16 (IN)
                         net (fo=0)                   0.000     0.000    rpi_16_IBUF_inst/I
    AA12                 INBUF (Prop_INBUF_HDIOB_S_PAD_O)
                                                      1.035     1.035 r  rpi_16_IBUF_inst/INBUF_INST/O
                         net (fo=1, routed)           0.000     1.035    rpi_16_IBUF_inst/OUT
    AA12                 IBUFCTRL (Prop_IBUFCTRL_HDIOB_S_I_O)
                                                      0.000     1.035 r  rpi_16_IBUF_inst/IBUFCTRL_INST/O
                         net (fo=3, routed)           1.286     2.321    kria_starter_kit_i/ila_0/U0/ila_core_inst/u_trig/U_TM/TRIGGER_I[0]
    SLICE_X45Y184        LUT3 (Prop_H6LUT_SLICEM_I2_O)
                                                      0.091     2.412 r  kria_starter_kit_i/ila_0/U0/ila_core_inst/u_trig/U_TM/N_DDR_MODE.G_NMU[0].U_M_i_1/O
                         net (fo=1, routed)           0.023     2.435    kria_starter_kit_i/ila_0/U0/ila_core_inst/u_trig/U_TM/N_DDR_MODE.G_NMU[0].U_M/allx_typeA_match_detection.ltlib_v1_0_2_allx_typeA_inst/PROBES_I[0]
    SLICE_X45Y184        FDRE                                         r  kria_starter_kit_i/ila_0/U0/ila_core_inst/u_trig/U_TM/N_DDR_MODE.G_NMU[0].U_M/allx_typeA_match_detection.ltlib_v1_0_2_allx_typeA_inst/probeDelay1_reg[0]/D
  -------------------------------------------------------------------    -------------------

                         (clock clk_pl_0 rise edge)
                                                      0.000     0.000 r  
    PS8_X0Y0             PS8                          0.000     0.000 r  kria_starter_kit_i/zynq_ultra_ps_e_0/U0/PS8_i/PLCLK[0]
                         net (fo=1, routed)           0.164     0.164    kria_starter_kit_i/zynq_ultra_ps_e_0/U0/pl_clk_unbuffered[0]
    BUFG_PS_X0Y90        BUFG_PS (Prop_BUFG_PS_I_O)
                                                      0.023     0.187 r  kria_starter_kit_i/zynq_ultra_ps_e_0/U0/buffer_pl_clk_0.PL_CLK_0_BUFG/O
    X1Y2 (CLOCK_ROOT)    net (fo=1510, routed)        1.594     1.781    kria_starter_kit_i/ila_0/U0/ila_core_inst/u_trig/U_TM/N_DDR_MODE.G_NMU[0].U_M/allx_typeA_match_detection.ltlib_v1_0_2_allx_typeA_inst/CLK_I
    SLICE_X45Y184        FDRE                                         r  kria_starter_kit_i/ila_0/U0/ila_core_inst/u_trig/U_TM/N_DDR_MODE.G_NMU[0].U_M/allx_typeA_match_detection.ltlib_v1_0_2_allx_typeA_inst/probeDelay1_reg[0]/C

Slack:                    inf
  Source:                 rpi_18
                            (input port)
  Destination:            kria_starter_kit_i/ila_0/U0/ila_core_inst/u_trig/U_TM/N_DDR_MODE.G_NMU[1].U_M/allx_typeA_match_detection.ltlib_v1_0_2_allx_typeA_inst/probeDelay1_reg[0]/D
                            (rising edge-triggered cell FDRE clocked by clk_pl_0  {rise@0.000ns fall@5.000ns period=10.000ns})
  Path Group:             (none)
  Path Type:              Hold (Min at Fast Process Corner)
  Data Path Delay:        2.452ns  (logic 1.088ns (44.357%)  route 1.364ns (55.643%))
  Logic Levels:           3  (IBUFCTRL=1 INBUF=1 LUT3=1)
  Clock Path Skew:        1.781ns (DCD - SCD - CPR)
    Destination Clock Delay (DCD):    1.781ns
    Source Clock Delay      (SCD):    0.000ns
    Clock Pessimism Removal (CPR):    -0.000ns
  Clock Net Delay (Destination): 1.594ns (routing 0.861ns, distribution 0.733ns)

    Location             Delay type                Incr(ns)  Path(ns)    Netlist Resource(s)
  -------------------------------------------------------------------    -------------------
    Y9                                                0.000     0.000 r  rpi_18 (IN)
                         net (fo=0)                   0.000     0.000    rpi_18_IBUF_inst/I
    Y9                   INBUF (Prop_INBUF_HDIOB_M_PAD_O)
                                                      1.044     1.044 r  rpi_18_IBUF_inst/INBUF_INST/O
                         net (fo=1, routed)           0.000     1.044    rpi_18_IBUF_inst/OUT
    Y9                   IBUFCTRL (Prop_IBUFCTRL_HDIOB_M_I_O)
                                                      0.000     1.044 r  rpi_18_IBUF_inst/IBUFCTRL_INST/O
                         net (fo=3, routed)           1.357     2.401    kria_starter_kit_i/ila_0/U0/ila_core_inst/u_trig/U_TM/TRIGGER_I[1]
    SLICE_X45Y184        LUT3 (Prop_H5LUT_SLICEM_I2_O)
                                                      0.044     2.445 r  kria_starter_kit_i/ila_0/U0/ila_core_inst/u_trig/U_TM/N_DDR_MODE.G_NMU[1].U_M_i_1/O
                         net (fo=1, routed)           0.007     2.452    kria_starter_kit_i/ila_0/U0/ila_core_inst/u_trig/U_TM/N_DDR_MODE.G_NMU[1].U_M/allx_typeA_match_detection.ltlib_v1_0_2_allx_typeA_inst/PROBES_I[0]
    SLICE_X45Y184        FDRE                                         r  kria_starter_kit_i/ila_0/U0/ila_core_inst/u_trig/U_TM/N_DDR_MODE.G_NMU[1].U_M/allx_typeA_match_detection.ltlib_v1_0_2_allx_typeA_inst/probeDelay1_reg[0]/D
  -------------------------------------------------------------------    -------------------

                         (clock clk_pl_0 rise edge)
                                                      0.000     0.000 r  
    PS8_X0Y0             PS8                          0.000     0.000 r  kria_starter_kit_i/zynq_ultra_ps_e_0/U0/PS8_i/PLCLK[0]
                         net (fo=1, routed)           0.164     0.164    kria_starter_kit_i/zynq_ultra_ps_e_0/U0/pl_clk_unbuffered[0]
    BUFG_PS_X0Y90        BUFG_PS (Prop_BUFG_PS_I_O)
                                                      0.023     0.187 r  kria_starter_kit_i/zynq_ultra_ps_e_0/U0/buffer_pl_clk_0.PL_CLK_0_BUFG/O
    X1Y2 (CLOCK_ROOT)    net (fo=1510, routed)        1.594     1.781    kria_starter_kit_i/ila_0/U0/ila_core_inst/u_trig/U_TM/N_DDR_MODE.G_NMU[1].U_M/allx_typeA_match_detection.ltlib_v1_0_2_allx_typeA_inst/CLK_I
    SLICE_X45Y184        FDRE                                         r  kria_starter_kit_i/ila_0/U0/ila_core_inst/u_trig/U_TM/N_DDR_MODE.G_NMU[1].U_M/allx_typeA_match_detection.ltlib_v1_0_2_allx_typeA_inst/probeDelay1_reg[0]/C

Slack:                    inf
  Source:                 rpi_16
                            (input port)
  Destination:            kria_starter_kit_i/ila_0/U0/ila_core_inst/shifted_data_in_reg[7][2]_srl8/D
                            (rising edge-triggered cell SRL16E clocked by clk_pl_0  {rise@0.000ns fall@5.000ns period=10.000ns})
  Path Group:             (none)
  Path Type:              Hold (Min at Fast Process Corner)
  Data Path Delay:        2.574ns  (logic 1.139ns (44.260%)  route 1.435ns (55.740%))
  Logic Levels:           3  (IBUFCTRL=1 INBUF=1 LUT2=1)
  Clock Path Skew:        1.813ns (DCD - SCD - CPR)
    Destination Clock Delay (DCD):    1.813ns
    Source Clock Delay      (SCD):    0.000ns
    Clock Pessimism Removal (CPR):    -0.000ns
  Clock Net Delay (Destination): 1.626ns (routing 0.861ns, distribution 0.765ns)

    Location             Delay type                Incr(ns)  Path(ns)    Netlist Resource(s)
  -------------------------------------------------------------------    -------------------
    AA12                                              0.000     0.000 f  rpi_16 (IN)
                         net (fo=0)                   0.000     0.000    rpi_16_IBUF_inst/I
    AA12                 INBUF (Prop_INBUF_HDIOB_S_PAD_O)
                                                      1.035     1.035 f  rpi_16_IBUF_inst/INBUF_INST/O
                         net (fo=1, routed)           0.000     1.035    rpi_16_IBUF_inst/OUT
    AA12                 IBUFCTRL (Prop_IBUFCTRL_HDIOB_S_I_O)
                                                      0.000     1.035 f  rpi_16_IBUF_inst/IBUFCTRL_INST/O
                         net (fo=3, routed)           1.181     2.216    kria_starter_kit_i/nand_gate_0/a
    SLICE_X41Y184        LUT2 (Prop_G6LUT_SLICEM_I0_O)
                                                      0.104     2.320 r  kria_starter_kit_i/nand_gate_0/y_INST_0/O
                         net (fo=3, routed)           0.254     2.574    kria_starter_kit_i/ila_0/U0/ila_core_inst/TRIGGER_I[2]
    SLICE_X45Y185        SRL16E                                       r  kria_starter_kit_i/ila_0/U0/ila_core_inst/shifted_data_in_reg[7][2]_srl8/D
  -------------------------------------------------------------------    -------------------

                         (clock clk_pl_0 rise edge)
                                                      0.000     0.000 r  
    PS8_X0Y0             PS8                          0.000     0.000 r  kria_starter_kit_i/zynq_ultra_ps_e_0/U0/PS8_i/PLCLK[0]
                         net (fo=1, routed)           0.164     0.164    kria_starter_kit_i/zynq_ultra_ps_e_0/U0/pl_clk_unbuffered[0]
    BUFG_PS_X0Y90        BUFG_PS (Prop_BUFG_PS_I_O)
                                                      0.023     0.187 r  kria_starter_kit_i/zynq_ultra_ps_e_0/U0/buffer_pl_clk_0.PL_CLK_0_BUFG/O
    X1Y2 (CLOCK_ROOT)    net (fo=1510, routed)        1.626     1.813    kria_starter_kit_i/ila_0/U0/ila_core_inst/DESIGN_CLK_I
    SLICE_X45Y185        SRL16E                                       r  kria_starter_kit_i/ila_0/U0/ila_core_inst/shifted_data_in_reg[7][2]_srl8/CLK

Slack:                    inf
  Source:                 rpi_16
                            (input port)
  Destination:            kria_starter_kit_i/ila_0/U0/ila_core_inst/u_trig/U_TM/N_DDR_MODE.G_NMU[2].U_M/allx_typeA_match_detection.ltlib_v1_0_2_allx_typeA_inst/probeDelay1_reg[0]/D
                            (rising edge-triggered cell FDRE clocked by clk_pl_0  {rise@0.000ns fall@5.000ns period=10.000ns})
  Path Group:             (none)
  Path Type:              Hold (Min at Fast Process Corner)
  Data Path Delay:        2.629ns  (logic 1.215ns (46.225%)  route 1.414ns (53.775%))
  Logic Levels:           4  (IBUFCTRL=1 INBUF=1 LUT2=1 LUT3=1)
  Clock Path Skew:        1.781ns (DCD - SCD - CPR)
    Destination Clock Delay (DCD):    1.781ns
    Source Clock Delay      (SCD):    0.000ns
    Clock Pessimism Removal (CPR):    -0.000ns
  Clock Net Delay (Destination): 1.594ns (routing 0.861ns, distribution 0.733ns)

    Location             Delay type                Incr(ns)  Path(ns)    Netlist Resource(s)
  -------------------------------------------------------------------    -------------------
    AA12                                              0.000     0.000 f  rpi_16 (IN)
                         net (fo=0)                   0.000     0.000    rpi_16_IBUF_inst/I
    AA12                 INBUF (Prop_INBUF_HDIOB_S_PAD_O)
                                                      1.035     1.035 f  rpi_16_IBUF_inst/INBUF_INST/O
                         net (fo=1, routed)           0.000     1.035    rpi_16_IBUF_inst/OUT
    AA12                 IBUFCTRL (Prop_IBUFCTRL_HDIOB_S_I_O)
                                                      0.000     1.035 f  rpi_16_IBUF_inst/IBUFCTRL_INST/O
                         net (fo=3, routed)           1.181     2.216    kria_starter_kit_i/nand_gate_0/a
    SLICE_X41Y184        LUT2 (Prop_G6LUT_SLICEM_I0_O)
                                                      0.104     2.320 r  kria_starter_kit_i/nand_gate_0/y_INST_0/O
                         net (fo=3, routed)           0.215     2.535    kria_starter_kit_i/ila_0/U0/ila_core_inst/u_trig/U_TM/TRIGGER_I[2]
    SLICE_X46Y184        LUT3 (Prop_G6LUT_SLICEL_I2_O)
                                                      0.076     2.611 r  kria_starter_kit_i/ila_0/U0/ila_core_inst/u_trig/U_TM/N_DDR_MODE.G_NMU[2].U_M_i_1/O
                         net (fo=1, routed)           0.018     2.629    kria_starter_kit_i/ila_0/U0/ila_core_inst/u_trig/U_TM/N_DDR_MODE.G_NMU[2].U_M/allx_typeA_match_detection.ltlib_v1_0_2_allx_typeA_inst/PROBES_I[0]
    SLICE_X46Y184        FDRE                                         r  kria_starter_kit_i/ila_0/U0/ila_core_inst/u_trig/U_TM/N_DDR_MODE.G_NMU[2].U_M/allx_typeA_match_detection.ltlib_v1_0_2_allx_typeA_inst/probeDelay1_reg[0]/D
  -------------------------------------------------------------------    -------------------

                         (clock clk_pl_0 rise edge)
                                                      0.000     0.000 r  
    PS8_X0Y0             PS8                          0.000     0.000 r  kria_starter_kit_i/zynq_ultra_ps_e_0/U0/PS8_i/PLCLK[0]
                         net (fo=1, routed)           0.164     0.164    kria_starter_kit_i/zynq_ultra_ps_e_0/U0/pl_clk_unbuffered[0]
    BUFG_PS_X0Y90        BUFG_PS (Prop_BUFG_PS_I_O)
                                                      0.023     0.187 r  kria_starter_kit_i/zynq_ultra_ps_e_0/U0/buffer_pl_clk_0.PL_CLK_0_BUFG/O
    X1Y2 (CLOCK_ROOT)    net (fo=1510, routed)        1.594     1.781    kria_starter_kit_i/ila_0/U0/ila_core_inst/u_trig/U_TM/N_DDR_MODE.G_NMU[2].U_M/allx_typeA_match_detection.ltlib_v1_0_2_allx_typeA_inst/CLK_I
    SLICE_X46Y184        FDRE                                         r  kria_starter_kit_i/ila_0/U0/ila_core_inst/u_trig/U_TM/N_DDR_MODE.G_NMU[2].U_M/allx_typeA_match_detection.ltlib_v1_0_2_allx_typeA_inst/probeDelay1_reg[0]/C





--------------------------------------------------------------------------------------
Path Group:  (none)
From Clock:  
  To Clock:  dbg_hub/inst/BSCANID.u_xsdbm_id/SWITCH_N_EXT_BSCAN.bscan_inst/SERIES7_BSCAN.bscan_inst/INTERNAL_TCK

Max Delay             4 Endpoints
Min Delay             4 Endpoints
--------------------------------------------------------------------------------------


Max Delay Paths
--------------------------------------------------------------------------------------
Slack:                    inf
  Source:                 dbg_hub/inst/BSCANID.u_xsdbm_id/SWITCH_N_EXT_BSCAN.bscan_inst/SERIES7_BSCAN.bscan_inst/INTERNAL_TDI
                            (internal pin)
  Destination:            dbg_hub/inst/BSCANID.u_xsdbm_id/SWITCH_N_EXT_BSCAN.bscan_switch/shiftreg_reg[31]/D
                            (rising edge-triggered cell FDRE clocked by dbg_hub/inst/BSCANID.u_xsdbm_id/SWITCH_N_EXT_BSCAN.bscan_inst/SERIES7_BSCAN.bscan_inst/INTERNAL_TCK  {rise@0.000ns fall@25.000ns period=50.000ns})
  Path Group:             (none)
  Path Type:              Setup (Max at Slow Process Corner)
  Data Path Delay:        5.980ns  (logic 4.937ns (82.553%)  route 1.043ns (17.447%))
  Logic Levels:           2  (BSCANE2=1 LUT5=1)
  Clock Uncertainty:      0.025ns  ((TSJ^2 + TIJ^2)^1/2 + DJ) / 2 + PE
    Total System Jitter     (TSJ):    0.050ns
    Total Input Jitter      (TIJ):    0.000ns
    Discrete Jitter          (DJ):    0.000ns
    Phase Error              (PE):    0.000ns
  Clock Net Delay (Destination): 2.051ns (routing 1.087ns, distribution 0.964ns)

    Location             Delay type                Incr(ns)  Path(ns)    Netlist Resource(s)
  -------------------------------------------------------------------    -------------------
    CONFIG_SITE_X0Y0     BSCANE2                      0.000     0.000 r  dbg_hub/inst/BSCANID.u_xsdbm_id/SWITCH_N_EXT_BSCAN.bscan_inst/SERIES7_BSCAN.bscan_inst/INTERNAL_TDI
    CONFIG_SITE_X0Y0     BSCANE2 (Prop_BSCAN1_CONFIG_SITE_INTERNAL_TDI_TDI)
                                                      4.800     4.800 r  dbg_hub/inst/BSCANID.u_xsdbm_id/SWITCH_N_EXT_BSCAN.bscan_inst/SERIES7_BSCAN.bscan_inst/TDI
                         net (fo=4, routed)           0.977     5.777    dbg_hub/inst/BSCANID.u_xsdbm_id/SWITCH_N_EXT_BSCAN.bscan_switch/s_bscan_tdi
    SLICE_X50Y152        LUT5 (Prop_G6LUT_SLICEL_I2_O)
                                                      0.137     5.914 r  dbg_hub/inst/BSCANID.u_xsdbm_id/SWITCH_N_EXT_BSCAN.bscan_switch/shiftreg[31]_i_2/O
                         net (fo=1, routed)           0.066     5.980    dbg_hub/inst/BSCANID.u_xsdbm_id/SWITCH_N_EXT_BSCAN.bscan_switch/shiftreg[31]_i_2_n_0
    SLICE_X50Y152        FDRE                                         r  dbg_hub/inst/BSCANID.u_xsdbm_id/SWITCH_N_EXT_BSCAN.bscan_switch/shiftreg_reg[31]/D
  -------------------------------------------------------------------    -------------------

                         (clock dbg_hub/inst/BSCANID.u_xsdbm_id/SWITCH_N_EXT_BSCAN.bscan_inst/SERIES7_BSCAN.bscan_inst/INTERNAL_TCK rise edge)
                                                      0.000     0.000 r  
    CONFIG_SITE_X0Y0     BSCANE2                      0.000     0.000 r  dbg_hub/inst/BSCANID.u_xsdbm_id/SWITCH_N_EXT_BSCAN.bscan_inst/SERIES7_BSCAN.bscan_inst/INTERNAL_TCK
    CONFIG_SITE_X0Y0     BSCANE2 (Prop_BSCAN1_CONFIG_SITE_INTERNAL_TCK_TCK)
                                                      0.465     0.465 r  dbg_hub/inst/BSCANID.u_xsdbm_id/SWITCH_N_EXT_BSCAN.bscan_inst/SERIES7_BSCAN.bscan_inst/TCK
                         net (fo=1, routed)           1.120     1.585    dbg_hub/inst/BSCANID.u_xsdbm_id/tck_bs
    BUFGCE_X0Y76         BUFGCE (Prop_BUFCE_BUFGCE_I_O)
                                                      0.039     1.624 r  dbg_hub/inst/BSCANID.u_xsdbm_id/SWITCH_N_EXT_BSCAN.u_bufg_icon_tck/O
    X2Y2 (CLOCK_ROOT)    net (fo=478, routed)         2.051     3.675    dbg_hub/inst/BSCANID.u_xsdbm_id/SWITCH_N_EXT_BSCAN.bscan_switch/s_bscan_tck
    SLICE_X50Y152        FDRE                                         r  dbg_hub/inst/BSCANID.u_xsdbm_id/SWITCH_N_EXT_BSCAN.bscan_switch/shiftreg_reg[31]/C

Slack:                    inf
  Source:                 dbg_hub/inst/BSCANID.u_xsdbm_id/SWITCH_N_EXT_BSCAN.bscan_inst/SERIES7_BSCAN.bscan_inst/INTERNAL_TDI
                            (internal pin)
  Destination:            dbg_hub/inst/BSCANID.u_xsdbm_id/SWITCH_N_EXT_BSCAN.bscan_switch/bscanid_reg[31]/D
                            (rising edge-triggered cell FDRE clocked by dbg_hub/inst/BSCANID.u_xsdbm_id/SWITCH_N_EXT_BSCAN.bscan_inst/SERIES7_BSCAN.bscan_inst/INTERNAL_TCK  {rise@0.000ns fall@25.000ns period=50.000ns})
  Path Group:             (none)
  Path Type:              Setup (Max at Slow Process Corner)
  Data Path Delay:        5.669ns  (logic 4.987ns (87.969%)  route 0.682ns (12.031%))
  Logic Levels:           2  (BSCANE2=1 LUT2=1)
  Clock Uncertainty:      0.025ns  ((TSJ^2 + TIJ^2)^1/2 + DJ) / 2 + PE
    Total System Jitter     (TSJ):    0.050ns
    Total Input Jitter      (TIJ):    0.000ns
    Discrete Jitter          (DJ):    0.000ns
    Phase Error              (PE):    0.000ns
  Clock Net Delay (Destination): 2.030ns (routing 1.087ns, distribution 0.943ns)

    Location             Delay type                Incr(ns)  Path(ns)    Netlist Resource(s)
  -------------------------------------------------------------------    -------------------
    CONFIG_SITE_X0Y0     BSCANE2                      0.000     0.000 r  dbg_hub/inst/BSCANID.u_xsdbm_id/SWITCH_N_EXT_BSCAN.bscan_inst/SERIES7_BSCAN.bscan_inst/INTERNAL_TDI
    CONFIG_SITE_X0Y0     BSCANE2 (Prop_BSCAN1_CONFIG_SITE_INTERNAL_TDI_TDI)
                                                      4.800     4.800 r  dbg_hub/inst/BSCANID.u_xsdbm_id/SWITCH_N_EXT_BSCAN.bscan_inst/SERIES7_BSCAN.bscan_inst/TDI
                         net (fo=4, routed)           0.619     5.419    dbg_hub/inst/BSCANID.u_xsdbm_id/SWITCH_N_EXT_BSCAN.bscan_switch/s_bscan_tdi
    SLICE_X48Y154        LUT2 (Prop_E6LUT_SLICEL_I1_O)
                                                      0.187     5.606 r  dbg_hub/inst/BSCANID.u_xsdbm_id/SWITCH_N_EXT_BSCAN.bscan_switch/bscanid[31]_i_2/O
                         net (fo=1, routed)           0.063     5.669    dbg_hub/inst/BSCANID.u_xsdbm_id/SWITCH_N_EXT_BSCAN.bscan_switch/bscanid[31]_i_2_n_0
    SLICE_X48Y154        FDRE                                         r  dbg_hub/inst/BSCANID.u_xsdbm_id/SWITCH_N_EXT_BSCAN.bscan_switch/bscanid_reg[31]/D
  -------------------------------------------------------------------    -------------------

                         (clock dbg_hub/inst/BSCANID.u_xsdbm_id/SWITCH_N_EXT_BSCAN.bscan_inst/SERIES7_BSCAN.bscan_inst/INTERNAL_TCK rise edge)
                                                      0.000     0.000 r  
    CONFIG_SITE_X0Y0     BSCANE2                      0.000     0.000 r  dbg_hub/inst/BSCANID.u_xsdbm_id/SWITCH_N_EXT_BSCAN.bscan_inst/SERIES7_BSCAN.bscan_inst/INTERNAL_TCK
    CONFIG_SITE_X0Y0     BSCANE2 (Prop_BSCAN1_CONFIG_SITE_INTERNAL_TCK_TCK)
                                                      0.465     0.465 r  dbg_hub/inst/BSCANID.u_xsdbm_id/SWITCH_N_EXT_BSCAN.bscan_inst/SERIES7_BSCAN.bscan_inst/TCK
                         net (fo=1, routed)           1.120     1.585    dbg_hub/inst/BSCANID.u_xsdbm_id/tck_bs
    BUFGCE_X0Y76         BUFGCE (Prop_BUFCE_BUFGCE_I_O)
                                                      0.039     1.624 r  dbg_hub/inst/BSCANID.u_xsdbm_id/SWITCH_N_EXT_BSCAN.u_bufg_icon_tck/O
    X2Y2 (CLOCK_ROOT)    net (fo=478, routed)         2.030     3.654    dbg_hub/inst/BSCANID.u_xsdbm_id/SWITCH_N_EXT_BSCAN.bscan_switch/s_bscan_tck
    SLICE_X48Y154        FDRE                                         r  dbg_hub/inst/BSCANID.u_xsdbm_id/SWITCH_N_EXT_BSCAN.bscan_switch/bscanid_reg[31]/C

Slack:                    inf
  Source:                 dbg_hub/inst/BSCANID.u_xsdbm_id/SWITCH_N_EXT_BSCAN.bscan_inst/SERIES7_BSCAN.bscan_inst/INTERNAL_TDI
                            (internal pin)
  Destination:            dbg_hub/inst/BSCANID.u_xsdbm_id/CORE_XSDB.U_ICON/iTDI_reg_reg/D
                            (rising edge-triggered cell FDRE clocked by dbg_hub/inst/BSCANID.u_xsdbm_id/SWITCH_N_EXT_BSCAN.bscan_inst/SERIES7_BSCAN.bscan_inst/INTERNAL_TCK  {rise@0.000ns fall@25.000ns period=50.000ns})
  Path Group:             (none)
  Path Type:              Setup (Max at Slow Process Corner)
  Data Path Delay:        5.652ns  (logic 4.800ns (84.932%)  route 0.852ns (15.068%))
  Logic Levels:           1  (BSCANE2=1)
  Clock Uncertainty:      0.025ns  ((TSJ^2 + TIJ^2)^1/2 + DJ) / 2 + PE
    Total System Jitter     (TSJ):    0.050ns
    Total Input Jitter      (TIJ):    0.000ns
    Discrete Jitter          (DJ):    0.000ns
    Phase Error              (PE):    0.000ns
  Clock Net Delay (Destination): 2.114ns (routing 1.087ns, distribution 1.027ns)

    Location             Delay type                Incr(ns)  Path(ns)    Netlist Resource(s)
  -------------------------------------------------------------------    -------------------
    CONFIG_SITE_X0Y0     BSCANE2                      0.000     0.000 r  dbg_hub/inst/BSCANID.u_xsdbm_id/SWITCH_N_EXT_BSCAN.bscan_inst/SERIES7_BSCAN.bscan_inst/INTERNAL_TDI
    CONFIG_SITE_X0Y0     BSCANE2 (Prop_BSCAN1_CONFIG_SITE_INTERNAL_TDI_TDI)
                                                      4.800     4.800 r  dbg_hub/inst/BSCANID.u_xsdbm_id/SWITCH_N_EXT_BSCAN.bscan_inst/SERIES7_BSCAN.bscan_inst/TDI
                         net (fo=4, routed)           0.852     5.652    dbg_hub/inst/BSCANID.u_xsdbm_id/CORE_XSDB.U_ICON/out
    SLICE_X49Y180        FDRE                                         r  dbg_hub/inst/BSCANID.u_xsdbm_id/CORE_XSDB.U_ICON/iTDI_reg_reg/D
  -------------------------------------------------------------------    -------------------

                         (clock dbg_hub/inst/BSCANID.u_xsdbm_id/SWITCH_N_EXT_BSCAN.bscan_inst/SERIES7_BSCAN.bscan_inst/INTERNAL_TCK rise edge)
                                                      0.000     0.000 r  
    CONFIG_SITE_X0Y0     BSCANE2                      0.000     0.000 r  dbg_hub/inst/BSCANID.u_xsdbm_id/SWITCH_N_EXT_BSCAN.bscan_inst/SERIES7_BSCAN.bscan_inst/INTERNAL_TCK
    CONFIG_SITE_X0Y0     BSCANE2 (Prop_BSCAN1_CONFIG_SITE_INTERNAL_TCK_TCK)
                                                      0.465     0.465 r  dbg_hub/inst/BSCANID.u_xsdbm_id/SWITCH_N_EXT_BSCAN.bscan_inst/SERIES7_BSCAN.bscan_inst/TCK
                         net (fo=1, routed)           1.120     1.585    dbg_hub/inst/BSCANID.u_xsdbm_id/tck_bs
    BUFGCE_X0Y76         BUFGCE (Prop_BUFCE_BUFGCE_I_O)
                                                      0.039     1.624 r  dbg_hub/inst/BSCANID.u_xsdbm_id/SWITCH_N_EXT_BSCAN.u_bufg_icon_tck/O
    X2Y2 (CLOCK_ROOT)    net (fo=478, routed)         2.114     3.738    dbg_hub/inst/BSCANID.u_xsdbm_id/CORE_XSDB.U_ICON/m_bscan_tck[0]
    SLICE_X49Y180        FDRE                                         r  dbg_hub/inst/BSCANID.u_xsdbm_id/CORE_XSDB.U_ICON/iTDI_reg_reg/C

Slack:                    inf
  Source:                 dbg_hub/inst/BSCANID.u_xsdbm_id/SWITCH_N_EXT_BSCAN.bscan_inst/SERIES7_BSCAN.bscan_inst/INTERNAL_TDI
                            (internal pin)
  Destination:            dbg_hub/inst/BSCANID.u_xsdbm_id/SWITCH_N_EXT_BSCAN.bscanid_reg[31]/D
                            (rising edge-triggered cell FDRE clocked by dbg_hub/inst/BSCANID.u_xsdbm_id/SWITCH_N_EXT_BSCAN.bscan_inst/SERIES7_BSCAN.bscan_inst/INTERNAL_TCK  {rise@0.000ns fall@25.000ns period=50.000ns})
  Path Group:             (none)
  Path Type:              Setup (Max at Slow Process Corner)
  Data Path Delay:        5.444ns  (logic 4.937ns (90.684%)  route 0.507ns (9.316%))
  Logic Levels:           2  (BSCANE2=1 LUT4=1)
  Clock Uncertainty:      0.025ns  ((TSJ^2 + TIJ^2)^1/2 + DJ) / 2 + PE
    Total System Jitter     (TSJ):    0.050ns
    Total Input Jitter      (TIJ):    0.000ns
    Discrete Jitter          (DJ):    0.000ns
    Phase Error              (PE):    0.000ns
  Clock Net Delay (Destination): 2.023ns (routing 1.087ns, distribution 0.936ns)

    Location             Delay type                Incr(ns)  Path(ns)    Netlist Resource(s)
  -------------------------------------------------------------------    -------------------
    CONFIG_SITE_X0Y0     BSCANE2                      0.000     0.000 r  dbg_hub/inst/BSCANID.u_xsdbm_id/SWITCH_N_EXT_BSCAN.bscan_inst/SERIES7_BSCAN.bscan_inst/INTERNAL_TDI
    CONFIG_SITE_X0Y0     BSCANE2 (Prop_BSCAN1_CONFIG_SITE_INTERNAL_TDI_TDI)
                                                      4.800     4.800 r  dbg_hub/inst/BSCANID.u_xsdbm_id/SWITCH_N_EXT_BSCAN.bscan_inst/SERIES7_BSCAN.bscan_inst/TDI
                         net (fo=4, routed)           0.441     5.241    dbg_hub/inst/BSCANID.u_xsdbm_id/TDI
    SLICE_X47Y156        LUT4 (Prop_G6LUT_SLICEL_I3_O)
                                                      0.137     5.378 r  dbg_hub/inst/BSCANID.u_xsdbm_id/SWITCH_N_EXT_BSCAN.bscanid[31]_i_1/O
                         net (fo=1, routed)           0.066     5.444    dbg_hub/inst/BSCANID.u_xsdbm_id/p_2_in[31]
    SLICE_X47Y156        FDRE                                         r  dbg_hub/inst/BSCANID.u_xsdbm_id/SWITCH_N_EXT_BSCAN.bscanid_reg[31]/D
  -------------------------------------------------------------------    -------------------

                         (clock dbg_hub/inst/BSCANID.u_xsdbm_id/SWITCH_N_EXT_BSCAN.bscan_inst/SERIES7_BSCAN.bscan_inst/INTERNAL_TCK rise edge)
                                                      0.000     0.000 r  
    CONFIG_SITE_X0Y0     BSCANE2                      0.000     0.000 r  dbg_hub/inst/BSCANID.u_xsdbm_id/SWITCH_N_EXT_BSCAN.bscan_inst/SERIES7_BSCAN.bscan_inst/INTERNAL_TCK
    CONFIG_SITE_X0Y0     BSCANE2 (Prop_BSCAN1_CONFIG_SITE_INTERNAL_TCK_TCK)
                                                      0.465     0.465 r  dbg_hub/inst/BSCANID.u_xsdbm_id/SWITCH_N_EXT_BSCAN.bscan_inst/SERIES7_BSCAN.bscan_inst/TCK
                         net (fo=1, routed)           1.120     1.585    dbg_hub/inst/BSCANID.u_xsdbm_id/tck_bs
    BUFGCE_X0Y76         BUFGCE (Prop_BUFCE_BUFGCE_I_O)
                                                      0.039     1.624 r  dbg_hub/inst/BSCANID.u_xsdbm_id/SWITCH_N_EXT_BSCAN.u_bufg_icon_tck/O
    X2Y2 (CLOCK_ROOT)    net (fo=478, routed)         2.023     3.647    dbg_hub/inst/BSCANID.u_xsdbm_id/itck_i
    SLICE_X47Y156        FDRE                                         r  dbg_hub/inst/BSCANID.u_xsdbm_id/SWITCH_N_EXT_BSCAN.bscanid_reg[31]/C





Min Delay Paths
--------------------------------------------------------------------------------------
Slack:                    inf
  Source:                 dbg_hub/inst/BSCANID.u_xsdbm_id/SWITCH_N_EXT_BSCAN.bscan_inst/SERIES7_BSCAN.bscan_inst/INTERNAL_TDI
                            (internal pin)
  Destination:            dbg_hub/inst/BSCANID.u_xsdbm_id/SWITCH_N_EXT_BSCAN.bscanid_reg[31]/D
                            (rising edge-triggered cell FDRE clocked by dbg_hub/inst/BSCANID.u_xsdbm_id/SWITCH_N_EXT_BSCAN.bscan_inst/SERIES7_BSCAN.bscan_inst/INTERNAL_TCK  {rise@0.000ns fall@25.000ns period=50.000ns})
  Path Group:             (none)
  Path Type:              Hold (Min at Fast Process Corner)
  Data Path Delay:        0.739ns  (logic 0.532ns (71.991%)  route 0.207ns (28.009%))
  Logic Levels:           2  (BSCANE2=1 LUT4=1)
  Clock Uncertainty:      0.025ns  ((TSJ^2 + TIJ^2)^1/2 + DJ) / 2 + PE
    Total System Jitter     (TSJ):    0.050ns
    Total Input Jitter      (TIJ):    0.000ns
    Discrete Jitter          (DJ):    0.000ns
    Phase Error              (PE):    0.000ns
  Clock Net Delay (Destination): 1.336ns (routing 0.709ns, distribution 0.627ns)

    Location             Delay type                Incr(ns)  Path(ns)    Netlist Resource(s)
  -------------------------------------------------------------------    -------------------
    CONFIG_SITE_X0Y0     BSCANE2                      0.000     0.000 r  dbg_hub/inst/BSCANID.u_xsdbm_id/SWITCH_N_EXT_BSCAN.bscan_inst/SERIES7_BSCAN.bscan_inst/INTERNAL_TDI
    CONFIG_SITE_X0Y0     BSCANE2 (Prop_BSCAN1_CONFIG_SITE_INTERNAL_TDI_TDI)
                                                      0.465     0.465 r  dbg_hub/inst/BSCANID.u_xsdbm_id/SWITCH_N_EXT_BSCAN.bscan_inst/SERIES7_BSCAN.bscan_inst/TDI
                         net (fo=4, routed)           0.189     0.654    dbg_hub/inst/BSCANID.u_xsdbm_id/TDI
    SLICE_X47Y156        LUT4 (Prop_G6LUT_SLICEL_I3_O)
                                                      0.067     0.721 r  dbg_hub/inst/BSCANID.u_xsdbm_id/SWITCH_N_EXT_BSCAN.bscanid[31]_i_1/O
                         net (fo=1, routed)           0.018     0.739    dbg_hub/inst/BSCANID.u_xsdbm_id/p_2_in[31]
    SLICE_X47Y156        FDRE                                         r  dbg_hub/inst/BSCANID.u_xsdbm_id/SWITCH_N_EXT_BSCAN.bscanid_reg[31]/D
  -------------------------------------------------------------------    -------------------

                         (clock dbg_hub/inst/BSCANID.u_xsdbm_id/SWITCH_N_EXT_BSCAN.bscan_inst/SERIES7_BSCAN.bscan_inst/INTERNAL_TCK rise edge)
                                                      0.000     0.000 r  
    CONFIG_SITE_X0Y0     BSCANE2                      0.000     0.000 r  dbg_hub/inst/BSCANID.u_xsdbm_id/SWITCH_N_EXT_BSCAN.bscan_inst/SERIES7_BSCAN.bscan_inst/INTERNAL_TCK
    CONFIG_SITE_X0Y0     BSCANE2 (Prop_BSCAN1_CONFIG_SITE_INTERNAL_TCK_TCK)
                                                      4.800     4.800 r  dbg_hub/inst/BSCANID.u_xsdbm_id/SWITCH_N_EXT_BSCAN.bscan_inst/SERIES7_BSCAN.bscan_inst/TCK
                         net (fo=1, routed)           1.225     6.025    dbg_hub/inst/BSCANID.u_xsdbm_id/tck_bs
    BUFGCE_X0Y76         BUFGCE (Prop_BUFCE_BUFGCE_I_O)
                                                      0.026     6.051 r  dbg_hub/inst/BSCANID.u_xsdbm_id/SWITCH_N_EXT_BSCAN.u_bufg_icon_tck/O
    X2Y2 (CLOCK_ROOT)    net (fo=478, routed)         1.336     7.387    dbg_hub/inst/BSCANID.u_xsdbm_id/itck_i
    SLICE_X47Y156        FDRE                                         r  dbg_hub/inst/BSCANID.u_xsdbm_id/SWITCH_N_EXT_BSCAN.bscanid_reg[31]/C

Slack:                    inf
  Source:                 dbg_hub/inst/BSCANID.u_xsdbm_id/SWITCH_N_EXT_BSCAN.bscan_inst/SERIES7_BSCAN.bscan_inst/INTERNAL_TDI
                            (internal pin)
  Destination:            dbg_hub/inst/BSCANID.u_xsdbm_id/CORE_XSDB.U_ICON/iTDI_reg_reg/D
                            (rising edge-triggered cell FDRE clocked by dbg_hub/inst/BSCANID.u_xsdbm_id/SWITCH_N_EXT_BSCAN.bscan_inst/SERIES7_BSCAN.bscan_inst/INTERNAL_TCK  {rise@0.000ns fall@25.000ns period=50.000ns})
  Path Group:             (none)
  Path Type:              Hold (Min at Fast Process Corner)
  Data Path Delay:        0.814ns  (logic 0.465ns (57.128%)  route 0.349ns (42.872%))
  Logic Levels:           1  (BSCANE2=1)
  Clock Uncertainty:      0.025ns  ((TSJ^2 + TIJ^2)^1/2 + DJ) / 2 + PE
    Total System Jitter     (TSJ):    0.050ns
    Total Input Jitter      (TIJ):    0.000ns
    Discrete Jitter          (DJ):    0.000ns
    Phase Error              (PE):    0.000ns
  Clock Net Delay (Destination): 1.402ns (routing 0.709ns, distribution 0.693ns)

    Location             Delay type                Incr(ns)  Path(ns)    Netlist Resource(s)
  -------------------------------------------------------------------    -------------------
    CONFIG_SITE_X0Y0     BSCANE2                      0.000     0.000 r  dbg_hub/inst/BSCANID.u_xsdbm_id/SWITCH_N_EXT_BSCAN.bscan_inst/SERIES7_BSCAN.bscan_inst/INTERNAL_TDI
    CONFIG_SITE_X0Y0     BSCANE2 (Prop_BSCAN1_CONFIG_SITE_INTERNAL_TDI_TDI)
                                                      0.465     0.465 r  dbg_hub/inst/BSCANID.u_xsdbm_id/SWITCH_N_EXT_BSCAN.bscan_inst/SERIES7_BSCAN.bscan_inst/TDI
                         net (fo=4, routed)           0.349     0.814    dbg_hub/inst/BSCANID.u_xsdbm_id/CORE_XSDB.U_ICON/out
    SLICE_X49Y180        FDRE                                         r  dbg_hub/inst/BSCANID.u_xsdbm_id/CORE_XSDB.U_ICON/iTDI_reg_reg/D
  -------------------------------------------------------------------    -------------------

                         (clock dbg_hub/inst/BSCANID.u_xsdbm_id/SWITCH_N_EXT_BSCAN.bscan_inst/SERIES7_BSCAN.bscan_inst/INTERNAL_TCK rise edge)
                                                      0.000     0.000 r  
    CONFIG_SITE_X0Y0     BSCANE2                      0.000     0.000 r  dbg_hub/inst/BSCANID.u_xsdbm_id/SWITCH_N_EXT_BSCAN.bscan_inst/SERIES7_BSCAN.bscan_inst/INTERNAL_TCK
    CONFIG_SITE_X0Y0     BSCANE2 (Prop_BSCAN1_CONFIG_SITE_INTERNAL_TCK_TCK)
                                                      4.800     4.800 r  dbg_hub/inst/BSCANID.u_xsdbm_id/SWITCH_N_EXT_BSCAN.bscan_inst/SERIES7_BSCAN.bscan_inst/TCK
                         net (fo=1, routed)           1.225     6.025    dbg_hub/inst/BSCANID.u_xsdbm_id/tck_bs
    BUFGCE_X0Y76         BUFGCE (Prop_BUFCE_BUFGCE_I_O)
                                                      0.026     6.051 r  dbg_hub/inst/BSCANID.u_xsdbm_id/SWITCH_N_EXT_BSCAN.u_bufg_icon_tck/O
    X2Y2 (CLOCK_ROOT)    net (fo=478, routed)         1.402     7.453    dbg_hub/inst/BSCANID.u_xsdbm_id/CORE_XSDB.U_ICON/m_bscan_tck[0]
    SLICE_X49Y180        FDRE                                         r  dbg_hub/inst/BSCANID.u_xsdbm_id/CORE_XSDB.U_ICON/iTDI_reg_reg/C

Slack:                    inf
  Source:                 dbg_hub/inst/BSCANID.u_xsdbm_id/SWITCH_N_EXT_BSCAN.bscan_inst/SERIES7_BSCAN.bscan_inst/INTERNAL_TDI
                            (internal pin)
  Destination:            dbg_hub/inst/BSCANID.u_xsdbm_id/SWITCH_N_EXT_BSCAN.bscan_switch/bscanid_reg[31]/D
                            (rising edge-triggered cell FDRE clocked by dbg_hub/inst/BSCANID.u_xsdbm_id/SWITCH_N_EXT_BSCAN.bscan_inst/SERIES7_BSCAN.bscan_inst/INTERNAL_TCK  {rise@0.000ns fall@25.000ns period=50.000ns})
  Path Group:             (none)
  Path Type:              Hold (Min at Fast Process Corner)
  Data Path Delay:        0.825ns  (logic 0.555ns (67.236%)  route 0.270ns (32.764%))
  Logic Levels:           2  (BSCANE2=1 LUT2=1)
  Clock Uncertainty:      0.025ns  ((TSJ^2 + TIJ^2)^1/2 + DJ) / 2 + PE
    Total System Jitter     (TSJ):    0.050ns
    Total Input Jitter      (TIJ):    0.000ns
    Discrete Jitter          (DJ):    0.000ns
    Phase Error              (PE):    0.000ns
  Clock Net Delay (Destination): 1.341ns (routing 0.709ns, distribution 0.632ns)

    Location             Delay type                Incr(ns)  Path(ns)    Netlist Resource(s)
  -------------------------------------------------------------------    -------------------
    CONFIG_SITE_X0Y0     BSCANE2                      0.000     0.000 r  dbg_hub/inst/BSCANID.u_xsdbm_id/SWITCH_N_EXT_BSCAN.bscan_inst/SERIES7_BSCAN.bscan_inst/INTERNAL_TDI
    CONFIG_SITE_X0Y0     BSCANE2 (Prop_BSCAN1_CONFIG_SITE_INTERNAL_TDI_TDI)
                                                      0.465     0.465 r  dbg_hub/inst/BSCANID.u_xsdbm_id/SWITCH_N_EXT_BSCAN.bscan_inst/SERIES7_BSCAN.bscan_inst/TDI
                         net (fo=4, routed)           0.254     0.719    dbg_hub/inst/BSCANID.u_xsdbm_id/SWITCH_N_EXT_BSCAN.bscan_switch/s_bscan_tdi
    SLICE_X48Y154        LUT2 (Prop_E6LUT_SLICEL_I1_O)
                                                      0.090     0.809 r  dbg_hub/inst/BSCANID.u_xsdbm_id/SWITCH_N_EXT_BSCAN.bscan_switch/bscanid[31]_i_2/O
                         net (fo=1, routed)           0.016     0.825    dbg_hub/inst/BSCANID.u_xsdbm_id/SWITCH_N_EXT_BSCAN.bscan_switch/bscanid[31]_i_2_n_0
    SLICE_X48Y154        FDRE                                         r  dbg_hub/inst/BSCANID.u_xsdbm_id/SWITCH_N_EXT_BSCAN.bscan_switch/bscanid_reg[31]/D
  -------------------------------------------------------------------    -------------------

                         (clock dbg_hub/inst/BSCANID.u_xsdbm_id/SWITCH_N_EXT_BSCAN.bscan_inst/SERIES7_BSCAN.bscan_inst/INTERNAL_TCK rise edge)
                                                      0.000     0.000 r  
    CONFIG_SITE_X0Y0     BSCANE2                      0.000     0.000 r  dbg_hub/inst/BSCANID.u_xsdbm_id/SWITCH_N_EXT_BSCAN.bscan_inst/SERIES7_BSCAN.bscan_inst/INTERNAL_TCK
    CONFIG_SITE_X0Y0     BSCANE2 (Prop_BSCAN1_CONFIG_SITE_INTERNAL_TCK_TCK)
                                                      4.800     4.800 r  dbg_hub/inst/BSCANID.u_xsdbm_id/SWITCH_N_EXT_BSCAN.bscan_inst/SERIES7_BSCAN.bscan_inst/TCK
                         net (fo=1, routed)           1.225     6.025    dbg_hub/inst/BSCANID.u_xsdbm_id/tck_bs
    BUFGCE_X0Y76         BUFGCE (Prop_BUFCE_BUFGCE_I_O)
                                                      0.026     6.051 r  dbg_hub/inst/BSCANID.u_xsdbm_id/SWITCH_N_EXT_BSCAN.u_bufg_icon_tck/O
    X2Y2 (CLOCK_ROOT)    net (fo=478, routed)         1.341     7.392    dbg_hub/inst/BSCANID.u_xsdbm_id/SWITCH_N_EXT_BSCAN.bscan_switch/s_bscan_tck
    SLICE_X48Y154        FDRE                                         r  dbg_hub/inst/BSCANID.u_xsdbm_id/SWITCH_N_EXT_BSCAN.bscan_switch/bscanid_reg[31]/C

Slack:                    inf
  Source:                 dbg_hub/inst/BSCANID.u_xsdbm_id/SWITCH_N_EXT_BSCAN.bscan_inst/SERIES7_BSCAN.bscan_inst/INTERNAL_TDI
                            (internal pin)
  Destination:            dbg_hub/inst/BSCANID.u_xsdbm_id/SWITCH_N_EXT_BSCAN.bscan_switch/shiftreg_reg[31]/D
                            (rising edge-triggered cell FDRE clocked by dbg_hub/inst/BSCANID.u_xsdbm_id/SWITCH_N_EXT_BSCAN.bscan_inst/SERIES7_BSCAN.bscan_inst/INTERNAL_TCK  {rise@0.000ns fall@25.000ns period=50.000ns})
  Path Group:             (none)
  Path Type:              Hold (Min at Fast Process Corner)
  Data Path Delay:        0.980ns  (logic 0.532ns (54.295%)  route 0.448ns (45.705%))
  Logic Levels:           2  (BSCANE2=1 LUT5=1)
  Clock Uncertainty:      0.025ns  ((TSJ^2 + TIJ^2)^1/2 + DJ) / 2 + PE
    Total System Jitter     (TSJ):    0.050ns
    Total Input Jitter      (TIJ):    0.000ns
    Discrete Jitter          (DJ):    0.000ns
    Phase Error              (PE):    0.000ns
  Clock Net Delay (Destination): 1.357ns (routing 0.709ns, distribution 0.648ns)

    Location             Delay type                Incr(ns)  Path(ns)    Netlist Resource(s)
  -------------------------------------------------------------------    -------------------
    CONFIG_SITE_X0Y0     BSCANE2                      0.000     0.000 r  dbg_hub/inst/BSCANID.u_xsdbm_id/SWITCH_N_EXT_BSCAN.bscan_inst/SERIES7_BSCAN.bscan_inst/INTERNAL_TDI
    CONFIG_SITE_X0Y0     BSCANE2 (Prop_BSCAN1_CONFIG_SITE_INTERNAL_TDI_TDI)
                                                      0.465     0.465 r  dbg_hub/inst/BSCANID.u_xsdbm_id/SWITCH_N_EXT_BSCAN.bscan_inst/SERIES7_BSCAN.bscan_inst/TDI
                         net (fo=4, routed)           0.430     0.895    dbg_hub/inst/BSCANID.u_xsdbm_id/SWITCH_N_EXT_BSCAN.bscan_switch/s_bscan_tdi
    SLICE_X50Y152        LUT5 (Prop_G6LUT_SLICEL_I2_O)
                                                      0.067     0.962 r  dbg_hub/inst/BSCANID.u_xsdbm_id/SWITCH_N_EXT_BSCAN.bscan_switch/shiftreg[31]_i_2/O
                         net (fo=1, routed)           0.018     0.980    dbg_hub/inst/BSCANID.u_xsdbm_id/SWITCH_N_EXT_BSCAN.bscan_switch/shiftreg[31]_i_2_n_0
    SLICE_X50Y152        FDRE                                         r  dbg_hub/inst/BSCANID.u_xsdbm_id/SWITCH_N_EXT_BSCAN.bscan_switch/shiftreg_reg[31]/D
  -------------------------------------------------------------------    -------------------

                         (clock dbg_hub/inst/BSCANID.u_xsdbm_id/SWITCH_N_EXT_BSCAN.bscan_inst/SERIES7_BSCAN.bscan_inst/INTERNAL_TCK rise edge)
                                                      0.000     0.000 r  
    CONFIG_SITE_X0Y0     BSCANE2                      0.000     0.000 r  dbg_hub/inst/BSCANID.u_xsdbm_id/SWITCH_N_EXT_BSCAN.bscan_inst/SERIES7_BSCAN.bscan_inst/INTERNAL_TCK
    CONFIG_SITE_X0Y0     BSCANE2 (Prop_BSCAN1_CONFIG_SITE_INTERNAL_TCK_TCK)
                                                      4.800     4.800 r  dbg_hub/inst/BSCANID.u_xsdbm_id/SWITCH_N_EXT_BSCAN.bscan_inst/SERIES7_BSCAN.bscan_inst/TCK
                         net (fo=1, routed)           1.225     6.025    dbg_hub/inst/BSCANID.u_xsdbm_id/tck_bs
    BUFGCE_X0Y76         BUFGCE (Prop_BUFCE_BUFGCE_I_O)
                                                      0.026     6.051 r  dbg_hub/inst/BSCANID.u_xsdbm_id/SWITCH_N_EXT_BSCAN.u_bufg_icon_tck/O
    X2Y2 (CLOCK_ROOT)    net (fo=478, routed)         1.357     7.408    dbg_hub/inst/BSCANID.u_xsdbm_id/SWITCH_N_EXT_BSCAN.bscan_switch/s_bscan_tck
    SLICE_X50Y152        FDRE                                         r  dbg_hub/inst/BSCANID.u_xsdbm_id/SWITCH_N_EXT_BSCAN.bscan_switch/shiftreg_reg[31]/C





