Copyright 1986-2022 Xilinx, Inc. All Rights Reserved. Copyright 2022-2024 Advanced Micro Devices, Inc. All Rights Reserved.
--------------------------------------------------------------------------------------------------------------------------------------------------------------------------------------------------------------------------------------------------------------------------
| Tool Version      : Vivado v.2024.1 (win64) Build 5076996 Wed May 22 18:37:14 MDT 2024
| Date              : Wed Feb 19 09:15:51 2025
| Host              : Goose running 64-bit major release  (build 9200)
| Command           : report_timing_summary -max_paths 10 -report_unconstrained -file kria_starter_kit_wrapper_timing_summary_routed.rpt -pb kria_starter_kit_wrapper_timing_summary_routed.pb -rpx kria_starter_kit_wrapper_timing_summary_routed.rpx -warn_on_violation
| Design            : kria_starter_kit_wrapper
| Device            : xck26-sfvc784
| Speed File        : -2LV  PRODUCTION 1.30 05-15-2022
| Design State      : Routed
| Temperature Grade : C
--------------------------------------------------------------------------------------------------------------------------------------------------------------------------------------------------------------------------------------------------------------------------

Timing Summary Report

------------------------------------------------------------------------------------------------
| Timer Settings
| --------------
------------------------------------------------------------------------------------------------

  Enable Multi Corner Analysis               :  Yes
  Enable Pessimism Removal                   :  Yes
  Pessimism Removal Resolution               :  Nearest Common Node
  Enable Input Delay Default Clock           :  No
  Enable Preset / Clear Arcs                 :  No
  Disable Flight Delays                      :  No
  Ignore I/O Paths                           :  No
  Timing Early Launch at Borrowing Latches   :  No
  Borrow Time for Max Delay Exceptions       :  Yes
  Merge Timing Exceptions                    :  Yes
  Inter-SLR Compensation                     :  Conservative

  Corner  Analyze    Analyze    
  Name    Max Paths  Min Paths  
  ------  ---------  ---------  
  Slow    Yes        Yes        
  Fast    Yes        Yes        


------------------------------------------------------------------------------------------------
| Report Methodology
| ------------------
------------------------------------------------------------------------------------------------

Rule     Severity  Description                   Violations  
-------  --------  ----------------------------  ----------  
LUTAR-1  Warning   LUT drives async reset alert  3           

Note: This report is based on the most recent report_methodology run and may not be up-to-date. Run report_methodology on the current design for the latest report.



check_timing report

Table of Contents
-----------------
1. checking no_clock (0)
2. checking constant_clock (0)
3. checking pulse_width_clock (0)
4. checking unconstrained_internal_endpoints (0)
5. checking no_input_delay (0)
6. checking no_output_delay (0)
7. checking multiple_clock (0)
8. checking generated_clocks (0)
9. checking loops (0)
10. checking partial_input_delay (0)
11. checking partial_output_delay (0)
12. checking latch_loops (0)

1. checking no_clock (0)
------------------------
 There are 0 register/latch pins with no clock.


2. checking constant_clock (0)
------------------------------
 There are 0 register/latch pins with constant_clock.


3. checking pulse_width_clock (0)
---------------------------------
 There are 0 register/latch pins which need pulse_width check


4. checking unconstrained_internal_endpoints (0)
------------------------------------------------
 There are 0 pins that are not constrained for maximum delay.

 There are 0 pins that are not constrained for maximum delay due to constant clock.


5. checking no_input_delay (0)
------------------------------
 There are 0 input ports with no input delay specified.

 There are 0 input ports with no input delay but user has a false path constraint.


6. checking no_output_delay (0)
-------------------------------
 There are 0 ports with no output delay specified.

 There are 0 ports with no output delay but user has a false path constraint

 There are 0 ports with no output delay but with a timing clock defined on it or propagating through it


7. checking multiple_clock (0)
------------------------------
 There are 0 register/latch pins with multiple clocks.


8. checking generated_clocks (0)
--------------------------------
 There are 0 generated clocks that are not connected to a clock source.


9. checking loops (0)
---------------------
 There are 0 combinational loops in the design.


10. checking partial_input_delay (0)
------------------------------------
 There are 0 input ports with partial input delay specified.


11. checking partial_output_delay (0)
-------------------------------------
 There are 0 ports with partial output delay specified.


12. checking latch_loops (0)
----------------------------
 There are 0 combinational latch loops in the design through latch input



------------------------------------------------------------------------------------------------
| Design Timing Summary
| ---------------------
------------------------------------------------------------------------------------------------

    WNS(ns)      TNS(ns)  TNS Failing Endpoints  TNS Total Endpoints      WHS(ns)      THS(ns)  THS Failing Endpoints  THS Total Endpoints     WPWS(ns)     TPWS(ns)  TPWS Failing Endpoints  TPWS Total Endpoints  
    -------      -------  ---------------------  -------------------      -------      -------  ---------------------  -------------------     --------     --------  ----------------------  --------------------  
      5.801        0.000                      0                 4878        0.011        0.000                      0                 4878        3.500        0.000                       0                  1837  


All user specified timing constraints are met.


------------------------------------------------------------------------------------------------
| Clock Summary
| -------------
------------------------------------------------------------------------------------------------

Clock     Waveform(ns)       Period(ns)      Frequency(MHz)
-----     ------------       ----------      --------------
clk_pl_0  {0.000 5.000}      10.000          100.000         
clk_pl_1  {0.000 5.000}      10.000          100.000         


------------------------------------------------------------------------------------------------
| Intra Clock Table
| -----------------
------------------------------------------------------------------------------------------------

Clock             WNS(ns)      TNS(ns)  TNS Failing Endpoints  TNS Total Endpoints      WHS(ns)      THS(ns)  THS Failing Endpoints  THS Total Endpoints     WPWS(ns)     TPWS(ns)  TPWS Failing Endpoints  TPWS Total Endpoints  
-----             -------      -------  ---------------------  -------------------      -------      -------  ---------------------  -------------------     --------     --------  ----------------------  --------------------  
clk_pl_0            5.801        0.000                      0                 4782        0.011        0.000                      0                 4782        3.500        0.000                       0                  1837  


------------------------------------------------------------------------------------------------
| Inter Clock Table
| -----------------
------------------------------------------------------------------------------------------------

From Clock    To Clock          WNS(ns)      TNS(ns)  TNS Failing Endpoints  TNS Total Endpoints      WHS(ns)      THS(ns)  THS Failing Endpoints  THS Total Endpoints  
----------    --------          -------      -------  ---------------------  -------------------      -------      -------  ---------------------  -------------------  


------------------------------------------------------------------------------------------------
| Other Path Groups Table
| -----------------------
------------------------------------------------------------------------------------------------

Path Group         From Clock         To Clock               WNS(ns)      TNS(ns)  TNS Failing Endpoints  TNS Total Endpoints      WHS(ns)      THS(ns)  THS Failing Endpoints  THS Total Endpoints  
----------         ----------         --------               -------      -------  ---------------------  -------------------      -------      -------  ---------------------  -------------------  
**async_default**  clk_pl_0           clk_pl_0                 8.126        0.000                      0                   96        0.257        0.000                      0                   96  


------------------------------------------------------------------------------------------------
| User Ignored Path Table
| -----------------------
------------------------------------------------------------------------------------------------

Path Group    From Clock    To Clock    
----------    ----------    --------    
(none)                      clk_pl_0      
(none)        clk_pl_0      clk_pl_0      


------------------------------------------------------------------------------------------------
| Unconstrained Path Table
| ------------------------
------------------------------------------------------------------------------------------------

Path Group    From Clock    To Clock    
----------    ----------    --------    


------------------------------------------------------------------------------------------------
| Timing Details
| --------------
------------------------------------------------------------------------------------------------


---------------------------------------------------------------------------------------------------
From Clock:  clk_pl_0
  To Clock:  clk_pl_0

Setup :            0  Failing Endpoints,  Worst Slack        5.801ns,  Total Violation        0.000ns
Hold  :            0  Failing Endpoints,  Worst Slack        0.011ns,  Total Violation        0.000ns
PW    :            0  Failing Endpoints,  Worst Slack        3.500ns,  Total Violation        0.000ns
---------------------------------------------------------------------------------------------------


Max Delay Paths
--------------------------------------------------------------------------------------
Slack (MET) :             5.801ns  (required time - arrival time)
  Source:                 kria_starter_kit_i/zynq_ultra_ps_e_0/U0/PS8_i/MAXIGP0ACLK
                            (rising edge-triggered cell PS8 clocked by clk_pl_0  {rise@0.000ns fall@5.000ns period=10.000ns})
  Destination:            kria_starter_kit_i/zynq_ultra_ps_e_0/U0/PS8_i/MAXIGP0WREADY
                            (rising edge-triggered cell PS8 clocked by clk_pl_0  {rise@0.000ns fall@5.000ns period=10.000ns})
  Path Group:             clk_pl_0
  Path Type:              Setup (Max at Slow Process Corner)
  Requirement:            10.000ns  (clk_pl_0 rise@10.000ns - clk_pl_0 rise@0.000ns)
  Data Path Delay:        3.211ns  (logic 1.239ns (38.586%)  route 1.972ns (61.414%))
  Logic Levels:           6  (LUT2=2 LUT5=2 LUT6=2)
  Clock Path Skew:        0.000ns (DCD - SCD + CPR)
    Destination Clock Delay (DCD):    2.060ns = ( 12.060 - 10.000 ) 
    Source Clock Delay      (SCD):    2.305ns
    Clock Pessimism Removal (CPR):    0.245ns
  Clock Uncertainty:      0.160ns  ((TSJ^2 + DJ^2)^1/2) / 2 + PE
    Total System Jitter     (TSJ):    0.071ns
    Discrete Jitter          (DJ):    0.312ns
    Phase Error              (PE):    0.000ns
  Clock Net Delay (Source):      2.038ns (routing 1.045ns, distribution 0.993ns)
  Clock Net Delay (Destination): 1.844ns (routing 0.955ns, distribution 0.889ns)

    Location             Delay type                Incr(ns)  Path(ns)    Netlist Resource(s)
  -------------------------------------------------------------------    -------------------
                         (clock clk_pl_0 rise edge)
                                                      0.000     0.000 r  
    PS8_X0Y0             PS8                          0.000     0.000 r  kria_starter_kit_i/zynq_ultra_ps_e_0/U0/PS8_i/PLCLK[0]
                         net (fo=1, routed)           0.229     0.229    kria_starter_kit_i/zynq_ultra_ps_e_0/U0/pl_clk_unbuffered[0]
    BUFG_PS_X0Y80        BUFG_PS (Prop_BUFG_PS_I_O)
                                                      0.038     0.267 r  kria_starter_kit_i/zynq_ultra_ps_e_0/U0/buffer_pl_clk_0.PL_CLK_0_BUFG/O
    X0Y1 (CLOCK_ROOT)    net (fo=1837, routed)        2.038     2.305    kria_starter_kit_i/zynq_ultra_ps_e_0/U0/maxihpm0_fpd_aclk
    PS8_X0Y0             PS8                                          r  kria_starter_kit_i/zynq_ultra_ps_e_0/U0/PS8_i/MAXIGP0ACLK
  -------------------------------------------------------------------    -------------------
    PS8_X0Y0             PS8 (Prop_PS8_MAXIGP0ACLK_MAXIGP0WVALID)
                                                      0.457     2.762 r  kria_starter_kit_i/zynq_ultra_ps_e_0/U0/PS8_i/MAXIGP0WVALID
                         net (fo=3, routed)           0.488     3.250    kria_starter_kit_i/ps8_0_axi_periph/s00_couplers/auto_ds/inst/gen_downsizer.gen_simple_downsizer.axi_downsizer_inst/USE_WRITE.write_addr_inst/cmd_queue/inst/s_axi_wvalid
    SLICE_X7Y94          LUT2 (Prop_H6LUT_SLICEM_I0_O)
                                                      0.060     3.310 r  kria_starter_kit_i/ps8_0_axi_periph/s00_couplers/auto_ds/inst/gen_downsizer.gen_simple_downsizer.axi_downsizer_inst/USE_WRITE.write_addr_inst/cmd_queue/inst/m_axi_wvalid_INST_0/O
                         net (fo=6, routed)           0.266     3.576    kria_starter_kit_i/ps8_0_axi_periph/xbar/inst/gen_sasd.crossbar_sasd_0/addr_arbiter_inst/s_axi_wvalid[0]
    SLICE_X7Y101         LUT5 (Prop_F6LUT_SLICEM_I1_O)
                                                      0.056     3.632 r  kria_starter_kit_i/ps8_0_axi_periph/xbar/inst/gen_sasd.crossbar_sasd_0/addr_arbiter_inst/m_axi_wvalid[2]_INST_0/O
                         net (fo=6, routed)           0.209     3.840    kria_starter_kit_i/axi_cfg_register_2/s_axi_wvalid
    SLICE_X5Y102         LUT2 (Prop_B6LUT_SLICEM_I1_O)
                                                      0.225     4.065 r  kria_starter_kit_i/axi_cfg_register_2/s_axi_wready_INST_0/O
                         net (fo=2, routed)           0.132     4.197    kria_starter_kit_i/ps8_0_axi_periph/xbar/inst/gen_sasd.crossbar_sasd_0/gen_decerr.decerr_slave_inst/m_axi_wready[2]
    SLICE_X7Y102         LUT6 (Prop_G6LUT_SLICEM_I0_O)
                                                      0.152     4.349 f  kria_starter_kit_i/ps8_0_axi_periph/xbar/inst/gen_sasd.crossbar_sasd_0/gen_decerr.decerr_slave_inst/s_axi_wready[0]_INST_0_i_1/O
                         net (fo=2, routed)           0.108     4.457    kria_starter_kit_i/ps8_0_axi_periph/xbar/inst/gen_sasd.crossbar_sasd_0/addr_arbiter_inst/s_axi_wready_0_sn_1
    SLICE_X7Y101         LUT5 (Prop_E6LUT_SLICEM_I1_O)
                                                      0.152     4.609 r  kria_starter_kit_i/ps8_0_axi_periph/xbar/inst/gen_sasd.crossbar_sasd_0/addr_arbiter_inst/s_axi_wready[0]_INST_0/O
                         net (fo=3, routed)           0.301     4.910    kria_starter_kit_i/ps8_0_axi_periph/s00_couplers/auto_ds/inst/gen_downsizer.gen_simple_downsizer.axi_downsizer_inst/USE_WRITE.write_addr_inst/cmd_queue/inst/m_axi_wready
    SLICE_X7Y93          LUT6 (Prop_G6LUT_SLICEM_I1_O)
                                                      0.137     5.047 r  kria_starter_kit_i/ps8_0_axi_periph/s00_couplers/auto_ds/inst/gen_downsizer.gen_simple_downsizer.axi_downsizer_inst/USE_WRITE.write_addr_inst/cmd_queue/inst/s_axi_wready_INST_0/O
                         net (fo=1, routed)           0.469     5.516    kria_starter_kit_i/zynq_ultra_ps_e_0/U0/maxigp0_wready
    PS8_X0Y0             PS8                                          r  kria_starter_kit_i/zynq_ultra_ps_e_0/U0/PS8_i/MAXIGP0WREADY
  -------------------------------------------------------------------    -------------------

                         (clock clk_pl_0 rise edge)
                                                     10.000    10.000 r  
    PS8_X0Y0             PS8                          0.000    10.000 r  kria_starter_kit_i/zynq_ultra_ps_e_0/U0/PS8_i/PLCLK[0]
                         net (fo=1, routed)           0.181    10.181    kria_starter_kit_i/zynq_ultra_ps_e_0/U0/pl_clk_unbuffered[0]
    BUFG_PS_X0Y80        BUFG_PS (Prop_BUFG_PS_I_O)
                                                      0.035    10.216 r  kria_starter_kit_i/zynq_ultra_ps_e_0/U0/buffer_pl_clk_0.PL_CLK_0_BUFG/O
    X0Y1 (CLOCK_ROOT)    net (fo=1837, routed)        1.844    12.060    kria_starter_kit_i/zynq_ultra_ps_e_0/U0/maxihpm0_fpd_aclk
    PS8_X0Y0             PS8                                          r  kria_starter_kit_i/zynq_ultra_ps_e_0/U0/PS8_i/MAXIGP0ACLK
                         clock pessimism              0.245    12.305    
                         clock uncertainty           -0.160    12.145    
    PS8_X0Y0             PS8 (Setup_PS8_MAXIGP0ACLK_MAXIGP0WREADY)
                                                     -0.828    11.317    kria_starter_kit_i/zynq_ultra_ps_e_0/U0/PS8_i
  -------------------------------------------------------------------
                         required time                         11.317    
                         arrival time                          -5.516    
  -------------------------------------------------------------------
                         slack                                  5.801    

Slack (MET) :             6.015ns  (required time - arrival time)
  Source:                 kria_starter_kit_i/ps8_0_axi_periph/s00_couplers/auto_ds/inst/gen_downsizer.gen_simple_downsizer.axi_downsizer_inst/USE_READ.read_addr_inst/cmd_queue/inst/fifo_gen_inst/inst_fifo_gen/gconvfifo.rf/grf.rf/gntv_or_sync_fifo.mem/goreg_dm.dout_i_reg[28]/C
                            (rising edge-triggered cell FDRE clocked by clk_pl_0  {rise@0.000ns fall@5.000ns period=10.000ns})
  Destination:            kria_starter_kit_i/zynq_ultra_ps_e_0/U0/PS8_i/MAXIGP0RDATA[38]
                            (rising edge-triggered cell PS8 clocked by clk_pl_0  {rise@0.000ns fall@5.000ns period=10.000ns})
  Path Group:             clk_pl_0
  Path Type:              Setup (Max at Slow Process Corner)
  Requirement:            10.000ns  (clk_pl_0 rise@10.000ns - clk_pl_0 rise@0.000ns)
  Data Path Delay:        2.834ns  (logic 0.540ns (19.057%)  route 2.294ns (80.943%))
  Logic Levels:           3  (LUT4=1 LUT5=1 LUT6=1)
  Clock Path Skew:        -0.134ns (DCD - SCD + CPR)
    Destination Clock Delay (DCD):    2.060ns = ( 12.060 - 10.000 ) 
    Source Clock Delay      (SCD):    2.367ns
    Clock Pessimism Removal (CPR):    0.173ns
  Clock Uncertainty:      0.160ns  ((TSJ^2 + DJ^2)^1/2) / 2 + PE
    Total System Jitter     (TSJ):    0.071ns
    Discrete Jitter          (DJ):    0.312ns
    Phase Error              (PE):    0.000ns
  Clock Net Delay (Source):      2.100ns (routing 1.045ns, distribution 1.055ns)
  Clock Net Delay (Destination): 1.844ns (routing 0.955ns, distribution 0.889ns)

    Location             Delay type                Incr(ns)  Path(ns)    Netlist Resource(s)
  -------------------------------------------------------------------    -------------------
                         (clock clk_pl_0 rise edge)
                                                      0.000     0.000 r  
    PS8_X0Y0             PS8                          0.000     0.000 r  kria_starter_kit_i/zynq_ultra_ps_e_0/U0/PS8_i/PLCLK[0]
                         net (fo=1, routed)           0.229     0.229    kria_starter_kit_i/zynq_ultra_ps_e_0/U0/pl_clk_unbuffered[0]
    BUFG_PS_X0Y80        BUFG_PS (Prop_BUFG_PS_I_O)
                                                      0.038     0.267 r  kria_starter_kit_i/zynq_ultra_ps_e_0/U0/buffer_pl_clk_0.PL_CLK_0_BUFG/O
    X0Y1 (CLOCK_ROOT)    net (fo=1837, routed)        2.100     2.367    kria_starter_kit_i/ps8_0_axi_periph/s00_couplers/auto_ds/inst/gen_downsizer.gen_simple_downsizer.axi_downsizer_inst/USE_READ.read_addr_inst/cmd_queue/inst/fifo_gen_inst/inst_fifo_gen/gconvfifo.rf/grf.rf/gntv_or_sync_fifo.mem/clk
    SLICE_X1Y107         FDRE                                         r  kria_starter_kit_i/ps8_0_axi_periph/s00_couplers/auto_ds/inst/gen_downsizer.gen_simple_downsizer.axi_downsizer_inst/USE_READ.read_addr_inst/cmd_queue/inst/fifo_gen_inst/inst_fifo_gen/gconvfifo.rf/grf.rf/gntv_or_sync_fifo.mem/goreg_dm.dout_i_reg[28]/C
  -------------------------------------------------------------------    -------------------
    SLICE_X1Y107         FDRE (Prop_BFF2_SLICEM_C_Q)
                                                      0.115     2.482 r  kria_starter_kit_i/ps8_0_axi_periph/s00_couplers/auto_ds/inst/gen_downsizer.gen_simple_downsizer.axi_downsizer_inst/USE_READ.read_addr_inst/cmd_queue/inst/fifo_gen_inst/inst_fifo_gen/gconvfifo.rf/grf.rf/gntv_or_sync_fifo.mem/goreg_dm.dout_i_reg[28]/Q
                         net (fo=8, routed)           0.300     2.782    kria_starter_kit_i/ps8_0_axi_periph/s00_couplers/auto_ds/inst/gen_downsizer.gen_simple_downsizer.axi_downsizer_inst/USE_READ.read_data_inst/dout[19]
    SLICE_X1Y109         LUT4 (Prop_E6LUT_SLICEM_I2_O)
                                                      0.138     2.920 r  kria_starter_kit_i/ps8_0_axi_periph/s00_couplers/auto_ds/inst/gen_downsizer.gen_simple_downsizer.axi_downsizer_inst/USE_READ.read_data_inst/s_axi_rdata[127]_INST_0_i_4/O
                         net (fo=6, routed)           0.315     3.235    kria_starter_kit_i/ps8_0_axi_periph/s00_couplers/auto_ds/inst/gen_downsizer.gen_simple_downsizer.axi_downsizer_inst/USE_READ.read_data_inst/current_word_1_reg[0]_0
    SLICE_X1Y109         LUT6 (Prop_G6LUT_SLICEM_I2_O)
                                                      0.137     3.372 r  kria_starter_kit_i/ps8_0_axi_periph/s00_couplers/auto_ds/inst/gen_downsizer.gen_simple_downsizer.axi_downsizer_inst/USE_READ.read_data_inst/s_axi_rdata[127]_INST_0_i_1/O
                         net (fo=132, routed)         1.096     4.468    kria_starter_kit_i/ps8_0_axi_periph/s00_couplers/auto_ds/inst/gen_downsizer.gen_simple_downsizer.axi_downsizer_inst/USE_READ.read_addr_inst/cmd_queue/inst/WORD_LANE[3].S_AXI_RDATA_II_reg[127]
    SLICE_X3Y95          LUT5 (Prop_F6LUT_SLICEL_I2_O)
                                                      0.150     4.618 r  kria_starter_kit_i/ps8_0_axi_periph/s00_couplers/auto_ds/inst/gen_downsizer.gen_simple_downsizer.axi_downsizer_inst/USE_READ.read_addr_inst/cmd_queue/inst/s_axi_rdata[38]_INST_0/O
                         net (fo=1, routed)           0.582     5.200    kria_starter_kit_i/zynq_ultra_ps_e_0/U0/maxigp0_rdata[38]
    PS8_X0Y0             PS8                                          r  kria_starter_kit_i/zynq_ultra_ps_e_0/U0/PS8_i/MAXIGP0RDATA[38]
  -------------------------------------------------------------------    -------------------

                         (clock clk_pl_0 rise edge)
                                                     10.000    10.000 r  
    PS8_X0Y0             PS8                          0.000    10.000 r  kria_starter_kit_i/zynq_ultra_ps_e_0/U0/PS8_i/PLCLK[0]
                         net (fo=1, routed)           0.181    10.181    kria_starter_kit_i/zynq_ultra_ps_e_0/U0/pl_clk_unbuffered[0]
    BUFG_PS_X0Y80        BUFG_PS (Prop_BUFG_PS_I_O)
                                                      0.035    10.216 r  kria_starter_kit_i/zynq_ultra_ps_e_0/U0/buffer_pl_clk_0.PL_CLK_0_BUFG/O
    X0Y1 (CLOCK_ROOT)    net (fo=1837, routed)        1.844    12.060    kria_starter_kit_i/zynq_ultra_ps_e_0/U0/maxihpm0_fpd_aclk
    PS8_X0Y0             PS8                                          r  kria_starter_kit_i/zynq_ultra_ps_e_0/U0/PS8_i/MAXIGP0ACLK
                         clock pessimism              0.173    12.233    
                         clock uncertainty           -0.160    12.073    
    PS8_X0Y0             PS8 (Setup_PS8_MAXIGP0ACLK_MAXIGP0RDATA[38])
                                                     -0.858    11.215    kria_starter_kit_i/zynq_ultra_ps_e_0/U0/PS8_i
  -------------------------------------------------------------------
                         required time                         11.215    
                         arrival time                          -5.200    
  -------------------------------------------------------------------
                         slack                                  6.015    

Slack (MET) :             6.031ns  (required time - arrival time)
  Source:                 kria_starter_kit_i/zynq_ultra_ps_e_0/U0/PS8_i/MAXIGP0ACLK
                            (rising edge-triggered cell PS8 clocked by clk_pl_0  {rise@0.000ns fall@5.000ns period=10.000ns})
  Destination:            kria_starter_kit_i/ps8_0_axi_periph/s00_couplers/auto_ds/inst/gen_downsizer.gen_simple_downsizer.axi_downsizer_inst/USE_WRITE.write_addr_inst/cmd_queue/inst/fifo_gen_inst/inst_fifo_gen/gconvfifo.rf/grf.rf/gntv_or_sync_fifo.gl0.wr/gwss.wsts/ram_full_i_reg/D
                            (rising edge-triggered cell FDCE clocked by clk_pl_0  {rise@0.000ns fall@5.000ns period=10.000ns})
  Path Group:             clk_pl_0
  Path Type:              Setup (Max at Slow Process Corner)
  Requirement:            10.000ns  (clk_pl_0 rise@10.000ns - clk_pl_0 rise@0.000ns)
  Data Path Delay:        3.820ns  (logic 1.467ns (38.407%)  route 2.353ns (61.593%))
  Logic Levels:           8  (LUT2=2 LUT4=2 LUT5=3 LUT6=1)
  Clock Path Skew:        -0.035ns (DCD - SCD + CPR)
    Destination Clock Delay (DCD):    2.097ns = ( 12.097 - 10.000 ) 
    Source Clock Delay      (SCD):    2.305ns
    Clock Pessimism Removal (CPR):    0.173ns
  Clock Uncertainty:      0.160ns  ((TSJ^2 + DJ^2)^1/2) / 2 + PE
    Total System Jitter     (TSJ):    0.071ns
    Discrete Jitter          (DJ):    0.312ns
    Phase Error              (PE):    0.000ns
  Clock Net Delay (Source):      2.038ns (routing 1.045ns, distribution 0.993ns)
  Clock Net Delay (Destination): 1.881ns (routing 0.955ns, distribution 0.926ns)

    Location             Delay type                Incr(ns)  Path(ns)    Netlist Resource(s)
  -------------------------------------------------------------------    -------------------
                         (clock clk_pl_0 rise edge)
                                                      0.000     0.000 r  
    PS8_X0Y0             PS8                          0.000     0.000 r  kria_starter_kit_i/zynq_ultra_ps_e_0/U0/PS8_i/PLCLK[0]
                         net (fo=1, routed)           0.229     0.229    kria_starter_kit_i/zynq_ultra_ps_e_0/U0/pl_clk_unbuffered[0]
    BUFG_PS_X0Y80        BUFG_PS (Prop_BUFG_PS_I_O)
                                                      0.038     0.267 r  kria_starter_kit_i/zynq_ultra_ps_e_0/U0/buffer_pl_clk_0.PL_CLK_0_BUFG/O
    X0Y1 (CLOCK_ROOT)    net (fo=1837, routed)        2.038     2.305    kria_starter_kit_i/zynq_ultra_ps_e_0/U0/maxihpm0_fpd_aclk
    PS8_X0Y0             PS8                                          r  kria_starter_kit_i/zynq_ultra_ps_e_0/U0/PS8_i/MAXIGP0ACLK
  -------------------------------------------------------------------    -------------------
    PS8_X0Y0             PS8 (Prop_PS8_MAXIGP0ACLK_MAXIGP0WVALID)
                                                      0.457     2.762 f  kria_starter_kit_i/zynq_ultra_ps_e_0/U0/PS8_i/MAXIGP0WVALID
                         net (fo=3, routed)           0.488     3.250    kria_starter_kit_i/ps8_0_axi_periph/s00_couplers/auto_ds/inst/gen_downsizer.gen_simple_downsizer.axi_downsizer_inst/USE_WRITE.write_addr_inst/cmd_queue/inst/s_axi_wvalid
    SLICE_X7Y94          LUT2 (Prop_H6LUT_SLICEM_I0_O)
                                                      0.060     3.310 f  kria_starter_kit_i/ps8_0_axi_periph/s00_couplers/auto_ds/inst/gen_downsizer.gen_simple_downsizer.axi_downsizer_inst/USE_WRITE.write_addr_inst/cmd_queue/inst/m_axi_wvalid_INST_0/O
                         net (fo=6, routed)           0.266     3.576    kria_starter_kit_i/ps8_0_axi_periph/xbar/inst/gen_sasd.crossbar_sasd_0/addr_arbiter_inst/s_axi_wvalid[0]
    SLICE_X7Y101         LUT5 (Prop_F6LUT_SLICEM_I1_O)
                                                      0.056     3.632 f  kria_starter_kit_i/ps8_0_axi_periph/xbar/inst/gen_sasd.crossbar_sasd_0/addr_arbiter_inst/m_axi_wvalid[2]_INST_0/O
                         net (fo=6, routed)           0.209     3.840    kria_starter_kit_i/axi_cfg_register_2/s_axi_wvalid
    SLICE_X5Y102         LUT2 (Prop_B6LUT_SLICEM_I1_O)
                                                      0.225     4.065 f  kria_starter_kit_i/axi_cfg_register_2/s_axi_wready_INST_0/O
                         net (fo=2, routed)           0.132     4.197    kria_starter_kit_i/ps8_0_axi_periph/xbar/inst/gen_sasd.crossbar_sasd_0/gen_decerr.decerr_slave_inst/m_axi_wready[2]
    SLICE_X7Y102         LUT6 (Prop_G6LUT_SLICEM_I0_O)
                                                      0.152     4.349 r  kria_starter_kit_i/ps8_0_axi_periph/xbar/inst/gen_sasd.crossbar_sasd_0/gen_decerr.decerr_slave_inst/s_axi_wready[0]_INST_0_i_1/O
                         net (fo=2, routed)           0.108     4.457    kria_starter_kit_i/ps8_0_axi_periph/xbar/inst/gen_sasd.crossbar_sasd_0/addr_arbiter_inst/s_axi_wready_0_sn_1
    SLICE_X7Y101         LUT5 (Prop_E6LUT_SLICEM_I1_O)
                                                      0.152     4.609 f  kria_starter_kit_i/ps8_0_axi_periph/xbar/inst/gen_sasd.crossbar_sasd_0/addr_arbiter_inst/s_axi_wready[0]_INST_0/O
                         net (fo=3, routed)           0.246     4.855    kria_starter_kit_i/ps8_0_axi_periph/s00_couplers/auto_ds/inst/gen_downsizer.gen_simple_downsizer.axi_downsizer_inst/USE_WRITE.write_addr_inst/cmd_queue/inst/m_axi_wready
    SLICE_X7Y94          LUT4 (Prop_D6LUT_SLICEM_I0_O)
                                                      0.080     4.935 f  kria_starter_kit_i/ps8_0_axi_periph/s00_couplers/auto_ds/inst/gen_downsizer.gen_simple_downsizer.axi_downsizer_inst/USE_WRITE.write_addr_inst/cmd_queue/inst/fifo_gen_inst_i_10/O
                         net (fo=9, routed)           0.239     5.174    kria_starter_kit_i/ps8_0_axi_periph/s00_couplers/auto_ds/inst/gen_downsizer.gen_simple_downsizer.axi_downsizer_inst/USE_WRITE.write_addr_inst/cmd_queue/inst/fifo_gen_inst/inst_fifo_gen/gconvfifo.rf/grf.rf/gntv_or_sync_fifo.gl0.rd/gr1.gr1_int.rfwft/rd_en
    SLICE_X8Y90          LUT4 (Prop_D5LUT_SLICEM_I1_O)
                                                      0.091     5.265 f  kria_starter_kit_i/ps8_0_axi_periph/s00_couplers/auto_ds/inst/gen_downsizer.gen_simple_downsizer.axi_downsizer_inst/USE_WRITE.write_addr_inst/cmd_queue/inst/fifo_gen_inst/inst_fifo_gen/gconvfifo.rf/grf.rf/gntv_or_sync_fifo.gl0.rd/gr1.gr1_int.rfwft/gc0.count_d1[4]_i_1/O
                         net (fo=12, routed)          0.388     5.654    kria_starter_kit_i/ps8_0_axi_periph/s00_couplers/auto_ds/inst/gen_downsizer.gen_simple_downsizer.axi_downsizer_inst/USE_WRITE.write_addr_inst/cmd_queue/inst/fifo_gen_inst/inst_fifo_gen/gconvfifo.rf/grf.rf/gntv_or_sync_fifo.gl0.wr/wpntr/ram_empty_i_reg[0]
    SLICE_X7Y89          LUT5 (Prop_A5LUT_SLICEM_I3_O)
                                                      0.194     5.848 r  kria_starter_kit_i/ps8_0_axi_periph/s00_couplers/auto_ds/inst/gen_downsizer.gen_simple_downsizer.axi_downsizer_inst/USE_WRITE.write_addr_inst/cmd_queue/inst/fifo_gen_inst/inst_fifo_gen/gconvfifo.rf/grf.rf/gntv_or_sync_fifo.gl0.wr/wpntr/ram_full_fb_i_i_1/O
                         net (fo=2, routed)           0.277     6.125    kria_starter_kit_i/ps8_0_axi_periph/s00_couplers/auto_ds/inst/gen_downsizer.gen_simple_downsizer.axi_downsizer_inst/USE_WRITE.write_addr_inst/cmd_queue/inst/fifo_gen_inst/inst_fifo_gen/gconvfifo.rf/grf.rf/gntv_or_sync_fifo.gl0.wr/gwss.wsts/ram_full_comb
    SLICE_X6Y89          FDCE                                         r  kria_starter_kit_i/ps8_0_axi_periph/s00_couplers/auto_ds/inst/gen_downsizer.gen_simple_downsizer.axi_downsizer_inst/USE_WRITE.write_addr_inst/cmd_queue/inst/fifo_gen_inst/inst_fifo_gen/gconvfifo.rf/grf.rf/gntv_or_sync_fifo.gl0.wr/gwss.wsts/ram_full_i_reg/D
  -------------------------------------------------------------------    -------------------

                         (clock clk_pl_0 rise edge)
                                                     10.000    10.000 r  
    PS8_X0Y0             PS8                          0.000    10.000 r  kria_starter_kit_i/zynq_ultra_ps_e_0/U0/PS8_i/PLCLK[0]
                         net (fo=1, routed)           0.181    10.181    kria_starter_kit_i/zynq_ultra_ps_e_0/U0/pl_clk_unbuffered[0]
    BUFG_PS_X0Y80        BUFG_PS (Prop_BUFG_PS_I_O)
                                                      0.035    10.216 r  kria_starter_kit_i/zynq_ultra_ps_e_0/U0/buffer_pl_clk_0.PL_CLK_0_BUFG/O
    X0Y1 (CLOCK_ROOT)    net (fo=1837, routed)        1.881    12.097    kria_starter_kit_i/ps8_0_axi_periph/s00_couplers/auto_ds/inst/gen_downsizer.gen_simple_downsizer.axi_downsizer_inst/USE_WRITE.write_addr_inst/cmd_queue/inst/fifo_gen_inst/inst_fifo_gen/gconvfifo.rf/grf.rf/gntv_or_sync_fifo.gl0.wr/gwss.wsts/clk
    SLICE_X6Y89          FDCE                                         r  kria_starter_kit_i/ps8_0_axi_periph/s00_couplers/auto_ds/inst/gen_downsizer.gen_simple_downsizer.axi_downsizer_inst/USE_WRITE.write_addr_inst/cmd_queue/inst/fifo_gen_inst/inst_fifo_gen/gconvfifo.rf/grf.rf/gntv_or_sync_fifo.gl0.wr/gwss.wsts/ram_full_i_reg/C
                         clock pessimism              0.173    12.270    
                         clock uncertainty           -0.160    12.110    
    SLICE_X6Y89          FDCE (Setup_EFF2_SLICEL_C_D)
                                                      0.046    12.156    kria_starter_kit_i/ps8_0_axi_periph/s00_couplers/auto_ds/inst/gen_downsizer.gen_simple_downsizer.axi_downsizer_inst/USE_WRITE.write_addr_inst/cmd_queue/inst/fifo_gen_inst/inst_fifo_gen/gconvfifo.rf/grf.rf/gntv_or_sync_fifo.gl0.wr/gwss.wsts/ram_full_i_reg
  -------------------------------------------------------------------
                         required time                         12.156    
                         arrival time                          -6.125    
  -------------------------------------------------------------------
                         slack                                  6.031    

Slack (MET) :             6.037ns  (required time - arrival time)
  Source:                 kria_starter_kit_i/zynq_ultra_ps_e_0/U0/PS8_i/MAXIGP0ACLK
                            (rising edge-triggered cell PS8 clocked by clk_pl_0  {rise@0.000ns fall@5.000ns period=10.000ns})
  Destination:            kria_starter_kit_i/ps8_0_axi_periph/s00_couplers/auto_ds/inst/gen_downsizer.gen_simple_downsizer.axi_downsizer_inst/USE_WRITE.write_addr_inst/cmd_queue/inst/fifo_gen_inst/inst_fifo_gen/gconvfifo.rf/grf.rf/gntv_or_sync_fifo.gl0.wr/gwss.wsts/ram_full_fb_i_reg/D
                            (rising edge-triggered cell FDCE clocked by clk_pl_0  {rise@0.000ns fall@5.000ns period=10.000ns})
  Path Group:             clk_pl_0
  Path Type:              Setup (Max at Slow Process Corner)
  Requirement:            10.000ns  (clk_pl_0 rise@10.000ns - clk_pl_0 rise@0.000ns)
  Data Path Delay:        3.814ns  (logic 1.467ns (38.467%)  route 2.347ns (61.533%))
  Logic Levels:           8  (LUT2=2 LUT4=2 LUT5=3 LUT6=1)
  Clock Path Skew:        -0.035ns (DCD - SCD + CPR)
    Destination Clock Delay (DCD):    2.097ns = ( 12.097 - 10.000 ) 
    Source Clock Delay      (SCD):    2.305ns
    Clock Pessimism Removal (CPR):    0.173ns
  Clock Uncertainty:      0.160ns  ((TSJ^2 + DJ^2)^1/2) / 2 + PE
    Total System Jitter     (TSJ):    0.071ns
    Discrete Jitter          (DJ):    0.312ns
    Phase Error              (PE):    0.000ns
  Clock Net Delay (Source):      2.038ns (routing 1.045ns, distribution 0.993ns)
  Clock Net Delay (Destination): 1.881ns (routing 0.955ns, distribution 0.926ns)

    Location             Delay type                Incr(ns)  Path(ns)    Netlist Resource(s)
  -------------------------------------------------------------------    -------------------
                         (clock clk_pl_0 rise edge)
                                                      0.000     0.000 r  
    PS8_X0Y0             PS8                          0.000     0.000 r  kria_starter_kit_i/zynq_ultra_ps_e_0/U0/PS8_i/PLCLK[0]
                         net (fo=1, routed)           0.229     0.229    kria_starter_kit_i/zynq_ultra_ps_e_0/U0/pl_clk_unbuffered[0]
    BUFG_PS_X0Y80        BUFG_PS (Prop_BUFG_PS_I_O)
                                                      0.038     0.267 r  kria_starter_kit_i/zynq_ultra_ps_e_0/U0/buffer_pl_clk_0.PL_CLK_0_BUFG/O
    X0Y1 (CLOCK_ROOT)    net (fo=1837, routed)        2.038     2.305    kria_starter_kit_i/zynq_ultra_ps_e_0/U0/maxihpm0_fpd_aclk
    PS8_X0Y0             PS8                                          r  kria_starter_kit_i/zynq_ultra_ps_e_0/U0/PS8_i/MAXIGP0ACLK
  -------------------------------------------------------------------    -------------------
    PS8_X0Y0             PS8 (Prop_PS8_MAXIGP0ACLK_MAXIGP0WVALID)
                                                      0.457     2.762 f  kria_starter_kit_i/zynq_ultra_ps_e_0/U0/PS8_i/MAXIGP0WVALID
                         net (fo=3, routed)           0.488     3.250    kria_starter_kit_i/ps8_0_axi_periph/s00_couplers/auto_ds/inst/gen_downsizer.gen_simple_downsizer.axi_downsizer_inst/USE_WRITE.write_addr_inst/cmd_queue/inst/s_axi_wvalid
    SLICE_X7Y94          LUT2 (Prop_H6LUT_SLICEM_I0_O)
                                                      0.060     3.310 f  kria_starter_kit_i/ps8_0_axi_periph/s00_couplers/auto_ds/inst/gen_downsizer.gen_simple_downsizer.axi_downsizer_inst/USE_WRITE.write_addr_inst/cmd_queue/inst/m_axi_wvalid_INST_0/O
                         net (fo=6, routed)           0.266     3.576    kria_starter_kit_i/ps8_0_axi_periph/xbar/inst/gen_sasd.crossbar_sasd_0/addr_arbiter_inst/s_axi_wvalid[0]
    SLICE_X7Y101         LUT5 (Prop_F6LUT_SLICEM_I1_O)
                                                      0.056     3.632 f  kria_starter_kit_i/ps8_0_axi_periph/xbar/inst/gen_sasd.crossbar_sasd_0/addr_arbiter_inst/m_axi_wvalid[2]_INST_0/O
                         net (fo=6, routed)           0.209     3.840    kria_starter_kit_i/axi_cfg_register_2/s_axi_wvalid
    SLICE_X5Y102         LUT2 (Prop_B6LUT_SLICEM_I1_O)
                                                      0.225     4.065 f  kria_starter_kit_i/axi_cfg_register_2/s_axi_wready_INST_0/O
                         net (fo=2, routed)           0.132     4.197    kria_starter_kit_i/ps8_0_axi_periph/xbar/inst/gen_sasd.crossbar_sasd_0/gen_decerr.decerr_slave_inst/m_axi_wready[2]
    SLICE_X7Y102         LUT6 (Prop_G6LUT_SLICEM_I0_O)
                                                      0.152     4.349 r  kria_starter_kit_i/ps8_0_axi_periph/xbar/inst/gen_sasd.crossbar_sasd_0/gen_decerr.decerr_slave_inst/s_axi_wready[0]_INST_0_i_1/O
                         net (fo=2, routed)           0.108     4.457    kria_starter_kit_i/ps8_0_axi_periph/xbar/inst/gen_sasd.crossbar_sasd_0/addr_arbiter_inst/s_axi_wready_0_sn_1
    SLICE_X7Y101         LUT5 (Prop_E6LUT_SLICEM_I1_O)
                                                      0.152     4.609 f  kria_starter_kit_i/ps8_0_axi_periph/xbar/inst/gen_sasd.crossbar_sasd_0/addr_arbiter_inst/s_axi_wready[0]_INST_0/O
                         net (fo=3, routed)           0.246     4.855    kria_starter_kit_i/ps8_0_axi_periph/s00_couplers/auto_ds/inst/gen_downsizer.gen_simple_downsizer.axi_downsizer_inst/USE_WRITE.write_addr_inst/cmd_queue/inst/m_axi_wready
    SLICE_X7Y94          LUT4 (Prop_D6LUT_SLICEM_I0_O)
                                                      0.080     4.935 f  kria_starter_kit_i/ps8_0_axi_periph/s00_couplers/auto_ds/inst/gen_downsizer.gen_simple_downsizer.axi_downsizer_inst/USE_WRITE.write_addr_inst/cmd_queue/inst/fifo_gen_inst_i_10/O
                         net (fo=9, routed)           0.239     5.174    kria_starter_kit_i/ps8_0_axi_periph/s00_couplers/auto_ds/inst/gen_downsizer.gen_simple_downsizer.axi_downsizer_inst/USE_WRITE.write_addr_inst/cmd_queue/inst/fifo_gen_inst/inst_fifo_gen/gconvfifo.rf/grf.rf/gntv_or_sync_fifo.gl0.rd/gr1.gr1_int.rfwft/rd_en
    SLICE_X8Y90          LUT4 (Prop_D5LUT_SLICEM_I1_O)
                                                      0.091     5.265 f  kria_starter_kit_i/ps8_0_axi_periph/s00_couplers/auto_ds/inst/gen_downsizer.gen_simple_downsizer.axi_downsizer_inst/USE_WRITE.write_addr_inst/cmd_queue/inst/fifo_gen_inst/inst_fifo_gen/gconvfifo.rf/grf.rf/gntv_or_sync_fifo.gl0.rd/gr1.gr1_int.rfwft/gc0.count_d1[4]_i_1/O
                         net (fo=12, routed)          0.388     5.654    kria_starter_kit_i/ps8_0_axi_periph/s00_couplers/auto_ds/inst/gen_downsizer.gen_simple_downsizer.axi_downsizer_inst/USE_WRITE.write_addr_inst/cmd_queue/inst/fifo_gen_inst/inst_fifo_gen/gconvfifo.rf/grf.rf/gntv_or_sync_fifo.gl0.wr/wpntr/ram_empty_i_reg[0]
    SLICE_X7Y89          LUT5 (Prop_A5LUT_SLICEM_I3_O)
                                                      0.194     5.848 r  kria_starter_kit_i/ps8_0_axi_periph/s00_couplers/auto_ds/inst/gen_downsizer.gen_simple_downsizer.axi_downsizer_inst/USE_WRITE.write_addr_inst/cmd_queue/inst/fifo_gen_inst/inst_fifo_gen/gconvfifo.rf/grf.rf/gntv_or_sync_fifo.gl0.wr/wpntr/ram_full_fb_i_i_1/O
                         net (fo=2, routed)           0.271     6.119    kria_starter_kit_i/ps8_0_axi_periph/s00_couplers/auto_ds/inst/gen_downsizer.gen_simple_downsizer.axi_downsizer_inst/USE_WRITE.write_addr_inst/cmd_queue/inst/fifo_gen_inst/inst_fifo_gen/gconvfifo.rf/grf.rf/gntv_or_sync_fifo.gl0.wr/gwss.wsts/ram_full_comb
    SLICE_X6Y89          FDCE                                         r  kria_starter_kit_i/ps8_0_axi_periph/s00_couplers/auto_ds/inst/gen_downsizer.gen_simple_downsizer.axi_downsizer_inst/USE_WRITE.write_addr_inst/cmd_queue/inst/fifo_gen_inst/inst_fifo_gen/gconvfifo.rf/grf.rf/gntv_or_sync_fifo.gl0.wr/gwss.wsts/ram_full_fb_i_reg/D
  -------------------------------------------------------------------    -------------------

                         (clock clk_pl_0 rise edge)
                                                     10.000    10.000 r  
    PS8_X0Y0             PS8                          0.000    10.000 r  kria_starter_kit_i/zynq_ultra_ps_e_0/U0/PS8_i/PLCLK[0]
                         net (fo=1, routed)           0.181    10.181    kria_starter_kit_i/zynq_ultra_ps_e_0/U0/pl_clk_unbuffered[0]
    BUFG_PS_X0Y80        BUFG_PS (Prop_BUFG_PS_I_O)
                                                      0.035    10.216 r  kria_starter_kit_i/zynq_ultra_ps_e_0/U0/buffer_pl_clk_0.PL_CLK_0_BUFG/O
    X0Y1 (CLOCK_ROOT)    net (fo=1837, routed)        1.881    12.097    kria_starter_kit_i/ps8_0_axi_periph/s00_couplers/auto_ds/inst/gen_downsizer.gen_simple_downsizer.axi_downsizer_inst/USE_WRITE.write_addr_inst/cmd_queue/inst/fifo_gen_inst/inst_fifo_gen/gconvfifo.rf/grf.rf/gntv_or_sync_fifo.gl0.wr/gwss.wsts/clk
    SLICE_X6Y89          FDCE                                         r  kria_starter_kit_i/ps8_0_axi_periph/s00_couplers/auto_ds/inst/gen_downsizer.gen_simple_downsizer.axi_downsizer_inst/USE_WRITE.write_addr_inst/cmd_queue/inst/fifo_gen_inst/inst_fifo_gen/gconvfifo.rf/grf.rf/gntv_or_sync_fifo.gl0.wr/gwss.wsts/ram_full_fb_i_reg/C
                         clock pessimism              0.173    12.270    
                         clock uncertainty           -0.160    12.110    
    SLICE_X6Y89          FDCE (Setup_FFF2_SLICEL_C_D)
                                                      0.046    12.156    kria_starter_kit_i/ps8_0_axi_periph/s00_couplers/auto_ds/inst/gen_downsizer.gen_simple_downsizer.axi_downsizer_inst/USE_WRITE.write_addr_inst/cmd_queue/inst/fifo_gen_inst/inst_fifo_gen/gconvfifo.rf/grf.rf/gntv_or_sync_fifo.gl0.wr/gwss.wsts/ram_full_fb_i_reg
  -------------------------------------------------------------------
                         required time                         12.156    
                         arrival time                          -6.119    
  -------------------------------------------------------------------
                         slack                                  6.037    

Slack (MET) :             6.126ns  (required time - arrival time)
  Source:                 kria_starter_kit_i/ps8_0_axi_periph/s00_couplers/auto_ds/inst/gen_downsizer.gen_simple_downsizer.axi_downsizer_inst/USE_READ.read_addr_inst/cmd_queue/inst/fifo_gen_inst/inst_fifo_gen/gconvfifo.rf/grf.rf/gntv_or_sync_fifo.mem/goreg_dm.dout_i_reg[28]/C
                            (rising edge-triggered cell FDRE clocked by clk_pl_0  {rise@0.000ns fall@5.000ns period=10.000ns})
  Destination:            kria_starter_kit_i/zynq_ultra_ps_e_0/U0/PS8_i/MAXIGP0RDATA[79]
                            (rising edge-triggered cell PS8 clocked by clk_pl_0  {rise@0.000ns fall@5.000ns period=10.000ns})
  Path Group:             clk_pl_0
  Path Type:              Setup (Max at Slow Process Corner)
  Requirement:            10.000ns  (clk_pl_0 rise@10.000ns - clk_pl_0 rise@0.000ns)
  Data Path Delay:        2.774ns  (logic 0.615ns (22.169%)  route 2.159ns (77.831%))
  Logic Levels:           3  (LUT4=1 LUT5=1 LUT6=1)
  Clock Path Skew:        -0.134ns (DCD - SCD + CPR)
    Destination Clock Delay (DCD):    2.060ns = ( 12.060 - 10.000 ) 
    Source Clock Delay      (SCD):    2.367ns
    Clock Pessimism Removal (CPR):    0.173ns
  Clock Uncertainty:      0.160ns  ((TSJ^2 + DJ^2)^1/2) / 2 + PE
    Total System Jitter     (TSJ):    0.071ns
    Discrete Jitter          (DJ):    0.312ns
    Phase Error              (PE):    0.000ns
  Clock Net Delay (Source):      2.100ns (routing 1.045ns, distribution 1.055ns)
  Clock Net Delay (Destination): 1.844ns (routing 0.955ns, distribution 0.889ns)

    Location             Delay type                Incr(ns)  Path(ns)    Netlist Resource(s)
  -------------------------------------------------------------------    -------------------
                         (clock clk_pl_0 rise edge)
                                                      0.000     0.000 r  
    PS8_X0Y0             PS8                          0.000     0.000 r  kria_starter_kit_i/zynq_ultra_ps_e_0/U0/PS8_i/PLCLK[0]
                         net (fo=1, routed)           0.229     0.229    kria_starter_kit_i/zynq_ultra_ps_e_0/U0/pl_clk_unbuffered[0]
    BUFG_PS_X0Y80        BUFG_PS (Prop_BUFG_PS_I_O)
                                                      0.038     0.267 r  kria_starter_kit_i/zynq_ultra_ps_e_0/U0/buffer_pl_clk_0.PL_CLK_0_BUFG/O
    X0Y1 (CLOCK_ROOT)    net (fo=1837, routed)        2.100     2.367    kria_starter_kit_i/ps8_0_axi_periph/s00_couplers/auto_ds/inst/gen_downsizer.gen_simple_downsizer.axi_downsizer_inst/USE_READ.read_addr_inst/cmd_queue/inst/fifo_gen_inst/inst_fifo_gen/gconvfifo.rf/grf.rf/gntv_or_sync_fifo.mem/clk
    SLICE_X1Y107         FDRE                                         r  kria_starter_kit_i/ps8_0_axi_periph/s00_couplers/auto_ds/inst/gen_downsizer.gen_simple_downsizer.axi_downsizer_inst/USE_READ.read_addr_inst/cmd_queue/inst/fifo_gen_inst/inst_fifo_gen/gconvfifo.rf/grf.rf/gntv_or_sync_fifo.mem/goreg_dm.dout_i_reg[28]/C
  -------------------------------------------------------------------    -------------------
    SLICE_X1Y107         FDRE (Prop_BFF2_SLICEM_C_Q)
                                                      0.115     2.482 r  kria_starter_kit_i/ps8_0_axi_periph/s00_couplers/auto_ds/inst/gen_downsizer.gen_simple_downsizer.axi_downsizer_inst/USE_READ.read_addr_inst/cmd_queue/inst/fifo_gen_inst/inst_fifo_gen/gconvfifo.rf/grf.rf/gntv_or_sync_fifo.mem/goreg_dm.dout_i_reg[28]/Q
                         net (fo=8, routed)           0.300     2.782    kria_starter_kit_i/ps8_0_axi_periph/s00_couplers/auto_ds/inst/gen_downsizer.gen_simple_downsizer.axi_downsizer_inst/USE_READ.read_data_inst/dout[19]
    SLICE_X1Y109         LUT4 (Prop_E6LUT_SLICEM_I2_O)
                                                      0.138     2.920 r  kria_starter_kit_i/ps8_0_axi_periph/s00_couplers/auto_ds/inst/gen_downsizer.gen_simple_downsizer.axi_downsizer_inst/USE_READ.read_data_inst/s_axi_rdata[127]_INST_0_i_4/O
                         net (fo=6, routed)           0.315     3.235    kria_starter_kit_i/ps8_0_axi_periph/s00_couplers/auto_ds/inst/gen_downsizer.gen_simple_downsizer.axi_downsizer_inst/USE_READ.read_data_inst/current_word_1_reg[0]_0
    SLICE_X1Y109         LUT6 (Prop_G6LUT_SLICEM_I2_O)
                                                      0.137     3.372 r  kria_starter_kit_i/ps8_0_axi_periph/s00_couplers/auto_ds/inst/gen_downsizer.gen_simple_downsizer.axi_downsizer_inst/USE_READ.read_data_inst/s_axi_rdata[127]_INST_0_i_1/O
                         net (fo=132, routed)         1.077     4.449    kria_starter_kit_i/ps8_0_axi_periph/s00_couplers/auto_ds/inst/gen_downsizer.gen_simple_downsizer.axi_downsizer_inst/USE_READ.read_addr_inst/cmd_queue/inst/WORD_LANE[3].S_AXI_RDATA_II_reg[127]
    SLICE_X2Y93          LUT5 (Prop_B6LUT_SLICEM_I1_O)
                                                      0.225     4.674 r  kria_starter_kit_i/ps8_0_axi_periph/s00_couplers/auto_ds/inst/gen_downsizer.gen_simple_downsizer.axi_downsizer_inst/USE_READ.read_addr_inst/cmd_queue/inst/s_axi_rdata[79]_INST_0/O
                         net (fo=1, routed)           0.467     5.141    kria_starter_kit_i/zynq_ultra_ps_e_0/U0/maxigp0_rdata[79]
    PS8_X0Y0             PS8                                          r  kria_starter_kit_i/zynq_ultra_ps_e_0/U0/PS8_i/MAXIGP0RDATA[79]
  -------------------------------------------------------------------    -------------------

                         (clock clk_pl_0 rise edge)
                                                     10.000    10.000 r  
    PS8_X0Y0             PS8                          0.000    10.000 r  kria_starter_kit_i/zynq_ultra_ps_e_0/U0/PS8_i/PLCLK[0]
                         net (fo=1, routed)           0.181    10.181    kria_starter_kit_i/zynq_ultra_ps_e_0/U0/pl_clk_unbuffered[0]
    BUFG_PS_X0Y80        BUFG_PS (Prop_BUFG_PS_I_O)
                                                      0.035    10.216 r  kria_starter_kit_i/zynq_ultra_ps_e_0/U0/buffer_pl_clk_0.PL_CLK_0_BUFG/O
    X0Y1 (CLOCK_ROOT)    net (fo=1837, routed)        1.844    12.060    kria_starter_kit_i/zynq_ultra_ps_e_0/U0/maxihpm0_fpd_aclk
    PS8_X0Y0             PS8                                          r  kria_starter_kit_i/zynq_ultra_ps_e_0/U0/PS8_i/MAXIGP0ACLK
                         clock pessimism              0.173    12.233    
                         clock uncertainty           -0.160    12.073    
    PS8_X0Y0             PS8 (Setup_PS8_MAXIGP0ACLK_MAXIGP0RDATA[79])
                                                     -0.806    11.267    kria_starter_kit_i/zynq_ultra_ps_e_0/U0/PS8_i
  -------------------------------------------------------------------
                         required time                         11.267    
                         arrival time                          -5.141    
  -------------------------------------------------------------------
                         slack                                  6.126    

Slack (MET) :             6.129ns  (required time - arrival time)
  Source:                 kria_starter_kit_i/ps8_0_axi_periph/s00_couplers/auto_ds/inst/gen_downsizer.gen_simple_downsizer.axi_downsizer_inst/USE_READ.read_addr_inst/cmd_queue/inst/fifo_gen_inst/inst_fifo_gen/gconvfifo.rf/grf.rf/gntv_or_sync_fifo.mem/goreg_dm.dout_i_reg[28]/C
                            (rising edge-triggered cell FDRE clocked by clk_pl_0  {rise@0.000ns fall@5.000ns period=10.000ns})
  Destination:            kria_starter_kit_i/zynq_ultra_ps_e_0/U0/PS8_i/MAXIGP0RDATA[70]
                            (rising edge-triggered cell PS8 clocked by clk_pl_0  {rise@0.000ns fall@5.000ns period=10.000ns})
  Path Group:             clk_pl_0
  Path Type:              Setup (Max at Slow Process Corner)
  Requirement:            10.000ns  (clk_pl_0 rise@10.000ns - clk_pl_0 rise@0.000ns)
  Data Path Delay:        2.764ns  (logic 0.576ns (20.837%)  route 2.188ns (79.163%))
  Logic Levels:           3  (LUT4=1 LUT5=1 LUT6=1)
  Clock Path Skew:        -0.134ns (DCD - SCD + CPR)
    Destination Clock Delay (DCD):    2.060ns = ( 12.060 - 10.000 ) 
    Source Clock Delay      (SCD):    2.367ns
    Clock Pessimism Removal (CPR):    0.173ns
  Clock Uncertainty:      0.160ns  ((TSJ^2 + DJ^2)^1/2) / 2 + PE
    Total System Jitter     (TSJ):    0.071ns
    Discrete Jitter          (DJ):    0.312ns
    Phase Error              (PE):    0.000ns
  Clock Net Delay (Source):      2.100ns (routing 1.045ns, distribution 1.055ns)
  Clock Net Delay (Destination): 1.844ns (routing 0.955ns, distribution 0.889ns)

    Location             Delay type                Incr(ns)  Path(ns)    Netlist Resource(s)
  -------------------------------------------------------------------    -------------------
                         (clock clk_pl_0 rise edge)
                                                      0.000     0.000 r  
    PS8_X0Y0             PS8                          0.000     0.000 r  kria_starter_kit_i/zynq_ultra_ps_e_0/U0/PS8_i/PLCLK[0]
                         net (fo=1, routed)           0.229     0.229    kria_starter_kit_i/zynq_ultra_ps_e_0/U0/pl_clk_unbuffered[0]
    BUFG_PS_X0Y80        BUFG_PS (Prop_BUFG_PS_I_O)
                                                      0.038     0.267 r  kria_starter_kit_i/zynq_ultra_ps_e_0/U0/buffer_pl_clk_0.PL_CLK_0_BUFG/O
    X0Y1 (CLOCK_ROOT)    net (fo=1837, routed)        2.100     2.367    kria_starter_kit_i/ps8_0_axi_periph/s00_couplers/auto_ds/inst/gen_downsizer.gen_simple_downsizer.axi_downsizer_inst/USE_READ.read_addr_inst/cmd_queue/inst/fifo_gen_inst/inst_fifo_gen/gconvfifo.rf/grf.rf/gntv_or_sync_fifo.mem/clk
    SLICE_X1Y107         FDRE                                         r  kria_starter_kit_i/ps8_0_axi_periph/s00_couplers/auto_ds/inst/gen_downsizer.gen_simple_downsizer.axi_downsizer_inst/USE_READ.read_addr_inst/cmd_queue/inst/fifo_gen_inst/inst_fifo_gen/gconvfifo.rf/grf.rf/gntv_or_sync_fifo.mem/goreg_dm.dout_i_reg[28]/C
  -------------------------------------------------------------------    -------------------
    SLICE_X1Y107         FDRE (Prop_BFF2_SLICEM_C_Q)
                                                      0.115     2.482 r  kria_starter_kit_i/ps8_0_axi_periph/s00_couplers/auto_ds/inst/gen_downsizer.gen_simple_downsizer.axi_downsizer_inst/USE_READ.read_addr_inst/cmd_queue/inst/fifo_gen_inst/inst_fifo_gen/gconvfifo.rf/grf.rf/gntv_or_sync_fifo.mem/goreg_dm.dout_i_reg[28]/Q
                         net (fo=8, routed)           0.300     2.782    kria_starter_kit_i/ps8_0_axi_periph/s00_couplers/auto_ds/inst/gen_downsizer.gen_simple_downsizer.axi_downsizer_inst/USE_READ.read_data_inst/dout[19]
    SLICE_X1Y109         LUT4 (Prop_E6LUT_SLICEM_I2_O)
                                                      0.138     2.920 r  kria_starter_kit_i/ps8_0_axi_periph/s00_couplers/auto_ds/inst/gen_downsizer.gen_simple_downsizer.axi_downsizer_inst/USE_READ.read_data_inst/s_axi_rdata[127]_INST_0_i_4/O
                         net (fo=6, routed)           0.315     3.235    kria_starter_kit_i/ps8_0_axi_periph/s00_couplers/auto_ds/inst/gen_downsizer.gen_simple_downsizer.axi_downsizer_inst/USE_READ.read_data_inst/current_word_1_reg[0]_0
    SLICE_X1Y109         LUT6 (Prop_G6LUT_SLICEM_I2_O)
                                                      0.137     3.372 r  kria_starter_kit_i/ps8_0_axi_periph/s00_couplers/auto_ds/inst/gen_downsizer.gen_simple_downsizer.axi_downsizer_inst/USE_READ.read_data_inst/s_axi_rdata[127]_INST_0_i_1/O
                         net (fo=132, routed)         1.047     4.419    kria_starter_kit_i/ps8_0_axi_periph/s00_couplers/auto_ds/inst/gen_downsizer.gen_simple_downsizer.axi_downsizer_inst/USE_READ.read_addr_inst/cmd_queue/inst/WORD_LANE[3].S_AXI_RDATA_II_reg[127]
    SLICE_X2Y94          LUT5 (Prop_C6LUT_SLICEM_I1_O)
                                                      0.186     4.605 r  kria_starter_kit_i/ps8_0_axi_periph/s00_couplers/auto_ds/inst/gen_downsizer.gen_simple_downsizer.axi_downsizer_inst/USE_READ.read_addr_inst/cmd_queue/inst/s_axi_rdata[70]_INST_0/O
                         net (fo=1, routed)           0.526     5.131    kria_starter_kit_i/zynq_ultra_ps_e_0/U0/maxigp0_rdata[70]
    PS8_X0Y0             PS8                                          r  kria_starter_kit_i/zynq_ultra_ps_e_0/U0/PS8_i/MAXIGP0RDATA[70]
  -------------------------------------------------------------------    -------------------

                         (clock clk_pl_0 rise edge)
                                                     10.000    10.000 r  
    PS8_X0Y0             PS8                          0.000    10.000 r  kria_starter_kit_i/zynq_ultra_ps_e_0/U0/PS8_i/PLCLK[0]
                         net (fo=1, routed)           0.181    10.181    kria_starter_kit_i/zynq_ultra_ps_e_0/U0/pl_clk_unbuffered[0]
    BUFG_PS_X0Y80        BUFG_PS (Prop_BUFG_PS_I_O)
                                                      0.035    10.216 r  kria_starter_kit_i/zynq_ultra_ps_e_0/U0/buffer_pl_clk_0.PL_CLK_0_BUFG/O
    X0Y1 (CLOCK_ROOT)    net (fo=1837, routed)        1.844    12.060    kria_starter_kit_i/zynq_ultra_ps_e_0/U0/maxihpm0_fpd_aclk
    PS8_X0Y0             PS8                                          r  kria_starter_kit_i/zynq_ultra_ps_e_0/U0/PS8_i/MAXIGP0ACLK
                         clock pessimism              0.173    12.233    
                         clock uncertainty           -0.160    12.073    
    PS8_X0Y0             PS8 (Setup_PS8_MAXIGP0ACLK_MAXIGP0RDATA[70])
                                                     -0.813    11.260    kria_starter_kit_i/zynq_ultra_ps_e_0/U0/PS8_i
  -------------------------------------------------------------------
                         required time                         11.260    
                         arrival time                          -5.131    
  -------------------------------------------------------------------
                         slack                                  6.129    

Slack (MET) :             6.135ns  (required time - arrival time)
  Source:                 kria_starter_kit_i/zynq_ultra_ps_e_0/U0/PS8_i/MAXIGP0ACLK
                            (rising edge-triggered cell PS8 clocked by clk_pl_0  {rise@0.000ns fall@5.000ns period=10.000ns})
  Destination:            kria_starter_kit_i/ps8_0_axi_periph/s00_couplers/auto_ds/inst/gen_downsizer.gen_simple_downsizer.axi_downsizer_inst/USE_WRITE.write_addr_inst/cmd_queue/inst/fifo_gen_inst/inst_fifo_gen/gconvfifo.rf/grf.rf/gntv_or_sync_fifo.mem/goreg_dm.dout_i_reg[12]/CE
                            (rising edge-triggered cell FDRE clocked by clk_pl_0  {rise@0.000ns fall@5.000ns period=10.000ns})
  Path Group:             clk_pl_0
  Path Type:              Setup (Max at Slow Process Corner)
  Requirement:            10.000ns  (clk_pl_0 rise@10.000ns - clk_pl_0 rise@0.000ns)
  Data Path Delay:        3.573ns  (logic 1.336ns (37.390%)  route 2.237ns (62.609%))
  Logic Levels:           7  (LUT2=2 LUT4=1 LUT5=2 LUT6=2)
  Clock Path Skew:        -0.052ns (DCD - SCD + CPR)
    Destination Clock Delay (DCD):    2.080ns = ( 12.080 - 10.000 ) 
    Source Clock Delay      (SCD):    2.305ns
    Clock Pessimism Removal (CPR):    0.173ns
  Clock Uncertainty:      0.160ns  ((TSJ^2 + DJ^2)^1/2) / 2 + PE
    Total System Jitter     (TSJ):    0.071ns
    Discrete Jitter          (DJ):    0.312ns
    Phase Error              (PE):    0.000ns
  Clock Net Delay (Source):      2.038ns (routing 1.045ns, distribution 0.993ns)
  Clock Net Delay (Destination): 1.864ns (routing 0.955ns, distribution 0.909ns)

    Location             Delay type                Incr(ns)  Path(ns)    Netlist Resource(s)
  -------------------------------------------------------------------    -------------------
                         (clock clk_pl_0 rise edge)
                                                      0.000     0.000 r  
    PS8_X0Y0             PS8                          0.000     0.000 r  kria_starter_kit_i/zynq_ultra_ps_e_0/U0/PS8_i/PLCLK[0]
                         net (fo=1, routed)           0.229     0.229    kria_starter_kit_i/zynq_ultra_ps_e_0/U0/pl_clk_unbuffered[0]
    BUFG_PS_X0Y80        BUFG_PS (Prop_BUFG_PS_I_O)
                                                      0.038     0.267 r  kria_starter_kit_i/zynq_ultra_ps_e_0/U0/buffer_pl_clk_0.PL_CLK_0_BUFG/O
    X0Y1 (CLOCK_ROOT)    net (fo=1837, routed)        2.038     2.305    kria_starter_kit_i/zynq_ultra_ps_e_0/U0/maxihpm0_fpd_aclk
    PS8_X0Y0             PS8                                          r  kria_starter_kit_i/zynq_ultra_ps_e_0/U0/PS8_i/MAXIGP0ACLK
  -------------------------------------------------------------------    -------------------
    PS8_X0Y0             PS8 (Prop_PS8_MAXIGP0ACLK_MAXIGP0WVALID)
                                                      0.457     2.762 r  kria_starter_kit_i/zynq_ultra_ps_e_0/U0/PS8_i/MAXIGP0WVALID
                         net (fo=3, routed)           0.488     3.250    kria_starter_kit_i/ps8_0_axi_periph/s00_couplers/auto_ds/inst/gen_downsizer.gen_simple_downsizer.axi_downsizer_inst/USE_WRITE.write_addr_inst/cmd_queue/inst/s_axi_wvalid
    SLICE_X7Y94          LUT2 (Prop_H6LUT_SLICEM_I0_O)
                                                      0.060     3.310 r  kria_starter_kit_i/ps8_0_axi_periph/s00_couplers/auto_ds/inst/gen_downsizer.gen_simple_downsizer.axi_downsizer_inst/USE_WRITE.write_addr_inst/cmd_queue/inst/m_axi_wvalid_INST_0/O
                         net (fo=6, routed)           0.266     3.576    kria_starter_kit_i/ps8_0_axi_periph/xbar/inst/gen_sasd.crossbar_sasd_0/addr_arbiter_inst/s_axi_wvalid[0]
    SLICE_X7Y101         LUT5 (Prop_F6LUT_SLICEM_I1_O)
                                                      0.056     3.632 r  kria_starter_kit_i/ps8_0_axi_periph/xbar/inst/gen_sasd.crossbar_sasd_0/addr_arbiter_inst/m_axi_wvalid[2]_INST_0/O
                         net (fo=6, routed)           0.209     3.840    kria_starter_kit_i/axi_cfg_register_2/s_axi_wvalid
    SLICE_X5Y102         LUT2 (Prop_B6LUT_SLICEM_I1_O)
                                                      0.225     4.065 r  kria_starter_kit_i/axi_cfg_register_2/s_axi_wready_INST_0/O
                         net (fo=2, routed)           0.132     4.197    kria_starter_kit_i/ps8_0_axi_periph/xbar/inst/gen_sasd.crossbar_sasd_0/gen_decerr.decerr_slave_inst/m_axi_wready[2]
    SLICE_X7Y102         LUT6 (Prop_G6LUT_SLICEM_I0_O)
                                                      0.152     4.349 f  kria_starter_kit_i/ps8_0_axi_periph/xbar/inst/gen_sasd.crossbar_sasd_0/gen_decerr.decerr_slave_inst/s_axi_wready[0]_INST_0_i_1/O
                         net (fo=2, routed)           0.108     4.457    kria_starter_kit_i/ps8_0_axi_periph/xbar/inst/gen_sasd.crossbar_sasd_0/addr_arbiter_inst/s_axi_wready_0_sn_1
    SLICE_X7Y101         LUT5 (Prop_E6LUT_SLICEM_I1_O)
                                                      0.152     4.609 r  kria_starter_kit_i/ps8_0_axi_periph/xbar/inst/gen_sasd.crossbar_sasd_0/addr_arbiter_inst/s_axi_wready[0]_INST_0/O
                         net (fo=3, routed)           0.246     4.855    kria_starter_kit_i/ps8_0_axi_periph/s00_couplers/auto_ds/inst/gen_downsizer.gen_simple_downsizer.axi_downsizer_inst/USE_WRITE.write_addr_inst/cmd_queue/inst/m_axi_wready
    SLICE_X7Y94          LUT4 (Prop_D6LUT_SLICEM_I0_O)
                                                      0.080     4.935 r  kria_starter_kit_i/ps8_0_axi_periph/s00_couplers/auto_ds/inst/gen_downsizer.gen_simple_downsizer.axi_downsizer_inst/USE_WRITE.write_addr_inst/cmd_queue/inst/fifo_gen_inst_i_10/O
                         net (fo=9, routed)           0.248     5.183    kria_starter_kit_i/ps8_0_axi_periph/s00_couplers/auto_ds/inst/gen_downsizer.gen_simple_downsizer.axi_downsizer_inst/USE_WRITE.write_addr_inst/cmd_queue/inst/fifo_gen_inst/inst_fifo_gen/gconvfifo.rf/grf.rf/rstblk/rd_en
    SLICE_X8Y90          LUT6 (Prop_H6LUT_SLICEM_I0_O)
                                                      0.154     5.337 r  kria_starter_kit_i/ps8_0_axi_periph/s00_couplers/auto_ds/inst/gen_downsizer.gen_simple_downsizer.axi_downsizer_inst/USE_WRITE.write_addr_inst/cmd_queue/inst/fifo_gen_inst/inst_fifo_gen/gconvfifo.rf/grf.rf/rstblk/goreg_dm.dout_i[28]_i_1/O
                         net (fo=28, routed)          0.541     5.878    kria_starter_kit_i/ps8_0_axi_periph/s00_couplers/auto_ds/inst/gen_downsizer.gen_simple_downsizer.axi_downsizer_inst/USE_WRITE.write_addr_inst/cmd_queue/inst/fifo_gen_inst/inst_fifo_gen/gconvfifo.rf/grf.rf/gntv_or_sync_fifo.mem/goreg_dm.dout_i_reg[28]_0[0]
    SLICE_X7Y92          FDRE                                         r  kria_starter_kit_i/ps8_0_axi_periph/s00_couplers/auto_ds/inst/gen_downsizer.gen_simple_downsizer.axi_downsizer_inst/USE_WRITE.write_addr_inst/cmd_queue/inst/fifo_gen_inst/inst_fifo_gen/gconvfifo.rf/grf.rf/gntv_or_sync_fifo.mem/goreg_dm.dout_i_reg[12]/CE
  -------------------------------------------------------------------    -------------------

                         (clock clk_pl_0 rise edge)
                                                     10.000    10.000 r  
    PS8_X0Y0             PS8                          0.000    10.000 r  kria_starter_kit_i/zynq_ultra_ps_e_0/U0/PS8_i/PLCLK[0]
                         net (fo=1, routed)           0.181    10.181    kria_starter_kit_i/zynq_ultra_ps_e_0/U0/pl_clk_unbuffered[0]
    BUFG_PS_X0Y80        BUFG_PS (Prop_BUFG_PS_I_O)
                                                      0.035    10.216 r  kria_starter_kit_i/zynq_ultra_ps_e_0/U0/buffer_pl_clk_0.PL_CLK_0_BUFG/O
    X0Y1 (CLOCK_ROOT)    net (fo=1837, routed)        1.864    12.080    kria_starter_kit_i/ps8_0_axi_periph/s00_couplers/auto_ds/inst/gen_downsizer.gen_simple_downsizer.axi_downsizer_inst/USE_WRITE.write_addr_inst/cmd_queue/inst/fifo_gen_inst/inst_fifo_gen/gconvfifo.rf/grf.rf/gntv_or_sync_fifo.mem/clk
    SLICE_X7Y92          FDRE                                         r  kria_starter_kit_i/ps8_0_axi_periph/s00_couplers/auto_ds/inst/gen_downsizer.gen_simple_downsizer.axi_downsizer_inst/USE_WRITE.write_addr_inst/cmd_queue/inst/fifo_gen_inst/inst_fifo_gen/gconvfifo.rf/grf.rf/gntv_or_sync_fifo.mem/goreg_dm.dout_i_reg[12]/C
                         clock pessimism              0.173    12.253    
                         clock uncertainty           -0.160    12.093    
    SLICE_X7Y92          FDRE (Setup_EFF2_SLICEM_C_CE)
                                                     -0.080    12.013    kria_starter_kit_i/ps8_0_axi_periph/s00_couplers/auto_ds/inst/gen_downsizer.gen_simple_downsizer.axi_downsizer_inst/USE_WRITE.write_addr_inst/cmd_queue/inst/fifo_gen_inst/inst_fifo_gen/gconvfifo.rf/grf.rf/gntv_or_sync_fifo.mem/goreg_dm.dout_i_reg[12]
  -------------------------------------------------------------------
                         required time                         12.013    
                         arrival time                          -5.878    
  -------------------------------------------------------------------
                         slack                                  6.135    

Slack (MET) :             6.135ns  (required time - arrival time)
  Source:                 kria_starter_kit_i/zynq_ultra_ps_e_0/U0/PS8_i/MAXIGP0ACLK
                            (rising edge-triggered cell PS8 clocked by clk_pl_0  {rise@0.000ns fall@5.000ns period=10.000ns})
  Destination:            kria_starter_kit_i/ps8_0_axi_periph/s00_couplers/auto_ds/inst/gen_downsizer.gen_simple_downsizer.axi_downsizer_inst/USE_WRITE.write_addr_inst/cmd_queue/inst/fifo_gen_inst/inst_fifo_gen/gconvfifo.rf/grf.rf/gntv_or_sync_fifo.mem/goreg_dm.dout_i_reg[15]/CE
                            (rising edge-triggered cell FDRE clocked by clk_pl_0  {rise@0.000ns fall@5.000ns period=10.000ns})
  Path Group:             clk_pl_0
  Path Type:              Setup (Max at Slow Process Corner)
  Requirement:            10.000ns  (clk_pl_0 rise@10.000ns - clk_pl_0 rise@0.000ns)
  Data Path Delay:        3.573ns  (logic 1.336ns (37.390%)  route 2.237ns (62.609%))
  Logic Levels:           7  (LUT2=2 LUT4=1 LUT5=2 LUT6=2)
  Clock Path Skew:        -0.052ns (DCD - SCD + CPR)
    Destination Clock Delay (DCD):    2.080ns = ( 12.080 - 10.000 ) 
    Source Clock Delay      (SCD):    2.305ns
    Clock Pessimism Removal (CPR):    0.173ns
  Clock Uncertainty:      0.160ns  ((TSJ^2 + DJ^2)^1/2) / 2 + PE
    Total System Jitter     (TSJ):    0.071ns
    Discrete Jitter          (DJ):    0.312ns
    Phase Error              (PE):    0.000ns
  Clock Net Delay (Source):      2.038ns (routing 1.045ns, distribution 0.993ns)
  Clock Net Delay (Destination): 1.864ns (routing 0.955ns, distribution 0.909ns)

    Location             Delay type                Incr(ns)  Path(ns)    Netlist Resource(s)
  -------------------------------------------------------------------    -------------------
                         (clock clk_pl_0 rise edge)
                                                      0.000     0.000 r  
    PS8_X0Y0             PS8                          0.000     0.000 r  kria_starter_kit_i/zynq_ultra_ps_e_0/U0/PS8_i/PLCLK[0]
                         net (fo=1, routed)           0.229     0.229    kria_starter_kit_i/zynq_ultra_ps_e_0/U0/pl_clk_unbuffered[0]
    BUFG_PS_X0Y80        BUFG_PS (Prop_BUFG_PS_I_O)
                                                      0.038     0.267 r  kria_starter_kit_i/zynq_ultra_ps_e_0/U0/buffer_pl_clk_0.PL_CLK_0_BUFG/O
    X0Y1 (CLOCK_ROOT)    net (fo=1837, routed)        2.038     2.305    kria_starter_kit_i/zynq_ultra_ps_e_0/U0/maxihpm0_fpd_aclk
    PS8_X0Y0             PS8                                          r  kria_starter_kit_i/zynq_ultra_ps_e_0/U0/PS8_i/MAXIGP0ACLK
  -------------------------------------------------------------------    -------------------
    PS8_X0Y0             PS8 (Prop_PS8_MAXIGP0ACLK_MAXIGP0WVALID)
                                                      0.457     2.762 r  kria_starter_kit_i/zynq_ultra_ps_e_0/U0/PS8_i/MAXIGP0WVALID
                         net (fo=3, routed)           0.488     3.250    kria_starter_kit_i/ps8_0_axi_periph/s00_couplers/auto_ds/inst/gen_downsizer.gen_simple_downsizer.axi_downsizer_inst/USE_WRITE.write_addr_inst/cmd_queue/inst/s_axi_wvalid
    SLICE_X7Y94          LUT2 (Prop_H6LUT_SLICEM_I0_O)
                                                      0.060     3.310 r  kria_starter_kit_i/ps8_0_axi_periph/s00_couplers/auto_ds/inst/gen_downsizer.gen_simple_downsizer.axi_downsizer_inst/USE_WRITE.write_addr_inst/cmd_queue/inst/m_axi_wvalid_INST_0/O
                         net (fo=6, routed)           0.266     3.576    kria_starter_kit_i/ps8_0_axi_periph/xbar/inst/gen_sasd.crossbar_sasd_0/addr_arbiter_inst/s_axi_wvalid[0]
    SLICE_X7Y101         LUT5 (Prop_F6LUT_SLICEM_I1_O)
                                                      0.056     3.632 r  kria_starter_kit_i/ps8_0_axi_periph/xbar/inst/gen_sasd.crossbar_sasd_0/addr_arbiter_inst/m_axi_wvalid[2]_INST_0/O
                         net (fo=6, routed)           0.209     3.840    kria_starter_kit_i/axi_cfg_register_2/s_axi_wvalid
    SLICE_X5Y102         LUT2 (Prop_B6LUT_SLICEM_I1_O)
                                                      0.225     4.065 r  kria_starter_kit_i/axi_cfg_register_2/s_axi_wready_INST_0/O
                         net (fo=2, routed)           0.132     4.197    kria_starter_kit_i/ps8_0_axi_periph/xbar/inst/gen_sasd.crossbar_sasd_0/gen_decerr.decerr_slave_inst/m_axi_wready[2]
    SLICE_X7Y102         LUT6 (Prop_G6LUT_SLICEM_I0_O)
                                                      0.152     4.349 f  kria_starter_kit_i/ps8_0_axi_periph/xbar/inst/gen_sasd.crossbar_sasd_0/gen_decerr.decerr_slave_inst/s_axi_wready[0]_INST_0_i_1/O
                         net (fo=2, routed)           0.108     4.457    kria_starter_kit_i/ps8_0_axi_periph/xbar/inst/gen_sasd.crossbar_sasd_0/addr_arbiter_inst/s_axi_wready_0_sn_1
    SLICE_X7Y101         LUT5 (Prop_E6LUT_SLICEM_I1_O)
                                                      0.152     4.609 r  kria_starter_kit_i/ps8_0_axi_periph/xbar/inst/gen_sasd.crossbar_sasd_0/addr_arbiter_inst/s_axi_wready[0]_INST_0/O
                         net (fo=3, routed)           0.246     4.855    kria_starter_kit_i/ps8_0_axi_periph/s00_couplers/auto_ds/inst/gen_downsizer.gen_simple_downsizer.axi_downsizer_inst/USE_WRITE.write_addr_inst/cmd_queue/inst/m_axi_wready
    SLICE_X7Y94          LUT4 (Prop_D6LUT_SLICEM_I0_O)
                                                      0.080     4.935 r  kria_starter_kit_i/ps8_0_axi_periph/s00_couplers/auto_ds/inst/gen_downsizer.gen_simple_downsizer.axi_downsizer_inst/USE_WRITE.write_addr_inst/cmd_queue/inst/fifo_gen_inst_i_10/O
                         net (fo=9, routed)           0.248     5.183    kria_starter_kit_i/ps8_0_axi_periph/s00_couplers/auto_ds/inst/gen_downsizer.gen_simple_downsizer.axi_downsizer_inst/USE_WRITE.write_addr_inst/cmd_queue/inst/fifo_gen_inst/inst_fifo_gen/gconvfifo.rf/grf.rf/rstblk/rd_en
    SLICE_X8Y90          LUT6 (Prop_H6LUT_SLICEM_I0_O)
                                                      0.154     5.337 r  kria_starter_kit_i/ps8_0_axi_periph/s00_couplers/auto_ds/inst/gen_downsizer.gen_simple_downsizer.axi_downsizer_inst/USE_WRITE.write_addr_inst/cmd_queue/inst/fifo_gen_inst/inst_fifo_gen/gconvfifo.rf/grf.rf/rstblk/goreg_dm.dout_i[28]_i_1/O
                         net (fo=28, routed)          0.541     5.878    kria_starter_kit_i/ps8_0_axi_periph/s00_couplers/auto_ds/inst/gen_downsizer.gen_simple_downsizer.axi_downsizer_inst/USE_WRITE.write_addr_inst/cmd_queue/inst/fifo_gen_inst/inst_fifo_gen/gconvfifo.rf/grf.rf/gntv_or_sync_fifo.mem/goreg_dm.dout_i_reg[28]_0[0]
    SLICE_X7Y92          FDRE                                         r  kria_starter_kit_i/ps8_0_axi_periph/s00_couplers/auto_ds/inst/gen_downsizer.gen_simple_downsizer.axi_downsizer_inst/USE_WRITE.write_addr_inst/cmd_queue/inst/fifo_gen_inst/inst_fifo_gen/gconvfifo.rf/grf.rf/gntv_or_sync_fifo.mem/goreg_dm.dout_i_reg[15]/CE
  -------------------------------------------------------------------    -------------------

                         (clock clk_pl_0 rise edge)
                                                     10.000    10.000 r  
    PS8_X0Y0             PS8                          0.000    10.000 r  kria_starter_kit_i/zynq_ultra_ps_e_0/U0/PS8_i/PLCLK[0]
                         net (fo=1, routed)           0.181    10.181    kria_starter_kit_i/zynq_ultra_ps_e_0/U0/pl_clk_unbuffered[0]
    BUFG_PS_X0Y80        BUFG_PS (Prop_BUFG_PS_I_O)
                                                      0.035    10.216 r  kria_starter_kit_i/zynq_ultra_ps_e_0/U0/buffer_pl_clk_0.PL_CLK_0_BUFG/O
    X0Y1 (CLOCK_ROOT)    net (fo=1837, routed)        1.864    12.080    kria_starter_kit_i/ps8_0_axi_periph/s00_couplers/auto_ds/inst/gen_downsizer.gen_simple_downsizer.axi_downsizer_inst/USE_WRITE.write_addr_inst/cmd_queue/inst/fifo_gen_inst/inst_fifo_gen/gconvfifo.rf/grf.rf/gntv_or_sync_fifo.mem/clk
    SLICE_X7Y92          FDRE                                         r  kria_starter_kit_i/ps8_0_axi_periph/s00_couplers/auto_ds/inst/gen_downsizer.gen_simple_downsizer.axi_downsizer_inst/USE_WRITE.write_addr_inst/cmd_queue/inst/fifo_gen_inst/inst_fifo_gen/gconvfifo.rf/grf.rf/gntv_or_sync_fifo.mem/goreg_dm.dout_i_reg[15]/C
                         clock pessimism              0.173    12.253    
                         clock uncertainty           -0.160    12.093    
    SLICE_X7Y92          FDRE (Setup_FFF2_SLICEM_C_CE)
                                                     -0.080    12.013    kria_starter_kit_i/ps8_0_axi_periph/s00_couplers/auto_ds/inst/gen_downsizer.gen_simple_downsizer.axi_downsizer_inst/USE_WRITE.write_addr_inst/cmd_queue/inst/fifo_gen_inst/inst_fifo_gen/gconvfifo.rf/grf.rf/gntv_or_sync_fifo.mem/goreg_dm.dout_i_reg[15]
  -------------------------------------------------------------------
                         required time                         12.013    
                         arrival time                          -5.878    
  -------------------------------------------------------------------
                         slack                                  6.135    

Slack (MET) :             6.135ns  (required time - arrival time)
  Source:                 kria_starter_kit_i/zynq_ultra_ps_e_0/U0/PS8_i/MAXIGP0ACLK
                            (rising edge-triggered cell PS8 clocked by clk_pl_0  {rise@0.000ns fall@5.000ns period=10.000ns})
  Destination:            kria_starter_kit_i/ps8_0_axi_periph/s00_couplers/auto_ds/inst/gen_downsizer.gen_simple_downsizer.axi_downsizer_inst/USE_WRITE.write_addr_inst/cmd_queue/inst/fifo_gen_inst/inst_fifo_gen/gconvfifo.rf/grf.rf/gntv_or_sync_fifo.mem/goreg_dm.dout_i_reg[19]/CE
                            (rising edge-triggered cell FDRE clocked by clk_pl_0  {rise@0.000ns fall@5.000ns period=10.000ns})
  Path Group:             clk_pl_0
  Path Type:              Setup (Max at Slow Process Corner)
  Requirement:            10.000ns  (clk_pl_0 rise@10.000ns - clk_pl_0 rise@0.000ns)
  Data Path Delay:        3.573ns  (logic 1.336ns (37.390%)  route 2.237ns (62.609%))
  Logic Levels:           7  (LUT2=2 LUT4=1 LUT5=2 LUT6=2)
  Clock Path Skew:        -0.052ns (DCD - SCD + CPR)
    Destination Clock Delay (DCD):    2.080ns = ( 12.080 - 10.000 ) 
    Source Clock Delay      (SCD):    2.305ns
    Clock Pessimism Removal (CPR):    0.173ns
  Clock Uncertainty:      0.160ns  ((TSJ^2 + DJ^2)^1/2) / 2 + PE
    Total System Jitter     (TSJ):    0.071ns
    Discrete Jitter          (DJ):    0.312ns
    Phase Error              (PE):    0.000ns
  Clock Net Delay (Source):      2.038ns (routing 1.045ns, distribution 0.993ns)
  Clock Net Delay (Destination): 1.864ns (routing 0.955ns, distribution 0.909ns)

    Location             Delay type                Incr(ns)  Path(ns)    Netlist Resource(s)
  -------------------------------------------------------------------    -------------------
                         (clock clk_pl_0 rise edge)
                                                      0.000     0.000 r  
    PS8_X0Y0             PS8                          0.000     0.000 r  kria_starter_kit_i/zynq_ultra_ps_e_0/U0/PS8_i/PLCLK[0]
                         net (fo=1, routed)           0.229     0.229    kria_starter_kit_i/zynq_ultra_ps_e_0/U0/pl_clk_unbuffered[0]
    BUFG_PS_X0Y80        BUFG_PS (Prop_BUFG_PS_I_O)
                                                      0.038     0.267 r  kria_starter_kit_i/zynq_ultra_ps_e_0/U0/buffer_pl_clk_0.PL_CLK_0_BUFG/O
    X0Y1 (CLOCK_ROOT)    net (fo=1837, routed)        2.038     2.305    kria_starter_kit_i/zynq_ultra_ps_e_0/U0/maxihpm0_fpd_aclk
    PS8_X0Y0             PS8                                          r  kria_starter_kit_i/zynq_ultra_ps_e_0/U0/PS8_i/MAXIGP0ACLK
  -------------------------------------------------------------------    -------------------
    PS8_X0Y0             PS8 (Prop_PS8_MAXIGP0ACLK_MAXIGP0WVALID)
                                                      0.457     2.762 r  kria_starter_kit_i/zynq_ultra_ps_e_0/U0/PS8_i/MAXIGP0WVALID
                         net (fo=3, routed)           0.488     3.250    kria_starter_kit_i/ps8_0_axi_periph/s00_couplers/auto_ds/inst/gen_downsizer.gen_simple_downsizer.axi_downsizer_inst/USE_WRITE.write_addr_inst/cmd_queue/inst/s_axi_wvalid
    SLICE_X7Y94          LUT2 (Prop_H6LUT_SLICEM_I0_O)
                                                      0.060     3.310 r  kria_starter_kit_i/ps8_0_axi_periph/s00_couplers/auto_ds/inst/gen_downsizer.gen_simple_downsizer.axi_downsizer_inst/USE_WRITE.write_addr_inst/cmd_queue/inst/m_axi_wvalid_INST_0/O
                         net (fo=6, routed)           0.266     3.576    kria_starter_kit_i/ps8_0_axi_periph/xbar/inst/gen_sasd.crossbar_sasd_0/addr_arbiter_inst/s_axi_wvalid[0]
    SLICE_X7Y101         LUT5 (Prop_F6LUT_SLICEM_I1_O)
                                                      0.056     3.632 r  kria_starter_kit_i/ps8_0_axi_periph/xbar/inst/gen_sasd.crossbar_sasd_0/addr_arbiter_inst/m_axi_wvalid[2]_INST_0/O
                         net (fo=6, routed)           0.209     3.840    kria_starter_kit_i/axi_cfg_register_2/s_axi_wvalid
    SLICE_X5Y102         LUT2 (Prop_B6LUT_SLICEM_I1_O)
                                                      0.225     4.065 r  kria_starter_kit_i/axi_cfg_register_2/s_axi_wready_INST_0/O
                         net (fo=2, routed)           0.132     4.197    kria_starter_kit_i/ps8_0_axi_periph/xbar/inst/gen_sasd.crossbar_sasd_0/gen_decerr.decerr_slave_inst/m_axi_wready[2]
    SLICE_X7Y102         LUT6 (Prop_G6LUT_SLICEM_I0_O)
                                                      0.152     4.349 f  kria_starter_kit_i/ps8_0_axi_periph/xbar/inst/gen_sasd.crossbar_sasd_0/gen_decerr.decerr_slave_inst/s_axi_wready[0]_INST_0_i_1/O
                         net (fo=2, routed)           0.108     4.457    kria_starter_kit_i/ps8_0_axi_periph/xbar/inst/gen_sasd.crossbar_sasd_0/addr_arbiter_inst/s_axi_wready_0_sn_1
    SLICE_X7Y101         LUT5 (Prop_E6LUT_SLICEM_I1_O)
                                                      0.152     4.609 r  kria_starter_kit_i/ps8_0_axi_periph/xbar/inst/gen_sasd.crossbar_sasd_0/addr_arbiter_inst/s_axi_wready[0]_INST_0/O
                         net (fo=3, routed)           0.246     4.855    kria_starter_kit_i/ps8_0_axi_periph/s00_couplers/auto_ds/inst/gen_downsizer.gen_simple_downsizer.axi_downsizer_inst/USE_WRITE.write_addr_inst/cmd_queue/inst/m_axi_wready
    SLICE_X7Y94          LUT4 (Prop_D6LUT_SLICEM_I0_O)
                                                      0.080     4.935 r  kria_starter_kit_i/ps8_0_axi_periph/s00_couplers/auto_ds/inst/gen_downsizer.gen_simple_downsizer.axi_downsizer_inst/USE_WRITE.write_addr_inst/cmd_queue/inst/fifo_gen_inst_i_10/O
                         net (fo=9, routed)           0.248     5.183    kria_starter_kit_i/ps8_0_axi_periph/s00_couplers/auto_ds/inst/gen_downsizer.gen_simple_downsizer.axi_downsizer_inst/USE_WRITE.write_addr_inst/cmd_queue/inst/fifo_gen_inst/inst_fifo_gen/gconvfifo.rf/grf.rf/rstblk/rd_en
    SLICE_X8Y90          LUT6 (Prop_H6LUT_SLICEM_I0_O)
                                                      0.154     5.337 r  kria_starter_kit_i/ps8_0_axi_periph/s00_couplers/auto_ds/inst/gen_downsizer.gen_simple_downsizer.axi_downsizer_inst/USE_WRITE.write_addr_inst/cmd_queue/inst/fifo_gen_inst/inst_fifo_gen/gconvfifo.rf/grf.rf/rstblk/goreg_dm.dout_i[28]_i_1/O
                         net (fo=28, routed)          0.541     5.878    kria_starter_kit_i/ps8_0_axi_periph/s00_couplers/auto_ds/inst/gen_downsizer.gen_simple_downsizer.axi_downsizer_inst/USE_WRITE.write_addr_inst/cmd_queue/inst/fifo_gen_inst/inst_fifo_gen/gconvfifo.rf/grf.rf/gntv_or_sync_fifo.mem/goreg_dm.dout_i_reg[28]_0[0]
    SLICE_X7Y92          FDRE                                         r  kria_starter_kit_i/ps8_0_axi_periph/s00_couplers/auto_ds/inst/gen_downsizer.gen_simple_downsizer.axi_downsizer_inst/USE_WRITE.write_addr_inst/cmd_queue/inst/fifo_gen_inst/inst_fifo_gen/gconvfifo.rf/grf.rf/gntv_or_sync_fifo.mem/goreg_dm.dout_i_reg[19]/CE
  -------------------------------------------------------------------    -------------------

                         (clock clk_pl_0 rise edge)
                                                     10.000    10.000 r  
    PS8_X0Y0             PS8                          0.000    10.000 r  kria_starter_kit_i/zynq_ultra_ps_e_0/U0/PS8_i/PLCLK[0]
                         net (fo=1, routed)           0.181    10.181    kria_starter_kit_i/zynq_ultra_ps_e_0/U0/pl_clk_unbuffered[0]
    BUFG_PS_X0Y80        BUFG_PS (Prop_BUFG_PS_I_O)
                                                      0.035    10.216 r  kria_starter_kit_i/zynq_ultra_ps_e_0/U0/buffer_pl_clk_0.PL_CLK_0_BUFG/O
    X0Y1 (CLOCK_ROOT)    net (fo=1837, routed)        1.864    12.080    kria_starter_kit_i/ps8_0_axi_periph/s00_couplers/auto_ds/inst/gen_downsizer.gen_simple_downsizer.axi_downsizer_inst/USE_WRITE.write_addr_inst/cmd_queue/inst/fifo_gen_inst/inst_fifo_gen/gconvfifo.rf/grf.rf/gntv_or_sync_fifo.mem/clk
    SLICE_X7Y92          FDRE                                         r  kria_starter_kit_i/ps8_0_axi_periph/s00_couplers/auto_ds/inst/gen_downsizer.gen_simple_downsizer.axi_downsizer_inst/USE_WRITE.write_addr_inst/cmd_queue/inst/fifo_gen_inst/inst_fifo_gen/gconvfifo.rf/grf.rf/gntv_or_sync_fifo.mem/goreg_dm.dout_i_reg[19]/C
                         clock pessimism              0.173    12.253    
                         clock uncertainty           -0.160    12.093    
    SLICE_X7Y92          FDRE (Setup_GFF2_SLICEM_C_CE)
                                                     -0.080    12.013    kria_starter_kit_i/ps8_0_axi_periph/s00_couplers/auto_ds/inst/gen_downsizer.gen_simple_downsizer.axi_downsizer_inst/USE_WRITE.write_addr_inst/cmd_queue/inst/fifo_gen_inst/inst_fifo_gen/gconvfifo.rf/grf.rf/gntv_or_sync_fifo.mem/goreg_dm.dout_i_reg[19]
  -------------------------------------------------------------------
                         required time                         12.013    
                         arrival time                          -5.878    
  -------------------------------------------------------------------
                         slack                                  6.135    

Slack (MET) :             6.135ns  (required time - arrival time)
  Source:                 kria_starter_kit_i/zynq_ultra_ps_e_0/U0/PS8_i/MAXIGP0ACLK
                            (rising edge-triggered cell PS8 clocked by clk_pl_0  {rise@0.000ns fall@5.000ns period=10.000ns})
  Destination:            kria_starter_kit_i/ps8_0_axi_periph/s00_couplers/auto_ds/inst/gen_downsizer.gen_simple_downsizer.axi_downsizer_inst/USE_WRITE.write_addr_inst/cmd_queue/inst/fifo_gen_inst/inst_fifo_gen/gconvfifo.rf/grf.rf/gntv_or_sync_fifo.mem/goreg_dm.dout_i_reg[28]/CE
                            (rising edge-triggered cell FDRE clocked by clk_pl_0  {rise@0.000ns fall@5.000ns period=10.000ns})
  Path Group:             clk_pl_0
  Path Type:              Setup (Max at Slow Process Corner)
  Requirement:            10.000ns  (clk_pl_0 rise@10.000ns - clk_pl_0 rise@0.000ns)
  Data Path Delay:        3.573ns  (logic 1.336ns (37.390%)  route 2.237ns (62.609%))
  Logic Levels:           7  (LUT2=2 LUT4=1 LUT5=2 LUT6=2)
  Clock Path Skew:        -0.052ns (DCD - SCD + CPR)
    Destination Clock Delay (DCD):    2.080ns = ( 12.080 - 10.000 ) 
    Source Clock Delay      (SCD):    2.305ns
    Clock Pessimism Removal (CPR):    0.173ns
  Clock Uncertainty:      0.160ns  ((TSJ^2 + DJ^2)^1/2) / 2 + PE
    Total System Jitter     (TSJ):    0.071ns
    Discrete Jitter          (DJ):    0.312ns
    Phase Error              (PE):    0.000ns
  Clock Net Delay (Source):      2.038ns (routing 1.045ns, distribution 0.993ns)
  Clock Net Delay (Destination): 1.864ns (routing 0.955ns, distribution 0.909ns)

    Location             Delay type                Incr(ns)  Path(ns)    Netlist Resource(s)
  -------------------------------------------------------------------    -------------------
                         (clock clk_pl_0 rise edge)
                                                      0.000     0.000 r  
    PS8_X0Y0             PS8                          0.000     0.000 r  kria_starter_kit_i/zynq_ultra_ps_e_0/U0/PS8_i/PLCLK[0]
                         net (fo=1, routed)           0.229     0.229    kria_starter_kit_i/zynq_ultra_ps_e_0/U0/pl_clk_unbuffered[0]
    BUFG_PS_X0Y80        BUFG_PS (Prop_BUFG_PS_I_O)
                                                      0.038     0.267 r  kria_starter_kit_i/zynq_ultra_ps_e_0/U0/buffer_pl_clk_0.PL_CLK_0_BUFG/O
    X0Y1 (CLOCK_ROOT)    net (fo=1837, routed)        2.038     2.305    kria_starter_kit_i/zynq_ultra_ps_e_0/U0/maxihpm0_fpd_aclk
    PS8_X0Y0             PS8                                          r  kria_starter_kit_i/zynq_ultra_ps_e_0/U0/PS8_i/MAXIGP0ACLK
  -------------------------------------------------------------------    -------------------
    PS8_X0Y0             PS8 (Prop_PS8_MAXIGP0ACLK_MAXIGP0WVALID)
                                                      0.457     2.762 r  kria_starter_kit_i/zynq_ultra_ps_e_0/U0/PS8_i/MAXIGP0WVALID
                         net (fo=3, routed)           0.488     3.250    kria_starter_kit_i/ps8_0_axi_periph/s00_couplers/auto_ds/inst/gen_downsizer.gen_simple_downsizer.axi_downsizer_inst/USE_WRITE.write_addr_inst/cmd_queue/inst/s_axi_wvalid
    SLICE_X7Y94          LUT2 (Prop_H6LUT_SLICEM_I0_O)
                                                      0.060     3.310 r  kria_starter_kit_i/ps8_0_axi_periph/s00_couplers/auto_ds/inst/gen_downsizer.gen_simple_downsizer.axi_downsizer_inst/USE_WRITE.write_addr_inst/cmd_queue/inst/m_axi_wvalid_INST_0/O
                         net (fo=6, routed)           0.266     3.576    kria_starter_kit_i/ps8_0_axi_periph/xbar/inst/gen_sasd.crossbar_sasd_0/addr_arbiter_inst/s_axi_wvalid[0]
    SLICE_X7Y101         LUT5 (Prop_F6LUT_SLICEM_I1_O)
                                                      0.056     3.632 r  kria_starter_kit_i/ps8_0_axi_periph/xbar/inst/gen_sasd.crossbar_sasd_0/addr_arbiter_inst/m_axi_wvalid[2]_INST_0/O
                         net (fo=6, routed)           0.209     3.840    kria_starter_kit_i/axi_cfg_register_2/s_axi_wvalid
    SLICE_X5Y102         LUT2 (Prop_B6LUT_SLICEM_I1_O)
                                                      0.225     4.065 r  kria_starter_kit_i/axi_cfg_register_2/s_axi_wready_INST_0/O
                         net (fo=2, routed)           0.132     4.197    kria_starter_kit_i/ps8_0_axi_periph/xbar/inst/gen_sasd.crossbar_sasd_0/gen_decerr.decerr_slave_inst/m_axi_wready[2]
    SLICE_X7Y102         LUT6 (Prop_G6LUT_SLICEM_I0_O)
                                                      0.152     4.349 f  kria_starter_kit_i/ps8_0_axi_periph/xbar/inst/gen_sasd.crossbar_sasd_0/gen_decerr.decerr_slave_inst/s_axi_wready[0]_INST_0_i_1/O
                         net (fo=2, routed)           0.108     4.457    kria_starter_kit_i/ps8_0_axi_periph/xbar/inst/gen_sasd.crossbar_sasd_0/addr_arbiter_inst/s_axi_wready_0_sn_1
    SLICE_X7Y101         LUT5 (Prop_E6LUT_SLICEM_I1_O)
                                                      0.152     4.609 r  kria_starter_kit_i/ps8_0_axi_periph/xbar/inst/gen_sasd.crossbar_sasd_0/addr_arbiter_inst/s_axi_wready[0]_INST_0/O
                         net (fo=3, routed)           0.246     4.855    kria_starter_kit_i/ps8_0_axi_periph/s00_couplers/auto_ds/inst/gen_downsizer.gen_simple_downsizer.axi_downsizer_inst/USE_WRITE.write_addr_inst/cmd_queue/inst/m_axi_wready
    SLICE_X7Y94          LUT4 (Prop_D6LUT_SLICEM_I0_O)
                                                      0.080     4.935 r  kria_starter_kit_i/ps8_0_axi_periph/s00_couplers/auto_ds/inst/gen_downsizer.gen_simple_downsizer.axi_downsizer_inst/USE_WRITE.write_addr_inst/cmd_queue/inst/fifo_gen_inst_i_10/O
                         net (fo=9, routed)           0.248     5.183    kria_starter_kit_i/ps8_0_axi_periph/s00_couplers/auto_ds/inst/gen_downsizer.gen_simple_downsizer.axi_downsizer_inst/USE_WRITE.write_addr_inst/cmd_queue/inst/fifo_gen_inst/inst_fifo_gen/gconvfifo.rf/grf.rf/rstblk/rd_en
    SLICE_X8Y90          LUT6 (Prop_H6LUT_SLICEM_I0_O)
                                                      0.154     5.337 r  kria_starter_kit_i/ps8_0_axi_periph/s00_couplers/auto_ds/inst/gen_downsizer.gen_simple_downsizer.axi_downsizer_inst/USE_WRITE.write_addr_inst/cmd_queue/inst/fifo_gen_inst/inst_fifo_gen/gconvfifo.rf/grf.rf/rstblk/goreg_dm.dout_i[28]_i_1/O
                         net (fo=28, routed)          0.541     5.878    kria_starter_kit_i/ps8_0_axi_periph/s00_couplers/auto_ds/inst/gen_downsizer.gen_simple_downsizer.axi_downsizer_inst/USE_WRITE.write_addr_inst/cmd_queue/inst/fifo_gen_inst/inst_fifo_gen/gconvfifo.rf/grf.rf/gntv_or_sync_fifo.mem/goreg_dm.dout_i_reg[28]_0[0]
    SLICE_X7Y92          FDRE                                         r  kria_starter_kit_i/ps8_0_axi_periph/s00_couplers/auto_ds/inst/gen_downsizer.gen_simple_downsizer.axi_downsizer_inst/USE_WRITE.write_addr_inst/cmd_queue/inst/fifo_gen_inst/inst_fifo_gen/gconvfifo.rf/grf.rf/gntv_or_sync_fifo.mem/goreg_dm.dout_i_reg[28]/CE
  -------------------------------------------------------------------    -------------------

                         (clock clk_pl_0 rise edge)
                                                     10.000    10.000 r  
    PS8_X0Y0             PS8                          0.000    10.000 r  kria_starter_kit_i/zynq_ultra_ps_e_0/U0/PS8_i/PLCLK[0]
                         net (fo=1, routed)           0.181    10.181    kria_starter_kit_i/zynq_ultra_ps_e_0/U0/pl_clk_unbuffered[0]
    BUFG_PS_X0Y80        BUFG_PS (Prop_BUFG_PS_I_O)
                                                      0.035    10.216 r  kria_starter_kit_i/zynq_ultra_ps_e_0/U0/buffer_pl_clk_0.PL_CLK_0_BUFG/O
    X0Y1 (CLOCK_ROOT)    net (fo=1837, routed)        1.864    12.080    kria_starter_kit_i/ps8_0_axi_periph/s00_couplers/auto_ds/inst/gen_downsizer.gen_simple_downsizer.axi_downsizer_inst/USE_WRITE.write_addr_inst/cmd_queue/inst/fifo_gen_inst/inst_fifo_gen/gconvfifo.rf/grf.rf/gntv_or_sync_fifo.mem/clk
    SLICE_X7Y92          FDRE                                         r  kria_starter_kit_i/ps8_0_axi_periph/s00_couplers/auto_ds/inst/gen_downsizer.gen_simple_downsizer.axi_downsizer_inst/USE_WRITE.write_addr_inst/cmd_queue/inst/fifo_gen_inst/inst_fifo_gen/gconvfifo.rf/grf.rf/gntv_or_sync_fifo.mem/goreg_dm.dout_i_reg[28]/C
                         clock pessimism              0.173    12.253    
                         clock uncertainty           -0.160    12.093    
    SLICE_X7Y92          FDRE (Setup_HFF2_SLICEM_C_CE)
                                                     -0.080    12.013    kria_starter_kit_i/ps8_0_axi_periph/s00_couplers/auto_ds/inst/gen_downsizer.gen_simple_downsizer.axi_downsizer_inst/USE_WRITE.write_addr_inst/cmd_queue/inst/fifo_gen_inst/inst_fifo_gen/gconvfifo.rf/grf.rf/gntv_or_sync_fifo.mem/goreg_dm.dout_i_reg[28]
  -------------------------------------------------------------------
                         required time                         12.013    
                         arrival time                          -5.878    
  -------------------------------------------------------------------
                         slack                                  6.135    





Min Delay Paths
--------------------------------------------------------------------------------------
Slack (MET) :             0.011ns  (arrival time - required time)
  Source:                 kria_starter_kit_i/ps8_0_axi_periph/s00_couplers/auto_ds/inst/gen_downsizer.gen_simple_downsizer.axi_downsizer_inst/USE_READ.read_addr_inst/cmd_queue/inst/fifo_gen_inst/inst_fifo_gen/gconvfifo.rf/grf.rf/gntv_or_sync_fifo.mem/gdm.dm_gen.dm/gpr1.dout_i_reg[25]/C
                            (rising edge-triggered cell FDRE clocked by clk_pl_0  {rise@0.000ns fall@5.000ns period=10.000ns})
  Destination:            kria_starter_kit_i/ps8_0_axi_periph/s00_couplers/auto_ds/inst/gen_downsizer.gen_simple_downsizer.axi_downsizer_inst/USE_READ.read_addr_inst/cmd_queue/inst/fifo_gen_inst/inst_fifo_gen/gconvfifo.rf/grf.rf/gntv_or_sync_fifo.mem/goreg_dm.dout_i_reg[25]/D
                            (rising edge-triggered cell FDRE clocked by clk_pl_0  {rise@0.000ns fall@5.000ns period=10.000ns})
  Path Group:             clk_pl_0
  Path Type:              Hold (Min at Slow Process Corner)
  Requirement:            0.000ns  (clk_pl_0 rise@0.000ns - clk_pl_0 rise@0.000ns)
  Data Path Delay:        0.208ns  (logic 0.111ns (53.365%)  route 0.097ns (46.635%))
  Logic Levels:           0  
  Clock Path Skew:        0.094ns (DCD - SCD - CPR)
    Destination Clock Delay (DCD):    2.365ns
    Source Clock Delay      (SCD):    2.098ns
    Clock Pessimism Removal (CPR):    0.173ns
  Clock Net Delay (Source):      1.882ns (routing 0.955ns, distribution 0.927ns)
  Clock Net Delay (Destination): 2.098ns (routing 1.045ns, distribution 1.053ns)

    Location             Delay type                Incr(ns)  Path(ns)    Netlist Resource(s)
  -------------------------------------------------------------------    -------------------
                         (clock clk_pl_0 rise edge)
                                                      0.000     0.000 r  
    PS8_X0Y0             PS8                          0.000     0.000 r  kria_starter_kit_i/zynq_ultra_ps_e_0/U0/PS8_i/PLCLK[0]
                         net (fo=1, routed)           0.181     0.181    kria_starter_kit_i/zynq_ultra_ps_e_0/U0/pl_clk_unbuffered[0]
    BUFG_PS_X0Y80        BUFG_PS (Prop_BUFG_PS_I_O)
                                                      0.035     0.216 r  kria_starter_kit_i/zynq_ultra_ps_e_0/U0/buffer_pl_clk_0.PL_CLK_0_BUFG/O
    X0Y1 (CLOCK_ROOT)    net (fo=1837, routed)        1.882     2.098    kria_starter_kit_i/ps8_0_axi_periph/s00_couplers/auto_ds/inst/gen_downsizer.gen_simple_downsizer.axi_downsizer_inst/USE_READ.read_addr_inst/cmd_queue/inst/fifo_gen_inst/inst_fifo_gen/gconvfifo.rf/grf.rf/gntv_or_sync_fifo.mem/gdm.dm_gen.dm/clk
    SLICE_X1Y108         FDRE                                         r  kria_starter_kit_i/ps8_0_axi_periph/s00_couplers/auto_ds/inst/gen_downsizer.gen_simple_downsizer.axi_downsizer_inst/USE_READ.read_addr_inst/cmd_queue/inst/fifo_gen_inst/inst_fifo_gen/gconvfifo.rf/grf.rf/gntv_or_sync_fifo.mem/gdm.dm_gen.dm/gpr1.dout_i_reg[25]/C
  -------------------------------------------------------------------    -------------------
    SLICE_X1Y108         FDRE (Prop_FFF_SLICEM_C_Q)
                                                      0.111     2.209 r  kria_starter_kit_i/ps8_0_axi_periph/s00_couplers/auto_ds/inst/gen_downsizer.gen_simple_downsizer.axi_downsizer_inst/USE_READ.read_addr_inst/cmd_queue/inst/fifo_gen_inst/inst_fifo_gen/gconvfifo.rf/grf.rf/gntv_or_sync_fifo.mem/gdm.dm_gen.dm/gpr1.dout_i_reg[25]/Q
                         net (fo=1, routed)           0.097     2.306    kria_starter_kit_i/ps8_0_axi_periph/s00_couplers/auto_ds/inst/gen_downsizer.gen_simple_downsizer.axi_downsizer_inst/USE_READ.read_addr_inst/cmd_queue/inst/fifo_gen_inst/inst_fifo_gen/gconvfifo.rf/grf.rf/gntv_or_sync_fifo.mem/dout_i[25]
    SLICE_X0Y108         FDRE                                         r  kria_starter_kit_i/ps8_0_axi_periph/s00_couplers/auto_ds/inst/gen_downsizer.gen_simple_downsizer.axi_downsizer_inst/USE_READ.read_addr_inst/cmd_queue/inst/fifo_gen_inst/inst_fifo_gen/gconvfifo.rf/grf.rf/gntv_or_sync_fifo.mem/goreg_dm.dout_i_reg[25]/D
  -------------------------------------------------------------------    -------------------

                         (clock clk_pl_0 rise edge)
                                                      0.000     0.000 r  
    PS8_X0Y0             PS8                          0.000     0.000 r  kria_starter_kit_i/zynq_ultra_ps_e_0/U0/PS8_i/PLCLK[0]
                         net (fo=1, routed)           0.229     0.229    kria_starter_kit_i/zynq_ultra_ps_e_0/U0/pl_clk_unbuffered[0]
    BUFG_PS_X0Y80        BUFG_PS (Prop_BUFG_PS_I_O)
                                                      0.038     0.267 r  kria_starter_kit_i/zynq_ultra_ps_e_0/U0/buffer_pl_clk_0.PL_CLK_0_BUFG/O
    X0Y1 (CLOCK_ROOT)    net (fo=1837, routed)        2.098     2.365    kria_starter_kit_i/ps8_0_axi_periph/s00_couplers/auto_ds/inst/gen_downsizer.gen_simple_downsizer.axi_downsizer_inst/USE_READ.read_addr_inst/cmd_queue/inst/fifo_gen_inst/inst_fifo_gen/gconvfifo.rf/grf.rf/gntv_or_sync_fifo.mem/clk
    SLICE_X0Y108         FDRE                                         r  kria_starter_kit_i/ps8_0_axi_periph/s00_couplers/auto_ds/inst/gen_downsizer.gen_simple_downsizer.axi_downsizer_inst/USE_READ.read_addr_inst/cmd_queue/inst/fifo_gen_inst/inst_fifo_gen/gconvfifo.rf/grf.rf/gntv_or_sync_fifo.mem/goreg_dm.dout_i_reg[25]/C
                         clock pessimism             -0.173     2.192    
    SLICE_X0Y108         FDRE (Hold_GFF2_SLICEL_C_D)
                                                      0.103     2.295    kria_starter_kit_i/ps8_0_axi_periph/s00_couplers/auto_ds/inst/gen_downsizer.gen_simple_downsizer.axi_downsizer_inst/USE_READ.read_addr_inst/cmd_queue/inst/fifo_gen_inst/inst_fifo_gen/gconvfifo.rf/grf.rf/gntv_or_sync_fifo.mem/goreg_dm.dout_i_reg[25]
  -------------------------------------------------------------------
                         required time                         -2.295    
                         arrival time                           2.306    
  -------------------------------------------------------------------
                         slack                                  0.011    

Slack (MET) :             0.019ns  (arrival time - required time)
  Source:                 kria_starter_kit_i/ps8_0_axi_periph/s00_couplers/auto_ds/inst/gen_downsizer.gen_simple_downsizer.axi_downsizer_inst/USE_READ.read_addr_inst/cmd_queue/inst/fifo_gen_inst/inst_fifo_gen/gconvfifo.rf/grf.rf/gntv_or_sync_fifo.mem/gdm.dm_gen.dm/gpr1.dout_i_reg[17]/C
                            (rising edge-triggered cell FDRE clocked by clk_pl_0  {rise@0.000ns fall@5.000ns period=10.000ns})
  Destination:            kria_starter_kit_i/ps8_0_axi_periph/s00_couplers/auto_ds/inst/gen_downsizer.gen_simple_downsizer.axi_downsizer_inst/USE_READ.read_addr_inst/cmd_queue/inst/fifo_gen_inst/inst_fifo_gen/gconvfifo.rf/grf.rf/gntv_or_sync_fifo.mem/goreg_dm.dout_i_reg[17]/D
                            (rising edge-triggered cell FDRE clocked by clk_pl_0  {rise@0.000ns fall@5.000ns period=10.000ns})
  Path Group:             clk_pl_0
  Path Type:              Hold (Min at Slow Process Corner)
  Requirement:            0.000ns  (clk_pl_0 rise@0.000ns - clk_pl_0 rise@0.000ns)
  Data Path Delay:        0.209ns  (logic 0.111ns (53.110%)  route 0.098ns (46.890%))
  Logic Levels:           0  
  Clock Path Skew:        0.088ns (DCD - SCD - CPR)
    Destination Clock Delay (DCD):    2.359ns
    Source Clock Delay      (SCD):    2.098ns
    Clock Pessimism Removal (CPR):    0.173ns
  Clock Net Delay (Source):      1.882ns (routing 0.955ns, distribution 0.927ns)
  Clock Net Delay (Destination): 2.092ns (routing 1.045ns, distribution 1.047ns)

    Location             Delay type                Incr(ns)  Path(ns)    Netlist Resource(s)
  -------------------------------------------------------------------    -------------------
                         (clock clk_pl_0 rise edge)
                                                      0.000     0.000 r  
    PS8_X0Y0             PS8                          0.000     0.000 r  kria_starter_kit_i/zynq_ultra_ps_e_0/U0/PS8_i/PLCLK[0]
                         net (fo=1, routed)           0.181     0.181    kria_starter_kit_i/zynq_ultra_ps_e_0/U0/pl_clk_unbuffered[0]
    BUFG_PS_X0Y80        BUFG_PS (Prop_BUFG_PS_I_O)
                                                      0.035     0.216 r  kria_starter_kit_i/zynq_ultra_ps_e_0/U0/buffer_pl_clk_0.PL_CLK_0_BUFG/O
    X0Y1 (CLOCK_ROOT)    net (fo=1837, routed)        1.882     2.098    kria_starter_kit_i/ps8_0_axi_periph/s00_couplers/auto_ds/inst/gen_downsizer.gen_simple_downsizer.axi_downsizer_inst/USE_READ.read_addr_inst/cmd_queue/inst/fifo_gen_inst/inst_fifo_gen/gconvfifo.rf/grf.rf/gntv_or_sync_fifo.mem/gdm.dm_gen.dm/clk
    SLICE_X1Y108         FDRE                                         r  kria_starter_kit_i/ps8_0_axi_periph/s00_couplers/auto_ds/inst/gen_downsizer.gen_simple_downsizer.axi_downsizer_inst/USE_READ.read_addr_inst/cmd_queue/inst/fifo_gen_inst/inst_fifo_gen/gconvfifo.rf/grf.rf/gntv_or_sync_fifo.mem/gdm.dm_gen.dm/gpr1.dout_i_reg[17]/C
  -------------------------------------------------------------------    -------------------
    SLICE_X1Y108         FDRE (Prop_BFF_SLICEM_C_Q)
                                                      0.111     2.209 r  kria_starter_kit_i/ps8_0_axi_periph/s00_couplers/auto_ds/inst/gen_downsizer.gen_simple_downsizer.axi_downsizer_inst/USE_READ.read_addr_inst/cmd_queue/inst/fifo_gen_inst/inst_fifo_gen/gconvfifo.rf/grf.rf/gntv_or_sync_fifo.mem/gdm.dm_gen.dm/gpr1.dout_i_reg[17]/Q
                         net (fo=1, routed)           0.098     2.307    kria_starter_kit_i/ps8_0_axi_periph/s00_couplers/auto_ds/inst/gen_downsizer.gen_simple_downsizer.axi_downsizer_inst/USE_READ.read_addr_inst/cmd_queue/inst/fifo_gen_inst/inst_fifo_gen/gconvfifo.rf/grf.rf/gntv_or_sync_fifo.mem/dout_i[17]
    SLICE_X0Y108         FDRE                                         r  kria_starter_kit_i/ps8_0_axi_periph/s00_couplers/auto_ds/inst/gen_downsizer.gen_simple_downsizer.axi_downsizer_inst/USE_READ.read_addr_inst/cmd_queue/inst/fifo_gen_inst/inst_fifo_gen/gconvfifo.rf/grf.rf/gntv_or_sync_fifo.mem/goreg_dm.dout_i_reg[17]/D
  -------------------------------------------------------------------    -------------------

                         (clock clk_pl_0 rise edge)
                                                      0.000     0.000 r  
    PS8_X0Y0             PS8                          0.000     0.000 r  kria_starter_kit_i/zynq_ultra_ps_e_0/U0/PS8_i/PLCLK[0]
                         net (fo=1, routed)           0.229     0.229    kria_starter_kit_i/zynq_ultra_ps_e_0/U0/pl_clk_unbuffered[0]
    BUFG_PS_X0Y80        BUFG_PS (Prop_BUFG_PS_I_O)
                                                      0.038     0.267 r  kria_starter_kit_i/zynq_ultra_ps_e_0/U0/buffer_pl_clk_0.PL_CLK_0_BUFG/O
    X0Y1 (CLOCK_ROOT)    net (fo=1837, routed)        2.092     2.359    kria_starter_kit_i/ps8_0_axi_periph/s00_couplers/auto_ds/inst/gen_downsizer.gen_simple_downsizer.axi_downsizer_inst/USE_READ.read_addr_inst/cmd_queue/inst/fifo_gen_inst/inst_fifo_gen/gconvfifo.rf/grf.rf/gntv_or_sync_fifo.mem/clk
    SLICE_X0Y108         FDRE                                         r  kria_starter_kit_i/ps8_0_axi_periph/s00_couplers/auto_ds/inst/gen_downsizer.gen_simple_downsizer.axi_downsizer_inst/USE_READ.read_addr_inst/cmd_queue/inst/fifo_gen_inst/inst_fifo_gen/gconvfifo.rf/grf.rf/gntv_or_sync_fifo.mem/goreg_dm.dout_i_reg[17]/C
                         clock pessimism             -0.173     2.186    
    SLICE_X0Y108         FDRE (Hold_AFF2_SLICEL_C_D)
                                                      0.102     2.288    kria_starter_kit_i/ps8_0_axi_periph/s00_couplers/auto_ds/inst/gen_downsizer.gen_simple_downsizer.axi_downsizer_inst/USE_READ.read_addr_inst/cmd_queue/inst/fifo_gen_inst/inst_fifo_gen/gconvfifo.rf/grf.rf/gntv_or_sync_fifo.mem/goreg_dm.dout_i_reg[17]
  -------------------------------------------------------------------
                         required time                         -2.288    
                         arrival time                           2.307    
  -------------------------------------------------------------------
                         slack                                  0.019    

Slack (MET) :             0.024ns  (arrival time - required time)
  Source:                 kria_starter_kit_i/ps8_0_axi_periph/s00_couplers/auto_ds/inst/gen_downsizer.gen_simple_downsizer.axi_downsizer_inst/USE_WRITE.write_addr_inst/USE_B_CHANNEL.cmd_b_queue/inst/fifo_gen_inst/inst_fifo_gen/gconvfifo.rf/grf.rf/gntv_or_sync_fifo.gl0.wr/wpntr/gcc0.gc0.count_reg[1]/C
                            (rising edge-triggered cell FDCE clocked by clk_pl_0  {rise@0.000ns fall@5.000ns period=10.000ns})
  Destination:            kria_starter_kit_i/ps8_0_axi_periph/s00_couplers/auto_ds/inst/gen_downsizer.gen_simple_downsizer.axi_downsizer_inst/USE_WRITE.write_addr_inst/USE_B_CHANNEL.cmd_b_queue/inst/fifo_gen_inst/inst_fifo_gen/gconvfifo.rf/grf.rf/gntv_or_sync_fifo.gl0.wr/wpntr/gcc0.gc0.count_d1_reg[1]/D
                            (rising edge-triggered cell FDCE clocked by clk_pl_0  {rise@0.000ns fall@5.000ns period=10.000ns})
  Path Group:             clk_pl_0
  Path Type:              Hold (Min at Slow Process Corner)
  Requirement:            0.000ns  (clk_pl_0 rise@0.000ns - clk_pl_0 rise@0.000ns)
  Data Path Delay:        0.242ns  (logic 0.115ns (47.549%)  route 0.127ns (52.451%))
  Logic Levels:           0  
  Clock Path Skew:        0.115ns (DCD - SCD - CPR)
    Destination Clock Delay (DCD):    2.386ns
    Source Clock Delay      (SCD):    2.097ns
    Clock Pessimism Removal (CPR):    0.173ns
  Clock Net Delay (Source):      1.881ns (routing 0.955ns, distribution 0.926ns)
  Clock Net Delay (Destination): 2.119ns (routing 1.045ns, distribution 1.074ns)

    Location             Delay type                Incr(ns)  Path(ns)    Netlist Resource(s)
  -------------------------------------------------------------------    -------------------
                         (clock clk_pl_0 rise edge)
                                                      0.000     0.000 r  
    PS8_X0Y0             PS8                          0.000     0.000 r  kria_starter_kit_i/zynq_ultra_ps_e_0/U0/PS8_i/PLCLK[0]
                         net (fo=1, routed)           0.181     0.181    kria_starter_kit_i/zynq_ultra_ps_e_0/U0/pl_clk_unbuffered[0]
    BUFG_PS_X0Y80        BUFG_PS (Prop_BUFG_PS_I_O)
                                                      0.035     0.216 r  kria_starter_kit_i/zynq_ultra_ps_e_0/U0/buffer_pl_clk_0.PL_CLK_0_BUFG/O
    X0Y1 (CLOCK_ROOT)    net (fo=1837, routed)        1.881     2.097    kria_starter_kit_i/ps8_0_axi_periph/s00_couplers/auto_ds/inst/gen_downsizer.gen_simple_downsizer.axi_downsizer_inst/USE_WRITE.write_addr_inst/USE_B_CHANNEL.cmd_b_queue/inst/fifo_gen_inst/inst_fifo_gen/gconvfifo.rf/grf.rf/gntv_or_sync_fifo.gl0.wr/wpntr/clk
    SLICE_X7Y86          FDCE                                         r  kria_starter_kit_i/ps8_0_axi_periph/s00_couplers/auto_ds/inst/gen_downsizer.gen_simple_downsizer.axi_downsizer_inst/USE_WRITE.write_addr_inst/USE_B_CHANNEL.cmd_b_queue/inst/fifo_gen_inst/inst_fifo_gen/gconvfifo.rf/grf.rf/gntv_or_sync_fifo.gl0.wr/wpntr/gcc0.gc0.count_reg[1]/C
  -------------------------------------------------------------------    -------------------
    SLICE_X7Y86          FDCE (Prop_DFF2_SLICEM_C_Q)
                                                      0.115     2.212 r  kria_starter_kit_i/ps8_0_axi_periph/s00_couplers/auto_ds/inst/gen_downsizer.gen_simple_downsizer.axi_downsizer_inst/USE_WRITE.write_addr_inst/USE_B_CHANNEL.cmd_b_queue/inst/fifo_gen_inst/inst_fifo_gen/gconvfifo.rf/grf.rf/gntv_or_sync_fifo.gl0.wr/wpntr/gcc0.gc0.count_reg[1]/Q
                         net (fo=6, routed)           0.127     2.339    kria_starter_kit_i/ps8_0_axi_periph/s00_couplers/auto_ds/inst/gen_downsizer.gen_simple_downsizer.axi_downsizer_inst/USE_WRITE.write_addr_inst/USE_B_CHANNEL.cmd_b_queue/inst/fifo_gen_inst/inst_fifo_gen/gconvfifo.rf/grf.rf/gntv_or_sync_fifo.gl0.wr/wpntr/wr_pntr_plus1[1]
    SLICE_X6Y85          FDCE                                         r  kria_starter_kit_i/ps8_0_axi_periph/s00_couplers/auto_ds/inst/gen_downsizer.gen_simple_downsizer.axi_downsizer_inst/USE_WRITE.write_addr_inst/USE_B_CHANNEL.cmd_b_queue/inst/fifo_gen_inst/inst_fifo_gen/gconvfifo.rf/grf.rf/gntv_or_sync_fifo.gl0.wr/wpntr/gcc0.gc0.count_d1_reg[1]/D
  -------------------------------------------------------------------    -------------------

                         (clock clk_pl_0 rise edge)
                                                      0.000     0.000 r  
    PS8_X0Y0             PS8                          0.000     0.000 r  kria_starter_kit_i/zynq_ultra_ps_e_0/U0/PS8_i/PLCLK[0]
                         net (fo=1, routed)           0.229     0.229    kria_starter_kit_i/zynq_ultra_ps_e_0/U0/pl_clk_unbuffered[0]
    BUFG_PS_X0Y80        BUFG_PS (Prop_BUFG_PS_I_O)
                                                      0.038     0.267 r  kria_starter_kit_i/zynq_ultra_ps_e_0/U0/buffer_pl_clk_0.PL_CLK_0_BUFG/O
    X0Y1 (CLOCK_ROOT)    net (fo=1837, routed)        2.119     2.386    kria_starter_kit_i/ps8_0_axi_periph/s00_couplers/auto_ds/inst/gen_downsizer.gen_simple_downsizer.axi_downsizer_inst/USE_WRITE.write_addr_inst/USE_B_CHANNEL.cmd_b_queue/inst/fifo_gen_inst/inst_fifo_gen/gconvfifo.rf/grf.rf/gntv_or_sync_fifo.gl0.wr/wpntr/clk
    SLICE_X6Y85          FDCE                                         r  kria_starter_kit_i/ps8_0_axi_periph/s00_couplers/auto_ds/inst/gen_downsizer.gen_simple_downsizer.axi_downsizer_inst/USE_WRITE.write_addr_inst/USE_B_CHANNEL.cmd_b_queue/inst/fifo_gen_inst/inst_fifo_gen/gconvfifo.rf/grf.rf/gntv_or_sync_fifo.gl0.wr/wpntr/gcc0.gc0.count_d1_reg[1]/C
                         clock pessimism             -0.173     2.213    
    SLICE_X6Y85          FDCE (Hold_GFF2_SLICEL_C_D)
                                                      0.103     2.316    kria_starter_kit_i/ps8_0_axi_periph/s00_couplers/auto_ds/inst/gen_downsizer.gen_simple_downsizer.axi_downsizer_inst/USE_WRITE.write_addr_inst/USE_B_CHANNEL.cmd_b_queue/inst/fifo_gen_inst/inst_fifo_gen/gconvfifo.rf/grf.rf/gntv_or_sync_fifo.gl0.wr/wpntr/gcc0.gc0.count_d1_reg[1]
  -------------------------------------------------------------------
                         required time                         -2.316    
                         arrival time                           2.339    
  -------------------------------------------------------------------
                         slack                                  0.024    

Slack (MET) :             0.025ns  (arrival time - required time)
  Source:                 kria_starter_kit_i/ps8_0_axi_periph/s00_couplers/auto_ds/inst/gen_downsizer.gen_simple_downsizer.axi_downsizer_inst/USE_READ.read_addr_inst/cmd_queue/inst/fifo_gen_inst/inst_fifo_gen/gconvfifo.rf/grf.rf/gntv_or_sync_fifo.mem/gdm.dm_gen.dm/gpr1.dout_i_reg[16]/C
                            (rising edge-triggered cell FDRE clocked by clk_pl_0  {rise@0.000ns fall@5.000ns period=10.000ns})
  Destination:            kria_starter_kit_i/ps8_0_axi_periph/s00_couplers/auto_ds/inst/gen_downsizer.gen_simple_downsizer.axi_downsizer_inst/USE_READ.read_addr_inst/cmd_queue/inst/fifo_gen_inst/inst_fifo_gen/gconvfifo.rf/grf.rf/gntv_or_sync_fifo.mem/goreg_dm.dout_i_reg[16]/D
                            (rising edge-triggered cell FDRE clocked by clk_pl_0  {rise@0.000ns fall@5.000ns period=10.000ns})
  Path Group:             clk_pl_0
  Path Type:              Hold (Min at Slow Process Corner)
  Requirement:            0.000ns  (clk_pl_0 rise@0.000ns - clk_pl_0 rise@0.000ns)
  Data Path Delay:        0.220ns  (logic 0.114ns (51.818%)  route 0.106ns (48.182%))
  Logic Levels:           0  
  Clock Path Skew:        0.094ns (DCD - SCD - CPR)
    Destination Clock Delay (DCD):    2.365ns
    Source Clock Delay      (SCD):    2.098ns
    Clock Pessimism Removal (CPR):    0.173ns
  Clock Net Delay (Source):      1.882ns (routing 0.955ns, distribution 0.927ns)
  Clock Net Delay (Destination): 2.098ns (routing 1.045ns, distribution 1.053ns)

    Location             Delay type                Incr(ns)  Path(ns)    Netlist Resource(s)
  -------------------------------------------------------------------    -------------------
                         (clock clk_pl_0 rise edge)
                                                      0.000     0.000 r  
    PS8_X0Y0             PS8                          0.000     0.000 r  kria_starter_kit_i/zynq_ultra_ps_e_0/U0/PS8_i/PLCLK[0]
                         net (fo=1, routed)           0.181     0.181    kria_starter_kit_i/zynq_ultra_ps_e_0/U0/pl_clk_unbuffered[0]
    BUFG_PS_X0Y80        BUFG_PS (Prop_BUFG_PS_I_O)
                                                      0.035     0.216 r  kria_starter_kit_i/zynq_ultra_ps_e_0/U0/buffer_pl_clk_0.PL_CLK_0_BUFG/O
    X0Y1 (CLOCK_ROOT)    net (fo=1837, routed)        1.882     2.098    kria_starter_kit_i/ps8_0_axi_periph/s00_couplers/auto_ds/inst/gen_downsizer.gen_simple_downsizer.axi_downsizer_inst/USE_READ.read_addr_inst/cmd_queue/inst/fifo_gen_inst/inst_fifo_gen/gconvfifo.rf/grf.rf/gntv_or_sync_fifo.mem/gdm.dm_gen.dm/clk
    SLICE_X1Y108         FDRE                                         r  kria_starter_kit_i/ps8_0_axi_periph/s00_couplers/auto_ds/inst/gen_downsizer.gen_simple_downsizer.axi_downsizer_inst/USE_READ.read_addr_inst/cmd_queue/inst/fifo_gen_inst/inst_fifo_gen/gconvfifo.rf/grf.rf/gntv_or_sync_fifo.mem/gdm.dm_gen.dm/gpr1.dout_i_reg[16]/C
  -------------------------------------------------------------------    -------------------
    SLICE_X1Y108         FDRE (Prop_BFF2_SLICEM_C_Q)
                                                      0.114     2.212 r  kria_starter_kit_i/ps8_0_axi_periph/s00_couplers/auto_ds/inst/gen_downsizer.gen_simple_downsizer.axi_downsizer_inst/USE_READ.read_addr_inst/cmd_queue/inst/fifo_gen_inst/inst_fifo_gen/gconvfifo.rf/grf.rf/gntv_or_sync_fifo.mem/gdm.dm_gen.dm/gpr1.dout_i_reg[16]/Q
                         net (fo=1, routed)           0.106     2.318    kria_starter_kit_i/ps8_0_axi_periph/s00_couplers/auto_ds/inst/gen_downsizer.gen_simple_downsizer.axi_downsizer_inst/USE_READ.read_addr_inst/cmd_queue/inst/fifo_gen_inst/inst_fifo_gen/gconvfifo.rf/grf.rf/gntv_or_sync_fifo.mem/dout_i[16]
    SLICE_X0Y108         FDRE                                         r  kria_starter_kit_i/ps8_0_axi_periph/s00_couplers/auto_ds/inst/gen_downsizer.gen_simple_downsizer.axi_downsizer_inst/USE_READ.read_addr_inst/cmd_queue/inst/fifo_gen_inst/inst_fifo_gen/gconvfifo.rf/grf.rf/gntv_or_sync_fifo.mem/goreg_dm.dout_i_reg[16]/D
  -------------------------------------------------------------------    -------------------

                         (clock clk_pl_0 rise edge)
                                                      0.000     0.000 r  
    PS8_X0Y0             PS8                          0.000     0.000 r  kria_starter_kit_i/zynq_ultra_ps_e_0/U0/PS8_i/PLCLK[0]
                         net (fo=1, routed)           0.229     0.229    kria_starter_kit_i/zynq_ultra_ps_e_0/U0/pl_clk_unbuffered[0]
    BUFG_PS_X0Y80        BUFG_PS (Prop_BUFG_PS_I_O)
                                                      0.038     0.267 r  kria_starter_kit_i/zynq_ultra_ps_e_0/U0/buffer_pl_clk_0.PL_CLK_0_BUFG/O
    X0Y1 (CLOCK_ROOT)    net (fo=1837, routed)        2.098     2.365    kria_starter_kit_i/ps8_0_axi_periph/s00_couplers/auto_ds/inst/gen_downsizer.gen_simple_downsizer.axi_downsizer_inst/USE_READ.read_addr_inst/cmd_queue/inst/fifo_gen_inst/inst_fifo_gen/gconvfifo.rf/grf.rf/gntv_or_sync_fifo.mem/clk
    SLICE_X0Y108         FDRE                                         r  kria_starter_kit_i/ps8_0_axi_periph/s00_couplers/auto_ds/inst/gen_downsizer.gen_simple_downsizer.axi_downsizer_inst/USE_READ.read_addr_inst/cmd_queue/inst/fifo_gen_inst/inst_fifo_gen/gconvfifo.rf/grf.rf/gntv_or_sync_fifo.mem/goreg_dm.dout_i_reg[16]/C
                         clock pessimism             -0.173     2.192    
    SLICE_X0Y108         FDRE (Hold_GFF_SLICEL_C_D)
                                                      0.101     2.293    kria_starter_kit_i/ps8_0_axi_periph/s00_couplers/auto_ds/inst/gen_downsizer.gen_simple_downsizer.axi_downsizer_inst/USE_READ.read_addr_inst/cmd_queue/inst/fifo_gen_inst/inst_fifo_gen/gconvfifo.rf/grf.rf/gntv_or_sync_fifo.mem/goreg_dm.dout_i_reg[16]
  -------------------------------------------------------------------
                         required time                         -2.293    
                         arrival time                           2.318    
  -------------------------------------------------------------------
                         slack                                  0.025    

Slack (MET) :             0.026ns  (arrival time - required time)
  Source:                 kria_starter_kit_i/ps8_0_axi_periph/xbar/inst/gen_sasd.crossbar_sasd_0/reg_slice_r/m_payload_i_reg[22]/C
                            (rising edge-triggered cell FDRE clocked by clk_pl_0  {rise@0.000ns fall@5.000ns period=10.000ns})
  Destination:            kria_starter_kit_i/ps8_0_axi_periph/s00_couplers/auto_pc/inst/gen_axilite.gen_b2s_conv.axilite_b2s/RD.r_channel_0/rd_data_fifo_0/memory_reg[31][19]_srl32/D
                            (rising edge-triggered cell SRLC32E clocked by clk_pl_0  {rise@0.000ns fall@5.000ns period=10.000ns})
  Path Group:             clk_pl_0
  Path Type:              Hold (Min at Slow Process Corner)
  Requirement:            0.000ns  (clk_pl_0 rise@0.000ns - clk_pl_0 rise@0.000ns)
  Data Path Delay:        0.201ns  (logic 0.113ns (56.219%)  route 0.088ns (43.781%))
  Logic Levels:           0  
  Clock Path Skew:        0.071ns (DCD - SCD - CPR)
    Destination Clock Delay (DCD):    2.385ns
    Source Clock Delay      (SCD):    2.087ns
    Clock Pessimism Removal (CPR):    0.226ns
  Clock Net Delay (Source):      1.871ns (routing 0.955ns, distribution 0.916ns)
  Clock Net Delay (Destination): 2.118ns (routing 1.045ns, distribution 1.073ns)

    Location             Delay type                Incr(ns)  Path(ns)    Netlist Resource(s)
  -------------------------------------------------------------------    -------------------
                         (clock clk_pl_0 rise edge)
                                                      0.000     0.000 r  
    PS8_X0Y0             PS8                          0.000     0.000 r  kria_starter_kit_i/zynq_ultra_ps_e_0/U0/PS8_i/PLCLK[0]
                         net (fo=1, routed)           0.181     0.181    kria_starter_kit_i/zynq_ultra_ps_e_0/U0/pl_clk_unbuffered[0]
    BUFG_PS_X0Y80        BUFG_PS (Prop_BUFG_PS_I_O)
                                                      0.035     0.216 r  kria_starter_kit_i/zynq_ultra_ps_e_0/U0/buffer_pl_clk_0.PL_CLK_0_BUFG/O
    X0Y1 (CLOCK_ROOT)    net (fo=1837, routed)        1.871     2.087    kria_starter_kit_i/ps8_0_axi_periph/xbar/inst/gen_sasd.crossbar_sasd_0/reg_slice_r/aclk
    SLICE_X4Y96          FDRE                                         r  kria_starter_kit_i/ps8_0_axi_periph/xbar/inst/gen_sasd.crossbar_sasd_0/reg_slice_r/m_payload_i_reg[22]/C
  -------------------------------------------------------------------    -------------------
    SLICE_X4Y96          FDRE (Prop_CFF2_SLICEM_C_Q)
                                                      0.113     2.200 r  kria_starter_kit_i/ps8_0_axi_periph/xbar/inst/gen_sasd.crossbar_sasd_0/reg_slice_r/m_payload_i_reg[22]/Q
                         net (fo=1, routed)           0.088     2.288    kria_starter_kit_i/ps8_0_axi_periph/s00_couplers/auto_pc/inst/gen_axilite.gen_b2s_conv.axilite_b2s/RD.r_channel_0/rd_data_fifo_0/in[19]
    SLICE_X4Y95          SRLC32E                                      r  kria_starter_kit_i/ps8_0_axi_periph/s00_couplers/auto_pc/inst/gen_axilite.gen_b2s_conv.axilite_b2s/RD.r_channel_0/rd_data_fifo_0/memory_reg[31][19]_srl32/D
  -------------------------------------------------------------------    -------------------

                         (clock clk_pl_0 rise edge)
                                                      0.000     0.000 r  
    PS8_X0Y0             PS8                          0.000     0.000 r  kria_starter_kit_i/zynq_ultra_ps_e_0/U0/PS8_i/PLCLK[0]
                         net (fo=1, routed)           0.229     0.229    kria_starter_kit_i/zynq_ultra_ps_e_0/U0/pl_clk_unbuffered[0]
    BUFG_PS_X0Y80        BUFG_PS (Prop_BUFG_PS_I_O)
                                                      0.038     0.267 r  kria_starter_kit_i/zynq_ultra_ps_e_0/U0/buffer_pl_clk_0.PL_CLK_0_BUFG/O
    X0Y1 (CLOCK_ROOT)    net (fo=1837, routed)        2.118     2.385    kria_starter_kit_i/ps8_0_axi_periph/s00_couplers/auto_pc/inst/gen_axilite.gen_b2s_conv.axilite_b2s/RD.r_channel_0/rd_data_fifo_0/aclk
    SLICE_X4Y95          SRLC32E                                      r  kria_starter_kit_i/ps8_0_axi_periph/s00_couplers/auto_pc/inst/gen_axilite.gen_b2s_conv.axilite_b2s/RD.r_channel_0/rd_data_fifo_0/memory_reg[31][19]_srl32/CLK
                         clock pessimism             -0.226     2.159    
    SLICE_X4Y95          SRLC32E (Hold_H6LUT_SLICEM_CLK_D)
                                                      0.104     2.263    kria_starter_kit_i/ps8_0_axi_periph/s00_couplers/auto_pc/inst/gen_axilite.gen_b2s_conv.axilite_b2s/RD.r_channel_0/rd_data_fifo_0/memory_reg[31][19]_srl32
  -------------------------------------------------------------------
                         required time                         -2.263    
                         arrival time                           2.288    
  -------------------------------------------------------------------
                         slack                                  0.026    

Slack (MET) :             0.026ns  (arrival time - required time)
  Source:                 kria_starter_kit_i/ps8_0_axi_periph/xbar/inst/gen_sasd.crossbar_sasd_0/reg_slice_r/m_payload_i_reg[16]/C
                            (rising edge-triggered cell FDRE clocked by clk_pl_0  {rise@0.000ns fall@5.000ns period=10.000ns})
  Destination:            kria_starter_kit_i/ps8_0_axi_periph/s00_couplers/auto_pc/inst/gen_axilite.gen_b2s_conv.axilite_b2s/RD.r_channel_0/rd_data_fifo_0/memory_reg[31][13]_srl32/D
                            (rising edge-triggered cell SRLC32E clocked by clk_pl_0  {rise@0.000ns fall@5.000ns period=10.000ns})
  Path Group:             clk_pl_0
  Path Type:              Hold (Min at Slow Process Corner)
  Requirement:            0.000ns  (clk_pl_0 rise@0.000ns - clk_pl_0 rise@0.000ns)
  Data Path Delay:        0.243ns  (logic 0.113ns (46.502%)  route 0.130ns (53.498%))
  Logic Levels:           0  
  Clock Path Skew:        0.113ns (DCD - SCD - CPR)
    Destination Clock Delay (DCD):    2.381ns
    Source Clock Delay      (SCD):    2.095ns
    Clock Pessimism Removal (CPR):    0.173ns
  Clock Net Delay (Source):      1.879ns (routing 0.955ns, distribution 0.924ns)
  Clock Net Delay (Destination): 2.114ns (routing 1.045ns, distribution 1.069ns)

    Location             Delay type                Incr(ns)  Path(ns)    Netlist Resource(s)
  -------------------------------------------------------------------    -------------------
                         (clock clk_pl_0 rise edge)
                                                      0.000     0.000 r  
    PS8_X0Y0             PS8                          0.000     0.000 r  kria_starter_kit_i/zynq_ultra_ps_e_0/U0/PS8_i/PLCLK[0]
                         net (fo=1, routed)           0.181     0.181    kria_starter_kit_i/zynq_ultra_ps_e_0/U0/pl_clk_unbuffered[0]
    BUFG_PS_X0Y80        BUFG_PS (Prop_BUFG_PS_I_O)
                                                      0.035     0.216 r  kria_starter_kit_i/zynq_ultra_ps_e_0/U0/buffer_pl_clk_0.PL_CLK_0_BUFG/O
    X0Y1 (CLOCK_ROOT)    net (fo=1837, routed)        1.879     2.095    kria_starter_kit_i/ps8_0_axi_periph/xbar/inst/gen_sasd.crossbar_sasd_0/reg_slice_r/aclk
    SLICE_X5Y93          FDRE                                         r  kria_starter_kit_i/ps8_0_axi_periph/xbar/inst/gen_sasd.crossbar_sasd_0/reg_slice_r/m_payload_i_reg[16]/C
  -------------------------------------------------------------------    -------------------
    SLICE_X5Y93          FDRE (Prop_CFF2_SLICEM_C_Q)
                                                      0.113     2.208 r  kria_starter_kit_i/ps8_0_axi_periph/xbar/inst/gen_sasd.crossbar_sasd_0/reg_slice_r/m_payload_i_reg[16]/Q
                         net (fo=1, routed)           0.130     2.338    kria_starter_kit_i/ps8_0_axi_periph/s00_couplers/auto_pc/inst/gen_axilite.gen_b2s_conv.axilite_b2s/RD.r_channel_0/rd_data_fifo_0/in[13]
    SLICE_X4Y92          SRLC32E                                      r  kria_starter_kit_i/ps8_0_axi_periph/s00_couplers/auto_pc/inst/gen_axilite.gen_b2s_conv.axilite_b2s/RD.r_channel_0/rd_data_fifo_0/memory_reg[31][13]_srl32/D
  -------------------------------------------------------------------    -------------------

                         (clock clk_pl_0 rise edge)
                                                      0.000     0.000 r  
    PS8_X0Y0             PS8                          0.000     0.000 r  kria_starter_kit_i/zynq_ultra_ps_e_0/U0/PS8_i/PLCLK[0]
                         net (fo=1, routed)           0.229     0.229    kria_starter_kit_i/zynq_ultra_ps_e_0/U0/pl_clk_unbuffered[0]
    BUFG_PS_X0Y80        BUFG_PS (Prop_BUFG_PS_I_O)
                                                      0.038     0.267 r  kria_starter_kit_i/zynq_ultra_ps_e_0/U0/buffer_pl_clk_0.PL_CLK_0_BUFG/O
    X0Y1 (CLOCK_ROOT)    net (fo=1837, routed)        2.114     2.381    kria_starter_kit_i/ps8_0_axi_periph/s00_couplers/auto_pc/inst/gen_axilite.gen_b2s_conv.axilite_b2s/RD.r_channel_0/rd_data_fifo_0/aclk
    SLICE_X4Y92          SRLC32E                                      r  kria_starter_kit_i/ps8_0_axi_periph/s00_couplers/auto_pc/inst/gen_axilite.gen_b2s_conv.axilite_b2s/RD.r_channel_0/rd_data_fifo_0/memory_reg[31][13]_srl32/CLK
                         clock pessimism             -0.173     2.208    
    SLICE_X4Y92          SRLC32E (Hold_H6LUT_SLICEM_CLK_D)
                                                      0.104     2.312    kria_starter_kit_i/ps8_0_axi_periph/s00_couplers/auto_pc/inst/gen_axilite.gen_b2s_conv.axilite_b2s/RD.r_channel_0/rd_data_fifo_0/memory_reg[31][13]_srl32
  -------------------------------------------------------------------
                         required time                         -2.312    
                         arrival time                           2.338    
  -------------------------------------------------------------------
                         slack                                  0.026    

Slack (MET) :             0.032ns  (arrival time - required time)
  Source:                 kria_starter_kit_i/ps8_0_axi_periph/xbar/inst/gen_sasd.crossbar_sasd_0/reg_slice_r/m_payload_i_reg[14]/C
                            (rising edge-triggered cell FDRE clocked by clk_pl_0  {rise@0.000ns fall@5.000ns period=10.000ns})
  Destination:            kria_starter_kit_i/ps8_0_axi_periph/s00_couplers/auto_pc/inst/gen_axilite.gen_b2s_conv.axilite_b2s/RD.r_channel_0/rd_data_fifo_0/memory_reg[31][11]_srl32/D
                            (rising edge-triggered cell SRLC32E clocked by clk_pl_0  {rise@0.000ns fall@5.000ns period=10.000ns})
  Path Group:             clk_pl_0
  Path Type:              Hold (Min at Slow Process Corner)
  Requirement:            0.000ns  (clk_pl_0 rise@0.000ns - clk_pl_0 rise@0.000ns)
  Data Path Delay:        0.207ns  (logic 0.111ns (53.623%)  route 0.096ns (46.377%))
  Logic Levels:           0  
  Clock Path Skew:        0.114ns (DCD - SCD - CPR)
    Destination Clock Delay (DCD):    2.382ns
    Source Clock Delay      (SCD):    2.095ns
    Clock Pessimism Removal (CPR):    0.173ns
  Clock Net Delay (Source):      1.879ns (routing 0.955ns, distribution 0.924ns)
  Clock Net Delay (Destination): 2.115ns (routing 1.045ns, distribution 1.070ns)

    Location             Delay type                Incr(ns)  Path(ns)    Netlist Resource(s)
  -------------------------------------------------------------------    -------------------
                         (clock clk_pl_0 rise edge)
                                                      0.000     0.000 r  
    PS8_X0Y0             PS8                          0.000     0.000 r  kria_starter_kit_i/zynq_ultra_ps_e_0/U0/PS8_i/PLCLK[0]
                         net (fo=1, routed)           0.181     0.181    kria_starter_kit_i/zynq_ultra_ps_e_0/U0/pl_clk_unbuffered[0]
    BUFG_PS_X0Y80        BUFG_PS (Prop_BUFG_PS_I_O)
                                                      0.035     0.216 r  kria_starter_kit_i/zynq_ultra_ps_e_0/U0/buffer_pl_clk_0.PL_CLK_0_BUFG/O
    X0Y1 (CLOCK_ROOT)    net (fo=1837, routed)        1.879     2.095    kria_starter_kit_i/ps8_0_axi_periph/xbar/inst/gen_sasd.crossbar_sasd_0/reg_slice_r/aclk
    SLICE_X2Y92          FDRE                                         r  kria_starter_kit_i/ps8_0_axi_periph/xbar/inst/gen_sasd.crossbar_sasd_0/reg_slice_r/m_payload_i_reg[14]/C
  -------------------------------------------------------------------    -------------------
    SLICE_X2Y92          FDRE (Prop_FFF_SLICEM_C_Q)
                                                      0.111     2.206 r  kria_starter_kit_i/ps8_0_axi_periph/xbar/inst/gen_sasd.crossbar_sasd_0/reg_slice_r/m_payload_i_reg[14]/Q
                         net (fo=1, routed)           0.096     2.302    kria_starter_kit_i/ps8_0_axi_periph/s00_couplers/auto_pc/inst/gen_axilite.gen_b2s_conv.axilite_b2s/RD.r_channel_0/rd_data_fifo_0/in[11]
    SLICE_X1Y92          SRLC32E                                      r  kria_starter_kit_i/ps8_0_axi_periph/s00_couplers/auto_pc/inst/gen_axilite.gen_b2s_conv.axilite_b2s/RD.r_channel_0/rd_data_fifo_0/memory_reg[31][11]_srl32/D
  -------------------------------------------------------------------    -------------------

                         (clock clk_pl_0 rise edge)
                                                      0.000     0.000 r  
    PS8_X0Y0             PS8                          0.000     0.000 r  kria_starter_kit_i/zynq_ultra_ps_e_0/U0/PS8_i/PLCLK[0]
                         net (fo=1, routed)           0.229     0.229    kria_starter_kit_i/zynq_ultra_ps_e_0/U0/pl_clk_unbuffered[0]
    BUFG_PS_X0Y80        BUFG_PS (Prop_BUFG_PS_I_O)
                                                      0.038     0.267 r  kria_starter_kit_i/zynq_ultra_ps_e_0/U0/buffer_pl_clk_0.PL_CLK_0_BUFG/O
    X0Y1 (CLOCK_ROOT)    net (fo=1837, routed)        2.115     2.382    kria_starter_kit_i/ps8_0_axi_periph/s00_couplers/auto_pc/inst/gen_axilite.gen_b2s_conv.axilite_b2s/RD.r_channel_0/rd_data_fifo_0/aclk
    SLICE_X1Y92          SRLC32E                                      r  kria_starter_kit_i/ps8_0_axi_periph/s00_couplers/auto_pc/inst/gen_axilite.gen_b2s_conv.axilite_b2s/RD.r_channel_0/rd_data_fifo_0/memory_reg[31][11]_srl32/CLK
                         clock pessimism             -0.173     2.209    
    SLICE_X1Y92          SRLC32E (Hold_G6LUT_SLICEM_CLK_D)
                                                      0.061     2.270    kria_starter_kit_i/ps8_0_axi_periph/s00_couplers/auto_pc/inst/gen_axilite.gen_b2s_conv.axilite_b2s/RD.r_channel_0/rd_data_fifo_0/memory_reg[31][11]_srl32
  -------------------------------------------------------------------
                         required time                         -2.270    
                         arrival time                           2.302    
  -------------------------------------------------------------------
                         slack                                  0.032    

Slack (MET) :             0.034ns  (arrival time - required time)
  Source:                 kria_starter_kit_i/ps8_0_axi_periph/xbar/inst/gen_sasd.crossbar_sasd_0/reg_slice_r/m_payload_i_reg[15]/C
                            (rising edge-triggered cell FDRE clocked by clk_pl_0  {rise@0.000ns fall@5.000ns period=10.000ns})
  Destination:            kria_starter_kit_i/ps8_0_axi_periph/s00_couplers/auto_pc/inst/gen_axilite.gen_b2s_conv.axilite_b2s/RD.r_channel_0/rd_data_fifo_0/memory_reg[31][12]_srl32/D
                            (rising edge-triggered cell SRLC32E clocked by clk_pl_0  {rise@0.000ns fall@5.000ns period=10.000ns})
  Path Group:             clk_pl_0
  Path Type:              Hold (Min at Slow Process Corner)
  Requirement:            0.000ns  (clk_pl_0 rise@0.000ns - clk_pl_0 rise@0.000ns)
  Data Path Delay:        0.218ns  (logic 0.112ns (51.376%)  route 0.106ns (48.624%))
  Logic Levels:           0  
  Clock Path Skew:        0.114ns (DCD - SCD - CPR)
    Destination Clock Delay (DCD):    2.382ns
    Source Clock Delay      (SCD):    2.095ns
    Clock Pessimism Removal (CPR):    0.173ns
  Clock Net Delay (Source):      1.879ns (routing 0.955ns, distribution 0.924ns)
  Clock Net Delay (Destination): 2.115ns (routing 1.045ns, distribution 1.070ns)

    Location             Delay type                Incr(ns)  Path(ns)    Netlist Resource(s)
  -------------------------------------------------------------------    -------------------
                         (clock clk_pl_0 rise edge)
                                                      0.000     0.000 r  
    PS8_X0Y0             PS8                          0.000     0.000 r  kria_starter_kit_i/zynq_ultra_ps_e_0/U0/PS8_i/PLCLK[0]
                         net (fo=1, routed)           0.181     0.181    kria_starter_kit_i/zynq_ultra_ps_e_0/U0/pl_clk_unbuffered[0]
    BUFG_PS_X0Y80        BUFG_PS (Prop_BUFG_PS_I_O)
                                                      0.035     0.216 r  kria_starter_kit_i/zynq_ultra_ps_e_0/U0/buffer_pl_clk_0.PL_CLK_0_BUFG/O
    X0Y1 (CLOCK_ROOT)    net (fo=1837, routed)        1.879     2.095    kria_starter_kit_i/ps8_0_axi_periph/xbar/inst/gen_sasd.crossbar_sasd_0/reg_slice_r/aclk
    SLICE_X2Y92          FDRE                                         r  kria_starter_kit_i/ps8_0_axi_periph/xbar/inst/gen_sasd.crossbar_sasd_0/reg_slice_r/m_payload_i_reg[15]/C
  -------------------------------------------------------------------    -------------------
    SLICE_X2Y92          FDRE (Prop_EFF_SLICEM_C_Q)
                                                      0.112     2.207 r  kria_starter_kit_i/ps8_0_axi_periph/xbar/inst/gen_sasd.crossbar_sasd_0/reg_slice_r/m_payload_i_reg[15]/Q
                         net (fo=1, routed)           0.106     2.313    kria_starter_kit_i/ps8_0_axi_periph/s00_couplers/auto_pc/inst/gen_axilite.gen_b2s_conv.axilite_b2s/RD.r_channel_0/rd_data_fifo_0/in[12]
    SLICE_X1Y92          SRLC32E                                      r  kria_starter_kit_i/ps8_0_axi_periph/s00_couplers/auto_pc/inst/gen_axilite.gen_b2s_conv.axilite_b2s/RD.r_channel_0/rd_data_fifo_0/memory_reg[31][12]_srl32/D
  -------------------------------------------------------------------    -------------------

                         (clock clk_pl_0 rise edge)
                                                      0.000     0.000 r  
    PS8_X0Y0             PS8                          0.000     0.000 r  kria_starter_kit_i/zynq_ultra_ps_e_0/U0/PS8_i/PLCLK[0]
                         net (fo=1, routed)           0.229     0.229    kria_starter_kit_i/zynq_ultra_ps_e_0/U0/pl_clk_unbuffered[0]
    BUFG_PS_X0Y80        BUFG_PS (Prop_BUFG_PS_I_O)
                                                      0.038     0.267 r  kria_starter_kit_i/zynq_ultra_ps_e_0/U0/buffer_pl_clk_0.PL_CLK_0_BUFG/O
    X0Y1 (CLOCK_ROOT)    net (fo=1837, routed)        2.115     2.382    kria_starter_kit_i/ps8_0_axi_periph/s00_couplers/auto_pc/inst/gen_axilite.gen_b2s_conv.axilite_b2s/RD.r_channel_0/rd_data_fifo_0/aclk
    SLICE_X1Y92          SRLC32E                                      r  kria_starter_kit_i/ps8_0_axi_periph/s00_couplers/auto_pc/inst/gen_axilite.gen_b2s_conv.axilite_b2s/RD.r_channel_0/rd_data_fifo_0/memory_reg[31][12]_srl32/CLK
                         clock pessimism             -0.173     2.209    
    SLICE_X1Y92          SRLC32E (Hold_F6LUT_SLICEM_CLK_D)
                                                      0.070     2.279    kria_starter_kit_i/ps8_0_axi_periph/s00_couplers/auto_pc/inst/gen_axilite.gen_b2s_conv.axilite_b2s/RD.r_channel_0/rd_data_fifo_0/memory_reg[31][12]_srl32
  -------------------------------------------------------------------
                         required time                         -2.279    
                         arrival time                           2.313    
  -------------------------------------------------------------------
                         slack                                  0.034    

Slack (MET) :             0.036ns  (arrival time - required time)
  Source:                 kria_starter_kit_i/ps8_0_axi_periph/xbar/inst/gen_sasd.crossbar_sasd_0/addr_arbiter_inst/gen_no_arbiter.m_amesg_i_reg[10]/C
                            (rising edge-triggered cell FDRE clocked by clk_pl_0  {rise@0.000ns fall@5.000ns period=10.000ns})
  Destination:            kria_starter_kit_i/ps8_0_axi_periph/xbar/inst/gen_sasd.crossbar_sasd_0/m_atarget_enc_reg[1]/D
                            (rising edge-triggered cell FDRE clocked by clk_pl_0  {rise@0.000ns fall@5.000ns period=10.000ns})
  Path Group:             clk_pl_0
  Path Type:              Hold (Min at Slow Process Corner)
  Requirement:            0.000ns  (clk_pl_0 rise@0.000ns - clk_pl_0 rise@0.000ns)
  Data Path Delay:        0.255ns  (logic 0.161ns (63.207%)  route 0.094ns (36.793%))
  Logic Levels:           1  (LUT4=1)
  Clock Path Skew:        0.116ns (DCD - SCD - CPR)
    Destination Clock Delay (DCD):    2.376ns
    Source Clock Delay      (SCD):    2.087ns
    Clock Pessimism Removal (CPR):    0.173ns
  Clock Net Delay (Source):      1.871ns (routing 0.955ns, distribution 0.916ns)
  Clock Net Delay (Destination): 2.109ns (routing 1.045ns, distribution 1.064ns)

    Location             Delay type                Incr(ns)  Path(ns)    Netlist Resource(s)
  -------------------------------------------------------------------    -------------------
                         (clock clk_pl_0 rise edge)
                                                      0.000     0.000 r  
    PS8_X0Y0             PS8                          0.000     0.000 r  kria_starter_kit_i/zynq_ultra_ps_e_0/U0/PS8_i/PLCLK[0]
                         net (fo=1, routed)           0.181     0.181    kria_starter_kit_i/zynq_ultra_ps_e_0/U0/pl_clk_unbuffered[0]
    BUFG_PS_X0Y80        BUFG_PS (Prop_BUFG_PS_I_O)
                                                      0.035     0.216 r  kria_starter_kit_i/zynq_ultra_ps_e_0/U0/buffer_pl_clk_0.PL_CLK_0_BUFG/O
    X0Y1 (CLOCK_ROOT)    net (fo=1837, routed)        1.871     2.087    kria_starter_kit_i/ps8_0_axi_periph/xbar/inst/gen_sasd.crossbar_sasd_0/addr_arbiter_inst/aclk
    SLICE_X7Y105         FDRE                                         r  kria_starter_kit_i/ps8_0_axi_periph/xbar/inst/gen_sasd.crossbar_sasd_0/addr_arbiter_inst/gen_no_arbiter.m_amesg_i_reg[10]/C
  -------------------------------------------------------------------    -------------------
    SLICE_X7Y105         FDRE (Prop_BFF2_SLICEM_C_Q)
                                                      0.114     2.201 r  kria_starter_kit_i/ps8_0_axi_periph/xbar/inst/gen_sasd.crossbar_sasd_0/addr_arbiter_inst/gen_no_arbiter.m_amesg_i_reg[10]/Q
                         net (fo=5, routed)           0.083     2.284    kria_starter_kit_i/ps8_0_axi_periph/xbar/inst/gen_sasd.crossbar_sasd_0/Q[9]
    SLICE_X6Y105         LUT4 (Prop_H5LUT_SLICEL_I1_O)
                                                      0.047     2.331 r  kria_starter_kit_i/ps8_0_axi_periph/xbar/inst/gen_sasd.crossbar_sasd_0/m_atarget_enc[1]_i_1/O
                         net (fo=1, routed)           0.011     2.342    kria_starter_kit_i/ps8_0_axi_periph/xbar/inst/gen_sasd.crossbar_sasd_0/m_atarget_enc[1]_i_1_n_0
    SLICE_X6Y105         FDRE                                         r  kria_starter_kit_i/ps8_0_axi_periph/xbar/inst/gen_sasd.crossbar_sasd_0/m_atarget_enc_reg[1]/D
  -------------------------------------------------------------------    -------------------

                         (clock clk_pl_0 rise edge)
                                                      0.000     0.000 r  
    PS8_X0Y0             PS8                          0.000     0.000 r  kria_starter_kit_i/zynq_ultra_ps_e_0/U0/PS8_i/PLCLK[0]
                         net (fo=1, routed)           0.229     0.229    kria_starter_kit_i/zynq_ultra_ps_e_0/U0/pl_clk_unbuffered[0]
    BUFG_PS_X0Y80        BUFG_PS (Prop_BUFG_PS_I_O)
                                                      0.038     0.267 r  kria_starter_kit_i/zynq_ultra_ps_e_0/U0/buffer_pl_clk_0.PL_CLK_0_BUFG/O
    X0Y1 (CLOCK_ROOT)    net (fo=1837, routed)        2.109     2.376    kria_starter_kit_i/ps8_0_axi_periph/xbar/inst/gen_sasd.crossbar_sasd_0/aclk
    SLICE_X6Y105         FDRE                                         r  kria_starter_kit_i/ps8_0_axi_periph/xbar/inst/gen_sasd.crossbar_sasd_0/m_atarget_enc_reg[1]/C
                         clock pessimism             -0.173     2.203    
    SLICE_X6Y105         FDRE (Hold_HFF2_SLICEL_C_D)
                                                      0.103     2.306    kria_starter_kit_i/ps8_0_axi_periph/xbar/inst/gen_sasd.crossbar_sasd_0/m_atarget_enc_reg[1]
  -------------------------------------------------------------------
                         required time                         -2.306    
                         arrival time                           2.342    
  -------------------------------------------------------------------
                         slack                                  0.036    

Slack (MET) :             0.040ns  (arrival time - required time)
  Source:                 kria_starter_kit_i/ps8_0_axi_periph/s00_couplers/auto_pc/inst/gen_axilite.gen_b2s_conv.axilite_b2s/WR.aw_channel_0/cmd_translator_0/wrap_cmd_0/wrap_boundary_axaddr_r_reg[9]/C
                            (rising edge-triggered cell FDRE clocked by clk_pl_0  {rise@0.000ns fall@5.000ns period=10.000ns})
  Destination:            kria_starter_kit_i/ps8_0_axi_periph/s00_couplers/auto_pc/inst/gen_axilite.gen_b2s_conv.axilite_b2s/WR.aw_channel_0/cmd_translator_0/wrap_cmd_0/axaddr_wrap_reg[9]/D
                            (rising edge-triggered cell FDRE clocked by clk_pl_0  {rise@0.000ns fall@5.000ns period=10.000ns})
  Path Group:             clk_pl_0
  Path Type:              Hold (Min at Slow Process Corner)
  Requirement:            0.000ns  (clk_pl_0 rise@0.000ns - clk_pl_0 rise@0.000ns)
  Data Path Delay:        0.258ns  (logic 0.148ns (57.364%)  route 0.110ns (42.636%))
  Logic Levels:           1  (LUT6=1)
  Clock Path Skew:        0.117ns (DCD - SCD - CPR)
    Destination Clock Delay (DCD):    2.376ns
    Source Clock Delay      (SCD):    2.085ns
    Clock Pessimism Removal (CPR):    0.173ns
  Clock Net Delay (Source):      1.869ns (routing 0.955ns, distribution 0.914ns)
  Clock Net Delay (Destination): 2.109ns (routing 1.045ns, distribution 1.064ns)

    Location             Delay type                Incr(ns)  Path(ns)    Netlist Resource(s)
  -------------------------------------------------------------------    -------------------
                         (clock clk_pl_0 rise edge)
                                                      0.000     0.000 r  
    PS8_X0Y0             PS8                          0.000     0.000 r  kria_starter_kit_i/zynq_ultra_ps_e_0/U0/PS8_i/PLCLK[0]
                         net (fo=1, routed)           0.181     0.181    kria_starter_kit_i/zynq_ultra_ps_e_0/U0/pl_clk_unbuffered[0]
    BUFG_PS_X0Y80        BUFG_PS (Prop_BUFG_PS_I_O)
                                                      0.035     0.216 r  kria_starter_kit_i/zynq_ultra_ps_e_0/U0/buffer_pl_clk_0.PL_CLK_0_BUFG/O
    X0Y1 (CLOCK_ROOT)    net (fo=1837, routed)        1.869     2.085    kria_starter_kit_i/ps8_0_axi_periph/s00_couplers/auto_pc/inst/gen_axilite.gen_b2s_conv.axilite_b2s/WR.aw_channel_0/cmd_translator_0/wrap_cmd_0/aclk
    SLICE_X7Y96          FDRE                                         r  kria_starter_kit_i/ps8_0_axi_periph/s00_couplers/auto_pc/inst/gen_axilite.gen_b2s_conv.axilite_b2s/WR.aw_channel_0/cmd_translator_0/wrap_cmd_0/wrap_boundary_axaddr_r_reg[9]/C
  -------------------------------------------------------------------    -------------------
    SLICE_X7Y96          FDRE (Prop_FFF2_SLICEM_C_Q)
                                                      0.115     2.200 r  kria_starter_kit_i/ps8_0_axi_periph/s00_couplers/auto_pc/inst/gen_axilite.gen_b2s_conv.axilite_b2s/WR.aw_channel_0/cmd_translator_0/wrap_cmd_0/wrap_boundary_axaddr_r_reg[9]/Q
                         net (fo=1, routed)           0.081     2.281    kria_starter_kit_i/ps8_0_axi_periph/s00_couplers/auto_pc/inst/gen_axilite.gen_b2s_conv.axilite_b2s/WR.aw_channel_0/cmd_translator_0/wrap_cmd_0/wrap_boundary_axaddr_r[9]
    SLICE_X6Y96          LUT6 (Prop_D6LUT_SLICEL_I0_O)
                                                      0.033     2.314 r  kria_starter_kit_i/ps8_0_axi_periph/s00_couplers/auto_pc/inst/gen_axilite.gen_b2s_conv.axilite_b2s/WR.aw_channel_0/cmd_translator_0/wrap_cmd_0/axaddr_wrap[9]_i_1/O
                         net (fo=1, routed)           0.029     2.343    kria_starter_kit_i/ps8_0_axi_periph/s00_couplers/auto_pc/inst/gen_axilite.gen_b2s_conv.axilite_b2s/WR.aw_channel_0/cmd_translator_0/wrap_cmd_0/axaddr_wrap[9]_i_1_n_0
    SLICE_X6Y96          FDRE                                         r  kria_starter_kit_i/ps8_0_axi_periph/s00_couplers/auto_pc/inst/gen_axilite.gen_b2s_conv.axilite_b2s/WR.aw_channel_0/cmd_translator_0/wrap_cmd_0/axaddr_wrap_reg[9]/D
  -------------------------------------------------------------------    -------------------

                         (clock clk_pl_0 rise edge)
                                                      0.000     0.000 r  
    PS8_X0Y0             PS8                          0.000     0.000 r  kria_starter_kit_i/zynq_ultra_ps_e_0/U0/PS8_i/PLCLK[0]
                         net (fo=1, routed)           0.229     0.229    kria_starter_kit_i/zynq_ultra_ps_e_0/U0/pl_clk_unbuffered[0]
    BUFG_PS_X0Y80        BUFG_PS (Prop_BUFG_PS_I_O)
                                                      0.038     0.267 r  kria_starter_kit_i/zynq_ultra_ps_e_0/U0/buffer_pl_clk_0.PL_CLK_0_BUFG/O
    X0Y1 (CLOCK_ROOT)    net (fo=1837, routed)        2.109     2.376    kria_starter_kit_i/ps8_0_axi_periph/s00_couplers/auto_pc/inst/gen_axilite.gen_b2s_conv.axilite_b2s/WR.aw_channel_0/cmd_translator_0/wrap_cmd_0/aclk
    SLICE_X6Y96          FDRE                                         r  kria_starter_kit_i/ps8_0_axi_periph/s00_couplers/auto_pc/inst/gen_axilite.gen_b2s_conv.axilite_b2s/WR.aw_channel_0/cmd_translator_0/wrap_cmd_0/axaddr_wrap_reg[9]/C
                         clock pessimism             -0.173     2.202    
    SLICE_X6Y96          FDRE (Hold_DFF_SLICEL_C_D)
                                                      0.101     2.303    kria_starter_kit_i/ps8_0_axi_periph/s00_couplers/auto_pc/inst/gen_axilite.gen_b2s_conv.axilite_b2s/WR.aw_channel_0/cmd_translator_0/wrap_cmd_0/axaddr_wrap_reg[9]
  -------------------------------------------------------------------
                         required time                         -2.303    
                         arrival time                           2.343    
  -------------------------------------------------------------------
                         slack                                  0.040    





Pulse Width Checks
--------------------------------------------------------------------------------------
Clock Name:         clk_pl_0
Waveform(ns):       { 0.000 5.000 }
Period(ns):         10.000
Sources:            { kria_starter_kit_i/zynq_ultra_ps_e_0/U0/PS8_i/PLCLK[0] }

Check Type        Corner  Lib Pin          Reference Pin  Required(ns)  Actual(ns)  Slack(ns)  Location      Pin
Min Period        n/a     PS8/MAXIGP0ACLK  n/a            3.000         10.000      7.000      PS8_X0Y0      kria_starter_kit_i/zynq_ultra_ps_e_0/U0/PS8_i/MAXIGP0ACLK
Min Period        n/a     RAMD32/CLK       n/a            1.524         10.000      8.476      SLICE_X2Y108  kria_starter_kit_i/ps8_0_axi_periph/s00_couplers/auto_ds/inst/gen_downsizer.gen_simple_downsizer.axi_downsizer_inst/USE_READ.read_addr_inst/cmd_queue/inst/fifo_gen_inst/inst_fifo_gen/gconvfifo.rf/grf.rf/gntv_or_sync_fifo.mem/gdm.dm_gen.dm/RAM_reg_0_31_0_13/RAMA/CLK
Min Period        n/a     RAMD32/CLK       n/a            1.524         10.000      8.476      SLICE_X2Y108  kria_starter_kit_i/ps8_0_axi_periph/s00_couplers/auto_ds/inst/gen_downsizer.gen_simple_downsizer.axi_downsizer_inst/USE_READ.read_addr_inst/cmd_queue/inst/fifo_gen_inst/inst_fifo_gen/gconvfifo.rf/grf.rf/gntv_or_sync_fifo.mem/gdm.dm_gen.dm/RAM_reg_0_31_0_13/RAMA_D1/CLK
Min Period        n/a     RAMD32/CLK       n/a            1.524         10.000      8.476      SLICE_X2Y108  kria_starter_kit_i/ps8_0_axi_periph/s00_couplers/auto_ds/inst/gen_downsizer.gen_simple_downsizer.axi_downsizer_inst/USE_READ.read_addr_inst/cmd_queue/inst/fifo_gen_inst/inst_fifo_gen/gconvfifo.rf/grf.rf/gntv_or_sync_fifo.mem/gdm.dm_gen.dm/RAM_reg_0_31_0_13/RAMB/CLK
Min Period        n/a     RAMD32/CLK       n/a            1.524         10.000      8.476      SLICE_X2Y108  kria_starter_kit_i/ps8_0_axi_periph/s00_couplers/auto_ds/inst/gen_downsizer.gen_simple_downsizer.axi_downsizer_inst/USE_READ.read_addr_inst/cmd_queue/inst/fifo_gen_inst/inst_fifo_gen/gconvfifo.rf/grf.rf/gntv_or_sync_fifo.mem/gdm.dm_gen.dm/RAM_reg_0_31_0_13/RAMB_D1/CLK
Min Period        n/a     RAMD32/CLK       n/a            1.524         10.000      8.476      SLICE_X2Y108  kria_starter_kit_i/ps8_0_axi_periph/s00_couplers/auto_ds/inst/gen_downsizer.gen_simple_downsizer.axi_downsizer_inst/USE_READ.read_addr_inst/cmd_queue/inst/fifo_gen_inst/inst_fifo_gen/gconvfifo.rf/grf.rf/gntv_or_sync_fifo.mem/gdm.dm_gen.dm/RAM_reg_0_31_0_13/RAMC/CLK
Min Period        n/a     RAMD32/CLK       n/a            1.524         10.000      8.476      SLICE_X2Y108  kria_starter_kit_i/ps8_0_axi_periph/s00_couplers/auto_ds/inst/gen_downsizer.gen_simple_downsizer.axi_downsizer_inst/USE_READ.read_addr_inst/cmd_queue/inst/fifo_gen_inst/inst_fifo_gen/gconvfifo.rf/grf.rf/gntv_or_sync_fifo.mem/gdm.dm_gen.dm/RAM_reg_0_31_0_13/RAMC_D1/CLK
Min Period        n/a     RAMD32/CLK       n/a            1.524         10.000      8.476      SLICE_X2Y108  kria_starter_kit_i/ps8_0_axi_periph/s00_couplers/auto_ds/inst/gen_downsizer.gen_simple_downsizer.axi_downsizer_inst/USE_READ.read_addr_inst/cmd_queue/inst/fifo_gen_inst/inst_fifo_gen/gconvfifo.rf/grf.rf/gntv_or_sync_fifo.mem/gdm.dm_gen.dm/RAM_reg_0_31_0_13/RAMD/CLK
Min Period        n/a     RAMD32/CLK       n/a            1.524         10.000      8.476      SLICE_X2Y108  kria_starter_kit_i/ps8_0_axi_periph/s00_couplers/auto_ds/inst/gen_downsizer.gen_simple_downsizer.axi_downsizer_inst/USE_READ.read_addr_inst/cmd_queue/inst/fifo_gen_inst/inst_fifo_gen/gconvfifo.rf/grf.rf/gntv_or_sync_fifo.mem/gdm.dm_gen.dm/RAM_reg_0_31_0_13/RAMD_D1/CLK
Min Period        n/a     RAMD32/CLK       n/a            1.524         10.000      8.476      SLICE_X2Y108  kria_starter_kit_i/ps8_0_axi_periph/s00_couplers/auto_ds/inst/gen_downsizer.gen_simple_downsizer.axi_downsizer_inst/USE_READ.read_addr_inst/cmd_queue/inst/fifo_gen_inst/inst_fifo_gen/gconvfifo.rf/grf.rf/gntv_or_sync_fifo.mem/gdm.dm_gen.dm/RAM_reg_0_31_0_13/RAME/CLK
Low Pulse Width   Slow    PS8/MAXIGP0ACLK  n/a            1.500         5.000       3.500      PS8_X0Y0      kria_starter_kit_i/zynq_ultra_ps_e_0/U0/PS8_i/MAXIGP0ACLK
Low Pulse Width   Fast    PS8/MAXIGP0ACLK  n/a            1.500         5.000       3.500      PS8_X0Y0      kria_starter_kit_i/zynq_ultra_ps_e_0/U0/PS8_i/MAXIGP0ACLK
Low Pulse Width   Slow    RAMD32/CLK       n/a            0.762         5.000       4.238      SLICE_X2Y108  kria_starter_kit_i/ps8_0_axi_periph/s00_couplers/auto_ds/inst/gen_downsizer.gen_simple_downsizer.axi_downsizer_inst/USE_READ.read_addr_inst/cmd_queue/inst/fifo_gen_inst/inst_fifo_gen/gconvfifo.rf/grf.rf/gntv_or_sync_fifo.mem/gdm.dm_gen.dm/RAM_reg_0_31_0_13/RAMA/CLK
Low Pulse Width   Fast    RAMD32/CLK       n/a            0.762         5.000       4.238      SLICE_X2Y108  kria_starter_kit_i/ps8_0_axi_periph/s00_couplers/auto_ds/inst/gen_downsizer.gen_simple_downsizer.axi_downsizer_inst/USE_READ.read_addr_inst/cmd_queue/inst/fifo_gen_inst/inst_fifo_gen/gconvfifo.rf/grf.rf/gntv_or_sync_fifo.mem/gdm.dm_gen.dm/RAM_reg_0_31_0_13/RAMA/CLK
Low Pulse Width   Slow    RAMD32/CLK       n/a            0.762         5.000       4.238      SLICE_X2Y108  kria_starter_kit_i/ps8_0_axi_periph/s00_couplers/auto_ds/inst/gen_downsizer.gen_simple_downsizer.axi_downsizer_inst/USE_READ.read_addr_inst/cmd_queue/inst/fifo_gen_inst/inst_fifo_gen/gconvfifo.rf/grf.rf/gntv_or_sync_fifo.mem/gdm.dm_gen.dm/RAM_reg_0_31_0_13/RAMA_D1/CLK
Low Pulse Width   Fast    RAMD32/CLK       n/a            0.762         5.000       4.238      SLICE_X2Y108  kria_starter_kit_i/ps8_0_axi_periph/s00_couplers/auto_ds/inst/gen_downsizer.gen_simple_downsizer.axi_downsizer_inst/USE_READ.read_addr_inst/cmd_queue/inst/fifo_gen_inst/inst_fifo_gen/gconvfifo.rf/grf.rf/gntv_or_sync_fifo.mem/gdm.dm_gen.dm/RAM_reg_0_31_0_13/RAMA_D1/CLK
Low Pulse Width   Slow    RAMD32/CLK       n/a            0.762         5.000       4.238      SLICE_X2Y108  kria_starter_kit_i/ps8_0_axi_periph/s00_couplers/auto_ds/inst/gen_downsizer.gen_simple_downsizer.axi_downsizer_inst/USE_READ.read_addr_inst/cmd_queue/inst/fifo_gen_inst/inst_fifo_gen/gconvfifo.rf/grf.rf/gntv_or_sync_fifo.mem/gdm.dm_gen.dm/RAM_reg_0_31_0_13/RAMB/CLK
Low Pulse Width   Fast    RAMD32/CLK       n/a            0.762         5.000       4.238      SLICE_X2Y108  kria_starter_kit_i/ps8_0_axi_periph/s00_couplers/auto_ds/inst/gen_downsizer.gen_simple_downsizer.axi_downsizer_inst/USE_READ.read_addr_inst/cmd_queue/inst/fifo_gen_inst/inst_fifo_gen/gconvfifo.rf/grf.rf/gntv_or_sync_fifo.mem/gdm.dm_gen.dm/RAM_reg_0_31_0_13/RAMB/CLK
Low Pulse Width   Slow    RAMD32/CLK       n/a            0.762         5.000       4.238      SLICE_X2Y108  kria_starter_kit_i/ps8_0_axi_periph/s00_couplers/auto_ds/inst/gen_downsizer.gen_simple_downsizer.axi_downsizer_inst/USE_READ.read_addr_inst/cmd_queue/inst/fifo_gen_inst/inst_fifo_gen/gconvfifo.rf/grf.rf/gntv_or_sync_fifo.mem/gdm.dm_gen.dm/RAM_reg_0_31_0_13/RAMB_D1/CLK
Low Pulse Width   Fast    RAMD32/CLK       n/a            0.762         5.000       4.238      SLICE_X2Y108  kria_starter_kit_i/ps8_0_axi_periph/s00_couplers/auto_ds/inst/gen_downsizer.gen_simple_downsizer.axi_downsizer_inst/USE_READ.read_addr_inst/cmd_queue/inst/fifo_gen_inst/inst_fifo_gen/gconvfifo.rf/grf.rf/gntv_or_sync_fifo.mem/gdm.dm_gen.dm/RAM_reg_0_31_0_13/RAMB_D1/CLK
High Pulse Width  Slow    PS8/MAXIGP0ACLK  n/a            1.500         5.000       3.500      PS8_X0Y0      kria_starter_kit_i/zynq_ultra_ps_e_0/U0/PS8_i/MAXIGP0ACLK
High Pulse Width  Fast    PS8/MAXIGP0ACLK  n/a            1.500         5.000       3.500      PS8_X0Y0      kria_starter_kit_i/zynq_ultra_ps_e_0/U0/PS8_i/MAXIGP0ACLK
High Pulse Width  Slow    RAMD32/CLK       n/a            0.762         5.000       4.238      SLICE_X2Y108  kria_starter_kit_i/ps8_0_axi_periph/s00_couplers/auto_ds/inst/gen_downsizer.gen_simple_downsizer.axi_downsizer_inst/USE_READ.read_addr_inst/cmd_queue/inst/fifo_gen_inst/inst_fifo_gen/gconvfifo.rf/grf.rf/gntv_or_sync_fifo.mem/gdm.dm_gen.dm/RAM_reg_0_31_0_13/RAMA/CLK
High Pulse Width  Fast    RAMD32/CLK       n/a            0.762         5.000       4.238      SLICE_X2Y108  kria_starter_kit_i/ps8_0_axi_periph/s00_couplers/auto_ds/inst/gen_downsizer.gen_simple_downsizer.axi_downsizer_inst/USE_READ.read_addr_inst/cmd_queue/inst/fifo_gen_inst/inst_fifo_gen/gconvfifo.rf/grf.rf/gntv_or_sync_fifo.mem/gdm.dm_gen.dm/RAM_reg_0_31_0_13/RAMA/CLK
High Pulse Width  Slow    RAMD32/CLK       n/a            0.762         5.000       4.238      SLICE_X2Y108  kria_starter_kit_i/ps8_0_axi_periph/s00_couplers/auto_ds/inst/gen_downsizer.gen_simple_downsizer.axi_downsizer_inst/USE_READ.read_addr_inst/cmd_queue/inst/fifo_gen_inst/inst_fifo_gen/gconvfifo.rf/grf.rf/gntv_or_sync_fifo.mem/gdm.dm_gen.dm/RAM_reg_0_31_0_13/RAMA_D1/CLK
High Pulse Width  Fast    RAMD32/CLK       n/a            0.762         5.000       4.238      SLICE_X2Y108  kria_starter_kit_i/ps8_0_axi_periph/s00_couplers/auto_ds/inst/gen_downsizer.gen_simple_downsizer.axi_downsizer_inst/USE_READ.read_addr_inst/cmd_queue/inst/fifo_gen_inst/inst_fifo_gen/gconvfifo.rf/grf.rf/gntv_or_sync_fifo.mem/gdm.dm_gen.dm/RAM_reg_0_31_0_13/RAMA_D1/CLK
High Pulse Width  Slow    RAMD32/CLK       n/a            0.762         5.000       4.238      SLICE_X2Y108  kria_starter_kit_i/ps8_0_axi_periph/s00_couplers/auto_ds/inst/gen_downsizer.gen_simple_downsizer.axi_downsizer_inst/USE_READ.read_addr_inst/cmd_queue/inst/fifo_gen_inst/inst_fifo_gen/gconvfifo.rf/grf.rf/gntv_or_sync_fifo.mem/gdm.dm_gen.dm/RAM_reg_0_31_0_13/RAMB/CLK
High Pulse Width  Fast    RAMD32/CLK       n/a            0.762         5.000       4.238      SLICE_X2Y108  kria_starter_kit_i/ps8_0_axi_periph/s00_couplers/auto_ds/inst/gen_downsizer.gen_simple_downsizer.axi_downsizer_inst/USE_READ.read_addr_inst/cmd_queue/inst/fifo_gen_inst/inst_fifo_gen/gconvfifo.rf/grf.rf/gntv_or_sync_fifo.mem/gdm.dm_gen.dm/RAM_reg_0_31_0_13/RAMB/CLK
High Pulse Width  Slow    RAMD32/CLK       n/a            0.762         5.000       4.238      SLICE_X2Y108  kria_starter_kit_i/ps8_0_axi_periph/s00_couplers/auto_ds/inst/gen_downsizer.gen_simple_downsizer.axi_downsizer_inst/USE_READ.read_addr_inst/cmd_queue/inst/fifo_gen_inst/inst_fifo_gen/gconvfifo.rf/grf.rf/gntv_or_sync_fifo.mem/gdm.dm_gen.dm/RAM_reg_0_31_0_13/RAMB_D1/CLK
High Pulse Width  Fast    RAMD32/CLK       n/a            0.762         5.000       4.238      SLICE_X2Y108  kria_starter_kit_i/ps8_0_axi_periph/s00_couplers/auto_ds/inst/gen_downsizer.gen_simple_downsizer.axi_downsizer_inst/USE_READ.read_addr_inst/cmd_queue/inst/fifo_gen_inst/inst_fifo_gen/gconvfifo.rf/grf.rf/gntv_or_sync_fifo.mem/gdm.dm_gen.dm/RAM_reg_0_31_0_13/RAMB_D1/CLK



---------------------------------------------------------------------------------------------------
Path Group:  **async_default**
From Clock:  clk_pl_0
  To Clock:  clk_pl_0

Setup :            0  Failing Endpoints,  Worst Slack        8.126ns,  Total Violation        0.000ns
Hold  :            0  Failing Endpoints,  Worst Slack        0.257ns,  Total Violation        0.000ns
---------------------------------------------------------------------------------------------------


Max Delay Paths
--------------------------------------------------------------------------------------
Slack (MET) :             8.126ns  (required time - arrival time)
  Source:                 kria_starter_kit_i/ps8_0_axi_periph/s00_couplers/auto_ds/inst/gen_downsizer.gen_simple_downsizer.axi_downsizer_inst/USE_WRITE.write_addr_inst/cmd_queue/inst/fifo_gen_inst/inst_fifo_gen/gconvfifo.rf/grf.rf/rstblk/ngwrdrst.grst.g7serrst.gnsckt_wrst.gcc_rst.sckt_wr_rst_cc_reg[1]/C
                            (rising edge-triggered cell FDRE clocked by clk_pl_0  {rise@0.000ns fall@5.000ns period=10.000ns})
  Destination:            kria_starter_kit_i/ps8_0_axi_periph/s00_couplers/auto_ds/inst/gen_downsizer.gen_simple_downsizer.axi_downsizer_inst/USE_WRITE.write_addr_inst/cmd_queue/inst/fifo_gen_inst/inst_fifo_gen/gconvfifo.rf/grf.rf/gntv_or_sync_fifo.gl0.wr/wpntr/gcc0.gc0.count_reg[0]/PRE
                            (recovery check against rising-edge clock clk_pl_0  {rise@0.000ns fall@5.000ns period=10.000ns})
  Path Group:             **async_default**
  Path Type:              Recovery (Max at Slow Process Corner)
  Requirement:            10.000ns  (clk_pl_0 rise@10.000ns - clk_pl_0 rise@0.000ns)
  Data Path Delay:        1.516ns  (logic 0.344ns (22.685%)  route 1.172ns (77.315%))
  Logic Levels:           1  (LUT3=1)
  Clock Path Skew:        -0.104ns (DCD - SCD + CPR)
    Destination Clock Delay (DCD):    2.100ns = ( 12.100 - 10.000 ) 
    Source Clock Delay      (SCD):    2.378ns
    Clock Pessimism Removal (CPR):    0.173ns
  Clock Uncertainty:      0.160ns  ((TSJ^2 + DJ^2)^1/2) / 2 + PE
    Total System Jitter     (TSJ):    0.071ns
    Discrete Jitter          (DJ):    0.312ns
    Phase Error              (PE):    0.000ns
  Clock Net Delay (Source):      2.111ns (routing 1.045ns, distribution 1.066ns)
  Clock Net Delay (Destination): 1.884ns (routing 0.955ns, distribution 0.929ns)

    Location             Delay type                Incr(ns)  Path(ns)    Netlist Resource(s)
  -------------------------------------------------------------------    -------------------
                         (clock clk_pl_0 rise edge)
                                                      0.000     0.000 r  
    PS8_X0Y0             PS8                          0.000     0.000 r  kria_starter_kit_i/zynq_ultra_ps_e_0/U0/PS8_i/PLCLK[0]
                         net (fo=1, routed)           0.229     0.229    kria_starter_kit_i/zynq_ultra_ps_e_0/U0/pl_clk_unbuffered[0]
    BUFG_PS_X0Y80        BUFG_PS (Prop_BUFG_PS_I_O)
                                                      0.038     0.267 r  kria_starter_kit_i/zynq_ultra_ps_e_0/U0/buffer_pl_clk_0.PL_CLK_0_BUFG/O
    X0Y1 (CLOCK_ROOT)    net (fo=1837, routed)        2.111     2.378    kria_starter_kit_i/ps8_0_axi_periph/s00_couplers/auto_ds/inst/gen_downsizer.gen_simple_downsizer.axi_downsizer_inst/USE_WRITE.write_addr_inst/cmd_queue/inst/fifo_gen_inst/inst_fifo_gen/gconvfifo.rf/grf.rf/rstblk/clk
    SLICE_X8Y90          FDRE                                         r  kria_starter_kit_i/ps8_0_axi_periph/s00_couplers/auto_ds/inst/gen_downsizer.gen_simple_downsizer.axi_downsizer_inst/USE_WRITE.write_addr_inst/cmd_queue/inst/fifo_gen_inst/inst_fifo_gen/gconvfifo.rf/grf.rf/rstblk/ngwrdrst.grst.g7serrst.gnsckt_wrst.gcc_rst.sckt_wr_rst_cc_reg[1]/C
  -------------------------------------------------------------------    -------------------
    SLICE_X8Y90          FDRE (Prop_EFF2_SLICEM_C_Q)
                                                      0.118     2.496 f  kria_starter_kit_i/ps8_0_axi_periph/s00_couplers/auto_ds/inst/gen_downsizer.gen_simple_downsizer.axi_downsizer_inst/USE_WRITE.write_addr_inst/cmd_queue/inst/fifo_gen_inst/inst_fifo_gen/gconvfifo.rf/grf.rf/rstblk/ngwrdrst.grst.g7serrst.gnsckt_wrst.gcc_rst.sckt_wr_rst_cc_reg[1]/Q
                         net (fo=2, routed)           0.277     2.773    kria_starter_kit_i/ps8_0_axi_periph/s00_couplers/auto_ds/inst/gen_downsizer.gen_simple_downsizer.axi_downsizer_inst/USE_WRITE.write_addr_inst/cmd_queue/inst/fifo_gen_inst/inst_fifo_gen/gconvfifo.rf/grf.rf/rstblk/ngwrdrst.grst.g7serrst.gnsckt_wrst.gcc_rst.sckt_wr_rst_cc[1]
    SLICE_X8Y90          LUT3 (Prop_G6LUT_SLICEM_I0_O)
                                                      0.226     2.999 f  kria_starter_kit_i/ps8_0_axi_periph/s00_couplers/auto_ds/inst/gen_downsizer.gen_simple_downsizer.axi_downsizer_inst/USE_WRITE.write_addr_inst/cmd_queue/inst/fifo_gen_inst/inst_fifo_gen/gconvfifo.rf/grf.rf/rstblk/gpregsm1.curr_fwft_state[1]_i_2/O
                         net (fo=32, routed)          0.895     3.894    kria_starter_kit_i/ps8_0_axi_periph/s00_couplers/auto_ds/inst/gen_downsizer.gen_simple_downsizer.axi_downsizer_inst/USE_WRITE.write_addr_inst/cmd_queue/inst/fifo_gen_inst/inst_fifo_gen/gconvfifo.rf/grf.rf/gntv_or_sync_fifo.gl0.wr/wpntr/AR[0]
    SLICE_X8Y89          FDPE                                         f  kria_starter_kit_i/ps8_0_axi_periph/s00_couplers/auto_ds/inst/gen_downsizer.gen_simple_downsizer.axi_downsizer_inst/USE_WRITE.write_addr_inst/cmd_queue/inst/fifo_gen_inst/inst_fifo_gen/gconvfifo.rf/grf.rf/gntv_or_sync_fifo.gl0.wr/wpntr/gcc0.gc0.count_reg[0]/PRE
  -------------------------------------------------------------------    -------------------

                         (clock clk_pl_0 rise edge)
                                                     10.000    10.000 r  
    PS8_X0Y0             PS8                          0.000    10.000 r  kria_starter_kit_i/zynq_ultra_ps_e_0/U0/PS8_i/PLCLK[0]
                         net (fo=1, routed)           0.181    10.181    kria_starter_kit_i/zynq_ultra_ps_e_0/U0/pl_clk_unbuffered[0]
    BUFG_PS_X0Y80        BUFG_PS (Prop_BUFG_PS_I_O)
                                                      0.035    10.216 r  kria_starter_kit_i/zynq_ultra_ps_e_0/U0/buffer_pl_clk_0.PL_CLK_0_BUFG/O
    X0Y1 (CLOCK_ROOT)    net (fo=1837, routed)        1.884    12.100    kria_starter_kit_i/ps8_0_axi_periph/s00_couplers/auto_ds/inst/gen_downsizer.gen_simple_downsizer.axi_downsizer_inst/USE_WRITE.write_addr_inst/cmd_queue/inst/fifo_gen_inst/inst_fifo_gen/gconvfifo.rf/grf.rf/gntv_or_sync_fifo.gl0.wr/wpntr/clk
    SLICE_X8Y89          FDPE                                         r  kria_starter_kit_i/ps8_0_axi_periph/s00_couplers/auto_ds/inst/gen_downsizer.gen_simple_downsizer.axi_downsizer_inst/USE_WRITE.write_addr_inst/cmd_queue/inst/fifo_gen_inst/inst_fifo_gen/gconvfifo.rf/grf.rf/gntv_or_sync_fifo.gl0.wr/wpntr/gcc0.gc0.count_reg[0]/C
                         clock pessimism              0.173    12.274    
                         clock uncertainty           -0.160    12.113    
    SLICE_X8Y89          FDPE (Recov_CFF2_SLICEM_C_PRE)
                                                     -0.093    12.020    kria_starter_kit_i/ps8_0_axi_periph/s00_couplers/auto_ds/inst/gen_downsizer.gen_simple_downsizer.axi_downsizer_inst/USE_WRITE.write_addr_inst/cmd_queue/inst/fifo_gen_inst/inst_fifo_gen/gconvfifo.rf/grf.rf/gntv_or_sync_fifo.gl0.wr/wpntr/gcc0.gc0.count_reg[0]
  -------------------------------------------------------------------
                         required time                         12.020    
                         arrival time                          -3.894    
  -------------------------------------------------------------------
                         slack                                  8.126    

Slack (MET) :             8.126ns  (required time - arrival time)
  Source:                 kria_starter_kit_i/ps8_0_axi_periph/s00_couplers/auto_ds/inst/gen_downsizer.gen_simple_downsizer.axi_downsizer_inst/USE_WRITE.write_addr_inst/cmd_queue/inst/fifo_gen_inst/inst_fifo_gen/gconvfifo.rf/grf.rf/rstblk/ngwrdrst.grst.g7serrst.gnsckt_wrst.gcc_rst.sckt_wr_rst_cc_reg[1]/C
                            (rising edge-triggered cell FDRE clocked by clk_pl_0  {rise@0.000ns fall@5.000ns period=10.000ns})
  Destination:            kria_starter_kit_i/ps8_0_axi_periph/s00_couplers/auto_ds/inst/gen_downsizer.gen_simple_downsizer.axi_downsizer_inst/USE_WRITE.write_addr_inst/cmd_queue/inst/fifo_gen_inst/inst_fifo_gen/gconvfifo.rf/grf.rf/gntv_or_sync_fifo.gl0.wr/wpntr/gcc0.gc0.count_reg[2]/CLR
                            (recovery check against rising-edge clock clk_pl_0  {rise@0.000ns fall@5.000ns period=10.000ns})
  Path Group:             **async_default**
  Path Type:              Recovery (Max at Slow Process Corner)
  Requirement:            10.000ns  (clk_pl_0 rise@10.000ns - clk_pl_0 rise@0.000ns)
  Data Path Delay:        1.516ns  (logic 0.344ns (22.685%)  route 1.172ns (77.315%))
  Logic Levels:           1  (LUT3=1)
  Clock Path Skew:        -0.104ns (DCD - SCD + CPR)
    Destination Clock Delay (DCD):    2.100ns = ( 12.100 - 10.000 ) 
    Source Clock Delay      (SCD):    2.378ns
    Clock Pessimism Removal (CPR):    0.173ns
  Clock Uncertainty:      0.160ns  ((TSJ^2 + DJ^2)^1/2) / 2 + PE
    Total System Jitter     (TSJ):    0.071ns
    Discrete Jitter          (DJ):    0.312ns
    Phase Error              (PE):    0.000ns
  Clock Net Delay (Source):      2.111ns (routing 1.045ns, distribution 1.066ns)
  Clock Net Delay (Destination): 1.884ns (routing 0.955ns, distribution 0.929ns)

    Location             Delay type                Incr(ns)  Path(ns)    Netlist Resource(s)
  -------------------------------------------------------------------    -------------------
                         (clock clk_pl_0 rise edge)
                                                      0.000     0.000 r  
    PS8_X0Y0             PS8                          0.000     0.000 r  kria_starter_kit_i/zynq_ultra_ps_e_0/U0/PS8_i/PLCLK[0]
                         net (fo=1, routed)           0.229     0.229    kria_starter_kit_i/zynq_ultra_ps_e_0/U0/pl_clk_unbuffered[0]
    BUFG_PS_X0Y80        BUFG_PS (Prop_BUFG_PS_I_O)
                                                      0.038     0.267 r  kria_starter_kit_i/zynq_ultra_ps_e_0/U0/buffer_pl_clk_0.PL_CLK_0_BUFG/O
    X0Y1 (CLOCK_ROOT)    net (fo=1837, routed)        2.111     2.378    kria_starter_kit_i/ps8_0_axi_periph/s00_couplers/auto_ds/inst/gen_downsizer.gen_simple_downsizer.axi_downsizer_inst/USE_WRITE.write_addr_inst/cmd_queue/inst/fifo_gen_inst/inst_fifo_gen/gconvfifo.rf/grf.rf/rstblk/clk
    SLICE_X8Y90          FDRE                                         r  kria_starter_kit_i/ps8_0_axi_periph/s00_couplers/auto_ds/inst/gen_downsizer.gen_simple_downsizer.axi_downsizer_inst/USE_WRITE.write_addr_inst/cmd_queue/inst/fifo_gen_inst/inst_fifo_gen/gconvfifo.rf/grf.rf/rstblk/ngwrdrst.grst.g7serrst.gnsckt_wrst.gcc_rst.sckt_wr_rst_cc_reg[1]/C
  -------------------------------------------------------------------    -------------------
    SLICE_X8Y90          FDRE (Prop_EFF2_SLICEM_C_Q)
                                                      0.118     2.496 f  kria_starter_kit_i/ps8_0_axi_periph/s00_couplers/auto_ds/inst/gen_downsizer.gen_simple_downsizer.axi_downsizer_inst/USE_WRITE.write_addr_inst/cmd_queue/inst/fifo_gen_inst/inst_fifo_gen/gconvfifo.rf/grf.rf/rstblk/ngwrdrst.grst.g7serrst.gnsckt_wrst.gcc_rst.sckt_wr_rst_cc_reg[1]/Q
                         net (fo=2, routed)           0.277     2.773    kria_starter_kit_i/ps8_0_axi_periph/s00_couplers/auto_ds/inst/gen_downsizer.gen_simple_downsizer.axi_downsizer_inst/USE_WRITE.write_addr_inst/cmd_queue/inst/fifo_gen_inst/inst_fifo_gen/gconvfifo.rf/grf.rf/rstblk/ngwrdrst.grst.g7serrst.gnsckt_wrst.gcc_rst.sckt_wr_rst_cc[1]
    SLICE_X8Y90          LUT3 (Prop_G6LUT_SLICEM_I0_O)
                                                      0.226     2.999 f  kria_starter_kit_i/ps8_0_axi_periph/s00_couplers/auto_ds/inst/gen_downsizer.gen_simple_downsizer.axi_downsizer_inst/USE_WRITE.write_addr_inst/cmd_queue/inst/fifo_gen_inst/inst_fifo_gen/gconvfifo.rf/grf.rf/rstblk/gpregsm1.curr_fwft_state[1]_i_2/O
                         net (fo=32, routed)          0.895     3.894    kria_starter_kit_i/ps8_0_axi_periph/s00_couplers/auto_ds/inst/gen_downsizer.gen_simple_downsizer.axi_downsizer_inst/USE_WRITE.write_addr_inst/cmd_queue/inst/fifo_gen_inst/inst_fifo_gen/gconvfifo.rf/grf.rf/gntv_or_sync_fifo.gl0.wr/wpntr/AR[0]
    SLICE_X8Y89          FDCE                                         f  kria_starter_kit_i/ps8_0_axi_periph/s00_couplers/auto_ds/inst/gen_downsizer.gen_simple_downsizer.axi_downsizer_inst/USE_WRITE.write_addr_inst/cmd_queue/inst/fifo_gen_inst/inst_fifo_gen/gconvfifo.rf/grf.rf/gntv_or_sync_fifo.gl0.wr/wpntr/gcc0.gc0.count_reg[2]/CLR
  -------------------------------------------------------------------    -------------------

                         (clock clk_pl_0 rise edge)
                                                     10.000    10.000 r  
    PS8_X0Y0             PS8                          0.000    10.000 r  kria_starter_kit_i/zynq_ultra_ps_e_0/U0/PS8_i/PLCLK[0]
                         net (fo=1, routed)           0.181    10.181    kria_starter_kit_i/zynq_ultra_ps_e_0/U0/pl_clk_unbuffered[0]
    BUFG_PS_X0Y80        BUFG_PS (Prop_BUFG_PS_I_O)
                                                      0.035    10.216 r  kria_starter_kit_i/zynq_ultra_ps_e_0/U0/buffer_pl_clk_0.PL_CLK_0_BUFG/O
    X0Y1 (CLOCK_ROOT)    net (fo=1837, routed)        1.884    12.100    kria_starter_kit_i/ps8_0_axi_periph/s00_couplers/auto_ds/inst/gen_downsizer.gen_simple_downsizer.axi_downsizer_inst/USE_WRITE.write_addr_inst/cmd_queue/inst/fifo_gen_inst/inst_fifo_gen/gconvfifo.rf/grf.rf/gntv_or_sync_fifo.gl0.wr/wpntr/clk
    SLICE_X8Y89          FDCE                                         r  kria_starter_kit_i/ps8_0_axi_periph/s00_couplers/auto_ds/inst/gen_downsizer.gen_simple_downsizer.axi_downsizer_inst/USE_WRITE.write_addr_inst/cmd_queue/inst/fifo_gen_inst/inst_fifo_gen/gconvfifo.rf/grf.rf/gntv_or_sync_fifo.gl0.wr/wpntr/gcc0.gc0.count_reg[2]/C
                         clock pessimism              0.173    12.274    
                         clock uncertainty           -0.160    12.113    
    SLICE_X8Y89          FDCE (Recov_BFF2_SLICEM_C_CLR)
                                                     -0.093    12.020    kria_starter_kit_i/ps8_0_axi_periph/s00_couplers/auto_ds/inst/gen_downsizer.gen_simple_downsizer.axi_downsizer_inst/USE_WRITE.write_addr_inst/cmd_queue/inst/fifo_gen_inst/inst_fifo_gen/gconvfifo.rf/grf.rf/gntv_or_sync_fifo.gl0.wr/wpntr/gcc0.gc0.count_reg[2]
  -------------------------------------------------------------------
                         required time                         12.020    
                         arrival time                          -3.894    
  -------------------------------------------------------------------
                         slack                                  8.126    

Slack (MET) :             8.129ns  (required time - arrival time)
  Source:                 kria_starter_kit_i/ps8_0_axi_periph/s00_couplers/auto_ds/inst/gen_downsizer.gen_simple_downsizer.axi_downsizer_inst/USE_WRITE.write_addr_inst/cmd_queue/inst/fifo_gen_inst/inst_fifo_gen/gconvfifo.rf/grf.rf/rstblk/ngwrdrst.grst.g7serrst.gnsckt_wrst.gcc_rst.sckt_wr_rst_cc_reg[1]/C
                            (rising edge-triggered cell FDRE clocked by clk_pl_0  {rise@0.000ns fall@5.000ns period=10.000ns})
  Destination:            kria_starter_kit_i/ps8_0_axi_periph/s00_couplers/auto_ds/inst/gen_downsizer.gen_simple_downsizer.axi_downsizer_inst/USE_WRITE.write_addr_inst/cmd_queue/inst/fifo_gen_inst/inst_fifo_gen/gconvfifo.rf/grf.rf/gntv_or_sync_fifo.gl0.wr/wpntr/gcc0.gc0.count_d1_reg[0]/CLR
                            (recovery check against rising-edge clock clk_pl_0  {rise@0.000ns fall@5.000ns period=10.000ns})
  Path Group:             **async_default**
  Path Type:              Recovery (Max at Slow Process Corner)
  Requirement:            10.000ns  (clk_pl_0 rise@10.000ns - clk_pl_0 rise@0.000ns)
  Data Path Delay:        1.513ns  (logic 0.344ns (22.730%)  route 1.169ns (77.270%))
  Logic Levels:           1  (LUT3=1)
  Clock Path Skew:        -0.104ns (DCD - SCD + CPR)
    Destination Clock Delay (DCD):    2.100ns = ( 12.100 - 10.000 ) 
    Source Clock Delay      (SCD):    2.378ns
    Clock Pessimism Removal (CPR):    0.173ns
  Clock Uncertainty:      0.160ns  ((TSJ^2 + DJ^2)^1/2) / 2 + PE
    Total System Jitter     (TSJ):    0.071ns
    Discrete Jitter          (DJ):    0.312ns
    Phase Error              (PE):    0.000ns
  Clock Net Delay (Source):      2.111ns (routing 1.045ns, distribution 1.066ns)
  Clock Net Delay (Destination): 1.884ns (routing 0.955ns, distribution 0.929ns)

    Location             Delay type                Incr(ns)  Path(ns)    Netlist Resource(s)
  -------------------------------------------------------------------    -------------------
                         (clock clk_pl_0 rise edge)
                                                      0.000     0.000 r  
    PS8_X0Y0             PS8                          0.000     0.000 r  kria_starter_kit_i/zynq_ultra_ps_e_0/U0/PS8_i/PLCLK[0]
                         net (fo=1, routed)           0.229     0.229    kria_starter_kit_i/zynq_ultra_ps_e_0/U0/pl_clk_unbuffered[0]
    BUFG_PS_X0Y80        BUFG_PS (Prop_BUFG_PS_I_O)
                                                      0.038     0.267 r  kria_starter_kit_i/zynq_ultra_ps_e_0/U0/buffer_pl_clk_0.PL_CLK_0_BUFG/O
    X0Y1 (CLOCK_ROOT)    net (fo=1837, routed)        2.111     2.378    kria_starter_kit_i/ps8_0_axi_periph/s00_couplers/auto_ds/inst/gen_downsizer.gen_simple_downsizer.axi_downsizer_inst/USE_WRITE.write_addr_inst/cmd_queue/inst/fifo_gen_inst/inst_fifo_gen/gconvfifo.rf/grf.rf/rstblk/clk
    SLICE_X8Y90          FDRE                                         r  kria_starter_kit_i/ps8_0_axi_periph/s00_couplers/auto_ds/inst/gen_downsizer.gen_simple_downsizer.axi_downsizer_inst/USE_WRITE.write_addr_inst/cmd_queue/inst/fifo_gen_inst/inst_fifo_gen/gconvfifo.rf/grf.rf/rstblk/ngwrdrst.grst.g7serrst.gnsckt_wrst.gcc_rst.sckt_wr_rst_cc_reg[1]/C
  -------------------------------------------------------------------    -------------------
    SLICE_X8Y90          FDRE (Prop_EFF2_SLICEM_C_Q)
                                                      0.118     2.496 f  kria_starter_kit_i/ps8_0_axi_periph/s00_couplers/auto_ds/inst/gen_downsizer.gen_simple_downsizer.axi_downsizer_inst/USE_WRITE.write_addr_inst/cmd_queue/inst/fifo_gen_inst/inst_fifo_gen/gconvfifo.rf/grf.rf/rstblk/ngwrdrst.grst.g7serrst.gnsckt_wrst.gcc_rst.sckt_wr_rst_cc_reg[1]/Q
                         net (fo=2, routed)           0.277     2.773    kria_starter_kit_i/ps8_0_axi_periph/s00_couplers/auto_ds/inst/gen_downsizer.gen_simple_downsizer.axi_downsizer_inst/USE_WRITE.write_addr_inst/cmd_queue/inst/fifo_gen_inst/inst_fifo_gen/gconvfifo.rf/grf.rf/rstblk/ngwrdrst.grst.g7serrst.gnsckt_wrst.gcc_rst.sckt_wr_rst_cc[1]
    SLICE_X8Y90          LUT3 (Prop_G6LUT_SLICEM_I0_O)
                                                      0.226     2.999 f  kria_starter_kit_i/ps8_0_axi_periph/s00_couplers/auto_ds/inst/gen_downsizer.gen_simple_downsizer.axi_downsizer_inst/USE_WRITE.write_addr_inst/cmd_queue/inst/fifo_gen_inst/inst_fifo_gen/gconvfifo.rf/grf.rf/rstblk/gpregsm1.curr_fwft_state[1]_i_2/O
                         net (fo=32, routed)          0.892     3.891    kria_starter_kit_i/ps8_0_axi_periph/s00_couplers/auto_ds/inst/gen_downsizer.gen_simple_downsizer.axi_downsizer_inst/USE_WRITE.write_addr_inst/cmd_queue/inst/fifo_gen_inst/inst_fifo_gen/gconvfifo.rf/grf.rf/gntv_or_sync_fifo.gl0.wr/wpntr/AR[0]
    SLICE_X8Y89          FDCE                                         f  kria_starter_kit_i/ps8_0_axi_periph/s00_couplers/auto_ds/inst/gen_downsizer.gen_simple_downsizer.axi_downsizer_inst/USE_WRITE.write_addr_inst/cmd_queue/inst/fifo_gen_inst/inst_fifo_gen/gconvfifo.rf/grf.rf/gntv_or_sync_fifo.gl0.wr/wpntr/gcc0.gc0.count_d1_reg[0]/CLR
  -------------------------------------------------------------------    -------------------

                         (clock clk_pl_0 rise edge)
                                                     10.000    10.000 r  
    PS8_X0Y0             PS8                          0.000    10.000 r  kria_starter_kit_i/zynq_ultra_ps_e_0/U0/PS8_i/PLCLK[0]
                         net (fo=1, routed)           0.181    10.181    kria_starter_kit_i/zynq_ultra_ps_e_0/U0/pl_clk_unbuffered[0]
    BUFG_PS_X0Y80        BUFG_PS (Prop_BUFG_PS_I_O)
                                                      0.035    10.216 r  kria_starter_kit_i/zynq_ultra_ps_e_0/U0/buffer_pl_clk_0.PL_CLK_0_BUFG/O
    X0Y1 (CLOCK_ROOT)    net (fo=1837, routed)        1.884    12.100    kria_starter_kit_i/ps8_0_axi_periph/s00_couplers/auto_ds/inst/gen_downsizer.gen_simple_downsizer.axi_downsizer_inst/USE_WRITE.write_addr_inst/cmd_queue/inst/fifo_gen_inst/inst_fifo_gen/gconvfifo.rf/grf.rf/gntv_or_sync_fifo.gl0.wr/wpntr/clk
    SLICE_X8Y89          FDCE                                         r  kria_starter_kit_i/ps8_0_axi_periph/s00_couplers/auto_ds/inst/gen_downsizer.gen_simple_downsizer.axi_downsizer_inst/USE_WRITE.write_addr_inst/cmd_queue/inst/fifo_gen_inst/inst_fifo_gen/gconvfifo.rf/grf.rf/gntv_or_sync_fifo.gl0.wr/wpntr/gcc0.gc0.count_d1_reg[0]/C
                         clock pessimism              0.173    12.274    
                         clock uncertainty           -0.160    12.113    
    SLICE_X8Y89          FDCE (Recov_EFF_SLICEM_C_CLR)
                                                     -0.093    12.020    kria_starter_kit_i/ps8_0_axi_periph/s00_couplers/auto_ds/inst/gen_downsizer.gen_simple_downsizer.axi_downsizer_inst/USE_WRITE.write_addr_inst/cmd_queue/inst/fifo_gen_inst/inst_fifo_gen/gconvfifo.rf/grf.rf/gntv_or_sync_fifo.gl0.wr/wpntr/gcc0.gc0.count_d1_reg[0]
  -------------------------------------------------------------------
                         required time                         12.020    
                         arrival time                          -3.891    
  -------------------------------------------------------------------
                         slack                                  8.129    

Slack (MET) :             8.129ns  (required time - arrival time)
  Source:                 kria_starter_kit_i/ps8_0_axi_periph/s00_couplers/auto_ds/inst/gen_downsizer.gen_simple_downsizer.axi_downsizer_inst/USE_WRITE.write_addr_inst/cmd_queue/inst/fifo_gen_inst/inst_fifo_gen/gconvfifo.rf/grf.rf/rstblk/ngwrdrst.grst.g7serrst.gnsckt_wrst.gcc_rst.sckt_wr_rst_cc_reg[1]/C
                            (rising edge-triggered cell FDRE clocked by clk_pl_0  {rise@0.000ns fall@5.000ns period=10.000ns})
  Destination:            kria_starter_kit_i/ps8_0_axi_periph/s00_couplers/auto_ds/inst/gen_downsizer.gen_simple_downsizer.axi_downsizer_inst/USE_WRITE.write_addr_inst/cmd_queue/inst/fifo_gen_inst/inst_fifo_gen/gconvfifo.rf/grf.rf/gntv_or_sync_fifo.gl0.wr/wpntr/gcc0.gc0.count_d1_reg[1]/CLR
                            (recovery check against rising-edge clock clk_pl_0  {rise@0.000ns fall@5.000ns period=10.000ns})
  Path Group:             **async_default**
  Path Type:              Recovery (Max at Slow Process Corner)
  Requirement:            10.000ns  (clk_pl_0 rise@10.000ns - clk_pl_0 rise@0.000ns)
  Data Path Delay:        1.513ns  (logic 0.344ns (22.730%)  route 1.169ns (77.270%))
  Logic Levels:           1  (LUT3=1)
  Clock Path Skew:        -0.104ns (DCD - SCD + CPR)
    Destination Clock Delay (DCD):    2.100ns = ( 12.100 - 10.000 ) 
    Source Clock Delay      (SCD):    2.378ns
    Clock Pessimism Removal (CPR):    0.173ns
  Clock Uncertainty:      0.160ns  ((TSJ^2 + DJ^2)^1/2) / 2 + PE
    Total System Jitter     (TSJ):    0.071ns
    Discrete Jitter          (DJ):    0.312ns
    Phase Error              (PE):    0.000ns
  Clock Net Delay (Source):      2.111ns (routing 1.045ns, distribution 1.066ns)
  Clock Net Delay (Destination): 1.884ns (routing 0.955ns, distribution 0.929ns)

    Location             Delay type                Incr(ns)  Path(ns)    Netlist Resource(s)
  -------------------------------------------------------------------    -------------------
                         (clock clk_pl_0 rise edge)
                                                      0.000     0.000 r  
    PS8_X0Y0             PS8                          0.000     0.000 r  kria_starter_kit_i/zynq_ultra_ps_e_0/U0/PS8_i/PLCLK[0]
                         net (fo=1, routed)           0.229     0.229    kria_starter_kit_i/zynq_ultra_ps_e_0/U0/pl_clk_unbuffered[0]
    BUFG_PS_X0Y80        BUFG_PS (Prop_BUFG_PS_I_O)
                                                      0.038     0.267 r  kria_starter_kit_i/zynq_ultra_ps_e_0/U0/buffer_pl_clk_0.PL_CLK_0_BUFG/O
    X0Y1 (CLOCK_ROOT)    net (fo=1837, routed)        2.111     2.378    kria_starter_kit_i/ps8_0_axi_periph/s00_couplers/auto_ds/inst/gen_downsizer.gen_simple_downsizer.axi_downsizer_inst/USE_WRITE.write_addr_inst/cmd_queue/inst/fifo_gen_inst/inst_fifo_gen/gconvfifo.rf/grf.rf/rstblk/clk
    SLICE_X8Y90          FDRE                                         r  kria_starter_kit_i/ps8_0_axi_periph/s00_couplers/auto_ds/inst/gen_downsizer.gen_simple_downsizer.axi_downsizer_inst/USE_WRITE.write_addr_inst/cmd_queue/inst/fifo_gen_inst/inst_fifo_gen/gconvfifo.rf/grf.rf/rstblk/ngwrdrst.grst.g7serrst.gnsckt_wrst.gcc_rst.sckt_wr_rst_cc_reg[1]/C
  -------------------------------------------------------------------    -------------------
    SLICE_X8Y90          FDRE (Prop_EFF2_SLICEM_C_Q)
                                                      0.118     2.496 f  kria_starter_kit_i/ps8_0_axi_periph/s00_couplers/auto_ds/inst/gen_downsizer.gen_simple_downsizer.axi_downsizer_inst/USE_WRITE.write_addr_inst/cmd_queue/inst/fifo_gen_inst/inst_fifo_gen/gconvfifo.rf/grf.rf/rstblk/ngwrdrst.grst.g7serrst.gnsckt_wrst.gcc_rst.sckt_wr_rst_cc_reg[1]/Q
                         net (fo=2, routed)           0.277     2.773    kria_starter_kit_i/ps8_0_axi_periph/s00_couplers/auto_ds/inst/gen_downsizer.gen_simple_downsizer.axi_downsizer_inst/USE_WRITE.write_addr_inst/cmd_queue/inst/fifo_gen_inst/inst_fifo_gen/gconvfifo.rf/grf.rf/rstblk/ngwrdrst.grst.g7serrst.gnsckt_wrst.gcc_rst.sckt_wr_rst_cc[1]
    SLICE_X8Y90          LUT3 (Prop_G6LUT_SLICEM_I0_O)
                                                      0.226     2.999 f  kria_starter_kit_i/ps8_0_axi_periph/s00_couplers/auto_ds/inst/gen_downsizer.gen_simple_downsizer.axi_downsizer_inst/USE_WRITE.write_addr_inst/cmd_queue/inst/fifo_gen_inst/inst_fifo_gen/gconvfifo.rf/grf.rf/rstblk/gpregsm1.curr_fwft_state[1]_i_2/O
                         net (fo=32, routed)          0.892     3.891    kria_starter_kit_i/ps8_0_axi_periph/s00_couplers/auto_ds/inst/gen_downsizer.gen_simple_downsizer.axi_downsizer_inst/USE_WRITE.write_addr_inst/cmd_queue/inst/fifo_gen_inst/inst_fifo_gen/gconvfifo.rf/grf.rf/gntv_or_sync_fifo.gl0.wr/wpntr/AR[0]
    SLICE_X8Y89          FDCE                                         f  kria_starter_kit_i/ps8_0_axi_periph/s00_couplers/auto_ds/inst/gen_downsizer.gen_simple_downsizer.axi_downsizer_inst/USE_WRITE.write_addr_inst/cmd_queue/inst/fifo_gen_inst/inst_fifo_gen/gconvfifo.rf/grf.rf/gntv_or_sync_fifo.gl0.wr/wpntr/gcc0.gc0.count_d1_reg[1]/CLR
  -------------------------------------------------------------------    -------------------

                         (clock clk_pl_0 rise edge)
                                                     10.000    10.000 r  
    PS8_X0Y0             PS8                          0.000    10.000 r  kria_starter_kit_i/zynq_ultra_ps_e_0/U0/PS8_i/PLCLK[0]
                         net (fo=1, routed)           0.181    10.181    kria_starter_kit_i/zynq_ultra_ps_e_0/U0/pl_clk_unbuffered[0]
    BUFG_PS_X0Y80        BUFG_PS (Prop_BUFG_PS_I_O)
                                                      0.035    10.216 r  kria_starter_kit_i/zynq_ultra_ps_e_0/U0/buffer_pl_clk_0.PL_CLK_0_BUFG/O
    X0Y1 (CLOCK_ROOT)    net (fo=1837, routed)        1.884    12.100    kria_starter_kit_i/ps8_0_axi_periph/s00_couplers/auto_ds/inst/gen_downsizer.gen_simple_downsizer.axi_downsizer_inst/USE_WRITE.write_addr_inst/cmd_queue/inst/fifo_gen_inst/inst_fifo_gen/gconvfifo.rf/grf.rf/gntv_or_sync_fifo.gl0.wr/wpntr/clk
    SLICE_X8Y89          FDCE                                         r  kria_starter_kit_i/ps8_0_axi_periph/s00_couplers/auto_ds/inst/gen_downsizer.gen_simple_downsizer.axi_downsizer_inst/USE_WRITE.write_addr_inst/cmd_queue/inst/fifo_gen_inst/inst_fifo_gen/gconvfifo.rf/grf.rf/gntv_or_sync_fifo.gl0.wr/wpntr/gcc0.gc0.count_d1_reg[1]/C
                         clock pessimism              0.173    12.274    
                         clock uncertainty           -0.160    12.113    
    SLICE_X8Y89          FDCE (Recov_EFF2_SLICEM_C_CLR)
                                                     -0.093    12.020    kria_starter_kit_i/ps8_0_axi_periph/s00_couplers/auto_ds/inst/gen_downsizer.gen_simple_downsizer.axi_downsizer_inst/USE_WRITE.write_addr_inst/cmd_queue/inst/fifo_gen_inst/inst_fifo_gen/gconvfifo.rf/grf.rf/gntv_or_sync_fifo.gl0.wr/wpntr/gcc0.gc0.count_d1_reg[1]
  -------------------------------------------------------------------
                         required time                         12.020    
                         arrival time                          -3.891    
  -------------------------------------------------------------------
                         slack                                  8.129    

Slack (MET) :             8.129ns  (required time - arrival time)
  Source:                 kria_starter_kit_i/ps8_0_axi_periph/s00_couplers/auto_ds/inst/gen_downsizer.gen_simple_downsizer.axi_downsizer_inst/USE_WRITE.write_addr_inst/cmd_queue/inst/fifo_gen_inst/inst_fifo_gen/gconvfifo.rf/grf.rf/rstblk/ngwrdrst.grst.g7serrst.gnsckt_wrst.gcc_rst.sckt_wr_rst_cc_reg[1]/C
                            (rising edge-triggered cell FDRE clocked by clk_pl_0  {rise@0.000ns fall@5.000ns period=10.000ns})
  Destination:            kria_starter_kit_i/ps8_0_axi_periph/s00_couplers/auto_ds/inst/gen_downsizer.gen_simple_downsizer.axi_downsizer_inst/USE_WRITE.write_addr_inst/cmd_queue/inst/fifo_gen_inst/inst_fifo_gen/gconvfifo.rf/grf.rf/gntv_or_sync_fifo.gl0.wr/wpntr/gcc0.gc0.count_d1_reg[2]/CLR
                            (recovery check against rising-edge clock clk_pl_0  {rise@0.000ns fall@5.000ns period=10.000ns})
  Path Group:             **async_default**
  Path Type:              Recovery (Max at Slow Process Corner)
  Requirement:            10.000ns  (clk_pl_0 rise@10.000ns - clk_pl_0 rise@0.000ns)
  Data Path Delay:        1.513ns  (logic 0.344ns (22.730%)  route 1.169ns (77.270%))
  Logic Levels:           1  (LUT3=1)
  Clock Path Skew:        -0.104ns (DCD - SCD + CPR)
    Destination Clock Delay (DCD):    2.100ns = ( 12.100 - 10.000 ) 
    Source Clock Delay      (SCD):    2.378ns
    Clock Pessimism Removal (CPR):    0.173ns
  Clock Uncertainty:      0.160ns  ((TSJ^2 + DJ^2)^1/2) / 2 + PE
    Total System Jitter     (TSJ):    0.071ns
    Discrete Jitter          (DJ):    0.312ns
    Phase Error              (PE):    0.000ns
  Clock Net Delay (Source):      2.111ns (routing 1.045ns, distribution 1.066ns)
  Clock Net Delay (Destination): 1.884ns (routing 0.955ns, distribution 0.929ns)

    Location             Delay type                Incr(ns)  Path(ns)    Netlist Resource(s)
  -------------------------------------------------------------------    -------------------
                         (clock clk_pl_0 rise edge)
                                                      0.000     0.000 r  
    PS8_X0Y0             PS8                          0.000     0.000 r  kria_starter_kit_i/zynq_ultra_ps_e_0/U0/PS8_i/PLCLK[0]
                         net (fo=1, routed)           0.229     0.229    kria_starter_kit_i/zynq_ultra_ps_e_0/U0/pl_clk_unbuffered[0]
    BUFG_PS_X0Y80        BUFG_PS (Prop_BUFG_PS_I_O)
                                                      0.038     0.267 r  kria_starter_kit_i/zynq_ultra_ps_e_0/U0/buffer_pl_clk_0.PL_CLK_0_BUFG/O
    X0Y1 (CLOCK_ROOT)    net (fo=1837, routed)        2.111     2.378    kria_starter_kit_i/ps8_0_axi_periph/s00_couplers/auto_ds/inst/gen_downsizer.gen_simple_downsizer.axi_downsizer_inst/USE_WRITE.write_addr_inst/cmd_queue/inst/fifo_gen_inst/inst_fifo_gen/gconvfifo.rf/grf.rf/rstblk/clk
    SLICE_X8Y90          FDRE                                         r  kria_starter_kit_i/ps8_0_axi_periph/s00_couplers/auto_ds/inst/gen_downsizer.gen_simple_downsizer.axi_downsizer_inst/USE_WRITE.write_addr_inst/cmd_queue/inst/fifo_gen_inst/inst_fifo_gen/gconvfifo.rf/grf.rf/rstblk/ngwrdrst.grst.g7serrst.gnsckt_wrst.gcc_rst.sckt_wr_rst_cc_reg[1]/C
  -------------------------------------------------------------------    -------------------
    SLICE_X8Y90          FDRE (Prop_EFF2_SLICEM_C_Q)
                                                      0.118     2.496 f  kria_starter_kit_i/ps8_0_axi_periph/s00_couplers/auto_ds/inst/gen_downsizer.gen_simple_downsizer.axi_downsizer_inst/USE_WRITE.write_addr_inst/cmd_queue/inst/fifo_gen_inst/inst_fifo_gen/gconvfifo.rf/grf.rf/rstblk/ngwrdrst.grst.g7serrst.gnsckt_wrst.gcc_rst.sckt_wr_rst_cc_reg[1]/Q
                         net (fo=2, routed)           0.277     2.773    kria_starter_kit_i/ps8_0_axi_periph/s00_couplers/auto_ds/inst/gen_downsizer.gen_simple_downsizer.axi_downsizer_inst/USE_WRITE.write_addr_inst/cmd_queue/inst/fifo_gen_inst/inst_fifo_gen/gconvfifo.rf/grf.rf/rstblk/ngwrdrst.grst.g7serrst.gnsckt_wrst.gcc_rst.sckt_wr_rst_cc[1]
    SLICE_X8Y90          LUT3 (Prop_G6LUT_SLICEM_I0_O)
                                                      0.226     2.999 f  kria_starter_kit_i/ps8_0_axi_periph/s00_couplers/auto_ds/inst/gen_downsizer.gen_simple_downsizer.axi_downsizer_inst/USE_WRITE.write_addr_inst/cmd_queue/inst/fifo_gen_inst/inst_fifo_gen/gconvfifo.rf/grf.rf/rstblk/gpregsm1.curr_fwft_state[1]_i_2/O
                         net (fo=32, routed)          0.892     3.891    kria_starter_kit_i/ps8_0_axi_periph/s00_couplers/auto_ds/inst/gen_downsizer.gen_simple_downsizer.axi_downsizer_inst/USE_WRITE.write_addr_inst/cmd_queue/inst/fifo_gen_inst/inst_fifo_gen/gconvfifo.rf/grf.rf/gntv_or_sync_fifo.gl0.wr/wpntr/AR[0]
    SLICE_X8Y89          FDCE                                         f  kria_starter_kit_i/ps8_0_axi_periph/s00_couplers/auto_ds/inst/gen_downsizer.gen_simple_downsizer.axi_downsizer_inst/USE_WRITE.write_addr_inst/cmd_queue/inst/fifo_gen_inst/inst_fifo_gen/gconvfifo.rf/grf.rf/gntv_or_sync_fifo.gl0.wr/wpntr/gcc0.gc0.count_d1_reg[2]/CLR
  -------------------------------------------------------------------    -------------------

                         (clock clk_pl_0 rise edge)
                                                     10.000    10.000 r  
    PS8_X0Y0             PS8                          0.000    10.000 r  kria_starter_kit_i/zynq_ultra_ps_e_0/U0/PS8_i/PLCLK[0]
                         net (fo=1, routed)           0.181    10.181    kria_starter_kit_i/zynq_ultra_ps_e_0/U0/pl_clk_unbuffered[0]
    BUFG_PS_X0Y80        BUFG_PS (Prop_BUFG_PS_I_O)
                                                      0.035    10.216 r  kria_starter_kit_i/zynq_ultra_ps_e_0/U0/buffer_pl_clk_0.PL_CLK_0_BUFG/O
    X0Y1 (CLOCK_ROOT)    net (fo=1837, routed)        1.884    12.100    kria_starter_kit_i/ps8_0_axi_periph/s00_couplers/auto_ds/inst/gen_downsizer.gen_simple_downsizer.axi_downsizer_inst/USE_WRITE.write_addr_inst/cmd_queue/inst/fifo_gen_inst/inst_fifo_gen/gconvfifo.rf/grf.rf/gntv_or_sync_fifo.gl0.wr/wpntr/clk
    SLICE_X8Y89          FDCE                                         r  kria_starter_kit_i/ps8_0_axi_periph/s00_couplers/auto_ds/inst/gen_downsizer.gen_simple_downsizer.axi_downsizer_inst/USE_WRITE.write_addr_inst/cmd_queue/inst/fifo_gen_inst/inst_fifo_gen/gconvfifo.rf/grf.rf/gntv_or_sync_fifo.gl0.wr/wpntr/gcc0.gc0.count_d1_reg[2]/C
                         clock pessimism              0.173    12.274    
                         clock uncertainty           -0.160    12.113    
    SLICE_X8Y89          FDCE (Recov_FFF_SLICEM_C_CLR)
                                                     -0.093    12.020    kria_starter_kit_i/ps8_0_axi_periph/s00_couplers/auto_ds/inst/gen_downsizer.gen_simple_downsizer.axi_downsizer_inst/USE_WRITE.write_addr_inst/cmd_queue/inst/fifo_gen_inst/inst_fifo_gen/gconvfifo.rf/grf.rf/gntv_or_sync_fifo.gl0.wr/wpntr/gcc0.gc0.count_d1_reg[2]
  -------------------------------------------------------------------
                         required time                         12.020    
                         arrival time                          -3.891    
  -------------------------------------------------------------------
                         slack                                  8.129    

Slack (MET) :             8.129ns  (required time - arrival time)
  Source:                 kria_starter_kit_i/ps8_0_axi_periph/s00_couplers/auto_ds/inst/gen_downsizer.gen_simple_downsizer.axi_downsizer_inst/USE_WRITE.write_addr_inst/cmd_queue/inst/fifo_gen_inst/inst_fifo_gen/gconvfifo.rf/grf.rf/rstblk/ngwrdrst.grst.g7serrst.gnsckt_wrst.gcc_rst.sckt_wr_rst_cc_reg[1]/C
                            (rising edge-triggered cell FDRE clocked by clk_pl_0  {rise@0.000ns fall@5.000ns period=10.000ns})
  Destination:            kria_starter_kit_i/ps8_0_axi_periph/s00_couplers/auto_ds/inst/gen_downsizer.gen_simple_downsizer.axi_downsizer_inst/USE_WRITE.write_addr_inst/cmd_queue/inst/fifo_gen_inst/inst_fifo_gen/gconvfifo.rf/grf.rf/gntv_or_sync_fifo.gl0.wr/wpntr/gcc0.gc0.count_d1_reg[3]/CLR
                            (recovery check against rising-edge clock clk_pl_0  {rise@0.000ns fall@5.000ns period=10.000ns})
  Path Group:             **async_default**
  Path Type:              Recovery (Max at Slow Process Corner)
  Requirement:            10.000ns  (clk_pl_0 rise@10.000ns - clk_pl_0 rise@0.000ns)
  Data Path Delay:        1.513ns  (logic 0.344ns (22.730%)  route 1.169ns (77.270%))
  Logic Levels:           1  (LUT3=1)
  Clock Path Skew:        -0.104ns (DCD - SCD + CPR)
    Destination Clock Delay (DCD):    2.100ns = ( 12.100 - 10.000 ) 
    Source Clock Delay      (SCD):    2.378ns
    Clock Pessimism Removal (CPR):    0.173ns
  Clock Uncertainty:      0.160ns  ((TSJ^2 + DJ^2)^1/2) / 2 + PE
    Total System Jitter     (TSJ):    0.071ns
    Discrete Jitter          (DJ):    0.312ns
    Phase Error              (PE):    0.000ns
  Clock Net Delay (Source):      2.111ns (routing 1.045ns, distribution 1.066ns)
  Clock Net Delay (Destination): 1.884ns (routing 0.955ns, distribution 0.929ns)

    Location             Delay type                Incr(ns)  Path(ns)    Netlist Resource(s)
  -------------------------------------------------------------------    -------------------
                         (clock clk_pl_0 rise edge)
                                                      0.000     0.000 r  
    PS8_X0Y0             PS8                          0.000     0.000 r  kria_starter_kit_i/zynq_ultra_ps_e_0/U0/PS8_i/PLCLK[0]
                         net (fo=1, routed)           0.229     0.229    kria_starter_kit_i/zynq_ultra_ps_e_0/U0/pl_clk_unbuffered[0]
    BUFG_PS_X0Y80        BUFG_PS (Prop_BUFG_PS_I_O)
                                                      0.038     0.267 r  kria_starter_kit_i/zynq_ultra_ps_e_0/U0/buffer_pl_clk_0.PL_CLK_0_BUFG/O
    X0Y1 (CLOCK_ROOT)    net (fo=1837, routed)        2.111     2.378    kria_starter_kit_i/ps8_0_axi_periph/s00_couplers/auto_ds/inst/gen_downsizer.gen_simple_downsizer.axi_downsizer_inst/USE_WRITE.write_addr_inst/cmd_queue/inst/fifo_gen_inst/inst_fifo_gen/gconvfifo.rf/grf.rf/rstblk/clk
    SLICE_X8Y90          FDRE                                         r  kria_starter_kit_i/ps8_0_axi_periph/s00_couplers/auto_ds/inst/gen_downsizer.gen_simple_downsizer.axi_downsizer_inst/USE_WRITE.write_addr_inst/cmd_queue/inst/fifo_gen_inst/inst_fifo_gen/gconvfifo.rf/grf.rf/rstblk/ngwrdrst.grst.g7serrst.gnsckt_wrst.gcc_rst.sckt_wr_rst_cc_reg[1]/C
  -------------------------------------------------------------------    -------------------
    SLICE_X8Y90          FDRE (Prop_EFF2_SLICEM_C_Q)
                                                      0.118     2.496 f  kria_starter_kit_i/ps8_0_axi_periph/s00_couplers/auto_ds/inst/gen_downsizer.gen_simple_downsizer.axi_downsizer_inst/USE_WRITE.write_addr_inst/cmd_queue/inst/fifo_gen_inst/inst_fifo_gen/gconvfifo.rf/grf.rf/rstblk/ngwrdrst.grst.g7serrst.gnsckt_wrst.gcc_rst.sckt_wr_rst_cc_reg[1]/Q
                         net (fo=2, routed)           0.277     2.773    kria_starter_kit_i/ps8_0_axi_periph/s00_couplers/auto_ds/inst/gen_downsizer.gen_simple_downsizer.axi_downsizer_inst/USE_WRITE.write_addr_inst/cmd_queue/inst/fifo_gen_inst/inst_fifo_gen/gconvfifo.rf/grf.rf/rstblk/ngwrdrst.grst.g7serrst.gnsckt_wrst.gcc_rst.sckt_wr_rst_cc[1]
    SLICE_X8Y90          LUT3 (Prop_G6LUT_SLICEM_I0_O)
                                                      0.226     2.999 f  kria_starter_kit_i/ps8_0_axi_periph/s00_couplers/auto_ds/inst/gen_downsizer.gen_simple_downsizer.axi_downsizer_inst/USE_WRITE.write_addr_inst/cmd_queue/inst/fifo_gen_inst/inst_fifo_gen/gconvfifo.rf/grf.rf/rstblk/gpregsm1.curr_fwft_state[1]_i_2/O
                         net (fo=32, routed)          0.892     3.891    kria_starter_kit_i/ps8_0_axi_periph/s00_couplers/auto_ds/inst/gen_downsizer.gen_simple_downsizer.axi_downsizer_inst/USE_WRITE.write_addr_inst/cmd_queue/inst/fifo_gen_inst/inst_fifo_gen/gconvfifo.rf/grf.rf/gntv_or_sync_fifo.gl0.wr/wpntr/AR[0]
    SLICE_X8Y89          FDCE                                         f  kria_starter_kit_i/ps8_0_axi_periph/s00_couplers/auto_ds/inst/gen_downsizer.gen_simple_downsizer.axi_downsizer_inst/USE_WRITE.write_addr_inst/cmd_queue/inst/fifo_gen_inst/inst_fifo_gen/gconvfifo.rf/grf.rf/gntv_or_sync_fifo.gl0.wr/wpntr/gcc0.gc0.count_d1_reg[3]/CLR
  -------------------------------------------------------------------    -------------------

                         (clock clk_pl_0 rise edge)
                                                     10.000    10.000 r  
    PS8_X0Y0             PS8                          0.000    10.000 r  kria_starter_kit_i/zynq_ultra_ps_e_0/U0/PS8_i/PLCLK[0]
                         net (fo=1, routed)           0.181    10.181    kria_starter_kit_i/zynq_ultra_ps_e_0/U0/pl_clk_unbuffered[0]
    BUFG_PS_X0Y80        BUFG_PS (Prop_BUFG_PS_I_O)
                                                      0.035    10.216 r  kria_starter_kit_i/zynq_ultra_ps_e_0/U0/buffer_pl_clk_0.PL_CLK_0_BUFG/O
    X0Y1 (CLOCK_ROOT)    net (fo=1837, routed)        1.884    12.100    kria_starter_kit_i/ps8_0_axi_periph/s00_couplers/auto_ds/inst/gen_downsizer.gen_simple_downsizer.axi_downsizer_inst/USE_WRITE.write_addr_inst/cmd_queue/inst/fifo_gen_inst/inst_fifo_gen/gconvfifo.rf/grf.rf/gntv_or_sync_fifo.gl0.wr/wpntr/clk
    SLICE_X8Y89          FDCE                                         r  kria_starter_kit_i/ps8_0_axi_periph/s00_couplers/auto_ds/inst/gen_downsizer.gen_simple_downsizer.axi_downsizer_inst/USE_WRITE.write_addr_inst/cmd_queue/inst/fifo_gen_inst/inst_fifo_gen/gconvfifo.rf/grf.rf/gntv_or_sync_fifo.gl0.wr/wpntr/gcc0.gc0.count_d1_reg[3]/C
                         clock pessimism              0.173    12.274    
                         clock uncertainty           -0.160    12.113    
    SLICE_X8Y89          FDCE (Recov_FFF2_SLICEM_C_CLR)
                                                     -0.093    12.020    kria_starter_kit_i/ps8_0_axi_periph/s00_couplers/auto_ds/inst/gen_downsizer.gen_simple_downsizer.axi_downsizer_inst/USE_WRITE.write_addr_inst/cmd_queue/inst/fifo_gen_inst/inst_fifo_gen/gconvfifo.rf/grf.rf/gntv_or_sync_fifo.gl0.wr/wpntr/gcc0.gc0.count_d1_reg[3]
  -------------------------------------------------------------------
                         required time                         12.020    
                         arrival time                          -3.891    
  -------------------------------------------------------------------
                         slack                                  8.129    

Slack (MET) :             8.129ns  (required time - arrival time)
  Source:                 kria_starter_kit_i/ps8_0_axi_periph/s00_couplers/auto_ds/inst/gen_downsizer.gen_simple_downsizer.axi_downsizer_inst/USE_WRITE.write_addr_inst/cmd_queue/inst/fifo_gen_inst/inst_fifo_gen/gconvfifo.rf/grf.rf/rstblk/ngwrdrst.grst.g7serrst.gnsckt_wrst.gcc_rst.sckt_wr_rst_cc_reg[1]/C
                            (rising edge-triggered cell FDRE clocked by clk_pl_0  {rise@0.000ns fall@5.000ns period=10.000ns})
  Destination:            kria_starter_kit_i/ps8_0_axi_periph/s00_couplers/auto_ds/inst/gen_downsizer.gen_simple_downsizer.axi_downsizer_inst/USE_WRITE.write_addr_inst/cmd_queue/inst/fifo_gen_inst/inst_fifo_gen/gconvfifo.rf/grf.rf/gntv_or_sync_fifo.gl0.wr/wpntr/gcc0.gc0.count_d1_reg[4]/CLR
                            (recovery check against rising-edge clock clk_pl_0  {rise@0.000ns fall@5.000ns period=10.000ns})
  Path Group:             **async_default**
  Path Type:              Recovery (Max at Slow Process Corner)
  Requirement:            10.000ns  (clk_pl_0 rise@10.000ns - clk_pl_0 rise@0.000ns)
  Data Path Delay:        1.513ns  (logic 0.344ns (22.730%)  route 1.169ns (77.270%))
  Logic Levels:           1  (LUT3=1)
  Clock Path Skew:        -0.104ns (DCD - SCD + CPR)
    Destination Clock Delay (DCD):    2.100ns = ( 12.100 - 10.000 ) 
    Source Clock Delay      (SCD):    2.378ns
    Clock Pessimism Removal (CPR):    0.173ns
  Clock Uncertainty:      0.160ns  ((TSJ^2 + DJ^2)^1/2) / 2 + PE
    Total System Jitter     (TSJ):    0.071ns
    Discrete Jitter          (DJ):    0.312ns
    Phase Error              (PE):    0.000ns
  Clock Net Delay (Source):      2.111ns (routing 1.045ns, distribution 1.066ns)
  Clock Net Delay (Destination): 1.884ns (routing 0.955ns, distribution 0.929ns)

    Location             Delay type                Incr(ns)  Path(ns)    Netlist Resource(s)
  -------------------------------------------------------------------    -------------------
                         (clock clk_pl_0 rise edge)
                                                      0.000     0.000 r  
    PS8_X0Y0             PS8                          0.000     0.000 r  kria_starter_kit_i/zynq_ultra_ps_e_0/U0/PS8_i/PLCLK[0]
                         net (fo=1, routed)           0.229     0.229    kria_starter_kit_i/zynq_ultra_ps_e_0/U0/pl_clk_unbuffered[0]
    BUFG_PS_X0Y80        BUFG_PS (Prop_BUFG_PS_I_O)
                                                      0.038     0.267 r  kria_starter_kit_i/zynq_ultra_ps_e_0/U0/buffer_pl_clk_0.PL_CLK_0_BUFG/O
    X0Y1 (CLOCK_ROOT)    net (fo=1837, routed)        2.111     2.378    kria_starter_kit_i/ps8_0_axi_periph/s00_couplers/auto_ds/inst/gen_downsizer.gen_simple_downsizer.axi_downsizer_inst/USE_WRITE.write_addr_inst/cmd_queue/inst/fifo_gen_inst/inst_fifo_gen/gconvfifo.rf/grf.rf/rstblk/clk
    SLICE_X8Y90          FDRE                                         r  kria_starter_kit_i/ps8_0_axi_periph/s00_couplers/auto_ds/inst/gen_downsizer.gen_simple_downsizer.axi_downsizer_inst/USE_WRITE.write_addr_inst/cmd_queue/inst/fifo_gen_inst/inst_fifo_gen/gconvfifo.rf/grf.rf/rstblk/ngwrdrst.grst.g7serrst.gnsckt_wrst.gcc_rst.sckt_wr_rst_cc_reg[1]/C
  -------------------------------------------------------------------    -------------------
    SLICE_X8Y90          FDRE (Prop_EFF2_SLICEM_C_Q)
                                                      0.118     2.496 f  kria_starter_kit_i/ps8_0_axi_periph/s00_couplers/auto_ds/inst/gen_downsizer.gen_simple_downsizer.axi_downsizer_inst/USE_WRITE.write_addr_inst/cmd_queue/inst/fifo_gen_inst/inst_fifo_gen/gconvfifo.rf/grf.rf/rstblk/ngwrdrst.grst.g7serrst.gnsckt_wrst.gcc_rst.sckt_wr_rst_cc_reg[1]/Q
                         net (fo=2, routed)           0.277     2.773    kria_starter_kit_i/ps8_0_axi_periph/s00_couplers/auto_ds/inst/gen_downsizer.gen_simple_downsizer.axi_downsizer_inst/USE_WRITE.write_addr_inst/cmd_queue/inst/fifo_gen_inst/inst_fifo_gen/gconvfifo.rf/grf.rf/rstblk/ngwrdrst.grst.g7serrst.gnsckt_wrst.gcc_rst.sckt_wr_rst_cc[1]
    SLICE_X8Y90          LUT3 (Prop_G6LUT_SLICEM_I0_O)
                                                      0.226     2.999 f  kria_starter_kit_i/ps8_0_axi_periph/s00_couplers/auto_ds/inst/gen_downsizer.gen_simple_downsizer.axi_downsizer_inst/USE_WRITE.write_addr_inst/cmd_queue/inst/fifo_gen_inst/inst_fifo_gen/gconvfifo.rf/grf.rf/rstblk/gpregsm1.curr_fwft_state[1]_i_2/O
                         net (fo=32, routed)          0.892     3.891    kria_starter_kit_i/ps8_0_axi_periph/s00_couplers/auto_ds/inst/gen_downsizer.gen_simple_downsizer.axi_downsizer_inst/USE_WRITE.write_addr_inst/cmd_queue/inst/fifo_gen_inst/inst_fifo_gen/gconvfifo.rf/grf.rf/gntv_or_sync_fifo.gl0.wr/wpntr/AR[0]
    SLICE_X8Y89          FDCE                                         f  kria_starter_kit_i/ps8_0_axi_periph/s00_couplers/auto_ds/inst/gen_downsizer.gen_simple_downsizer.axi_downsizer_inst/USE_WRITE.write_addr_inst/cmd_queue/inst/fifo_gen_inst/inst_fifo_gen/gconvfifo.rf/grf.rf/gntv_or_sync_fifo.gl0.wr/wpntr/gcc0.gc0.count_d1_reg[4]/CLR
  -------------------------------------------------------------------    -------------------

                         (clock clk_pl_0 rise edge)
                                                     10.000    10.000 r  
    PS8_X0Y0             PS8                          0.000    10.000 r  kria_starter_kit_i/zynq_ultra_ps_e_0/U0/PS8_i/PLCLK[0]
                         net (fo=1, routed)           0.181    10.181    kria_starter_kit_i/zynq_ultra_ps_e_0/U0/pl_clk_unbuffered[0]
    BUFG_PS_X0Y80        BUFG_PS (Prop_BUFG_PS_I_O)
                                                      0.035    10.216 r  kria_starter_kit_i/zynq_ultra_ps_e_0/U0/buffer_pl_clk_0.PL_CLK_0_BUFG/O
    X0Y1 (CLOCK_ROOT)    net (fo=1837, routed)        1.884    12.100    kria_starter_kit_i/ps8_0_axi_periph/s00_couplers/auto_ds/inst/gen_downsizer.gen_simple_downsizer.axi_downsizer_inst/USE_WRITE.write_addr_inst/cmd_queue/inst/fifo_gen_inst/inst_fifo_gen/gconvfifo.rf/grf.rf/gntv_or_sync_fifo.gl0.wr/wpntr/clk
    SLICE_X8Y89          FDCE                                         r  kria_starter_kit_i/ps8_0_axi_periph/s00_couplers/auto_ds/inst/gen_downsizer.gen_simple_downsizer.axi_downsizer_inst/USE_WRITE.write_addr_inst/cmd_queue/inst/fifo_gen_inst/inst_fifo_gen/gconvfifo.rf/grf.rf/gntv_or_sync_fifo.gl0.wr/wpntr/gcc0.gc0.count_d1_reg[4]/C
                         clock pessimism              0.173    12.274    
                         clock uncertainty           -0.160    12.113    
    SLICE_X8Y89          FDCE (Recov_GFF_SLICEM_C_CLR)
                                                     -0.093    12.020    kria_starter_kit_i/ps8_0_axi_periph/s00_couplers/auto_ds/inst/gen_downsizer.gen_simple_downsizer.axi_downsizer_inst/USE_WRITE.write_addr_inst/cmd_queue/inst/fifo_gen_inst/inst_fifo_gen/gconvfifo.rf/grf.rf/gntv_or_sync_fifo.gl0.wr/wpntr/gcc0.gc0.count_d1_reg[4]
  -------------------------------------------------------------------
                         required time                         12.020    
                         arrival time                          -3.891    
  -------------------------------------------------------------------
                         slack                                  8.129    

Slack (MET) :             8.129ns  (required time - arrival time)
  Source:                 kria_starter_kit_i/ps8_0_axi_periph/s00_couplers/auto_ds/inst/gen_downsizer.gen_simple_downsizer.axi_downsizer_inst/USE_WRITE.write_addr_inst/cmd_queue/inst/fifo_gen_inst/inst_fifo_gen/gconvfifo.rf/grf.rf/rstblk/ngwrdrst.grst.g7serrst.gnsckt_wrst.gcc_rst.sckt_wr_rst_cc_reg[1]/C
                            (rising edge-triggered cell FDRE clocked by clk_pl_0  {rise@0.000ns fall@5.000ns period=10.000ns})
  Destination:            kria_starter_kit_i/ps8_0_axi_periph/s00_couplers/auto_ds/inst/gen_downsizer.gen_simple_downsizer.axi_downsizer_inst/USE_WRITE.write_addr_inst/cmd_queue/inst/fifo_gen_inst/inst_fifo_gen/gconvfifo.rf/grf.rf/gntv_or_sync_fifo.gl0.wr/wpntr/gcc0.gc0.count_reg[1]/CLR
                            (recovery check against rising-edge clock clk_pl_0  {rise@0.000ns fall@5.000ns period=10.000ns})
  Path Group:             **async_default**
  Path Type:              Recovery (Max at Slow Process Corner)
  Requirement:            10.000ns  (clk_pl_0 rise@10.000ns - clk_pl_0 rise@0.000ns)
  Data Path Delay:        1.513ns  (logic 0.344ns (22.730%)  route 1.169ns (77.270%))
  Logic Levels:           1  (LUT3=1)
  Clock Path Skew:        -0.104ns (DCD - SCD + CPR)
    Destination Clock Delay (DCD):    2.100ns = ( 12.100 - 10.000 ) 
    Source Clock Delay      (SCD):    2.378ns
    Clock Pessimism Removal (CPR):    0.173ns
  Clock Uncertainty:      0.160ns  ((TSJ^2 + DJ^2)^1/2) / 2 + PE
    Total System Jitter     (TSJ):    0.071ns
    Discrete Jitter          (DJ):    0.312ns
    Phase Error              (PE):    0.000ns
  Clock Net Delay (Source):      2.111ns (routing 1.045ns, distribution 1.066ns)
  Clock Net Delay (Destination): 1.884ns (routing 0.955ns, distribution 0.929ns)

    Location             Delay type                Incr(ns)  Path(ns)    Netlist Resource(s)
  -------------------------------------------------------------------    -------------------
                         (clock clk_pl_0 rise edge)
                                                      0.000     0.000 r  
    PS8_X0Y0             PS8                          0.000     0.000 r  kria_starter_kit_i/zynq_ultra_ps_e_0/U0/PS8_i/PLCLK[0]
                         net (fo=1, routed)           0.229     0.229    kria_starter_kit_i/zynq_ultra_ps_e_0/U0/pl_clk_unbuffered[0]
    BUFG_PS_X0Y80        BUFG_PS (Prop_BUFG_PS_I_O)
                                                      0.038     0.267 r  kria_starter_kit_i/zynq_ultra_ps_e_0/U0/buffer_pl_clk_0.PL_CLK_0_BUFG/O
    X0Y1 (CLOCK_ROOT)    net (fo=1837, routed)        2.111     2.378    kria_starter_kit_i/ps8_0_axi_periph/s00_couplers/auto_ds/inst/gen_downsizer.gen_simple_downsizer.axi_downsizer_inst/USE_WRITE.write_addr_inst/cmd_queue/inst/fifo_gen_inst/inst_fifo_gen/gconvfifo.rf/grf.rf/rstblk/clk
    SLICE_X8Y90          FDRE                                         r  kria_starter_kit_i/ps8_0_axi_periph/s00_couplers/auto_ds/inst/gen_downsizer.gen_simple_downsizer.axi_downsizer_inst/USE_WRITE.write_addr_inst/cmd_queue/inst/fifo_gen_inst/inst_fifo_gen/gconvfifo.rf/grf.rf/rstblk/ngwrdrst.grst.g7serrst.gnsckt_wrst.gcc_rst.sckt_wr_rst_cc_reg[1]/C
  -------------------------------------------------------------------    -------------------
    SLICE_X8Y90          FDRE (Prop_EFF2_SLICEM_C_Q)
                                                      0.118     2.496 f  kria_starter_kit_i/ps8_0_axi_periph/s00_couplers/auto_ds/inst/gen_downsizer.gen_simple_downsizer.axi_downsizer_inst/USE_WRITE.write_addr_inst/cmd_queue/inst/fifo_gen_inst/inst_fifo_gen/gconvfifo.rf/grf.rf/rstblk/ngwrdrst.grst.g7serrst.gnsckt_wrst.gcc_rst.sckt_wr_rst_cc_reg[1]/Q
                         net (fo=2, routed)           0.277     2.773    kria_starter_kit_i/ps8_0_axi_periph/s00_couplers/auto_ds/inst/gen_downsizer.gen_simple_downsizer.axi_downsizer_inst/USE_WRITE.write_addr_inst/cmd_queue/inst/fifo_gen_inst/inst_fifo_gen/gconvfifo.rf/grf.rf/rstblk/ngwrdrst.grst.g7serrst.gnsckt_wrst.gcc_rst.sckt_wr_rst_cc[1]
    SLICE_X8Y90          LUT3 (Prop_G6LUT_SLICEM_I0_O)
                                                      0.226     2.999 f  kria_starter_kit_i/ps8_0_axi_periph/s00_couplers/auto_ds/inst/gen_downsizer.gen_simple_downsizer.axi_downsizer_inst/USE_WRITE.write_addr_inst/cmd_queue/inst/fifo_gen_inst/inst_fifo_gen/gconvfifo.rf/grf.rf/rstblk/gpregsm1.curr_fwft_state[1]_i_2/O
                         net (fo=32, routed)          0.892     3.891    kria_starter_kit_i/ps8_0_axi_periph/s00_couplers/auto_ds/inst/gen_downsizer.gen_simple_downsizer.axi_downsizer_inst/USE_WRITE.write_addr_inst/cmd_queue/inst/fifo_gen_inst/inst_fifo_gen/gconvfifo.rf/grf.rf/gntv_or_sync_fifo.gl0.wr/wpntr/AR[0]
    SLICE_X8Y89          FDCE                                         f  kria_starter_kit_i/ps8_0_axi_periph/s00_couplers/auto_ds/inst/gen_downsizer.gen_simple_downsizer.axi_downsizer_inst/USE_WRITE.write_addr_inst/cmd_queue/inst/fifo_gen_inst/inst_fifo_gen/gconvfifo.rf/grf.rf/gntv_or_sync_fifo.gl0.wr/wpntr/gcc0.gc0.count_reg[1]/CLR
  -------------------------------------------------------------------    -------------------

                         (clock clk_pl_0 rise edge)
                                                     10.000    10.000 r  
    PS8_X0Y0             PS8                          0.000    10.000 r  kria_starter_kit_i/zynq_ultra_ps_e_0/U0/PS8_i/PLCLK[0]
                         net (fo=1, routed)           0.181    10.181    kria_starter_kit_i/zynq_ultra_ps_e_0/U0/pl_clk_unbuffered[0]
    BUFG_PS_X0Y80        BUFG_PS (Prop_BUFG_PS_I_O)
                                                      0.035    10.216 r  kria_starter_kit_i/zynq_ultra_ps_e_0/U0/buffer_pl_clk_0.PL_CLK_0_BUFG/O
    X0Y1 (CLOCK_ROOT)    net (fo=1837, routed)        1.884    12.100    kria_starter_kit_i/ps8_0_axi_periph/s00_couplers/auto_ds/inst/gen_downsizer.gen_simple_downsizer.axi_downsizer_inst/USE_WRITE.write_addr_inst/cmd_queue/inst/fifo_gen_inst/inst_fifo_gen/gconvfifo.rf/grf.rf/gntv_or_sync_fifo.gl0.wr/wpntr/clk
    SLICE_X8Y89          FDCE                                         r  kria_starter_kit_i/ps8_0_axi_periph/s00_couplers/auto_ds/inst/gen_downsizer.gen_simple_downsizer.axi_downsizer_inst/USE_WRITE.write_addr_inst/cmd_queue/inst/fifo_gen_inst/inst_fifo_gen/gconvfifo.rf/grf.rf/gntv_or_sync_fifo.gl0.wr/wpntr/gcc0.gc0.count_reg[1]/C
                         clock pessimism              0.173    12.274    
                         clock uncertainty           -0.160    12.113    
    SLICE_X8Y89          FDCE (Recov_GFF2_SLICEM_C_CLR)
                                                     -0.093    12.020    kria_starter_kit_i/ps8_0_axi_periph/s00_couplers/auto_ds/inst/gen_downsizer.gen_simple_downsizer.axi_downsizer_inst/USE_WRITE.write_addr_inst/cmd_queue/inst/fifo_gen_inst/inst_fifo_gen/gconvfifo.rf/grf.rf/gntv_or_sync_fifo.gl0.wr/wpntr/gcc0.gc0.count_reg[1]
  -------------------------------------------------------------------
                         required time                         12.020    
                         arrival time                          -3.891    
  -------------------------------------------------------------------
                         slack                                  8.129    

Slack (MET) :             8.135ns  (required time - arrival time)
  Source:                 kria_starter_kit_i/ps8_0_axi_periph/s00_couplers/auto_ds/inst/gen_downsizer.gen_simple_downsizer.axi_downsizer_inst/USE_WRITE.write_addr_inst/cmd_queue/inst/fifo_gen_inst/inst_fifo_gen/gconvfifo.rf/grf.rf/rstblk/ngwrdrst.grst.g7serrst.gnsckt_wrst.gcc_rst.sckt_wr_rst_cc_reg[1]/C
                            (rising edge-triggered cell FDRE clocked by clk_pl_0  {rise@0.000ns fall@5.000ns period=10.000ns})
  Destination:            kria_starter_kit_i/ps8_0_axi_periph/s00_couplers/auto_ds/inst/gen_downsizer.gen_simple_downsizer.axi_downsizer_inst/USE_WRITE.write_addr_inst/cmd_queue/inst/fifo_gen_inst/inst_fifo_gen/gconvfifo.rf/grf.rf/gntv_or_sync_fifo.gl0.wr/wpntr/gcc0.gc0.count_reg[3]/CLR
                            (recovery check against rising-edge clock clk_pl_0  {rise@0.000ns fall@5.000ns period=10.000ns})
  Path Group:             **async_default**
  Path Type:              Recovery (Max at Slow Process Corner)
  Requirement:            10.000ns  (clk_pl_0 rise@10.000ns - clk_pl_0 rise@0.000ns)
  Data Path Delay:        1.498ns  (logic 0.344ns (22.957%)  route 1.154ns (77.043%))
  Logic Levels:           1  (LUT3=1)
  Clock Path Skew:        -0.113ns (DCD - SCD + CPR)
    Destination Clock Delay (DCD):    2.091ns = ( 12.091 - 10.000 ) 
    Source Clock Delay      (SCD):    2.378ns
    Clock Pessimism Removal (CPR):    0.173ns
  Clock Uncertainty:      0.160ns  ((TSJ^2 + DJ^2)^1/2) / 2 + PE
    Total System Jitter     (TSJ):    0.071ns
    Discrete Jitter          (DJ):    0.312ns
    Phase Error              (PE):    0.000ns
  Clock Net Delay (Source):      2.111ns (routing 1.045ns, distribution 1.066ns)
  Clock Net Delay (Destination): 1.875ns (routing 0.955ns, distribution 0.920ns)

    Location             Delay type                Incr(ns)  Path(ns)    Netlist Resource(s)
  -------------------------------------------------------------------    -------------------
                         (clock clk_pl_0 rise edge)
                                                      0.000     0.000 r  
    PS8_X0Y0             PS8                          0.000     0.000 r  kria_starter_kit_i/zynq_ultra_ps_e_0/U0/PS8_i/PLCLK[0]
                         net (fo=1, routed)           0.229     0.229    kria_starter_kit_i/zynq_ultra_ps_e_0/U0/pl_clk_unbuffered[0]
    BUFG_PS_X0Y80        BUFG_PS (Prop_BUFG_PS_I_O)
                                                      0.038     0.267 r  kria_starter_kit_i/zynq_ultra_ps_e_0/U0/buffer_pl_clk_0.PL_CLK_0_BUFG/O
    X0Y1 (CLOCK_ROOT)    net (fo=1837, routed)        2.111     2.378    kria_starter_kit_i/ps8_0_axi_periph/s00_couplers/auto_ds/inst/gen_downsizer.gen_simple_downsizer.axi_downsizer_inst/USE_WRITE.write_addr_inst/cmd_queue/inst/fifo_gen_inst/inst_fifo_gen/gconvfifo.rf/grf.rf/rstblk/clk
    SLICE_X8Y90          FDRE                                         r  kria_starter_kit_i/ps8_0_axi_periph/s00_couplers/auto_ds/inst/gen_downsizer.gen_simple_downsizer.axi_downsizer_inst/USE_WRITE.write_addr_inst/cmd_queue/inst/fifo_gen_inst/inst_fifo_gen/gconvfifo.rf/grf.rf/rstblk/ngwrdrst.grst.g7serrst.gnsckt_wrst.gcc_rst.sckt_wr_rst_cc_reg[1]/C
  -------------------------------------------------------------------    -------------------
    SLICE_X8Y90          FDRE (Prop_EFF2_SLICEM_C_Q)
                                                      0.118     2.496 f  kria_starter_kit_i/ps8_0_axi_periph/s00_couplers/auto_ds/inst/gen_downsizer.gen_simple_downsizer.axi_downsizer_inst/USE_WRITE.write_addr_inst/cmd_queue/inst/fifo_gen_inst/inst_fifo_gen/gconvfifo.rf/grf.rf/rstblk/ngwrdrst.grst.g7serrst.gnsckt_wrst.gcc_rst.sckt_wr_rst_cc_reg[1]/Q
                         net (fo=2, routed)           0.277     2.773    kria_starter_kit_i/ps8_0_axi_periph/s00_couplers/auto_ds/inst/gen_downsizer.gen_simple_downsizer.axi_downsizer_inst/USE_WRITE.write_addr_inst/cmd_queue/inst/fifo_gen_inst/inst_fifo_gen/gconvfifo.rf/grf.rf/rstblk/ngwrdrst.grst.g7serrst.gnsckt_wrst.gcc_rst.sckt_wr_rst_cc[1]
    SLICE_X8Y90          LUT3 (Prop_G6LUT_SLICEM_I0_O)
                                                      0.226     2.999 f  kria_starter_kit_i/ps8_0_axi_periph/s00_couplers/auto_ds/inst/gen_downsizer.gen_simple_downsizer.axi_downsizer_inst/USE_WRITE.write_addr_inst/cmd_queue/inst/fifo_gen_inst/inst_fifo_gen/gconvfifo.rf/grf.rf/rstblk/gpregsm1.curr_fwft_state[1]_i_2/O
                         net (fo=32, routed)          0.877     3.876    kria_starter_kit_i/ps8_0_axi_periph/s00_couplers/auto_ds/inst/gen_downsizer.gen_simple_downsizer.axi_downsizer_inst/USE_WRITE.write_addr_inst/cmd_queue/inst/fifo_gen_inst/inst_fifo_gen/gconvfifo.rf/grf.rf/gntv_or_sync_fifo.gl0.wr/wpntr/AR[0]
    SLICE_X9Y89          FDCE                                         f  kria_starter_kit_i/ps8_0_axi_periph/s00_couplers/auto_ds/inst/gen_downsizer.gen_simple_downsizer.axi_downsizer_inst/USE_WRITE.write_addr_inst/cmd_queue/inst/fifo_gen_inst/inst_fifo_gen/gconvfifo.rf/grf.rf/gntv_or_sync_fifo.gl0.wr/wpntr/gcc0.gc0.count_reg[3]/CLR
  -------------------------------------------------------------------    -------------------

                         (clock clk_pl_0 rise edge)
                                                     10.000    10.000 r  
    PS8_X0Y0             PS8                          0.000    10.000 r  kria_starter_kit_i/zynq_ultra_ps_e_0/U0/PS8_i/PLCLK[0]
                         net (fo=1, routed)           0.181    10.181    kria_starter_kit_i/zynq_ultra_ps_e_0/U0/pl_clk_unbuffered[0]
    BUFG_PS_X0Y80        BUFG_PS (Prop_BUFG_PS_I_O)
                                                      0.035    10.216 r  kria_starter_kit_i/zynq_ultra_ps_e_0/U0/buffer_pl_clk_0.PL_CLK_0_BUFG/O
    X0Y1 (CLOCK_ROOT)    net (fo=1837, routed)        1.875    12.091    kria_starter_kit_i/ps8_0_axi_periph/s00_couplers/auto_ds/inst/gen_downsizer.gen_simple_downsizer.axi_downsizer_inst/USE_WRITE.write_addr_inst/cmd_queue/inst/fifo_gen_inst/inst_fifo_gen/gconvfifo.rf/grf.rf/gntv_or_sync_fifo.gl0.wr/wpntr/clk
    SLICE_X9Y89          FDCE                                         r  kria_starter_kit_i/ps8_0_axi_periph/s00_couplers/auto_ds/inst/gen_downsizer.gen_simple_downsizer.axi_downsizer_inst/USE_WRITE.write_addr_inst/cmd_queue/inst/fifo_gen_inst/inst_fifo_gen/gconvfifo.rf/grf.rf/gntv_or_sync_fifo.gl0.wr/wpntr/gcc0.gc0.count_reg[3]/C
                         clock pessimism              0.173    12.265    
                         clock uncertainty           -0.160    12.104    
    SLICE_X9Y89          FDCE (Recov_DFF_SLICEL_C_CLR)
                                                     -0.093    12.011    kria_starter_kit_i/ps8_0_axi_periph/s00_couplers/auto_ds/inst/gen_downsizer.gen_simple_downsizer.axi_downsizer_inst/USE_WRITE.write_addr_inst/cmd_queue/inst/fifo_gen_inst/inst_fifo_gen/gconvfifo.rf/grf.rf/gntv_or_sync_fifo.gl0.wr/wpntr/gcc0.gc0.count_reg[3]
  -------------------------------------------------------------------
                         required time                         12.011    
                         arrival time                          -3.876    
  -------------------------------------------------------------------
                         slack                                  8.135    

Slack (MET) :             8.135ns  (required time - arrival time)
  Source:                 kria_starter_kit_i/ps8_0_axi_periph/s00_couplers/auto_ds/inst/gen_downsizer.gen_simple_downsizer.axi_downsizer_inst/USE_WRITE.write_addr_inst/cmd_queue/inst/fifo_gen_inst/inst_fifo_gen/gconvfifo.rf/grf.rf/rstblk/ngwrdrst.grst.g7serrst.gnsckt_wrst.gcc_rst.sckt_wr_rst_cc_reg[1]/C
                            (rising edge-triggered cell FDRE clocked by clk_pl_0  {rise@0.000ns fall@5.000ns period=10.000ns})
  Destination:            kria_starter_kit_i/ps8_0_axi_periph/s00_couplers/auto_ds/inst/gen_downsizer.gen_simple_downsizer.axi_downsizer_inst/USE_WRITE.write_addr_inst/cmd_queue/inst/fifo_gen_inst/inst_fifo_gen/gconvfifo.rf/grf.rf/gntv_or_sync_fifo.gl0.wr/wpntr/gcc0.gc0.count_reg[4]/CLR
                            (recovery check against rising-edge clock clk_pl_0  {rise@0.000ns fall@5.000ns period=10.000ns})
  Path Group:             **async_default**
  Path Type:              Recovery (Max at Slow Process Corner)
  Requirement:            10.000ns  (clk_pl_0 rise@10.000ns - clk_pl_0 rise@0.000ns)
  Data Path Delay:        1.498ns  (logic 0.344ns (22.957%)  route 1.154ns (77.043%))
  Logic Levels:           1  (LUT3=1)
  Clock Path Skew:        -0.113ns (DCD - SCD + CPR)
    Destination Clock Delay (DCD):    2.091ns = ( 12.091 - 10.000 ) 
    Source Clock Delay      (SCD):    2.378ns
    Clock Pessimism Removal (CPR):    0.173ns
  Clock Uncertainty:      0.160ns  ((TSJ^2 + DJ^2)^1/2) / 2 + PE
    Total System Jitter     (TSJ):    0.071ns
    Discrete Jitter          (DJ):    0.312ns
    Phase Error              (PE):    0.000ns
  Clock Net Delay (Source):      2.111ns (routing 1.045ns, distribution 1.066ns)
  Clock Net Delay (Destination): 1.875ns (routing 0.955ns, distribution 0.920ns)

    Location             Delay type                Incr(ns)  Path(ns)    Netlist Resource(s)
  -------------------------------------------------------------------    -------------------
                         (clock clk_pl_0 rise edge)
                                                      0.000     0.000 r  
    PS8_X0Y0             PS8                          0.000     0.000 r  kria_starter_kit_i/zynq_ultra_ps_e_0/U0/PS8_i/PLCLK[0]
                         net (fo=1, routed)           0.229     0.229    kria_starter_kit_i/zynq_ultra_ps_e_0/U0/pl_clk_unbuffered[0]
    BUFG_PS_X0Y80        BUFG_PS (Prop_BUFG_PS_I_O)
                                                      0.038     0.267 r  kria_starter_kit_i/zynq_ultra_ps_e_0/U0/buffer_pl_clk_0.PL_CLK_0_BUFG/O
    X0Y1 (CLOCK_ROOT)    net (fo=1837, routed)        2.111     2.378    kria_starter_kit_i/ps8_0_axi_periph/s00_couplers/auto_ds/inst/gen_downsizer.gen_simple_downsizer.axi_downsizer_inst/USE_WRITE.write_addr_inst/cmd_queue/inst/fifo_gen_inst/inst_fifo_gen/gconvfifo.rf/grf.rf/rstblk/clk
    SLICE_X8Y90          FDRE                                         r  kria_starter_kit_i/ps8_0_axi_periph/s00_couplers/auto_ds/inst/gen_downsizer.gen_simple_downsizer.axi_downsizer_inst/USE_WRITE.write_addr_inst/cmd_queue/inst/fifo_gen_inst/inst_fifo_gen/gconvfifo.rf/grf.rf/rstblk/ngwrdrst.grst.g7serrst.gnsckt_wrst.gcc_rst.sckt_wr_rst_cc_reg[1]/C
  -------------------------------------------------------------------    -------------------
    SLICE_X8Y90          FDRE (Prop_EFF2_SLICEM_C_Q)
                                                      0.118     2.496 f  kria_starter_kit_i/ps8_0_axi_periph/s00_couplers/auto_ds/inst/gen_downsizer.gen_simple_downsizer.axi_downsizer_inst/USE_WRITE.write_addr_inst/cmd_queue/inst/fifo_gen_inst/inst_fifo_gen/gconvfifo.rf/grf.rf/rstblk/ngwrdrst.grst.g7serrst.gnsckt_wrst.gcc_rst.sckt_wr_rst_cc_reg[1]/Q
                         net (fo=2, routed)           0.277     2.773    kria_starter_kit_i/ps8_0_axi_periph/s00_couplers/auto_ds/inst/gen_downsizer.gen_simple_downsizer.axi_downsizer_inst/USE_WRITE.write_addr_inst/cmd_queue/inst/fifo_gen_inst/inst_fifo_gen/gconvfifo.rf/grf.rf/rstblk/ngwrdrst.grst.g7serrst.gnsckt_wrst.gcc_rst.sckt_wr_rst_cc[1]
    SLICE_X8Y90          LUT3 (Prop_G6LUT_SLICEM_I0_O)
                                                      0.226     2.999 f  kria_starter_kit_i/ps8_0_axi_periph/s00_couplers/auto_ds/inst/gen_downsizer.gen_simple_downsizer.axi_downsizer_inst/USE_WRITE.write_addr_inst/cmd_queue/inst/fifo_gen_inst/inst_fifo_gen/gconvfifo.rf/grf.rf/rstblk/gpregsm1.curr_fwft_state[1]_i_2/O
                         net (fo=32, routed)          0.877     3.876    kria_starter_kit_i/ps8_0_axi_periph/s00_couplers/auto_ds/inst/gen_downsizer.gen_simple_downsizer.axi_downsizer_inst/USE_WRITE.write_addr_inst/cmd_queue/inst/fifo_gen_inst/inst_fifo_gen/gconvfifo.rf/grf.rf/gntv_or_sync_fifo.gl0.wr/wpntr/AR[0]
    SLICE_X9Y89          FDCE                                         f  kria_starter_kit_i/ps8_0_axi_periph/s00_couplers/auto_ds/inst/gen_downsizer.gen_simple_downsizer.axi_downsizer_inst/USE_WRITE.write_addr_inst/cmd_queue/inst/fifo_gen_inst/inst_fifo_gen/gconvfifo.rf/grf.rf/gntv_or_sync_fifo.gl0.wr/wpntr/gcc0.gc0.count_reg[4]/CLR
  -------------------------------------------------------------------    -------------------

                         (clock clk_pl_0 rise edge)
                                                     10.000    10.000 r  
    PS8_X0Y0             PS8                          0.000    10.000 r  kria_starter_kit_i/zynq_ultra_ps_e_0/U0/PS8_i/PLCLK[0]
                         net (fo=1, routed)           0.181    10.181    kria_starter_kit_i/zynq_ultra_ps_e_0/U0/pl_clk_unbuffered[0]
    BUFG_PS_X0Y80        BUFG_PS (Prop_BUFG_PS_I_O)
                                                      0.035    10.216 r  kria_starter_kit_i/zynq_ultra_ps_e_0/U0/buffer_pl_clk_0.PL_CLK_0_BUFG/O
    X0Y1 (CLOCK_ROOT)    net (fo=1837, routed)        1.875    12.091    kria_starter_kit_i/ps8_0_axi_periph/s00_couplers/auto_ds/inst/gen_downsizer.gen_simple_downsizer.axi_downsizer_inst/USE_WRITE.write_addr_inst/cmd_queue/inst/fifo_gen_inst/inst_fifo_gen/gconvfifo.rf/grf.rf/gntv_or_sync_fifo.gl0.wr/wpntr/clk
    SLICE_X9Y89          FDCE                                         r  kria_starter_kit_i/ps8_0_axi_periph/s00_couplers/auto_ds/inst/gen_downsizer.gen_simple_downsizer.axi_downsizer_inst/USE_WRITE.write_addr_inst/cmd_queue/inst/fifo_gen_inst/inst_fifo_gen/gconvfifo.rf/grf.rf/gntv_or_sync_fifo.gl0.wr/wpntr/gcc0.gc0.count_reg[4]/C
                         clock pessimism              0.173    12.265    
                         clock uncertainty           -0.160    12.104    
    SLICE_X9Y89          FDCE (Recov_DFF2_SLICEL_C_CLR)
                                                     -0.093    12.011    kria_starter_kit_i/ps8_0_axi_periph/s00_couplers/auto_ds/inst/gen_downsizer.gen_simple_downsizer.axi_downsizer_inst/USE_WRITE.write_addr_inst/cmd_queue/inst/fifo_gen_inst/inst_fifo_gen/gconvfifo.rf/grf.rf/gntv_or_sync_fifo.gl0.wr/wpntr/gcc0.gc0.count_reg[4]
  -------------------------------------------------------------------
                         required time                         12.011    
                         arrival time                          -3.876    
  -------------------------------------------------------------------
                         slack                                  8.135    





Min Delay Paths
--------------------------------------------------------------------------------------
Slack (MET) :             0.257ns  (arrival time - required time)
  Source:                 kria_starter_kit_i/ps8_0_axi_periph/s00_couplers/auto_ds/inst/gen_downsizer.gen_simple_downsizer.axi_downsizer_inst/USE_READ.read_addr_inst/cmd_queue/inst/fifo_gen_inst/inst_fifo_gen/gconvfifo.rf/grf.rf/rstblk/ngwrdrst.grst.g7serrst.gnsckt_wrst.gcc_rst.sckt_wr_rst_cc_reg[0]/C
                            (rising edge-triggered cell FDRE clocked by clk_pl_0  {rise@0.000ns fall@5.000ns period=10.000ns})
  Destination:            kria_starter_kit_i/ps8_0_axi_periph/s00_couplers/auto_ds/inst/gen_downsizer.gen_simple_downsizer.axi_downsizer_inst/USE_READ.read_addr_inst/cmd_queue/inst/fifo_gen_inst/inst_fifo_gen/gconvfifo.rf/grf.rf/gntv_or_sync_fifo.gl0.rd/gr1.gr1_int.rfwft/aempty_fwft_fb_i_reg/PRE
                            (removal check against rising-edge clock clk_pl_0  {rise@0.000ns fall@5.000ns period=10.000ns})
  Path Group:             **async_default**
  Path Type:              Removal (Min at Fast Process Corner)
  Requirement:            0.000ns  (clk_pl_0 rise@0.000ns - clk_pl_0 rise@0.000ns)
  Data Path Delay:        0.256ns  (logic 0.149ns (58.160%)  route 0.107ns (41.840%))
  Logic Levels:           1  (LUT3=1)
  Clock Path Skew:        0.018ns (DCD - SCD - CPR)
    Destination Clock Delay (DCD):    1.447ns
    Source Clock Delay      (SCD):    1.298ns
    Clock Pessimism Removal (CPR):    0.132ns
  Clock Net Delay (Source):      1.147ns (routing 0.572ns, distribution 0.575ns)
  Clock Net Delay (Destination): 1.260ns (routing 0.623ns, distribution 0.637ns)

    Location             Delay type                Incr(ns)  Path(ns)    Netlist Resource(s)
  -------------------------------------------------------------------    -------------------
                         (clock clk_pl_0 rise edge)
                                                      0.000     0.000 r  
    PS8_X0Y0             PS8                          0.000     0.000 r  kria_starter_kit_i/zynq_ultra_ps_e_0/U0/PS8_i/PLCLK[0]
                         net (fo=1, routed)           0.129     0.129    kria_starter_kit_i/zynq_ultra_ps_e_0/U0/pl_clk_unbuffered[0]
    BUFG_PS_X0Y80        BUFG_PS (Prop_BUFG_PS_I_O)
                                                      0.022     0.151 r  kria_starter_kit_i/zynq_ultra_ps_e_0/U0/buffer_pl_clk_0.PL_CLK_0_BUFG/O
    X0Y1 (CLOCK_ROOT)    net (fo=1837, routed)        1.147     1.298    kria_starter_kit_i/ps8_0_axi_periph/s00_couplers/auto_ds/inst/gen_downsizer.gen_simple_downsizer.axi_downsizer_inst/USE_READ.read_addr_inst/cmd_queue/inst/fifo_gen_inst/inst_fifo_gen/gconvfifo.rf/grf.rf/rstblk/clk
    SLICE_X5Y106         FDRE                                         r  kria_starter_kit_i/ps8_0_axi_periph/s00_couplers/auto_ds/inst/gen_downsizer.gen_simple_downsizer.axi_downsizer_inst/USE_READ.read_addr_inst/cmd_queue/inst/fifo_gen_inst/inst_fifo_gen/gconvfifo.rf/grf.rf/rstblk/ngwrdrst.grst.g7serrst.gnsckt_wrst.gcc_rst.sckt_wr_rst_cc_reg[0]/C
  -------------------------------------------------------------------    -------------------
    SLICE_X5Y106         FDRE (Prop_EFF_SLICEM_C_Q)
                                                      0.082     1.380 f  kria_starter_kit_i/ps8_0_axi_periph/s00_couplers/auto_ds/inst/gen_downsizer.gen_simple_downsizer.axi_downsizer_inst/USE_READ.read_addr_inst/cmd_queue/inst/fifo_gen_inst/inst_fifo_gen/gconvfifo.rf/grf.rf/rstblk/ngwrdrst.grst.g7serrst.gnsckt_wrst.gcc_rst.sckt_wr_rst_cc_reg[0]/Q
                         net (fo=3, routed)           0.030     1.410    kria_starter_kit_i/ps8_0_axi_periph/s00_couplers/auto_ds/inst/gen_downsizer.gen_simple_downsizer.axi_downsizer_inst/USE_READ.read_addr_inst/cmd_queue/inst/fifo_gen_inst/inst_fifo_gen/gconvfifo.rf/grf.rf/rstblk/ngwrdrst.grst.g7serrst.gnsckt_wrst.gcc_rst.sckt_wr_rst_cc[0]
    SLICE_X5Y106         LUT3 (Prop_E6LUT_SLICEM_I1_O)
                                                      0.067     1.477 f  kria_starter_kit_i/ps8_0_axi_periph/s00_couplers/auto_ds/inst/gen_downsizer.gen_simple_downsizer.axi_downsizer_inst/USE_READ.read_addr_inst/cmd_queue/inst/fifo_gen_inst/inst_fifo_gen/gconvfifo.rf/grf.rf/rstblk/gpregsm1.curr_fwft_state[1]_i_2/O
                         net (fo=32, routed)          0.077     1.554    kria_starter_kit_i/ps8_0_axi_periph/s00_couplers/auto_ds/inst/gen_downsizer.gen_simple_downsizer.axi_downsizer_inst/USE_READ.read_addr_inst/cmd_queue/inst/fifo_gen_inst/inst_fifo_gen/gconvfifo.rf/grf.rf/gntv_or_sync_fifo.gl0.rd/gr1.gr1_int.rfwft/gpregsm1.user_valid_reg_0
    SLICE_X5Y106         FDPE                                         f  kria_starter_kit_i/ps8_0_axi_periph/s00_couplers/auto_ds/inst/gen_downsizer.gen_simple_downsizer.axi_downsizer_inst/USE_READ.read_addr_inst/cmd_queue/inst/fifo_gen_inst/inst_fifo_gen/gconvfifo.rf/grf.rf/gntv_or_sync_fifo.gl0.rd/gr1.gr1_int.rfwft/aempty_fwft_fb_i_reg/PRE
  -------------------------------------------------------------------    -------------------

                         (clock clk_pl_0 rise edge)
                                                      0.000     0.000 r  
    PS8_X0Y0             PS8                          0.000     0.000 r  kria_starter_kit_i/zynq_ultra_ps_e_0/U0/PS8_i/PLCLK[0]
                         net (fo=1, routed)           0.164     0.164    kria_starter_kit_i/zynq_ultra_ps_e_0/U0/pl_clk_unbuffered[0]
    BUFG_PS_X0Y80        BUFG_PS (Prop_BUFG_PS_I_O)
                                                      0.023     0.187 r  kria_starter_kit_i/zynq_ultra_ps_e_0/U0/buffer_pl_clk_0.PL_CLK_0_BUFG/O
    X0Y1 (CLOCK_ROOT)    net (fo=1837, routed)        1.260     1.447    kria_starter_kit_i/ps8_0_axi_periph/s00_couplers/auto_ds/inst/gen_downsizer.gen_simple_downsizer.axi_downsizer_inst/USE_READ.read_addr_inst/cmd_queue/inst/fifo_gen_inst/inst_fifo_gen/gconvfifo.rf/grf.rf/gntv_or_sync_fifo.gl0.rd/gr1.gr1_int.rfwft/clk
    SLICE_X5Y106         FDPE                                         r  kria_starter_kit_i/ps8_0_axi_periph/s00_couplers/auto_ds/inst/gen_downsizer.gen_simple_downsizer.axi_downsizer_inst/USE_READ.read_addr_inst/cmd_queue/inst/fifo_gen_inst/inst_fifo_gen/gconvfifo.rf/grf.rf/gntv_or_sync_fifo.gl0.rd/gr1.gr1_int.rfwft/aempty_fwft_fb_i_reg/C
                         clock pessimism             -0.132     1.315    
    SLICE_X5Y106         FDPE (Remov_AFF_SLICEM_C_PRE)
                                                     -0.018     1.297    kria_starter_kit_i/ps8_0_axi_periph/s00_couplers/auto_ds/inst/gen_downsizer.gen_simple_downsizer.axi_downsizer_inst/USE_READ.read_addr_inst/cmd_queue/inst/fifo_gen_inst/inst_fifo_gen/gconvfifo.rf/grf.rf/gntv_or_sync_fifo.gl0.rd/gr1.gr1_int.rfwft/aempty_fwft_fb_i_reg
  -------------------------------------------------------------------
                         required time                         -1.297    
                         arrival time                           1.554    
  -------------------------------------------------------------------
                         slack                                  0.257    

Slack (MET) :             0.257ns  (arrival time - required time)
  Source:                 kria_starter_kit_i/ps8_0_axi_periph/s00_couplers/auto_ds/inst/gen_downsizer.gen_simple_downsizer.axi_downsizer_inst/USE_READ.read_addr_inst/cmd_queue/inst/fifo_gen_inst/inst_fifo_gen/gconvfifo.rf/grf.rf/rstblk/ngwrdrst.grst.g7serrst.gnsckt_wrst.gcc_rst.sckt_wr_rst_cc_reg[0]/C
                            (rising edge-triggered cell FDRE clocked by clk_pl_0  {rise@0.000ns fall@5.000ns period=10.000ns})
  Destination:            kria_starter_kit_i/ps8_0_axi_periph/s00_couplers/auto_ds/inst/gen_downsizer.gen_simple_downsizer.axi_downsizer_inst/USE_READ.read_addr_inst/cmd_queue/inst/fifo_gen_inst/inst_fifo_gen/gconvfifo.rf/grf.rf/gntv_or_sync_fifo.gl0.rd/gr1.gr1_int.rfwft/aempty_fwft_i_reg/PRE
                            (removal check against rising-edge clock clk_pl_0  {rise@0.000ns fall@5.000ns period=10.000ns})
  Path Group:             **async_default**
  Path Type:              Removal (Min at Fast Process Corner)
  Requirement:            0.000ns  (clk_pl_0 rise@0.000ns - clk_pl_0 rise@0.000ns)
  Data Path Delay:        0.256ns  (logic 0.149ns (58.160%)  route 0.107ns (41.840%))
  Logic Levels:           1  (LUT3=1)
  Clock Path Skew:        0.018ns (DCD - SCD - CPR)
    Destination Clock Delay (DCD):    1.447ns
    Source Clock Delay      (SCD):    1.298ns
    Clock Pessimism Removal (CPR):    0.132ns
  Clock Net Delay (Source):      1.147ns (routing 0.572ns, distribution 0.575ns)
  Clock Net Delay (Destination): 1.260ns (routing 0.623ns, distribution 0.637ns)

    Location             Delay type                Incr(ns)  Path(ns)    Netlist Resource(s)
  -------------------------------------------------------------------    -------------------
                         (clock clk_pl_0 rise edge)
                                                      0.000     0.000 r  
    PS8_X0Y0             PS8                          0.000     0.000 r  kria_starter_kit_i/zynq_ultra_ps_e_0/U0/PS8_i/PLCLK[0]
                         net (fo=1, routed)           0.129     0.129    kria_starter_kit_i/zynq_ultra_ps_e_0/U0/pl_clk_unbuffered[0]
    BUFG_PS_X0Y80        BUFG_PS (Prop_BUFG_PS_I_O)
                                                      0.022     0.151 r  kria_starter_kit_i/zynq_ultra_ps_e_0/U0/buffer_pl_clk_0.PL_CLK_0_BUFG/O
    X0Y1 (CLOCK_ROOT)    net (fo=1837, routed)        1.147     1.298    kria_starter_kit_i/ps8_0_axi_periph/s00_couplers/auto_ds/inst/gen_downsizer.gen_simple_downsizer.axi_downsizer_inst/USE_READ.read_addr_inst/cmd_queue/inst/fifo_gen_inst/inst_fifo_gen/gconvfifo.rf/grf.rf/rstblk/clk
    SLICE_X5Y106         FDRE                                         r  kria_starter_kit_i/ps8_0_axi_periph/s00_couplers/auto_ds/inst/gen_downsizer.gen_simple_downsizer.axi_downsizer_inst/USE_READ.read_addr_inst/cmd_queue/inst/fifo_gen_inst/inst_fifo_gen/gconvfifo.rf/grf.rf/rstblk/ngwrdrst.grst.g7serrst.gnsckt_wrst.gcc_rst.sckt_wr_rst_cc_reg[0]/C
  -------------------------------------------------------------------    -------------------
    SLICE_X5Y106         FDRE (Prop_EFF_SLICEM_C_Q)
                                                      0.082     1.380 f  kria_starter_kit_i/ps8_0_axi_periph/s00_couplers/auto_ds/inst/gen_downsizer.gen_simple_downsizer.axi_downsizer_inst/USE_READ.read_addr_inst/cmd_queue/inst/fifo_gen_inst/inst_fifo_gen/gconvfifo.rf/grf.rf/rstblk/ngwrdrst.grst.g7serrst.gnsckt_wrst.gcc_rst.sckt_wr_rst_cc_reg[0]/Q
                         net (fo=3, routed)           0.030     1.410    kria_starter_kit_i/ps8_0_axi_periph/s00_couplers/auto_ds/inst/gen_downsizer.gen_simple_downsizer.axi_downsizer_inst/USE_READ.read_addr_inst/cmd_queue/inst/fifo_gen_inst/inst_fifo_gen/gconvfifo.rf/grf.rf/rstblk/ngwrdrst.grst.g7serrst.gnsckt_wrst.gcc_rst.sckt_wr_rst_cc[0]
    SLICE_X5Y106         LUT3 (Prop_E6LUT_SLICEM_I1_O)
                                                      0.067     1.477 f  kria_starter_kit_i/ps8_0_axi_periph/s00_couplers/auto_ds/inst/gen_downsizer.gen_simple_downsizer.axi_downsizer_inst/USE_READ.read_addr_inst/cmd_queue/inst/fifo_gen_inst/inst_fifo_gen/gconvfifo.rf/grf.rf/rstblk/gpregsm1.curr_fwft_state[1]_i_2/O
                         net (fo=32, routed)          0.077     1.554    kria_starter_kit_i/ps8_0_axi_periph/s00_couplers/auto_ds/inst/gen_downsizer.gen_simple_downsizer.axi_downsizer_inst/USE_READ.read_addr_inst/cmd_queue/inst/fifo_gen_inst/inst_fifo_gen/gconvfifo.rf/grf.rf/gntv_or_sync_fifo.gl0.rd/gr1.gr1_int.rfwft/gpregsm1.user_valid_reg_0
    SLICE_X5Y106         FDPE                                         f  kria_starter_kit_i/ps8_0_axi_periph/s00_couplers/auto_ds/inst/gen_downsizer.gen_simple_downsizer.axi_downsizer_inst/USE_READ.read_addr_inst/cmd_queue/inst/fifo_gen_inst/inst_fifo_gen/gconvfifo.rf/grf.rf/gntv_or_sync_fifo.gl0.rd/gr1.gr1_int.rfwft/aempty_fwft_i_reg/PRE
  -------------------------------------------------------------------    -------------------

                         (clock clk_pl_0 rise edge)
                                                      0.000     0.000 r  
    PS8_X0Y0             PS8                          0.000     0.000 r  kria_starter_kit_i/zynq_ultra_ps_e_0/U0/PS8_i/PLCLK[0]
                         net (fo=1, routed)           0.164     0.164    kria_starter_kit_i/zynq_ultra_ps_e_0/U0/pl_clk_unbuffered[0]
    BUFG_PS_X0Y80        BUFG_PS (Prop_BUFG_PS_I_O)
                                                      0.023     0.187 r  kria_starter_kit_i/zynq_ultra_ps_e_0/U0/buffer_pl_clk_0.PL_CLK_0_BUFG/O
    X0Y1 (CLOCK_ROOT)    net (fo=1837, routed)        1.260     1.447    kria_starter_kit_i/ps8_0_axi_periph/s00_couplers/auto_ds/inst/gen_downsizer.gen_simple_downsizer.axi_downsizer_inst/USE_READ.read_addr_inst/cmd_queue/inst/fifo_gen_inst/inst_fifo_gen/gconvfifo.rf/grf.rf/gntv_or_sync_fifo.gl0.rd/gr1.gr1_int.rfwft/clk
    SLICE_X5Y106         FDPE                                         r  kria_starter_kit_i/ps8_0_axi_periph/s00_couplers/auto_ds/inst/gen_downsizer.gen_simple_downsizer.axi_downsizer_inst/USE_READ.read_addr_inst/cmd_queue/inst/fifo_gen_inst/inst_fifo_gen/gconvfifo.rf/grf.rf/gntv_or_sync_fifo.gl0.rd/gr1.gr1_int.rfwft/aempty_fwft_i_reg/C
                         clock pessimism             -0.132     1.315    
    SLICE_X5Y106         FDPE (Remov_AFF2_SLICEM_C_PRE)
                                                     -0.018     1.297    kria_starter_kit_i/ps8_0_axi_periph/s00_couplers/auto_ds/inst/gen_downsizer.gen_simple_downsizer.axi_downsizer_inst/USE_READ.read_addr_inst/cmd_queue/inst/fifo_gen_inst/inst_fifo_gen/gconvfifo.rf/grf.rf/gntv_or_sync_fifo.gl0.rd/gr1.gr1_int.rfwft/aempty_fwft_i_reg
  -------------------------------------------------------------------
                         required time                         -1.297    
                         arrival time                           1.554    
  -------------------------------------------------------------------
                         slack                                  0.257    

Slack (MET) :             0.257ns  (arrival time - required time)
  Source:                 kria_starter_kit_i/ps8_0_axi_periph/s00_couplers/auto_ds/inst/gen_downsizer.gen_simple_downsizer.axi_downsizer_inst/USE_READ.read_addr_inst/cmd_queue/inst/fifo_gen_inst/inst_fifo_gen/gconvfifo.rf/grf.rf/rstblk/ngwrdrst.grst.g7serrst.gnsckt_wrst.gcc_rst.sckt_wr_rst_cc_reg[0]/C
                            (rising edge-triggered cell FDRE clocked by clk_pl_0  {rise@0.000ns fall@5.000ns period=10.000ns})
  Destination:            kria_starter_kit_i/ps8_0_axi_periph/s00_couplers/auto_ds/inst/gen_downsizer.gen_simple_downsizer.axi_downsizer_inst/USE_READ.read_addr_inst/cmd_queue/inst/fifo_gen_inst/inst_fifo_gen/gconvfifo.rf/grf.rf/gntv_or_sync_fifo.gl0.rd/gr1.gr1_int.rfwft/empty_fwft_fb_i_reg/PRE
                            (removal check against rising-edge clock clk_pl_0  {rise@0.000ns fall@5.000ns period=10.000ns})
  Path Group:             **async_default**
  Path Type:              Removal (Min at Fast Process Corner)
  Requirement:            0.000ns  (clk_pl_0 rise@0.000ns - clk_pl_0 rise@0.000ns)
  Data Path Delay:        0.256ns  (logic 0.149ns (58.160%)  route 0.107ns (41.840%))
  Logic Levels:           1  (LUT3=1)
  Clock Path Skew:        0.018ns (DCD - SCD - CPR)
    Destination Clock Delay (DCD):    1.447ns
    Source Clock Delay      (SCD):    1.298ns
    Clock Pessimism Removal (CPR):    0.132ns
  Clock Net Delay (Source):      1.147ns (routing 0.572ns, distribution 0.575ns)
  Clock Net Delay (Destination): 1.260ns (routing 0.623ns, distribution 0.637ns)

    Location             Delay type                Incr(ns)  Path(ns)    Netlist Resource(s)
  -------------------------------------------------------------------    -------------------
                         (clock clk_pl_0 rise edge)
                                                      0.000     0.000 r  
    PS8_X0Y0             PS8                          0.000     0.000 r  kria_starter_kit_i/zynq_ultra_ps_e_0/U0/PS8_i/PLCLK[0]
                         net (fo=1, routed)           0.129     0.129    kria_starter_kit_i/zynq_ultra_ps_e_0/U0/pl_clk_unbuffered[0]
    BUFG_PS_X0Y80        BUFG_PS (Prop_BUFG_PS_I_O)
                                                      0.022     0.151 r  kria_starter_kit_i/zynq_ultra_ps_e_0/U0/buffer_pl_clk_0.PL_CLK_0_BUFG/O
    X0Y1 (CLOCK_ROOT)    net (fo=1837, routed)        1.147     1.298    kria_starter_kit_i/ps8_0_axi_periph/s00_couplers/auto_ds/inst/gen_downsizer.gen_simple_downsizer.axi_downsizer_inst/USE_READ.read_addr_inst/cmd_queue/inst/fifo_gen_inst/inst_fifo_gen/gconvfifo.rf/grf.rf/rstblk/clk
    SLICE_X5Y106         FDRE                                         r  kria_starter_kit_i/ps8_0_axi_periph/s00_couplers/auto_ds/inst/gen_downsizer.gen_simple_downsizer.axi_downsizer_inst/USE_READ.read_addr_inst/cmd_queue/inst/fifo_gen_inst/inst_fifo_gen/gconvfifo.rf/grf.rf/rstblk/ngwrdrst.grst.g7serrst.gnsckt_wrst.gcc_rst.sckt_wr_rst_cc_reg[0]/C
  -------------------------------------------------------------------    -------------------
    SLICE_X5Y106         FDRE (Prop_EFF_SLICEM_C_Q)
                                                      0.082     1.380 f  kria_starter_kit_i/ps8_0_axi_periph/s00_couplers/auto_ds/inst/gen_downsizer.gen_simple_downsizer.axi_downsizer_inst/USE_READ.read_addr_inst/cmd_queue/inst/fifo_gen_inst/inst_fifo_gen/gconvfifo.rf/grf.rf/rstblk/ngwrdrst.grst.g7serrst.gnsckt_wrst.gcc_rst.sckt_wr_rst_cc_reg[0]/Q
                         net (fo=3, routed)           0.030     1.410    kria_starter_kit_i/ps8_0_axi_periph/s00_couplers/auto_ds/inst/gen_downsizer.gen_simple_downsizer.axi_downsizer_inst/USE_READ.read_addr_inst/cmd_queue/inst/fifo_gen_inst/inst_fifo_gen/gconvfifo.rf/grf.rf/rstblk/ngwrdrst.grst.g7serrst.gnsckt_wrst.gcc_rst.sckt_wr_rst_cc[0]
    SLICE_X5Y106         LUT3 (Prop_E6LUT_SLICEM_I1_O)
                                                      0.067     1.477 f  kria_starter_kit_i/ps8_0_axi_periph/s00_couplers/auto_ds/inst/gen_downsizer.gen_simple_downsizer.axi_downsizer_inst/USE_READ.read_addr_inst/cmd_queue/inst/fifo_gen_inst/inst_fifo_gen/gconvfifo.rf/grf.rf/rstblk/gpregsm1.curr_fwft_state[1]_i_2/O
                         net (fo=32, routed)          0.077     1.554    kria_starter_kit_i/ps8_0_axi_periph/s00_couplers/auto_ds/inst/gen_downsizer.gen_simple_downsizer.axi_downsizer_inst/USE_READ.read_addr_inst/cmd_queue/inst/fifo_gen_inst/inst_fifo_gen/gconvfifo.rf/grf.rf/gntv_or_sync_fifo.gl0.rd/gr1.gr1_int.rfwft/gpregsm1.user_valid_reg_0
    SLICE_X5Y106         FDPE                                         f  kria_starter_kit_i/ps8_0_axi_periph/s00_couplers/auto_ds/inst/gen_downsizer.gen_simple_downsizer.axi_downsizer_inst/USE_READ.read_addr_inst/cmd_queue/inst/fifo_gen_inst/inst_fifo_gen/gconvfifo.rf/grf.rf/gntv_or_sync_fifo.gl0.rd/gr1.gr1_int.rfwft/empty_fwft_fb_i_reg/PRE
  -------------------------------------------------------------------    -------------------

                         (clock clk_pl_0 rise edge)
                                                      0.000     0.000 r  
    PS8_X0Y0             PS8                          0.000     0.000 r  kria_starter_kit_i/zynq_ultra_ps_e_0/U0/PS8_i/PLCLK[0]
                         net (fo=1, routed)           0.164     0.164    kria_starter_kit_i/zynq_ultra_ps_e_0/U0/pl_clk_unbuffered[0]
    BUFG_PS_X0Y80        BUFG_PS (Prop_BUFG_PS_I_O)
                                                      0.023     0.187 r  kria_starter_kit_i/zynq_ultra_ps_e_0/U0/buffer_pl_clk_0.PL_CLK_0_BUFG/O
    X0Y1 (CLOCK_ROOT)    net (fo=1837, routed)        1.260     1.447    kria_starter_kit_i/ps8_0_axi_periph/s00_couplers/auto_ds/inst/gen_downsizer.gen_simple_downsizer.axi_downsizer_inst/USE_READ.read_addr_inst/cmd_queue/inst/fifo_gen_inst/inst_fifo_gen/gconvfifo.rf/grf.rf/gntv_or_sync_fifo.gl0.rd/gr1.gr1_int.rfwft/clk
    SLICE_X5Y106         FDPE                                         r  kria_starter_kit_i/ps8_0_axi_periph/s00_couplers/auto_ds/inst/gen_downsizer.gen_simple_downsizer.axi_downsizer_inst/USE_READ.read_addr_inst/cmd_queue/inst/fifo_gen_inst/inst_fifo_gen/gconvfifo.rf/grf.rf/gntv_or_sync_fifo.gl0.rd/gr1.gr1_int.rfwft/empty_fwft_fb_i_reg/C
                         clock pessimism             -0.132     1.315    
    SLICE_X5Y106         FDPE (Remov_BFF_SLICEM_C_PRE)
                                                     -0.018     1.297    kria_starter_kit_i/ps8_0_axi_periph/s00_couplers/auto_ds/inst/gen_downsizer.gen_simple_downsizer.axi_downsizer_inst/USE_READ.read_addr_inst/cmd_queue/inst/fifo_gen_inst/inst_fifo_gen/gconvfifo.rf/grf.rf/gntv_or_sync_fifo.gl0.rd/gr1.gr1_int.rfwft/empty_fwft_fb_i_reg
  -------------------------------------------------------------------
                         required time                         -1.297    
                         arrival time                           1.554    
  -------------------------------------------------------------------
                         slack                                  0.257    

Slack (MET) :             0.257ns  (arrival time - required time)
  Source:                 kria_starter_kit_i/ps8_0_axi_periph/s00_couplers/auto_ds/inst/gen_downsizer.gen_simple_downsizer.axi_downsizer_inst/USE_READ.read_addr_inst/cmd_queue/inst/fifo_gen_inst/inst_fifo_gen/gconvfifo.rf/grf.rf/rstblk/ngwrdrst.grst.g7serrst.gnsckt_wrst.gcc_rst.sckt_wr_rst_cc_reg[0]/C
                            (rising edge-triggered cell FDRE clocked by clk_pl_0  {rise@0.000ns fall@5.000ns period=10.000ns})
  Destination:            kria_starter_kit_i/ps8_0_axi_periph/s00_couplers/auto_ds/inst/gen_downsizer.gen_simple_downsizer.axi_downsizer_inst/USE_READ.read_addr_inst/cmd_queue/inst/fifo_gen_inst/inst_fifo_gen/gconvfifo.rf/grf.rf/gntv_or_sync_fifo.gl0.rd/gr1.gr1_int.rfwft/empty_fwft_fb_o_i_reg/PRE
                            (removal check against rising-edge clock clk_pl_0  {rise@0.000ns fall@5.000ns period=10.000ns})
  Path Group:             **async_default**
  Path Type:              Removal (Min at Fast Process Corner)
  Requirement:            0.000ns  (clk_pl_0 rise@0.000ns - clk_pl_0 rise@0.000ns)
  Data Path Delay:        0.256ns  (logic 0.149ns (58.160%)  route 0.107ns (41.840%))
  Logic Levels:           1  (LUT3=1)
  Clock Path Skew:        0.018ns (DCD - SCD - CPR)
    Destination Clock Delay (DCD):    1.447ns
    Source Clock Delay      (SCD):    1.298ns
    Clock Pessimism Removal (CPR):    0.132ns
  Clock Net Delay (Source):      1.147ns (routing 0.572ns, distribution 0.575ns)
  Clock Net Delay (Destination): 1.260ns (routing 0.623ns, distribution 0.637ns)

    Location             Delay type                Incr(ns)  Path(ns)    Netlist Resource(s)
  -------------------------------------------------------------------    -------------------
                         (clock clk_pl_0 rise edge)
                                                      0.000     0.000 r  
    PS8_X0Y0             PS8                          0.000     0.000 r  kria_starter_kit_i/zynq_ultra_ps_e_0/U0/PS8_i/PLCLK[0]
                         net (fo=1, routed)           0.129     0.129    kria_starter_kit_i/zynq_ultra_ps_e_0/U0/pl_clk_unbuffered[0]
    BUFG_PS_X0Y80        BUFG_PS (Prop_BUFG_PS_I_O)
                                                      0.022     0.151 r  kria_starter_kit_i/zynq_ultra_ps_e_0/U0/buffer_pl_clk_0.PL_CLK_0_BUFG/O
    X0Y1 (CLOCK_ROOT)    net (fo=1837, routed)        1.147     1.298    kria_starter_kit_i/ps8_0_axi_periph/s00_couplers/auto_ds/inst/gen_downsizer.gen_simple_downsizer.axi_downsizer_inst/USE_READ.read_addr_inst/cmd_queue/inst/fifo_gen_inst/inst_fifo_gen/gconvfifo.rf/grf.rf/rstblk/clk
    SLICE_X5Y106         FDRE                                         r  kria_starter_kit_i/ps8_0_axi_periph/s00_couplers/auto_ds/inst/gen_downsizer.gen_simple_downsizer.axi_downsizer_inst/USE_READ.read_addr_inst/cmd_queue/inst/fifo_gen_inst/inst_fifo_gen/gconvfifo.rf/grf.rf/rstblk/ngwrdrst.grst.g7serrst.gnsckt_wrst.gcc_rst.sckt_wr_rst_cc_reg[0]/C
  -------------------------------------------------------------------    -------------------
    SLICE_X5Y106         FDRE (Prop_EFF_SLICEM_C_Q)
                                                      0.082     1.380 f  kria_starter_kit_i/ps8_0_axi_periph/s00_couplers/auto_ds/inst/gen_downsizer.gen_simple_downsizer.axi_downsizer_inst/USE_READ.read_addr_inst/cmd_queue/inst/fifo_gen_inst/inst_fifo_gen/gconvfifo.rf/grf.rf/rstblk/ngwrdrst.grst.g7serrst.gnsckt_wrst.gcc_rst.sckt_wr_rst_cc_reg[0]/Q
                         net (fo=3, routed)           0.030     1.410    kria_starter_kit_i/ps8_0_axi_periph/s00_couplers/auto_ds/inst/gen_downsizer.gen_simple_downsizer.axi_downsizer_inst/USE_READ.read_addr_inst/cmd_queue/inst/fifo_gen_inst/inst_fifo_gen/gconvfifo.rf/grf.rf/rstblk/ngwrdrst.grst.g7serrst.gnsckt_wrst.gcc_rst.sckt_wr_rst_cc[0]
    SLICE_X5Y106         LUT3 (Prop_E6LUT_SLICEM_I1_O)
                                                      0.067     1.477 f  kria_starter_kit_i/ps8_0_axi_periph/s00_couplers/auto_ds/inst/gen_downsizer.gen_simple_downsizer.axi_downsizer_inst/USE_READ.read_addr_inst/cmd_queue/inst/fifo_gen_inst/inst_fifo_gen/gconvfifo.rf/grf.rf/rstblk/gpregsm1.curr_fwft_state[1]_i_2/O
                         net (fo=32, routed)          0.077     1.554    kria_starter_kit_i/ps8_0_axi_periph/s00_couplers/auto_ds/inst/gen_downsizer.gen_simple_downsizer.axi_downsizer_inst/USE_READ.read_addr_inst/cmd_queue/inst/fifo_gen_inst/inst_fifo_gen/gconvfifo.rf/grf.rf/gntv_or_sync_fifo.gl0.rd/gr1.gr1_int.rfwft/gpregsm1.user_valid_reg_0
    SLICE_X5Y106         FDPE                                         f  kria_starter_kit_i/ps8_0_axi_periph/s00_couplers/auto_ds/inst/gen_downsizer.gen_simple_downsizer.axi_downsizer_inst/USE_READ.read_addr_inst/cmd_queue/inst/fifo_gen_inst/inst_fifo_gen/gconvfifo.rf/grf.rf/gntv_or_sync_fifo.gl0.rd/gr1.gr1_int.rfwft/empty_fwft_fb_o_i_reg/PRE
  -------------------------------------------------------------------    -------------------

                         (clock clk_pl_0 rise edge)
                                                      0.000     0.000 r  
    PS8_X0Y0             PS8                          0.000     0.000 r  kria_starter_kit_i/zynq_ultra_ps_e_0/U0/PS8_i/PLCLK[0]
                         net (fo=1, routed)           0.164     0.164    kria_starter_kit_i/zynq_ultra_ps_e_0/U0/pl_clk_unbuffered[0]
    BUFG_PS_X0Y80        BUFG_PS (Prop_BUFG_PS_I_O)
                                                      0.023     0.187 r  kria_starter_kit_i/zynq_ultra_ps_e_0/U0/buffer_pl_clk_0.PL_CLK_0_BUFG/O
    X0Y1 (CLOCK_ROOT)    net (fo=1837, routed)        1.260     1.447    kria_starter_kit_i/ps8_0_axi_periph/s00_couplers/auto_ds/inst/gen_downsizer.gen_simple_downsizer.axi_downsizer_inst/USE_READ.read_addr_inst/cmd_queue/inst/fifo_gen_inst/inst_fifo_gen/gconvfifo.rf/grf.rf/gntv_or_sync_fifo.gl0.rd/gr1.gr1_int.rfwft/clk
    SLICE_X5Y106         FDPE                                         r  kria_starter_kit_i/ps8_0_axi_periph/s00_couplers/auto_ds/inst/gen_downsizer.gen_simple_downsizer.axi_downsizer_inst/USE_READ.read_addr_inst/cmd_queue/inst/fifo_gen_inst/inst_fifo_gen/gconvfifo.rf/grf.rf/gntv_or_sync_fifo.gl0.rd/gr1.gr1_int.rfwft/empty_fwft_fb_o_i_reg/C
                         clock pessimism             -0.132     1.315    
    SLICE_X5Y106         FDPE (Remov_DFF2_SLICEM_C_PRE)
                                                     -0.018     1.297    kria_starter_kit_i/ps8_0_axi_periph/s00_couplers/auto_ds/inst/gen_downsizer.gen_simple_downsizer.axi_downsizer_inst/USE_READ.read_addr_inst/cmd_queue/inst/fifo_gen_inst/inst_fifo_gen/gconvfifo.rf/grf.rf/gntv_or_sync_fifo.gl0.rd/gr1.gr1_int.rfwft/empty_fwft_fb_o_i_reg
  -------------------------------------------------------------------
                         required time                         -1.297    
                         arrival time                           1.554    
  -------------------------------------------------------------------
                         slack                                  0.257    

Slack (MET) :             0.257ns  (arrival time - required time)
  Source:                 kria_starter_kit_i/ps8_0_axi_periph/s00_couplers/auto_ds/inst/gen_downsizer.gen_simple_downsizer.axi_downsizer_inst/USE_READ.read_addr_inst/cmd_queue/inst/fifo_gen_inst/inst_fifo_gen/gconvfifo.rf/grf.rf/rstblk/ngwrdrst.grst.g7serrst.gnsckt_wrst.gcc_rst.sckt_wr_rst_cc_reg[0]/C
                            (rising edge-triggered cell FDRE clocked by clk_pl_0  {rise@0.000ns fall@5.000ns period=10.000ns})
  Destination:            kria_starter_kit_i/ps8_0_axi_periph/s00_couplers/auto_ds/inst/gen_downsizer.gen_simple_downsizer.axi_downsizer_inst/USE_READ.read_addr_inst/cmd_queue/inst/fifo_gen_inst/inst_fifo_gen/gconvfifo.rf/grf.rf/gntv_or_sync_fifo.gl0.rd/gr1.gr1_int.rfwft/empty_fwft_i_reg/PRE
                            (removal check against rising-edge clock clk_pl_0  {rise@0.000ns fall@5.000ns period=10.000ns})
  Path Group:             **async_default**
  Path Type:              Removal (Min at Fast Process Corner)
  Requirement:            0.000ns  (clk_pl_0 rise@0.000ns - clk_pl_0 rise@0.000ns)
  Data Path Delay:        0.256ns  (logic 0.149ns (58.160%)  route 0.107ns (41.840%))
  Logic Levels:           1  (LUT3=1)
  Clock Path Skew:        0.018ns (DCD - SCD - CPR)
    Destination Clock Delay (DCD):    1.447ns
    Source Clock Delay      (SCD):    1.298ns
    Clock Pessimism Removal (CPR):    0.132ns
  Clock Net Delay (Source):      1.147ns (routing 0.572ns, distribution 0.575ns)
  Clock Net Delay (Destination): 1.260ns (routing 0.623ns, distribution 0.637ns)

    Location             Delay type                Incr(ns)  Path(ns)    Netlist Resource(s)
  -------------------------------------------------------------------    -------------------
                         (clock clk_pl_0 rise edge)
                                                      0.000     0.000 r  
    PS8_X0Y0             PS8                          0.000     0.000 r  kria_starter_kit_i/zynq_ultra_ps_e_0/U0/PS8_i/PLCLK[0]
                         net (fo=1, routed)           0.129     0.129    kria_starter_kit_i/zynq_ultra_ps_e_0/U0/pl_clk_unbuffered[0]
    BUFG_PS_X0Y80        BUFG_PS (Prop_BUFG_PS_I_O)
                                                      0.022     0.151 r  kria_starter_kit_i/zynq_ultra_ps_e_0/U0/buffer_pl_clk_0.PL_CLK_0_BUFG/O
    X0Y1 (CLOCK_ROOT)    net (fo=1837, routed)        1.147     1.298    kria_starter_kit_i/ps8_0_axi_periph/s00_couplers/auto_ds/inst/gen_downsizer.gen_simple_downsizer.axi_downsizer_inst/USE_READ.read_addr_inst/cmd_queue/inst/fifo_gen_inst/inst_fifo_gen/gconvfifo.rf/grf.rf/rstblk/clk
    SLICE_X5Y106         FDRE                                         r  kria_starter_kit_i/ps8_0_axi_periph/s00_couplers/auto_ds/inst/gen_downsizer.gen_simple_downsizer.axi_downsizer_inst/USE_READ.read_addr_inst/cmd_queue/inst/fifo_gen_inst/inst_fifo_gen/gconvfifo.rf/grf.rf/rstblk/ngwrdrst.grst.g7serrst.gnsckt_wrst.gcc_rst.sckt_wr_rst_cc_reg[0]/C
  -------------------------------------------------------------------    -------------------
    SLICE_X5Y106         FDRE (Prop_EFF_SLICEM_C_Q)
                                                      0.082     1.380 f  kria_starter_kit_i/ps8_0_axi_periph/s00_couplers/auto_ds/inst/gen_downsizer.gen_simple_downsizer.axi_downsizer_inst/USE_READ.read_addr_inst/cmd_queue/inst/fifo_gen_inst/inst_fifo_gen/gconvfifo.rf/grf.rf/rstblk/ngwrdrst.grst.g7serrst.gnsckt_wrst.gcc_rst.sckt_wr_rst_cc_reg[0]/Q
                         net (fo=3, routed)           0.030     1.410    kria_starter_kit_i/ps8_0_axi_periph/s00_couplers/auto_ds/inst/gen_downsizer.gen_simple_downsizer.axi_downsizer_inst/USE_READ.read_addr_inst/cmd_queue/inst/fifo_gen_inst/inst_fifo_gen/gconvfifo.rf/grf.rf/rstblk/ngwrdrst.grst.g7serrst.gnsckt_wrst.gcc_rst.sckt_wr_rst_cc[0]
    SLICE_X5Y106         LUT3 (Prop_E6LUT_SLICEM_I1_O)
                                                      0.067     1.477 f  kria_starter_kit_i/ps8_0_axi_periph/s00_couplers/auto_ds/inst/gen_downsizer.gen_simple_downsizer.axi_downsizer_inst/USE_READ.read_addr_inst/cmd_queue/inst/fifo_gen_inst/inst_fifo_gen/gconvfifo.rf/grf.rf/rstblk/gpregsm1.curr_fwft_state[1]_i_2/O
                         net (fo=32, routed)          0.077     1.554    kria_starter_kit_i/ps8_0_axi_periph/s00_couplers/auto_ds/inst/gen_downsizer.gen_simple_downsizer.axi_downsizer_inst/USE_READ.read_addr_inst/cmd_queue/inst/fifo_gen_inst/inst_fifo_gen/gconvfifo.rf/grf.rf/gntv_or_sync_fifo.gl0.rd/gr1.gr1_int.rfwft/gpregsm1.user_valid_reg_0
    SLICE_X5Y106         FDPE                                         f  kria_starter_kit_i/ps8_0_axi_periph/s00_couplers/auto_ds/inst/gen_downsizer.gen_simple_downsizer.axi_downsizer_inst/USE_READ.read_addr_inst/cmd_queue/inst/fifo_gen_inst/inst_fifo_gen/gconvfifo.rf/grf.rf/gntv_or_sync_fifo.gl0.rd/gr1.gr1_int.rfwft/empty_fwft_i_reg/PRE
  -------------------------------------------------------------------    -------------------

                         (clock clk_pl_0 rise edge)
                                                      0.000     0.000 r  
    PS8_X0Y0             PS8                          0.000     0.000 r  kria_starter_kit_i/zynq_ultra_ps_e_0/U0/PS8_i/PLCLK[0]
                         net (fo=1, routed)           0.164     0.164    kria_starter_kit_i/zynq_ultra_ps_e_0/U0/pl_clk_unbuffered[0]
    BUFG_PS_X0Y80        BUFG_PS (Prop_BUFG_PS_I_O)
                                                      0.023     0.187 r  kria_starter_kit_i/zynq_ultra_ps_e_0/U0/buffer_pl_clk_0.PL_CLK_0_BUFG/O
    X0Y1 (CLOCK_ROOT)    net (fo=1837, routed)        1.260     1.447    kria_starter_kit_i/ps8_0_axi_periph/s00_couplers/auto_ds/inst/gen_downsizer.gen_simple_downsizer.axi_downsizer_inst/USE_READ.read_addr_inst/cmd_queue/inst/fifo_gen_inst/inst_fifo_gen/gconvfifo.rf/grf.rf/gntv_or_sync_fifo.gl0.rd/gr1.gr1_int.rfwft/clk
    SLICE_X5Y106         FDPE                                         r  kria_starter_kit_i/ps8_0_axi_periph/s00_couplers/auto_ds/inst/gen_downsizer.gen_simple_downsizer.axi_downsizer_inst/USE_READ.read_addr_inst/cmd_queue/inst/fifo_gen_inst/inst_fifo_gen/gconvfifo.rf/grf.rf/gntv_or_sync_fifo.gl0.rd/gr1.gr1_int.rfwft/empty_fwft_i_reg/C
                         clock pessimism             -0.132     1.315    
    SLICE_X5Y106         FDPE (Remov_BFF2_SLICEM_C_PRE)
                                                     -0.018     1.297    kria_starter_kit_i/ps8_0_axi_periph/s00_couplers/auto_ds/inst/gen_downsizer.gen_simple_downsizer.axi_downsizer_inst/USE_READ.read_addr_inst/cmd_queue/inst/fifo_gen_inst/inst_fifo_gen/gconvfifo.rf/grf.rf/gntv_or_sync_fifo.gl0.rd/gr1.gr1_int.rfwft/empty_fwft_i_reg
  -------------------------------------------------------------------
                         required time                         -1.297    
                         arrival time                           1.554    
  -------------------------------------------------------------------
                         slack                                  0.257    

Slack (MET) :             0.257ns  (arrival time - required time)
  Source:                 kria_starter_kit_i/ps8_0_axi_periph/s00_couplers/auto_ds/inst/gen_downsizer.gen_simple_downsizer.axi_downsizer_inst/USE_READ.read_addr_inst/cmd_queue/inst/fifo_gen_inst/inst_fifo_gen/gconvfifo.rf/grf.rf/rstblk/ngwrdrst.grst.g7serrst.gnsckt_wrst.gcc_rst.sckt_wr_rst_cc_reg[0]/C
                            (rising edge-triggered cell FDRE clocked by clk_pl_0  {rise@0.000ns fall@5.000ns period=10.000ns})
  Destination:            kria_starter_kit_i/ps8_0_axi_periph/s00_couplers/auto_ds/inst/gen_downsizer.gen_simple_downsizer.axi_downsizer_inst/USE_READ.read_addr_inst/cmd_queue/inst/fifo_gen_inst/inst_fifo_gen/gconvfifo.rf/grf.rf/gntv_or_sync_fifo.gl0.rd/gr1.gr1_int.rfwft/gpregsm1.user_valid_reg/CLR
                            (removal check against rising-edge clock clk_pl_0  {rise@0.000ns fall@5.000ns period=10.000ns})
  Path Group:             **async_default**
  Path Type:              Removal (Min at Fast Process Corner)
  Requirement:            0.000ns  (clk_pl_0 rise@0.000ns - clk_pl_0 rise@0.000ns)
  Data Path Delay:        0.256ns  (logic 0.149ns (58.160%)  route 0.107ns (41.840%))
  Logic Levels:           1  (LUT3=1)
  Clock Path Skew:        0.018ns (DCD - SCD - CPR)
    Destination Clock Delay (DCD):    1.447ns
    Source Clock Delay      (SCD):    1.298ns
    Clock Pessimism Removal (CPR):    0.132ns
  Clock Net Delay (Source):      1.147ns (routing 0.572ns, distribution 0.575ns)
  Clock Net Delay (Destination): 1.260ns (routing 0.623ns, distribution 0.637ns)

    Location             Delay type                Incr(ns)  Path(ns)    Netlist Resource(s)
  -------------------------------------------------------------------    -------------------
                         (clock clk_pl_0 rise edge)
                                                      0.000     0.000 r  
    PS8_X0Y0             PS8                          0.000     0.000 r  kria_starter_kit_i/zynq_ultra_ps_e_0/U0/PS8_i/PLCLK[0]
                         net (fo=1, routed)           0.129     0.129    kria_starter_kit_i/zynq_ultra_ps_e_0/U0/pl_clk_unbuffered[0]
    BUFG_PS_X0Y80        BUFG_PS (Prop_BUFG_PS_I_O)
                                                      0.022     0.151 r  kria_starter_kit_i/zynq_ultra_ps_e_0/U0/buffer_pl_clk_0.PL_CLK_0_BUFG/O
    X0Y1 (CLOCK_ROOT)    net (fo=1837, routed)        1.147     1.298    kria_starter_kit_i/ps8_0_axi_periph/s00_couplers/auto_ds/inst/gen_downsizer.gen_simple_downsizer.axi_downsizer_inst/USE_READ.read_addr_inst/cmd_queue/inst/fifo_gen_inst/inst_fifo_gen/gconvfifo.rf/grf.rf/rstblk/clk
    SLICE_X5Y106         FDRE                                         r  kria_starter_kit_i/ps8_0_axi_periph/s00_couplers/auto_ds/inst/gen_downsizer.gen_simple_downsizer.axi_downsizer_inst/USE_READ.read_addr_inst/cmd_queue/inst/fifo_gen_inst/inst_fifo_gen/gconvfifo.rf/grf.rf/rstblk/ngwrdrst.grst.g7serrst.gnsckt_wrst.gcc_rst.sckt_wr_rst_cc_reg[0]/C
  -------------------------------------------------------------------    -------------------
    SLICE_X5Y106         FDRE (Prop_EFF_SLICEM_C_Q)
                                                      0.082     1.380 f  kria_starter_kit_i/ps8_0_axi_periph/s00_couplers/auto_ds/inst/gen_downsizer.gen_simple_downsizer.axi_downsizer_inst/USE_READ.read_addr_inst/cmd_queue/inst/fifo_gen_inst/inst_fifo_gen/gconvfifo.rf/grf.rf/rstblk/ngwrdrst.grst.g7serrst.gnsckt_wrst.gcc_rst.sckt_wr_rst_cc_reg[0]/Q
                         net (fo=3, routed)           0.030     1.410    kria_starter_kit_i/ps8_0_axi_periph/s00_couplers/auto_ds/inst/gen_downsizer.gen_simple_downsizer.axi_downsizer_inst/USE_READ.read_addr_inst/cmd_queue/inst/fifo_gen_inst/inst_fifo_gen/gconvfifo.rf/grf.rf/rstblk/ngwrdrst.grst.g7serrst.gnsckt_wrst.gcc_rst.sckt_wr_rst_cc[0]
    SLICE_X5Y106         LUT3 (Prop_E6LUT_SLICEM_I1_O)
                                                      0.067     1.477 f  kria_starter_kit_i/ps8_0_axi_periph/s00_couplers/auto_ds/inst/gen_downsizer.gen_simple_downsizer.axi_downsizer_inst/USE_READ.read_addr_inst/cmd_queue/inst/fifo_gen_inst/inst_fifo_gen/gconvfifo.rf/grf.rf/rstblk/gpregsm1.curr_fwft_state[1]_i_2/O
                         net (fo=32, routed)          0.077     1.554    kria_starter_kit_i/ps8_0_axi_periph/s00_couplers/auto_ds/inst/gen_downsizer.gen_simple_downsizer.axi_downsizer_inst/USE_READ.read_addr_inst/cmd_queue/inst/fifo_gen_inst/inst_fifo_gen/gconvfifo.rf/grf.rf/gntv_or_sync_fifo.gl0.rd/gr1.gr1_int.rfwft/gpregsm1.user_valid_reg_0
    SLICE_X5Y106         FDCE                                         f  kria_starter_kit_i/ps8_0_axi_periph/s00_couplers/auto_ds/inst/gen_downsizer.gen_simple_downsizer.axi_downsizer_inst/USE_READ.read_addr_inst/cmd_queue/inst/fifo_gen_inst/inst_fifo_gen/gconvfifo.rf/grf.rf/gntv_or_sync_fifo.gl0.rd/gr1.gr1_int.rfwft/gpregsm1.user_valid_reg/CLR
  -------------------------------------------------------------------    -------------------

                         (clock clk_pl_0 rise edge)
                                                      0.000     0.000 r  
    PS8_X0Y0             PS8                          0.000     0.000 r  kria_starter_kit_i/zynq_ultra_ps_e_0/U0/PS8_i/PLCLK[0]
                         net (fo=1, routed)           0.164     0.164    kria_starter_kit_i/zynq_ultra_ps_e_0/U0/pl_clk_unbuffered[0]
    BUFG_PS_X0Y80        BUFG_PS (Prop_BUFG_PS_I_O)
                                                      0.023     0.187 r  kria_starter_kit_i/zynq_ultra_ps_e_0/U0/buffer_pl_clk_0.PL_CLK_0_BUFG/O
    X0Y1 (CLOCK_ROOT)    net (fo=1837, routed)        1.260     1.447    kria_starter_kit_i/ps8_0_axi_periph/s00_couplers/auto_ds/inst/gen_downsizer.gen_simple_downsizer.axi_downsizer_inst/USE_READ.read_addr_inst/cmd_queue/inst/fifo_gen_inst/inst_fifo_gen/gconvfifo.rf/grf.rf/gntv_or_sync_fifo.gl0.rd/gr1.gr1_int.rfwft/clk
    SLICE_X5Y106         FDCE                                         r  kria_starter_kit_i/ps8_0_axi_periph/s00_couplers/auto_ds/inst/gen_downsizer.gen_simple_downsizer.axi_downsizer_inst/USE_READ.read_addr_inst/cmd_queue/inst/fifo_gen_inst/inst_fifo_gen/gconvfifo.rf/grf.rf/gntv_or_sync_fifo.gl0.rd/gr1.gr1_int.rfwft/gpregsm1.user_valid_reg/C
                         clock pessimism             -0.132     1.315    
    SLICE_X5Y106         FDCE (Remov_CFF2_SLICEM_C_CLR)
                                                     -0.018     1.297    kria_starter_kit_i/ps8_0_axi_periph/s00_couplers/auto_ds/inst/gen_downsizer.gen_simple_downsizer.axi_downsizer_inst/USE_READ.read_addr_inst/cmd_queue/inst/fifo_gen_inst/inst_fifo_gen/gconvfifo.rf/grf.rf/gntv_or_sync_fifo.gl0.rd/gr1.gr1_int.rfwft/gpregsm1.user_valid_reg
  -------------------------------------------------------------------
                         required time                         -1.297    
                         arrival time                           1.554    
  -------------------------------------------------------------------
                         slack                                  0.257    

Slack (MET) :             0.280ns  (arrival time - required time)
  Source:                 kria_starter_kit_i/ps8_0_axi_periph/s00_couplers/auto_ds/inst/gen_downsizer.gen_simple_downsizer.axi_downsizer_inst/USE_WRITE.write_addr_inst/cmd_queue/inst/fifo_gen_inst/inst_fifo_gen/gconvfifo.rf/grf.rf/rstblk/ngwrdrst.grst.g7serrst.gnsckt_wrst.gcc_rst.sckt_wr_rst_cc_reg[0]/C
                            (rising edge-triggered cell FDRE clocked by clk_pl_0  {rise@0.000ns fall@5.000ns period=10.000ns})
  Destination:            kria_starter_kit_i/ps8_0_axi_periph/s00_couplers/auto_ds/inst/gen_downsizer.gen_simple_downsizer.axi_downsizer_inst/USE_WRITE.write_addr_inst/cmd_queue/inst/fifo_gen_inst/inst_fifo_gen/gconvfifo.rf/grf.rf/gntv_or_sync_fifo.gl0.rd/rpntr/gc0.count_d1_reg[0]/CLR
                            (removal check against rising-edge clock clk_pl_0  {rise@0.000ns fall@5.000ns period=10.000ns})
  Path Group:             **async_default**
  Path Type:              Removal (Min at Fast Process Corner)
  Requirement:            0.000ns  (clk_pl_0 rise@0.000ns - clk_pl_0 rise@0.000ns)
  Data Path Delay:        0.305ns  (logic 0.172ns (56.416%)  route 0.133ns (43.584%))
  Logic Levels:           1  (LUT3=1)
  Clock Path Skew:        0.043ns (DCD - SCD - CPR)
    Destination Clock Delay (DCD):    1.434ns
    Source Clock Delay      (SCD):    1.289ns
    Clock Pessimism Removal (CPR):    0.102ns
  Clock Net Delay (Source):      1.138ns (routing 0.572ns, distribution 0.566ns)
  Clock Net Delay (Destination): 1.247ns (routing 0.623ns, distribution 0.624ns)

    Location             Delay type                Incr(ns)  Path(ns)    Netlist Resource(s)
  -------------------------------------------------------------------    -------------------
                         (clock clk_pl_0 rise edge)
                                                      0.000     0.000 r  
    PS8_X0Y0             PS8                          0.000     0.000 r  kria_starter_kit_i/zynq_ultra_ps_e_0/U0/PS8_i/PLCLK[0]
                         net (fo=1, routed)           0.129     0.129    kria_starter_kit_i/zynq_ultra_ps_e_0/U0/pl_clk_unbuffered[0]
    BUFG_PS_X0Y80        BUFG_PS (Prop_BUFG_PS_I_O)
                                                      0.022     0.151 r  kria_starter_kit_i/zynq_ultra_ps_e_0/U0/buffer_pl_clk_0.PL_CLK_0_BUFG/O
    X0Y1 (CLOCK_ROOT)    net (fo=1837, routed)        1.138     1.289    kria_starter_kit_i/ps8_0_axi_periph/s00_couplers/auto_ds/inst/gen_downsizer.gen_simple_downsizer.axi_downsizer_inst/USE_WRITE.write_addr_inst/cmd_queue/inst/fifo_gen_inst/inst_fifo_gen/gconvfifo.rf/grf.rf/rstblk/clk
    SLICE_X8Y90          FDRE                                         r  kria_starter_kit_i/ps8_0_axi_periph/s00_couplers/auto_ds/inst/gen_downsizer.gen_simple_downsizer.axi_downsizer_inst/USE_WRITE.write_addr_inst/cmd_queue/inst/fifo_gen_inst/inst_fifo_gen/gconvfifo.rf/grf.rf/rstblk/ngwrdrst.grst.g7serrst.gnsckt_wrst.gcc_rst.sckt_wr_rst_cc_reg[0]/C
  -------------------------------------------------------------------    -------------------
    SLICE_X8Y90          FDRE (Prop_EFF_SLICEM_C_Q)
                                                      0.082     1.371 f  kria_starter_kit_i/ps8_0_axi_periph/s00_couplers/auto_ds/inst/gen_downsizer.gen_simple_downsizer.axi_downsizer_inst/USE_WRITE.write_addr_inst/cmd_queue/inst/fifo_gen_inst/inst_fifo_gen/gconvfifo.rf/grf.rf/rstblk/ngwrdrst.grst.g7serrst.gnsckt_wrst.gcc_rst.sckt_wr_rst_cc_reg[0]/Q
                         net (fo=3, routed)           0.036     1.406    kria_starter_kit_i/ps8_0_axi_periph/s00_couplers/auto_ds/inst/gen_downsizer.gen_simple_downsizer.axi_downsizer_inst/USE_WRITE.write_addr_inst/cmd_queue/inst/fifo_gen_inst/inst_fifo_gen/gconvfifo.rf/grf.rf/rstblk/ngwrdrst.grst.g7serrst.gnsckt_wrst.gcc_rst.sckt_wr_rst_cc[0]
    SLICE_X8Y90          LUT3 (Prop_G6LUT_SLICEM_I1_O)
                                                      0.090     1.496 f  kria_starter_kit_i/ps8_0_axi_periph/s00_couplers/auto_ds/inst/gen_downsizer.gen_simple_downsizer.axi_downsizer_inst/USE_WRITE.write_addr_inst/cmd_queue/inst/fifo_gen_inst/inst_fifo_gen/gconvfifo.rf/grf.rf/rstblk/gpregsm1.curr_fwft_state[1]_i_2/O
                         net (fo=32, routed)          0.097     1.593    kria_starter_kit_i/ps8_0_axi_periph/s00_couplers/auto_ds/inst/gen_downsizer.gen_simple_downsizer.axi_downsizer_inst/USE_WRITE.write_addr_inst/cmd_queue/inst/fifo_gen_inst/inst_fifo_gen/gconvfifo.rf/grf.rf/gntv_or_sync_fifo.gl0.rd/rpntr/gc0.count_d1_reg[4]_1
    SLICE_X6Y90          FDCE                                         f  kria_starter_kit_i/ps8_0_axi_periph/s00_couplers/auto_ds/inst/gen_downsizer.gen_simple_downsizer.axi_downsizer_inst/USE_WRITE.write_addr_inst/cmd_queue/inst/fifo_gen_inst/inst_fifo_gen/gconvfifo.rf/grf.rf/gntv_or_sync_fifo.gl0.rd/rpntr/gc0.count_d1_reg[0]/CLR
  -------------------------------------------------------------------    -------------------

                         (clock clk_pl_0 rise edge)
                                                      0.000     0.000 r  
    PS8_X0Y0             PS8                          0.000     0.000 r  kria_starter_kit_i/zynq_ultra_ps_e_0/U0/PS8_i/PLCLK[0]
                         net (fo=1, routed)           0.164     0.164    kria_starter_kit_i/zynq_ultra_ps_e_0/U0/pl_clk_unbuffered[0]
    BUFG_PS_X0Y80        BUFG_PS (Prop_BUFG_PS_I_O)
                                                      0.023     0.187 r  kria_starter_kit_i/zynq_ultra_ps_e_0/U0/buffer_pl_clk_0.PL_CLK_0_BUFG/O
    X0Y1 (CLOCK_ROOT)    net (fo=1837, routed)        1.247     1.434    kria_starter_kit_i/ps8_0_axi_periph/s00_couplers/auto_ds/inst/gen_downsizer.gen_simple_downsizer.axi_downsizer_inst/USE_WRITE.write_addr_inst/cmd_queue/inst/fifo_gen_inst/inst_fifo_gen/gconvfifo.rf/grf.rf/gntv_or_sync_fifo.gl0.rd/rpntr/clk
    SLICE_X6Y90          FDCE                                         r  kria_starter_kit_i/ps8_0_axi_periph/s00_couplers/auto_ds/inst/gen_downsizer.gen_simple_downsizer.axi_downsizer_inst/USE_WRITE.write_addr_inst/cmd_queue/inst/fifo_gen_inst/inst_fifo_gen/gconvfifo.rf/grf.rf/gntv_or_sync_fifo.gl0.rd/rpntr/gc0.count_d1_reg[0]/C
                         clock pessimism             -0.102     1.331    
    SLICE_X6Y90          FDCE (Remov_EFF_SLICEL_C_CLR)
                                                     -0.018     1.313    kria_starter_kit_i/ps8_0_axi_periph/s00_couplers/auto_ds/inst/gen_downsizer.gen_simple_downsizer.axi_downsizer_inst/USE_WRITE.write_addr_inst/cmd_queue/inst/fifo_gen_inst/inst_fifo_gen/gconvfifo.rf/grf.rf/gntv_or_sync_fifo.gl0.rd/rpntr/gc0.count_d1_reg[0]
  -------------------------------------------------------------------
                         required time                         -1.313    
                         arrival time                           1.593    
  -------------------------------------------------------------------
                         slack                                  0.280    

Slack (MET) :             0.284ns  (arrival time - required time)
  Source:                 kria_starter_kit_i/ps8_0_axi_periph/s00_couplers/auto_ds/inst/gen_downsizer.gen_simple_downsizer.axi_downsizer_inst/USE_READ.read_addr_inst/cmd_queue/inst/fifo_gen_inst/inst_fifo_gen/gconvfifo.rf/grf.rf/rstblk/ngwrdrst.grst.g7serrst.gnsckt_wrst.gcc_rst.sckt_wr_rst_cc_reg[0]/C
                            (rising edge-triggered cell FDRE clocked by clk_pl_0  {rise@0.000ns fall@5.000ns period=10.000ns})
  Destination:            kria_starter_kit_i/ps8_0_axi_periph/s00_couplers/auto_ds/inst/gen_downsizer.gen_simple_downsizer.axi_downsizer_inst/USE_READ.read_addr_inst/cmd_queue/inst/fifo_gen_inst/inst_fifo_gen/gconvfifo.rf/grf.rf/gntv_or_sync_fifo.gl0.rd/gr1.gr1_int.rfwft/gpregsm1.curr_fwft_state_reg[0]/CLR
                            (removal check against rising-edge clock clk_pl_0  {rise@0.000ns fall@5.000ns period=10.000ns})
  Path Group:             **async_default**
  Path Type:              Removal (Min at Fast Process Corner)
  Requirement:            0.000ns  (clk_pl_0 rise@0.000ns - clk_pl_0 rise@0.000ns)
  Data Path Delay:        0.289ns  (logic 0.149ns (51.634%)  route 0.140ns (48.366%))
  Logic Levels:           1  (LUT3=1)
  Clock Path Skew:        0.023ns (DCD - SCD - CPR)
    Destination Clock Delay (DCD):    1.447ns
    Source Clock Delay      (SCD):    1.298ns
    Clock Pessimism Removal (CPR):    0.126ns
  Clock Net Delay (Source):      1.147ns (routing 0.572ns, distribution 0.575ns)
  Clock Net Delay (Destination): 1.260ns (routing 0.623ns, distribution 0.637ns)

    Location             Delay type                Incr(ns)  Path(ns)    Netlist Resource(s)
  -------------------------------------------------------------------    -------------------
                         (clock clk_pl_0 rise edge)
                                                      0.000     0.000 r  
    PS8_X0Y0             PS8                          0.000     0.000 r  kria_starter_kit_i/zynq_ultra_ps_e_0/U0/PS8_i/PLCLK[0]
                         net (fo=1, routed)           0.129     0.129    kria_starter_kit_i/zynq_ultra_ps_e_0/U0/pl_clk_unbuffered[0]
    BUFG_PS_X0Y80        BUFG_PS (Prop_BUFG_PS_I_O)
                                                      0.022     0.151 r  kria_starter_kit_i/zynq_ultra_ps_e_0/U0/buffer_pl_clk_0.PL_CLK_0_BUFG/O
    X0Y1 (CLOCK_ROOT)    net (fo=1837, routed)        1.147     1.298    kria_starter_kit_i/ps8_0_axi_periph/s00_couplers/auto_ds/inst/gen_downsizer.gen_simple_downsizer.axi_downsizer_inst/USE_READ.read_addr_inst/cmd_queue/inst/fifo_gen_inst/inst_fifo_gen/gconvfifo.rf/grf.rf/rstblk/clk
    SLICE_X5Y106         FDRE                                         r  kria_starter_kit_i/ps8_0_axi_periph/s00_couplers/auto_ds/inst/gen_downsizer.gen_simple_downsizer.axi_downsizer_inst/USE_READ.read_addr_inst/cmd_queue/inst/fifo_gen_inst/inst_fifo_gen/gconvfifo.rf/grf.rf/rstblk/ngwrdrst.grst.g7serrst.gnsckt_wrst.gcc_rst.sckt_wr_rst_cc_reg[0]/C
  -------------------------------------------------------------------    -------------------
    SLICE_X5Y106         FDRE (Prop_EFF_SLICEM_C_Q)
                                                      0.082     1.380 f  kria_starter_kit_i/ps8_0_axi_periph/s00_couplers/auto_ds/inst/gen_downsizer.gen_simple_downsizer.axi_downsizer_inst/USE_READ.read_addr_inst/cmd_queue/inst/fifo_gen_inst/inst_fifo_gen/gconvfifo.rf/grf.rf/rstblk/ngwrdrst.grst.g7serrst.gnsckt_wrst.gcc_rst.sckt_wr_rst_cc_reg[0]/Q
                         net (fo=3, routed)           0.030     1.410    kria_starter_kit_i/ps8_0_axi_periph/s00_couplers/auto_ds/inst/gen_downsizer.gen_simple_downsizer.axi_downsizer_inst/USE_READ.read_addr_inst/cmd_queue/inst/fifo_gen_inst/inst_fifo_gen/gconvfifo.rf/grf.rf/rstblk/ngwrdrst.grst.g7serrst.gnsckt_wrst.gcc_rst.sckt_wr_rst_cc[0]
    SLICE_X5Y106         LUT3 (Prop_E6LUT_SLICEM_I1_O)
                                                      0.067     1.477 f  kria_starter_kit_i/ps8_0_axi_periph/s00_couplers/auto_ds/inst/gen_downsizer.gen_simple_downsizer.axi_downsizer_inst/USE_READ.read_addr_inst/cmd_queue/inst/fifo_gen_inst/inst_fifo_gen/gconvfifo.rf/grf.rf/rstblk/gpregsm1.curr_fwft_state[1]_i_2/O
                         net (fo=32, routed)          0.109     1.586    kria_starter_kit_i/ps8_0_axi_periph/s00_couplers/auto_ds/inst/gen_downsizer.gen_simple_downsizer.axi_downsizer_inst/USE_READ.read_addr_inst/cmd_queue/inst/fifo_gen_inst/inst_fifo_gen/gconvfifo.rf/grf.rf/gntv_or_sync_fifo.gl0.rd/gr1.gr1_int.rfwft/gpregsm1.user_valid_reg_0
    SLICE_X5Y107         FDCE                                         f  kria_starter_kit_i/ps8_0_axi_periph/s00_couplers/auto_ds/inst/gen_downsizer.gen_simple_downsizer.axi_downsizer_inst/USE_READ.read_addr_inst/cmd_queue/inst/fifo_gen_inst/inst_fifo_gen/gconvfifo.rf/grf.rf/gntv_or_sync_fifo.gl0.rd/gr1.gr1_int.rfwft/gpregsm1.curr_fwft_state_reg[0]/CLR
  -------------------------------------------------------------------    -------------------

                         (clock clk_pl_0 rise edge)
                                                      0.000     0.000 r  
    PS8_X0Y0             PS8                          0.000     0.000 r  kria_starter_kit_i/zynq_ultra_ps_e_0/U0/PS8_i/PLCLK[0]
                         net (fo=1, routed)           0.164     0.164    kria_starter_kit_i/zynq_ultra_ps_e_0/U0/pl_clk_unbuffered[0]
    BUFG_PS_X0Y80        BUFG_PS (Prop_BUFG_PS_I_O)
                                                      0.023     0.187 r  kria_starter_kit_i/zynq_ultra_ps_e_0/U0/buffer_pl_clk_0.PL_CLK_0_BUFG/O
    X0Y1 (CLOCK_ROOT)    net (fo=1837, routed)        1.260     1.447    kria_starter_kit_i/ps8_0_axi_periph/s00_couplers/auto_ds/inst/gen_downsizer.gen_simple_downsizer.axi_downsizer_inst/USE_READ.read_addr_inst/cmd_queue/inst/fifo_gen_inst/inst_fifo_gen/gconvfifo.rf/grf.rf/gntv_or_sync_fifo.gl0.rd/gr1.gr1_int.rfwft/clk
    SLICE_X5Y107         FDCE                                         r  kria_starter_kit_i/ps8_0_axi_periph/s00_couplers/auto_ds/inst/gen_downsizer.gen_simple_downsizer.axi_downsizer_inst/USE_READ.read_addr_inst/cmd_queue/inst/fifo_gen_inst/inst_fifo_gen/gconvfifo.rf/grf.rf/gntv_or_sync_fifo.gl0.rd/gr1.gr1_int.rfwft/gpregsm1.curr_fwft_state_reg[0]/C
                         clock pessimism             -0.126     1.321    
    SLICE_X5Y107         FDCE (Remov_DFF_SLICEM_C_CLR)
                                                     -0.018     1.303    kria_starter_kit_i/ps8_0_axi_periph/s00_couplers/auto_ds/inst/gen_downsizer.gen_simple_downsizer.axi_downsizer_inst/USE_READ.read_addr_inst/cmd_queue/inst/fifo_gen_inst/inst_fifo_gen/gconvfifo.rf/grf.rf/gntv_or_sync_fifo.gl0.rd/gr1.gr1_int.rfwft/gpregsm1.curr_fwft_state_reg[0]
  -------------------------------------------------------------------
                         required time                         -1.303    
                         arrival time                           1.586    
  -------------------------------------------------------------------
                         slack                                  0.284    

Slack (MET) :             0.284ns  (arrival time - required time)
  Source:                 kria_starter_kit_i/ps8_0_axi_periph/s00_couplers/auto_ds/inst/gen_downsizer.gen_simple_downsizer.axi_downsizer_inst/USE_READ.read_addr_inst/cmd_queue/inst/fifo_gen_inst/inst_fifo_gen/gconvfifo.rf/grf.rf/rstblk/ngwrdrst.grst.g7serrst.gnsckt_wrst.gcc_rst.sckt_wr_rst_cc_reg[0]/C
                            (rising edge-triggered cell FDRE clocked by clk_pl_0  {rise@0.000ns fall@5.000ns period=10.000ns})
  Destination:            kria_starter_kit_i/ps8_0_axi_periph/s00_couplers/auto_ds/inst/gen_downsizer.gen_simple_downsizer.axi_downsizer_inst/USE_READ.read_addr_inst/cmd_queue/inst/fifo_gen_inst/inst_fifo_gen/gconvfifo.rf/grf.rf/gntv_or_sync_fifo.gl0.rd/gr1.gr1_int.rfwft/gpregsm1.curr_fwft_state_reg[1]/CLR
                            (removal check against rising-edge clock clk_pl_0  {rise@0.000ns fall@5.000ns period=10.000ns})
  Path Group:             **async_default**
  Path Type:              Removal (Min at Fast Process Corner)
  Requirement:            0.000ns  (clk_pl_0 rise@0.000ns - clk_pl_0 rise@0.000ns)
  Data Path Delay:        0.289ns  (logic 0.149ns (51.634%)  route 0.140ns (48.366%))
  Logic Levels:           1  (LUT3=1)
  Clock Path Skew:        0.023ns (DCD - SCD - CPR)
    Destination Clock Delay (DCD):    1.447ns
    Source Clock Delay      (SCD):    1.298ns
    Clock Pessimism Removal (CPR):    0.126ns
  Clock Net Delay (Source):      1.147ns (routing 0.572ns, distribution 0.575ns)
  Clock Net Delay (Destination): 1.260ns (routing 0.623ns, distribution 0.637ns)

    Location             Delay type                Incr(ns)  Path(ns)    Netlist Resource(s)
  -------------------------------------------------------------------    -------------------
                         (clock clk_pl_0 rise edge)
                                                      0.000     0.000 r  
    PS8_X0Y0             PS8                          0.000     0.000 r  kria_starter_kit_i/zynq_ultra_ps_e_0/U0/PS8_i/PLCLK[0]
                         net (fo=1, routed)           0.129     0.129    kria_starter_kit_i/zynq_ultra_ps_e_0/U0/pl_clk_unbuffered[0]
    BUFG_PS_X0Y80        BUFG_PS (Prop_BUFG_PS_I_O)
                                                      0.022     0.151 r  kria_starter_kit_i/zynq_ultra_ps_e_0/U0/buffer_pl_clk_0.PL_CLK_0_BUFG/O
    X0Y1 (CLOCK_ROOT)    net (fo=1837, routed)        1.147     1.298    kria_starter_kit_i/ps8_0_axi_periph/s00_couplers/auto_ds/inst/gen_downsizer.gen_simple_downsizer.axi_downsizer_inst/USE_READ.read_addr_inst/cmd_queue/inst/fifo_gen_inst/inst_fifo_gen/gconvfifo.rf/grf.rf/rstblk/clk
    SLICE_X5Y106         FDRE                                         r  kria_starter_kit_i/ps8_0_axi_periph/s00_couplers/auto_ds/inst/gen_downsizer.gen_simple_downsizer.axi_downsizer_inst/USE_READ.read_addr_inst/cmd_queue/inst/fifo_gen_inst/inst_fifo_gen/gconvfifo.rf/grf.rf/rstblk/ngwrdrst.grst.g7serrst.gnsckt_wrst.gcc_rst.sckt_wr_rst_cc_reg[0]/C
  -------------------------------------------------------------------    -------------------
    SLICE_X5Y106         FDRE (Prop_EFF_SLICEM_C_Q)
                                                      0.082     1.380 f  kria_starter_kit_i/ps8_0_axi_periph/s00_couplers/auto_ds/inst/gen_downsizer.gen_simple_downsizer.axi_downsizer_inst/USE_READ.read_addr_inst/cmd_queue/inst/fifo_gen_inst/inst_fifo_gen/gconvfifo.rf/grf.rf/rstblk/ngwrdrst.grst.g7serrst.gnsckt_wrst.gcc_rst.sckt_wr_rst_cc_reg[0]/Q
                         net (fo=3, routed)           0.030     1.410    kria_starter_kit_i/ps8_0_axi_periph/s00_couplers/auto_ds/inst/gen_downsizer.gen_simple_downsizer.axi_downsizer_inst/USE_READ.read_addr_inst/cmd_queue/inst/fifo_gen_inst/inst_fifo_gen/gconvfifo.rf/grf.rf/rstblk/ngwrdrst.grst.g7serrst.gnsckt_wrst.gcc_rst.sckt_wr_rst_cc[0]
    SLICE_X5Y106         LUT3 (Prop_E6LUT_SLICEM_I1_O)
                                                      0.067     1.477 f  kria_starter_kit_i/ps8_0_axi_periph/s00_couplers/auto_ds/inst/gen_downsizer.gen_simple_downsizer.axi_downsizer_inst/USE_READ.read_addr_inst/cmd_queue/inst/fifo_gen_inst/inst_fifo_gen/gconvfifo.rf/grf.rf/rstblk/gpregsm1.curr_fwft_state[1]_i_2/O
                         net (fo=32, routed)          0.109     1.586    kria_starter_kit_i/ps8_0_axi_periph/s00_couplers/auto_ds/inst/gen_downsizer.gen_simple_downsizer.axi_downsizer_inst/USE_READ.read_addr_inst/cmd_queue/inst/fifo_gen_inst/inst_fifo_gen/gconvfifo.rf/grf.rf/gntv_or_sync_fifo.gl0.rd/gr1.gr1_int.rfwft/gpregsm1.user_valid_reg_0
    SLICE_X5Y107         FDCE                                         f  kria_starter_kit_i/ps8_0_axi_periph/s00_couplers/auto_ds/inst/gen_downsizer.gen_simple_downsizer.axi_downsizer_inst/USE_READ.read_addr_inst/cmd_queue/inst/fifo_gen_inst/inst_fifo_gen/gconvfifo.rf/grf.rf/gntv_or_sync_fifo.gl0.rd/gr1.gr1_int.rfwft/gpregsm1.curr_fwft_state_reg[1]/CLR
  -------------------------------------------------------------------    -------------------

                         (clock clk_pl_0 rise edge)
                                                      0.000     0.000 r  
    PS8_X0Y0             PS8                          0.000     0.000 r  kria_starter_kit_i/zynq_ultra_ps_e_0/U0/PS8_i/PLCLK[0]
                         net (fo=1, routed)           0.164     0.164    kria_starter_kit_i/zynq_ultra_ps_e_0/U0/pl_clk_unbuffered[0]
    BUFG_PS_X0Y80        BUFG_PS (Prop_BUFG_PS_I_O)
                                                      0.023     0.187 r  kria_starter_kit_i/zynq_ultra_ps_e_0/U0/buffer_pl_clk_0.PL_CLK_0_BUFG/O
    X0Y1 (CLOCK_ROOT)    net (fo=1837, routed)        1.260     1.447    kria_starter_kit_i/ps8_0_axi_periph/s00_couplers/auto_ds/inst/gen_downsizer.gen_simple_downsizer.axi_downsizer_inst/USE_READ.read_addr_inst/cmd_queue/inst/fifo_gen_inst/inst_fifo_gen/gconvfifo.rf/grf.rf/gntv_or_sync_fifo.gl0.rd/gr1.gr1_int.rfwft/clk
    SLICE_X5Y107         FDCE                                         r  kria_starter_kit_i/ps8_0_axi_periph/s00_couplers/auto_ds/inst/gen_downsizer.gen_simple_downsizer.axi_downsizer_inst/USE_READ.read_addr_inst/cmd_queue/inst/fifo_gen_inst/inst_fifo_gen/gconvfifo.rf/grf.rf/gntv_or_sync_fifo.gl0.rd/gr1.gr1_int.rfwft/gpregsm1.curr_fwft_state_reg[1]/C
                         clock pessimism             -0.126     1.321    
    SLICE_X5Y107         FDCE (Remov_DFF2_SLICEM_C_CLR)
                                                     -0.018     1.303    kria_starter_kit_i/ps8_0_axi_periph/s00_couplers/auto_ds/inst/gen_downsizer.gen_simple_downsizer.axi_downsizer_inst/USE_READ.read_addr_inst/cmd_queue/inst/fifo_gen_inst/inst_fifo_gen/gconvfifo.rf/grf.rf/gntv_or_sync_fifo.gl0.rd/gr1.gr1_int.rfwft/gpregsm1.curr_fwft_state_reg[1]
  -------------------------------------------------------------------
                         required time                         -1.303    
                         arrival time                           1.586    
  -------------------------------------------------------------------
                         slack                                  0.284    

Slack (MET) :             0.284ns  (arrival time - required time)
  Source:                 kria_starter_kit_i/ps8_0_axi_periph/s00_couplers/auto_ds/inst/gen_downsizer.gen_simple_downsizer.axi_downsizer_inst/USE_WRITE.write_addr_inst/cmd_queue/inst/fifo_gen_inst/inst_fifo_gen/gconvfifo.rf/grf.rf/rstblk/ngwrdrst.grst.g7serrst.gnsckt_wrst.gcc_rst.sckt_wr_rst_cc_reg[0]/C
                            (rising edge-triggered cell FDRE clocked by clk_pl_0  {rise@0.000ns fall@5.000ns period=10.000ns})
  Destination:            kria_starter_kit_i/ps8_0_axi_periph/s00_couplers/auto_ds/inst/gen_downsizer.gen_simple_downsizer.axi_downsizer_inst/USE_WRITE.write_addr_inst/cmd_queue/inst/fifo_gen_inst/inst_fifo_gen/gconvfifo.rf/grf.rf/gntv_or_sync_fifo.gl0.rd/rpntr/gc0.count_reg[0]/PRE
                            (removal check against rising-edge clock clk_pl_0  {rise@0.000ns fall@5.000ns period=10.000ns})
  Path Group:             **async_default**
  Path Type:              Removal (Min at Fast Process Corner)
  Requirement:            0.000ns  (clk_pl_0 rise@0.000ns - clk_pl_0 rise@0.000ns)
  Data Path Delay:        0.305ns  (logic 0.172ns (56.416%)  route 0.133ns (43.584%))
  Logic Levels:           1  (LUT3=1)
  Clock Path Skew:        0.039ns (DCD - SCD - CPR)
    Destination Clock Delay (DCD):    1.430ns
    Source Clock Delay      (SCD):    1.289ns
    Clock Pessimism Removal (CPR):    0.102ns
  Clock Net Delay (Source):      1.138ns (routing 0.572ns, distribution 0.566ns)
  Clock Net Delay (Destination): 1.243ns (routing 0.623ns, distribution 0.620ns)

    Location             Delay type                Incr(ns)  Path(ns)    Netlist Resource(s)
  -------------------------------------------------------------------    -------------------
                         (clock clk_pl_0 rise edge)
                                                      0.000     0.000 r  
    PS8_X0Y0             PS8                          0.000     0.000 r  kria_starter_kit_i/zynq_ultra_ps_e_0/U0/PS8_i/PLCLK[0]
                         net (fo=1, routed)           0.129     0.129    kria_starter_kit_i/zynq_ultra_ps_e_0/U0/pl_clk_unbuffered[0]
    BUFG_PS_X0Y80        BUFG_PS (Prop_BUFG_PS_I_O)
                                                      0.022     0.151 r  kria_starter_kit_i/zynq_ultra_ps_e_0/U0/buffer_pl_clk_0.PL_CLK_0_BUFG/O
    X0Y1 (CLOCK_ROOT)    net (fo=1837, routed)        1.138     1.289    kria_starter_kit_i/ps8_0_axi_periph/s00_couplers/auto_ds/inst/gen_downsizer.gen_simple_downsizer.axi_downsizer_inst/USE_WRITE.write_addr_inst/cmd_queue/inst/fifo_gen_inst/inst_fifo_gen/gconvfifo.rf/grf.rf/rstblk/clk
    SLICE_X8Y90          FDRE                                         r  kria_starter_kit_i/ps8_0_axi_periph/s00_couplers/auto_ds/inst/gen_downsizer.gen_simple_downsizer.axi_downsizer_inst/USE_WRITE.write_addr_inst/cmd_queue/inst/fifo_gen_inst/inst_fifo_gen/gconvfifo.rf/grf.rf/rstblk/ngwrdrst.grst.g7serrst.gnsckt_wrst.gcc_rst.sckt_wr_rst_cc_reg[0]/C
  -------------------------------------------------------------------    -------------------
    SLICE_X8Y90          FDRE (Prop_EFF_SLICEM_C_Q)
                                                      0.082     1.371 f  kria_starter_kit_i/ps8_0_axi_periph/s00_couplers/auto_ds/inst/gen_downsizer.gen_simple_downsizer.axi_downsizer_inst/USE_WRITE.write_addr_inst/cmd_queue/inst/fifo_gen_inst/inst_fifo_gen/gconvfifo.rf/grf.rf/rstblk/ngwrdrst.grst.g7serrst.gnsckt_wrst.gcc_rst.sckt_wr_rst_cc_reg[0]/Q
                         net (fo=3, routed)           0.036     1.406    kria_starter_kit_i/ps8_0_axi_periph/s00_couplers/auto_ds/inst/gen_downsizer.gen_simple_downsizer.axi_downsizer_inst/USE_WRITE.write_addr_inst/cmd_queue/inst/fifo_gen_inst/inst_fifo_gen/gconvfifo.rf/grf.rf/rstblk/ngwrdrst.grst.g7serrst.gnsckt_wrst.gcc_rst.sckt_wr_rst_cc[0]
    SLICE_X8Y90          LUT3 (Prop_G6LUT_SLICEM_I1_O)
                                                      0.090     1.496 f  kria_starter_kit_i/ps8_0_axi_periph/s00_couplers/auto_ds/inst/gen_downsizer.gen_simple_downsizer.axi_downsizer_inst/USE_WRITE.write_addr_inst/cmd_queue/inst/fifo_gen_inst/inst_fifo_gen/gconvfifo.rf/grf.rf/rstblk/gpregsm1.curr_fwft_state[1]_i_2/O
                         net (fo=32, routed)          0.097     1.593    kria_starter_kit_i/ps8_0_axi_periph/s00_couplers/auto_ds/inst/gen_downsizer.gen_simple_downsizer.axi_downsizer_inst/USE_WRITE.write_addr_inst/cmd_queue/inst/fifo_gen_inst/inst_fifo_gen/gconvfifo.rf/grf.rf/gntv_or_sync_fifo.gl0.rd/rpntr/gc0.count_d1_reg[4]_1
    SLICE_X6Y90          FDPE                                         f  kria_starter_kit_i/ps8_0_axi_periph/s00_couplers/auto_ds/inst/gen_downsizer.gen_simple_downsizer.axi_downsizer_inst/USE_WRITE.write_addr_inst/cmd_queue/inst/fifo_gen_inst/inst_fifo_gen/gconvfifo.rf/grf.rf/gntv_or_sync_fifo.gl0.rd/rpntr/gc0.count_reg[0]/PRE
  -------------------------------------------------------------------    -------------------

                         (clock clk_pl_0 rise edge)
                                                      0.000     0.000 r  
    PS8_X0Y0             PS8                          0.000     0.000 r  kria_starter_kit_i/zynq_ultra_ps_e_0/U0/PS8_i/PLCLK[0]
                         net (fo=1, routed)           0.164     0.164    kria_starter_kit_i/zynq_ultra_ps_e_0/U0/pl_clk_unbuffered[0]
    BUFG_PS_X0Y80        BUFG_PS (Prop_BUFG_PS_I_O)
                                                      0.023     0.187 r  kria_starter_kit_i/zynq_ultra_ps_e_0/U0/buffer_pl_clk_0.PL_CLK_0_BUFG/O
    X0Y1 (CLOCK_ROOT)    net (fo=1837, routed)        1.243     1.430    kria_starter_kit_i/ps8_0_axi_periph/s00_couplers/auto_ds/inst/gen_downsizer.gen_simple_downsizer.axi_downsizer_inst/USE_WRITE.write_addr_inst/cmd_queue/inst/fifo_gen_inst/inst_fifo_gen/gconvfifo.rf/grf.rf/gntv_or_sync_fifo.gl0.rd/rpntr/clk
    SLICE_X6Y90          FDPE                                         r  kria_starter_kit_i/ps8_0_axi_periph/s00_couplers/auto_ds/inst/gen_downsizer.gen_simple_downsizer.axi_downsizer_inst/USE_WRITE.write_addr_inst/cmd_queue/inst/fifo_gen_inst/inst_fifo_gen/gconvfifo.rf/grf.rf/gntv_or_sync_fifo.gl0.rd/rpntr/gc0.count_reg[0]/C
                         clock pessimism             -0.102     1.327    
    SLICE_X6Y90          FDPE (Remov_DFF2_SLICEL_C_PRE)
                                                     -0.018     1.309    kria_starter_kit_i/ps8_0_axi_periph/s00_couplers/auto_ds/inst/gen_downsizer.gen_simple_downsizer.axi_downsizer_inst/USE_WRITE.write_addr_inst/cmd_queue/inst/fifo_gen_inst/inst_fifo_gen/gconvfifo.rf/grf.rf/gntv_or_sync_fifo.gl0.rd/rpntr/gc0.count_reg[0]
  -------------------------------------------------------------------
                         required time                         -1.309    
                         arrival time                           1.593    
  -------------------------------------------------------------------
                         slack                                  0.284    





--------------------------------------------------------------------------------------
Path Group:  (none)
From Clock:  
  To Clock:  clk_pl_0

Max Delay             1 Endpoint
Min Delay             1 Endpoint
--------------------------------------------------------------------------------------


Max Delay Paths
--------------------------------------------------------------------------------------
Slack:                    inf
  Source:                 kria_starter_kit_i/zynq_ultra_ps_e_0/U0/PS8_i/EMIOGPIOO[95]
                            (internal pin)
  Destination:            kria_starter_kit_i/rst_ps8_0_99M/U0/EXT_LPF/ACTIVE_LOW_EXT.ACT_LO_EXT/GENERATE_LEVEL_P_S_CDC.SINGLE_BIT.CROSS_PLEVEL_IN2SCNDRY_IN_cdc_to/D
                            (rising edge-triggered cell FDRE clocked by clk_pl_0  {rise@0.000ns fall@5.000ns period=10.000ns})
  Path Group:             (none)
  Path Type:              Setup (Max at Slow Process Corner)
  Data Path Delay:        1.817ns  (logic 0.057ns (3.137%)  route 1.760ns (96.863%))
  Logic Levels:           1  (LUT1=1)
  Clock Uncertainty:      0.158ns  ((TSJ^2 + DJ^2)^1/2) / 2 + PE
    Total System Jitter     (TSJ):    0.050ns
    Discrete Jitter          (DJ):    0.312ns
    Phase Error              (PE):    0.000ns
  Clock Net Delay (Destination): 1.881ns (routing 0.955ns, distribution 0.926ns)
  Timing Exception:       False Path

    Location             Delay type                Incr(ns)  Path(ns)    Netlist Resource(s)
  -------------------------------------------------------------------    -------------------
    PS8_X0Y0             PS8                          0.000     0.000 f  kria_starter_kit_i/zynq_ultra_ps_e_0/U0/PS8_i/EMIOGPIOO[95]
                         net (fo=1, routed)           1.543     1.543    kria_starter_kit_i/rst_ps8_0_99M/U0/EXT_LPF/ACTIVE_LOW_EXT.ACT_LO_EXT/ext_reset_in
    SLICE_X9Y118         LUT1 (Prop_D6LUT_SLICEL_I0_O)
                                                      0.057     1.600 r  kria_starter_kit_i/rst_ps8_0_99M/U0/EXT_LPF/ACTIVE_LOW_EXT.ACT_LO_EXT/GENERATE_LEVEL_P_S_CDC.SINGLE_BIT.CROSS_PLEVEL_IN2SCNDRY_IN_cdc_to_i_1/O
                         net (fo=1, routed)           0.217     1.817    kria_starter_kit_i/rst_ps8_0_99M/U0/EXT_LPF/ACTIVE_LOW_EXT.ACT_LO_EXT/exr_d1
    SLICE_X9Y118         FDRE                                         r  kria_starter_kit_i/rst_ps8_0_99M/U0/EXT_LPF/ACTIVE_LOW_EXT.ACT_LO_EXT/GENERATE_LEVEL_P_S_CDC.SINGLE_BIT.CROSS_PLEVEL_IN2SCNDRY_IN_cdc_to/D
  -------------------------------------------------------------------    -------------------

                         (clock clk_pl_0 rise edge)
                                                      0.000     0.000 r  
    PS8_X0Y0             PS8                          0.000     0.000 r  kria_starter_kit_i/zynq_ultra_ps_e_0/U0/PS8_i/PLCLK[0]
                         net (fo=1, routed)           0.181     0.181    kria_starter_kit_i/zynq_ultra_ps_e_0/U0/pl_clk_unbuffered[0]
    BUFG_PS_X0Y80        BUFG_PS (Prop_BUFG_PS_I_O)
                                                      0.035     0.216 r  kria_starter_kit_i/zynq_ultra_ps_e_0/U0/buffer_pl_clk_0.PL_CLK_0_BUFG/O
    X0Y1 (CLOCK_ROOT)    net (fo=1837, routed)        1.881     2.097    kria_starter_kit_i/rst_ps8_0_99M/U0/EXT_LPF/ACTIVE_LOW_EXT.ACT_LO_EXT/slowest_sync_clk
    SLICE_X9Y118         FDRE                                         r  kria_starter_kit_i/rst_ps8_0_99M/U0/EXT_LPF/ACTIVE_LOW_EXT.ACT_LO_EXT/GENERATE_LEVEL_P_S_CDC.SINGLE_BIT.CROSS_PLEVEL_IN2SCNDRY_IN_cdc_to/C





Min Delay Paths
--------------------------------------------------------------------------------------
Slack:                    inf
  Source:                 kria_starter_kit_i/zynq_ultra_ps_e_0/U0/PS8_i/EMIOGPIOO[95]
                            (internal pin)
  Destination:            kria_starter_kit_i/rst_ps8_0_99M/U0/EXT_LPF/ACTIVE_LOW_EXT.ACT_LO_EXT/GENERATE_LEVEL_P_S_CDC.SINGLE_BIT.CROSS_PLEVEL_IN2SCNDRY_IN_cdc_to/D
                            (rising edge-triggered cell FDRE clocked by clk_pl_0  {rise@0.000ns fall@5.000ns period=10.000ns})
  Path Group:             (none)
  Path Type:              Hold (Min at Fast Process Corner)
  Data Path Delay:        0.719ns  (logic 0.021ns (2.921%)  route 0.698ns (97.079%))
  Logic Levels:           1  (LUT1=1)
  Clock Uncertainty:      0.158ns  ((TSJ^2 + DJ^2)^1/2) / 2 + PE
    Total System Jitter     (TSJ):    0.050ns
    Discrete Jitter          (DJ):    0.312ns
    Phase Error              (PE):    0.000ns
  Clock Net Delay (Destination): 1.248ns (routing 0.623ns, distribution 0.625ns)
  Timing Exception:       False Path

    Location             Delay type                Incr(ns)  Path(ns)    Netlist Resource(s)
  -------------------------------------------------------------------    -------------------
    PS8_X0Y0             PS8                          0.000     0.000 f  kria_starter_kit_i/zynq_ultra_ps_e_0/U0/PS8_i/EMIOGPIOO[95]
                         net (fo=1, routed)           0.641     0.641    kria_starter_kit_i/rst_ps8_0_99M/U0/EXT_LPF/ACTIVE_LOW_EXT.ACT_LO_EXT/ext_reset_in
    SLICE_X9Y118         LUT1 (Prop_D6LUT_SLICEL_I0_O)
                                                      0.021     0.662 r  kria_starter_kit_i/rst_ps8_0_99M/U0/EXT_LPF/ACTIVE_LOW_EXT.ACT_LO_EXT/GENERATE_LEVEL_P_S_CDC.SINGLE_BIT.CROSS_PLEVEL_IN2SCNDRY_IN_cdc_to_i_1/O
                         net (fo=1, routed)           0.057     0.719    kria_starter_kit_i/rst_ps8_0_99M/U0/EXT_LPF/ACTIVE_LOW_EXT.ACT_LO_EXT/exr_d1
    SLICE_X9Y118         FDRE                                         r  kria_starter_kit_i/rst_ps8_0_99M/U0/EXT_LPF/ACTIVE_LOW_EXT.ACT_LO_EXT/GENERATE_LEVEL_P_S_CDC.SINGLE_BIT.CROSS_PLEVEL_IN2SCNDRY_IN_cdc_to/D
  -------------------------------------------------------------------    -------------------

                         (clock clk_pl_0 rise edge)
                                                      0.000     0.000 r  
    PS8_X0Y0             PS8                          0.000     0.000 r  kria_starter_kit_i/zynq_ultra_ps_e_0/U0/PS8_i/PLCLK[0]
                         net (fo=1, routed)           0.164     0.164    kria_starter_kit_i/zynq_ultra_ps_e_0/U0/pl_clk_unbuffered[0]
    BUFG_PS_X0Y80        BUFG_PS (Prop_BUFG_PS_I_O)
                                                      0.023     0.187 r  kria_starter_kit_i/zynq_ultra_ps_e_0/U0/buffer_pl_clk_0.PL_CLK_0_BUFG/O
    X0Y1 (CLOCK_ROOT)    net (fo=1837, routed)        1.248     1.435    kria_starter_kit_i/rst_ps8_0_99M/U0/EXT_LPF/ACTIVE_LOW_EXT.ACT_LO_EXT/slowest_sync_clk
    SLICE_X9Y118         FDRE                                         r  kria_starter_kit_i/rst_ps8_0_99M/U0/EXT_LPF/ACTIVE_LOW_EXT.ACT_LO_EXT/GENERATE_LEVEL_P_S_CDC.SINGLE_BIT.CROSS_PLEVEL_IN2SCNDRY_IN_cdc_to/C





--------------------------------------------------------------------------------------
Path Group:  (none)
From Clock:  clk_pl_0
  To Clock:  clk_pl_0

Max Delay             6 Endpoints
Min Delay             6 Endpoints
--------------------------------------------------------------------------------------


Max Delay Paths
--------------------------------------------------------------------------------------
Slack:                    inf
  Source:                 kria_starter_kit_i/rst_ps8_0_99M/U0/ACTIVE_LOW_PR_OUT_DFF[0].FDRE_PER_N/C
                            (rising edge-triggered cell FDRE clocked by clk_pl_0  {rise@0.000ns fall@5.000ns period=10.000ns})
  Destination:            kria_starter_kit_i/ps8_0_axi_periph/s00_couplers/auto_ds/inst/gen_downsizer.gen_simple_downsizer.axi_downsizer_inst/USE_READ.read_addr_inst/cmd_queue/inst/fifo_gen_inst/inst_fifo_gen/gconvfifo.rf/grf.rf/rstblk/ngwrdrst.grst.g7serrst.gnsckt_wrst.rst_wr_reg2_inst/arststages_ff_reg[0]/PRE
                            (recovery check against rising-edge clock clk_pl_0  {rise@0.000ns fall@5.000ns period=10.000ns})
  Path Group:             (none)
  Path Type:              Recovery (Max at Slow Process Corner)
  Data Path Delay:        1.349ns  (logic 0.113ns (8.376%)  route 1.236ns (91.624%))
  Logic Levels:           0  
  Clock Path Skew:        -0.312ns (DCD - SCD + CPR)
    Destination Clock Delay (DCD):    2.088ns
    Source Clock Delay      (SCD):    2.400ns
    Clock Pessimism Removal (CPR):    0.000ns
  Clock Uncertainty:      0.160ns  ((TSJ^2 + DJ^2)^1/2) / 2 + PE
    Total System Jitter     (TSJ):    0.071ns
    Discrete Jitter          (DJ):    0.312ns
    Phase Error              (PE):    0.000ns
  Clock Net Delay (Source):      2.133ns (routing 1.045ns, distribution 1.088ns)
  Clock Net Delay (Destination): 1.872ns (routing 0.955ns, distribution 0.917ns)
  Timing Exception:       False Path

    Location             Delay type                Incr(ns)  Path(ns)    Netlist Resource(s)
  -------------------------------------------------------------------    -------------------
                         (clock clk_pl_0 rise edge)
                                                      0.000     0.000 r  
    PS8_X0Y0             PS8                          0.000     0.000 r  kria_starter_kit_i/zynq_ultra_ps_e_0/U0/PS8_i/PLCLK[0]
                         net (fo=1, routed)           0.229     0.229    kria_starter_kit_i/zynq_ultra_ps_e_0/U0/pl_clk_unbuffered[0]
    BUFG_PS_X0Y80        BUFG_PS (Prop_BUFG_PS_I_O)
                                                      0.038     0.267 r  kria_starter_kit_i/zynq_ultra_ps_e_0/U0/buffer_pl_clk_0.PL_CLK_0_BUFG/O
    X0Y1 (CLOCK_ROOT)    net (fo=1837, routed)        2.133     2.400    kria_starter_kit_i/rst_ps8_0_99M/U0/slowest_sync_clk
    SLICE_X8Y116         FDRE                                         r  kria_starter_kit_i/rst_ps8_0_99M/U0/ACTIVE_LOW_PR_OUT_DFF[0].FDRE_PER_N/C
  -------------------------------------------------------------------    -------------------
    SLICE_X8Y116         FDRE (Prop_EFF_SLICEM_C_Q)
                                                      0.113     2.513 r  kria_starter_kit_i/rst_ps8_0_99M/U0/ACTIVE_LOW_PR_OUT_DFF[0].FDRE_PER_N/Q
                         net (fo=580, routed)         1.236     3.749    kria_starter_kit_i/ps8_0_axi_periph/s00_couplers/auto_ds/inst/gen_downsizer.gen_simple_downsizer.axi_downsizer_inst/USE_READ.read_addr_inst/cmd_queue/inst/fifo_gen_inst/inst_fifo_gen/gconvfifo.rf/grf.rf/rstblk/ngwrdrst.grst.g7serrst.gnsckt_wrst.rst_wr_reg2_inst/src_arst
    SLICE_X7Y106         FDPE                                         f  kria_starter_kit_i/ps8_0_axi_periph/s00_couplers/auto_ds/inst/gen_downsizer.gen_simple_downsizer.axi_downsizer_inst/USE_READ.read_addr_inst/cmd_queue/inst/fifo_gen_inst/inst_fifo_gen/gconvfifo.rf/grf.rf/rstblk/ngwrdrst.grst.g7serrst.gnsckt_wrst.rst_wr_reg2_inst/arststages_ff_reg[0]/PRE  (IS_INVERTED)
  -------------------------------------------------------------------    -------------------

                         (clock clk_pl_0 rise edge)
                                                      0.000     0.000 r  
    PS8_X0Y0             PS8                          0.000     0.000 r  kria_starter_kit_i/zynq_ultra_ps_e_0/U0/PS8_i/PLCLK[0]
                         net (fo=1, routed)           0.181     0.181    kria_starter_kit_i/zynq_ultra_ps_e_0/U0/pl_clk_unbuffered[0]
    BUFG_PS_X0Y80        BUFG_PS (Prop_BUFG_PS_I_O)
                                                      0.035     0.216 r  kria_starter_kit_i/zynq_ultra_ps_e_0/U0/buffer_pl_clk_0.PL_CLK_0_BUFG/O
    X0Y1 (CLOCK_ROOT)    net (fo=1837, routed)        1.872     2.088    kria_starter_kit_i/ps8_0_axi_periph/s00_couplers/auto_ds/inst/gen_downsizer.gen_simple_downsizer.axi_downsizer_inst/USE_READ.read_addr_inst/cmd_queue/inst/fifo_gen_inst/inst_fifo_gen/gconvfifo.rf/grf.rf/rstblk/ngwrdrst.grst.g7serrst.gnsckt_wrst.rst_wr_reg2_inst/dest_clk
    SLICE_X7Y106         FDPE                                         r  kria_starter_kit_i/ps8_0_axi_periph/s00_couplers/auto_ds/inst/gen_downsizer.gen_simple_downsizer.axi_downsizer_inst/USE_READ.read_addr_inst/cmd_queue/inst/fifo_gen_inst/inst_fifo_gen/gconvfifo.rf/grf.rf/rstblk/ngwrdrst.grst.g7serrst.gnsckt_wrst.rst_wr_reg2_inst/arststages_ff_reg[0]/C

Slack:                    inf
  Source:                 kria_starter_kit_i/rst_ps8_0_99M/U0/ACTIVE_LOW_PR_OUT_DFF[0].FDRE_PER_N/C
                            (rising edge-triggered cell FDRE clocked by clk_pl_0  {rise@0.000ns fall@5.000ns period=10.000ns})
  Destination:            kria_starter_kit_i/ps8_0_axi_periph/s00_couplers/auto_ds/inst/gen_downsizer.gen_simple_downsizer.axi_downsizer_inst/USE_READ.read_addr_inst/cmd_queue/inst/fifo_gen_inst/inst_fifo_gen/gconvfifo.rf/grf.rf/rstblk/ngwrdrst.grst.g7serrst.gnsckt_wrst.rst_wr_reg2_inst/arststages_ff_reg[1]/PRE
                            (recovery check against rising-edge clock clk_pl_0  {rise@0.000ns fall@5.000ns period=10.000ns})
  Path Group:             (none)
  Path Type:              Recovery (Max at Slow Process Corner)
  Data Path Delay:        1.349ns  (logic 0.113ns (8.376%)  route 1.236ns (91.624%))
  Logic Levels:           0  
  Clock Path Skew:        -0.312ns (DCD - SCD + CPR)
    Destination Clock Delay (DCD):    2.088ns
    Source Clock Delay      (SCD):    2.400ns
    Clock Pessimism Removal (CPR):    0.000ns
  Clock Uncertainty:      0.160ns  ((TSJ^2 + DJ^2)^1/2) / 2 + PE
    Total System Jitter     (TSJ):    0.071ns
    Discrete Jitter          (DJ):    0.312ns
    Phase Error              (PE):    0.000ns
  Clock Net Delay (Source):      2.133ns (routing 1.045ns, distribution 1.088ns)
  Clock Net Delay (Destination): 1.872ns (routing 0.955ns, distribution 0.917ns)
  Timing Exception:       False Path

    Location             Delay type                Incr(ns)  Path(ns)    Netlist Resource(s)
  -------------------------------------------------------------------    -------------------
                         (clock clk_pl_0 rise edge)
                                                      0.000     0.000 r  
    PS8_X0Y0             PS8                          0.000     0.000 r  kria_starter_kit_i/zynq_ultra_ps_e_0/U0/PS8_i/PLCLK[0]
                         net (fo=1, routed)           0.229     0.229    kria_starter_kit_i/zynq_ultra_ps_e_0/U0/pl_clk_unbuffered[0]
    BUFG_PS_X0Y80        BUFG_PS (Prop_BUFG_PS_I_O)
                                                      0.038     0.267 r  kria_starter_kit_i/zynq_ultra_ps_e_0/U0/buffer_pl_clk_0.PL_CLK_0_BUFG/O
    X0Y1 (CLOCK_ROOT)    net (fo=1837, routed)        2.133     2.400    kria_starter_kit_i/rst_ps8_0_99M/U0/slowest_sync_clk
    SLICE_X8Y116         FDRE                                         r  kria_starter_kit_i/rst_ps8_0_99M/U0/ACTIVE_LOW_PR_OUT_DFF[0].FDRE_PER_N/C
  -------------------------------------------------------------------    -------------------
    SLICE_X8Y116         FDRE (Prop_EFF_SLICEM_C_Q)
                                                      0.113     2.513 r  kria_starter_kit_i/rst_ps8_0_99M/U0/ACTIVE_LOW_PR_OUT_DFF[0].FDRE_PER_N/Q
                         net (fo=580, routed)         1.236     3.749    kria_starter_kit_i/ps8_0_axi_periph/s00_couplers/auto_ds/inst/gen_downsizer.gen_simple_downsizer.axi_downsizer_inst/USE_READ.read_addr_inst/cmd_queue/inst/fifo_gen_inst/inst_fifo_gen/gconvfifo.rf/grf.rf/rstblk/ngwrdrst.grst.g7serrst.gnsckt_wrst.rst_wr_reg2_inst/src_arst
    SLICE_X7Y106         FDPE                                         f  kria_starter_kit_i/ps8_0_axi_periph/s00_couplers/auto_ds/inst/gen_downsizer.gen_simple_downsizer.axi_downsizer_inst/USE_READ.read_addr_inst/cmd_queue/inst/fifo_gen_inst/inst_fifo_gen/gconvfifo.rf/grf.rf/rstblk/ngwrdrst.grst.g7serrst.gnsckt_wrst.rst_wr_reg2_inst/arststages_ff_reg[1]/PRE  (IS_INVERTED)
  -------------------------------------------------------------------    -------------------

                         (clock clk_pl_0 rise edge)
                                                      0.000     0.000 r  
    PS8_X0Y0             PS8                          0.000     0.000 r  kria_starter_kit_i/zynq_ultra_ps_e_0/U0/PS8_i/PLCLK[0]
                         net (fo=1, routed)           0.181     0.181    kria_starter_kit_i/zynq_ultra_ps_e_0/U0/pl_clk_unbuffered[0]
    BUFG_PS_X0Y80        BUFG_PS (Prop_BUFG_PS_I_O)
                                                      0.035     0.216 r  kria_starter_kit_i/zynq_ultra_ps_e_0/U0/buffer_pl_clk_0.PL_CLK_0_BUFG/O
    X0Y1 (CLOCK_ROOT)    net (fo=1837, routed)        1.872     2.088    kria_starter_kit_i/ps8_0_axi_periph/s00_couplers/auto_ds/inst/gen_downsizer.gen_simple_downsizer.axi_downsizer_inst/USE_READ.read_addr_inst/cmd_queue/inst/fifo_gen_inst/inst_fifo_gen/gconvfifo.rf/grf.rf/rstblk/ngwrdrst.grst.g7serrst.gnsckt_wrst.rst_wr_reg2_inst/dest_clk
    SLICE_X7Y106         FDPE                                         r  kria_starter_kit_i/ps8_0_axi_periph/s00_couplers/auto_ds/inst/gen_downsizer.gen_simple_downsizer.axi_downsizer_inst/USE_READ.read_addr_inst/cmd_queue/inst/fifo_gen_inst/inst_fifo_gen/gconvfifo.rf/grf.rf/rstblk/ngwrdrst.grst.g7serrst.gnsckt_wrst.rst_wr_reg2_inst/arststages_ff_reg[1]/C

Slack:                    inf
  Source:                 kria_starter_kit_i/rst_ps8_0_99M/U0/ACTIVE_LOW_PR_OUT_DFF[0].FDRE_PER_N/C
                            (rising edge-triggered cell FDRE clocked by clk_pl_0  {rise@0.000ns fall@5.000ns period=10.000ns})
  Destination:            kria_starter_kit_i/ps8_0_axi_periph/s00_couplers/auto_ds/inst/gen_downsizer.gen_simple_downsizer.axi_downsizer_inst/USE_WRITE.write_addr_inst/USE_B_CHANNEL.cmd_b_queue/inst/fifo_gen_inst/inst_fifo_gen/gconvfifo.rf/grf.rf/rstblk/ngwrdrst.grst.g7serrst.gnsckt_wrst.rst_wr_reg2_inst/arststages_ff_reg[0]/PRE
                            (recovery check against rising-edge clock clk_pl_0  {rise@0.000ns fall@5.000ns period=10.000ns})
  Path Group:             (none)
  Path Type:              Recovery (Max at Slow Process Corner)
  Data Path Delay:        1.107ns  (logic 0.113ns (10.212%)  route 0.994ns (89.788%))
  Logic Levels:           0  
  Clock Path Skew:        -0.304ns (DCD - SCD + CPR)
    Destination Clock Delay (DCD):    2.095ns
    Source Clock Delay      (SCD):    2.400ns
    Clock Pessimism Removal (CPR):    0.000ns
  Clock Uncertainty:      0.160ns  ((TSJ^2 + DJ^2)^1/2) / 2 + PE
    Total System Jitter     (TSJ):    0.071ns
    Discrete Jitter          (DJ):    0.312ns
    Phase Error              (PE):    0.000ns
  Clock Net Delay (Source):      2.133ns (routing 1.045ns, distribution 1.088ns)
  Clock Net Delay (Destination): 1.879ns (routing 0.955ns, distribution 0.924ns)
  Timing Exception:       False Path

    Location             Delay type                Incr(ns)  Path(ns)    Netlist Resource(s)
  -------------------------------------------------------------------    -------------------
                         (clock clk_pl_0 rise edge)
                                                      0.000     0.000 r  
    PS8_X0Y0             PS8                          0.000     0.000 r  kria_starter_kit_i/zynq_ultra_ps_e_0/U0/PS8_i/PLCLK[0]
                         net (fo=1, routed)           0.229     0.229    kria_starter_kit_i/zynq_ultra_ps_e_0/U0/pl_clk_unbuffered[0]
    BUFG_PS_X0Y80        BUFG_PS (Prop_BUFG_PS_I_O)
                                                      0.038     0.267 r  kria_starter_kit_i/zynq_ultra_ps_e_0/U0/buffer_pl_clk_0.PL_CLK_0_BUFG/O
    X0Y1 (CLOCK_ROOT)    net (fo=1837, routed)        2.133     2.400    kria_starter_kit_i/rst_ps8_0_99M/U0/slowest_sync_clk
    SLICE_X8Y116         FDRE                                         r  kria_starter_kit_i/rst_ps8_0_99M/U0/ACTIVE_LOW_PR_OUT_DFF[0].FDRE_PER_N/C
  -------------------------------------------------------------------    -------------------
    SLICE_X8Y116         FDRE (Prop_EFF_SLICEM_C_Q)
                                                      0.113     2.513 r  kria_starter_kit_i/rst_ps8_0_99M/U0/ACTIVE_LOW_PR_OUT_DFF[0].FDRE_PER_N/Q
                         net (fo=580, routed)         0.994     3.506    kria_starter_kit_i/ps8_0_axi_periph/s00_couplers/auto_ds/inst/gen_downsizer.gen_simple_downsizer.axi_downsizer_inst/USE_WRITE.write_addr_inst/USE_B_CHANNEL.cmd_b_queue/inst/fifo_gen_inst/inst_fifo_gen/gconvfifo.rf/grf.rf/rstblk/ngwrdrst.grst.g7serrst.gnsckt_wrst.rst_wr_reg2_inst/src_arst
    SLICE_X8Y88          FDPE                                         f  kria_starter_kit_i/ps8_0_axi_periph/s00_couplers/auto_ds/inst/gen_downsizer.gen_simple_downsizer.axi_downsizer_inst/USE_WRITE.write_addr_inst/USE_B_CHANNEL.cmd_b_queue/inst/fifo_gen_inst/inst_fifo_gen/gconvfifo.rf/grf.rf/rstblk/ngwrdrst.grst.g7serrst.gnsckt_wrst.rst_wr_reg2_inst/arststages_ff_reg[0]/PRE  (IS_INVERTED)
  -------------------------------------------------------------------    -------------------

                         (clock clk_pl_0 rise edge)
                                                      0.000     0.000 r  
    PS8_X0Y0             PS8                          0.000     0.000 r  kria_starter_kit_i/zynq_ultra_ps_e_0/U0/PS8_i/PLCLK[0]
                         net (fo=1, routed)           0.181     0.181    kria_starter_kit_i/zynq_ultra_ps_e_0/U0/pl_clk_unbuffered[0]
    BUFG_PS_X0Y80        BUFG_PS (Prop_BUFG_PS_I_O)
                                                      0.035     0.216 r  kria_starter_kit_i/zynq_ultra_ps_e_0/U0/buffer_pl_clk_0.PL_CLK_0_BUFG/O
    X0Y1 (CLOCK_ROOT)    net (fo=1837, routed)        1.879     2.095    kria_starter_kit_i/ps8_0_axi_periph/s00_couplers/auto_ds/inst/gen_downsizer.gen_simple_downsizer.axi_downsizer_inst/USE_WRITE.write_addr_inst/USE_B_CHANNEL.cmd_b_queue/inst/fifo_gen_inst/inst_fifo_gen/gconvfifo.rf/grf.rf/rstblk/ngwrdrst.grst.g7serrst.gnsckt_wrst.rst_wr_reg2_inst/dest_clk
    SLICE_X8Y88          FDPE                                         r  kria_starter_kit_i/ps8_0_axi_periph/s00_couplers/auto_ds/inst/gen_downsizer.gen_simple_downsizer.axi_downsizer_inst/USE_WRITE.write_addr_inst/USE_B_CHANNEL.cmd_b_queue/inst/fifo_gen_inst/inst_fifo_gen/gconvfifo.rf/grf.rf/rstblk/ngwrdrst.grst.g7serrst.gnsckt_wrst.rst_wr_reg2_inst/arststages_ff_reg[0]/C

Slack:                    inf
  Source:                 kria_starter_kit_i/rst_ps8_0_99M/U0/ACTIVE_LOW_PR_OUT_DFF[0].FDRE_PER_N/C
                            (rising edge-triggered cell FDRE clocked by clk_pl_0  {rise@0.000ns fall@5.000ns period=10.000ns})
  Destination:            kria_starter_kit_i/ps8_0_axi_periph/s00_couplers/auto_ds/inst/gen_downsizer.gen_simple_downsizer.axi_downsizer_inst/USE_WRITE.write_addr_inst/USE_B_CHANNEL.cmd_b_queue/inst/fifo_gen_inst/inst_fifo_gen/gconvfifo.rf/grf.rf/rstblk/ngwrdrst.grst.g7serrst.gnsckt_wrst.rst_wr_reg2_inst/arststages_ff_reg[1]/PRE
                            (recovery check against rising-edge clock clk_pl_0  {rise@0.000ns fall@5.000ns period=10.000ns})
  Path Group:             (none)
  Path Type:              Recovery (Max at Slow Process Corner)
  Data Path Delay:        1.107ns  (logic 0.113ns (10.212%)  route 0.994ns (89.788%))
  Logic Levels:           0  
  Clock Path Skew:        -0.304ns (DCD - SCD + CPR)
    Destination Clock Delay (DCD):    2.095ns
    Source Clock Delay      (SCD):    2.400ns
    Clock Pessimism Removal (CPR):    0.000ns
  Clock Uncertainty:      0.160ns  ((TSJ^2 + DJ^2)^1/2) / 2 + PE
    Total System Jitter     (TSJ):    0.071ns
    Discrete Jitter          (DJ):    0.312ns
    Phase Error              (PE):    0.000ns
  Clock Net Delay (Source):      2.133ns (routing 1.045ns, distribution 1.088ns)
  Clock Net Delay (Destination): 1.879ns (routing 0.955ns, distribution 0.924ns)
  Timing Exception:       False Path

    Location             Delay type                Incr(ns)  Path(ns)    Netlist Resource(s)
  -------------------------------------------------------------------    -------------------
                         (clock clk_pl_0 rise edge)
                                                      0.000     0.000 r  
    PS8_X0Y0             PS8                          0.000     0.000 r  kria_starter_kit_i/zynq_ultra_ps_e_0/U0/PS8_i/PLCLK[0]
                         net (fo=1, routed)           0.229     0.229    kria_starter_kit_i/zynq_ultra_ps_e_0/U0/pl_clk_unbuffered[0]
    BUFG_PS_X0Y80        BUFG_PS (Prop_BUFG_PS_I_O)
                                                      0.038     0.267 r  kria_starter_kit_i/zynq_ultra_ps_e_0/U0/buffer_pl_clk_0.PL_CLK_0_BUFG/O
    X0Y1 (CLOCK_ROOT)    net (fo=1837, routed)        2.133     2.400    kria_starter_kit_i/rst_ps8_0_99M/U0/slowest_sync_clk
    SLICE_X8Y116         FDRE                                         r  kria_starter_kit_i/rst_ps8_0_99M/U0/ACTIVE_LOW_PR_OUT_DFF[0].FDRE_PER_N/C
  -------------------------------------------------------------------    -------------------
    SLICE_X8Y116         FDRE (Prop_EFF_SLICEM_C_Q)
                                                      0.113     2.513 r  kria_starter_kit_i/rst_ps8_0_99M/U0/ACTIVE_LOW_PR_OUT_DFF[0].FDRE_PER_N/Q
                         net (fo=580, routed)         0.994     3.506    kria_starter_kit_i/ps8_0_axi_periph/s00_couplers/auto_ds/inst/gen_downsizer.gen_simple_downsizer.axi_downsizer_inst/USE_WRITE.write_addr_inst/USE_B_CHANNEL.cmd_b_queue/inst/fifo_gen_inst/inst_fifo_gen/gconvfifo.rf/grf.rf/rstblk/ngwrdrst.grst.g7serrst.gnsckt_wrst.rst_wr_reg2_inst/src_arst
    SLICE_X8Y88          FDPE                                         f  kria_starter_kit_i/ps8_0_axi_periph/s00_couplers/auto_ds/inst/gen_downsizer.gen_simple_downsizer.axi_downsizer_inst/USE_WRITE.write_addr_inst/USE_B_CHANNEL.cmd_b_queue/inst/fifo_gen_inst/inst_fifo_gen/gconvfifo.rf/grf.rf/rstblk/ngwrdrst.grst.g7serrst.gnsckt_wrst.rst_wr_reg2_inst/arststages_ff_reg[1]/PRE  (IS_INVERTED)
  -------------------------------------------------------------------    -------------------

                         (clock clk_pl_0 rise edge)
                                                      0.000     0.000 r  
    PS8_X0Y0             PS8                          0.000     0.000 r  kria_starter_kit_i/zynq_ultra_ps_e_0/U0/PS8_i/PLCLK[0]
                         net (fo=1, routed)           0.181     0.181    kria_starter_kit_i/zynq_ultra_ps_e_0/U0/pl_clk_unbuffered[0]
    BUFG_PS_X0Y80        BUFG_PS (Prop_BUFG_PS_I_O)
                                                      0.035     0.216 r  kria_starter_kit_i/zynq_ultra_ps_e_0/U0/buffer_pl_clk_0.PL_CLK_0_BUFG/O
    X0Y1 (CLOCK_ROOT)    net (fo=1837, routed)        1.879     2.095    kria_starter_kit_i/ps8_0_axi_periph/s00_couplers/auto_ds/inst/gen_downsizer.gen_simple_downsizer.axi_downsizer_inst/USE_WRITE.write_addr_inst/USE_B_CHANNEL.cmd_b_queue/inst/fifo_gen_inst/inst_fifo_gen/gconvfifo.rf/grf.rf/rstblk/ngwrdrst.grst.g7serrst.gnsckt_wrst.rst_wr_reg2_inst/dest_clk
    SLICE_X8Y88          FDPE                                         r  kria_starter_kit_i/ps8_0_axi_periph/s00_couplers/auto_ds/inst/gen_downsizer.gen_simple_downsizer.axi_downsizer_inst/USE_WRITE.write_addr_inst/USE_B_CHANNEL.cmd_b_queue/inst/fifo_gen_inst/inst_fifo_gen/gconvfifo.rf/grf.rf/rstblk/ngwrdrst.grst.g7serrst.gnsckt_wrst.rst_wr_reg2_inst/arststages_ff_reg[1]/C

Slack:                    inf
  Source:                 kria_starter_kit_i/rst_ps8_0_99M/U0/ACTIVE_LOW_PR_OUT_DFF[0].FDRE_PER_N/C
                            (rising edge-triggered cell FDRE clocked by clk_pl_0  {rise@0.000ns fall@5.000ns period=10.000ns})
  Destination:            kria_starter_kit_i/ps8_0_axi_periph/s00_couplers/auto_ds/inst/gen_downsizer.gen_simple_downsizer.axi_downsizer_inst/USE_WRITE.write_addr_inst/cmd_queue/inst/fifo_gen_inst/inst_fifo_gen/gconvfifo.rf/grf.rf/rstblk/ngwrdrst.grst.g7serrst.gnsckt_wrst.rst_wr_reg2_inst/arststages_ff_reg[0]/PRE
                            (recovery check against rising-edge clock clk_pl_0  {rise@0.000ns fall@5.000ns period=10.000ns})
  Path Group:             (none)
  Path Type:              Recovery (Max at Slow Process Corner)
  Data Path Delay:        1.014ns  (logic 0.113ns (11.142%)  route 0.901ns (88.858%))
  Logic Levels:           0  
  Clock Path Skew:        -0.303ns (DCD - SCD + CPR)
    Destination Clock Delay (DCD):    2.096ns
    Source Clock Delay      (SCD):    2.400ns
    Clock Pessimism Removal (CPR):    0.000ns
  Clock Uncertainty:      0.160ns  ((TSJ^2 + DJ^2)^1/2) / 2 + PE
    Total System Jitter     (TSJ):    0.071ns
    Discrete Jitter          (DJ):    0.312ns
    Phase Error              (PE):    0.000ns
  Clock Net Delay (Source):      2.133ns (routing 1.045ns, distribution 1.088ns)
  Clock Net Delay (Destination): 1.880ns (routing 0.955ns, distribution 0.925ns)
  Timing Exception:       False Path

    Location             Delay type                Incr(ns)  Path(ns)    Netlist Resource(s)
  -------------------------------------------------------------------    -------------------
                         (clock clk_pl_0 rise edge)
                                                      0.000     0.000 r  
    PS8_X0Y0             PS8                          0.000     0.000 r  kria_starter_kit_i/zynq_ultra_ps_e_0/U0/PS8_i/PLCLK[0]
                         net (fo=1, routed)           0.229     0.229    kria_starter_kit_i/zynq_ultra_ps_e_0/U0/pl_clk_unbuffered[0]
    BUFG_PS_X0Y80        BUFG_PS (Prop_BUFG_PS_I_O)
                                                      0.038     0.267 r  kria_starter_kit_i/zynq_ultra_ps_e_0/U0/buffer_pl_clk_0.PL_CLK_0_BUFG/O
    X0Y1 (CLOCK_ROOT)    net (fo=1837, routed)        2.133     2.400    kria_starter_kit_i/rst_ps8_0_99M/U0/slowest_sync_clk
    SLICE_X8Y116         FDRE                                         r  kria_starter_kit_i/rst_ps8_0_99M/U0/ACTIVE_LOW_PR_OUT_DFF[0].FDRE_PER_N/C
  -------------------------------------------------------------------    -------------------
    SLICE_X8Y116         FDRE (Prop_EFF_SLICEM_C_Q)
                                                      0.113     2.513 r  kria_starter_kit_i/rst_ps8_0_99M/U0/ACTIVE_LOW_PR_OUT_DFF[0].FDRE_PER_N/Q
                         net (fo=580, routed)         0.901     3.414    kria_starter_kit_i/ps8_0_axi_periph/s00_couplers/auto_ds/inst/gen_downsizer.gen_simple_downsizer.axi_downsizer_inst/USE_WRITE.write_addr_inst/cmd_queue/inst/fifo_gen_inst/inst_fifo_gen/gconvfifo.rf/grf.rf/rstblk/ngwrdrst.grst.g7serrst.gnsckt_wrst.rst_wr_reg2_inst/src_arst
    SLICE_X8Y90          FDPE                                         f  kria_starter_kit_i/ps8_0_axi_periph/s00_couplers/auto_ds/inst/gen_downsizer.gen_simple_downsizer.axi_downsizer_inst/USE_WRITE.write_addr_inst/cmd_queue/inst/fifo_gen_inst/inst_fifo_gen/gconvfifo.rf/grf.rf/rstblk/ngwrdrst.grst.g7serrst.gnsckt_wrst.rst_wr_reg2_inst/arststages_ff_reg[0]/PRE  (IS_INVERTED)
  -------------------------------------------------------------------    -------------------

                         (clock clk_pl_0 rise edge)
                                                      0.000     0.000 r  
    PS8_X0Y0             PS8                          0.000     0.000 r  kria_starter_kit_i/zynq_ultra_ps_e_0/U0/PS8_i/PLCLK[0]
                         net (fo=1, routed)           0.181     0.181    kria_starter_kit_i/zynq_ultra_ps_e_0/U0/pl_clk_unbuffered[0]
    BUFG_PS_X0Y80        BUFG_PS (Prop_BUFG_PS_I_O)
                                                      0.035     0.216 r  kria_starter_kit_i/zynq_ultra_ps_e_0/U0/buffer_pl_clk_0.PL_CLK_0_BUFG/O
    X0Y1 (CLOCK_ROOT)    net (fo=1837, routed)        1.880     2.096    kria_starter_kit_i/ps8_0_axi_periph/s00_couplers/auto_ds/inst/gen_downsizer.gen_simple_downsizer.axi_downsizer_inst/USE_WRITE.write_addr_inst/cmd_queue/inst/fifo_gen_inst/inst_fifo_gen/gconvfifo.rf/grf.rf/rstblk/ngwrdrst.grst.g7serrst.gnsckt_wrst.rst_wr_reg2_inst/dest_clk
    SLICE_X8Y90          FDPE                                         r  kria_starter_kit_i/ps8_0_axi_periph/s00_couplers/auto_ds/inst/gen_downsizer.gen_simple_downsizer.axi_downsizer_inst/USE_WRITE.write_addr_inst/cmd_queue/inst/fifo_gen_inst/inst_fifo_gen/gconvfifo.rf/grf.rf/rstblk/ngwrdrst.grst.g7serrst.gnsckt_wrst.rst_wr_reg2_inst/arststages_ff_reg[0]/C

Slack:                    inf
  Source:                 kria_starter_kit_i/rst_ps8_0_99M/U0/ACTIVE_LOW_PR_OUT_DFF[0].FDRE_PER_N/C
                            (rising edge-triggered cell FDRE clocked by clk_pl_0  {rise@0.000ns fall@5.000ns period=10.000ns})
  Destination:            kria_starter_kit_i/ps8_0_axi_periph/s00_couplers/auto_ds/inst/gen_downsizer.gen_simple_downsizer.axi_downsizer_inst/USE_WRITE.write_addr_inst/cmd_queue/inst/fifo_gen_inst/inst_fifo_gen/gconvfifo.rf/grf.rf/rstblk/ngwrdrst.grst.g7serrst.gnsckt_wrst.rst_wr_reg2_inst/arststages_ff_reg[1]/PRE
                            (recovery check against rising-edge clock clk_pl_0  {rise@0.000ns fall@5.000ns period=10.000ns})
  Path Group:             (none)
  Path Type:              Recovery (Max at Slow Process Corner)
  Data Path Delay:        1.014ns  (logic 0.113ns (11.142%)  route 0.901ns (88.858%))
  Logic Levels:           0  
  Clock Path Skew:        -0.303ns (DCD - SCD + CPR)
    Destination Clock Delay (DCD):    2.096ns
    Source Clock Delay      (SCD):    2.400ns
    Clock Pessimism Removal (CPR):    0.000ns
  Clock Uncertainty:      0.160ns  ((TSJ^2 + DJ^2)^1/2) / 2 + PE
    Total System Jitter     (TSJ):    0.071ns
    Discrete Jitter          (DJ):    0.312ns
    Phase Error              (PE):    0.000ns
  Clock Net Delay (Source):      2.133ns (routing 1.045ns, distribution 1.088ns)
  Clock Net Delay (Destination): 1.880ns (routing 0.955ns, distribution 0.925ns)
  Timing Exception:       False Path

    Location             Delay type                Incr(ns)  Path(ns)    Netlist Resource(s)
  -------------------------------------------------------------------    -------------------
                         (clock clk_pl_0 rise edge)
                                                      0.000     0.000 r  
    PS8_X0Y0             PS8                          0.000     0.000 r  kria_starter_kit_i/zynq_ultra_ps_e_0/U0/PS8_i/PLCLK[0]
                         net (fo=1, routed)           0.229     0.229    kria_starter_kit_i/zynq_ultra_ps_e_0/U0/pl_clk_unbuffered[0]
    BUFG_PS_X0Y80        BUFG_PS (Prop_BUFG_PS_I_O)
                                                      0.038     0.267 r  kria_starter_kit_i/zynq_ultra_ps_e_0/U0/buffer_pl_clk_0.PL_CLK_0_BUFG/O
    X0Y1 (CLOCK_ROOT)    net (fo=1837, routed)        2.133     2.400    kria_starter_kit_i/rst_ps8_0_99M/U0/slowest_sync_clk
    SLICE_X8Y116         FDRE                                         r  kria_starter_kit_i/rst_ps8_0_99M/U0/ACTIVE_LOW_PR_OUT_DFF[0].FDRE_PER_N/C
  -------------------------------------------------------------------    -------------------
    SLICE_X8Y116         FDRE (Prop_EFF_SLICEM_C_Q)
                                                      0.113     2.513 r  kria_starter_kit_i/rst_ps8_0_99M/U0/ACTIVE_LOW_PR_OUT_DFF[0].FDRE_PER_N/Q
                         net (fo=580, routed)         0.901     3.414    kria_starter_kit_i/ps8_0_axi_periph/s00_couplers/auto_ds/inst/gen_downsizer.gen_simple_downsizer.axi_downsizer_inst/USE_WRITE.write_addr_inst/cmd_queue/inst/fifo_gen_inst/inst_fifo_gen/gconvfifo.rf/grf.rf/rstblk/ngwrdrst.grst.g7serrst.gnsckt_wrst.rst_wr_reg2_inst/src_arst
    SLICE_X8Y90          FDPE                                         f  kria_starter_kit_i/ps8_0_axi_periph/s00_couplers/auto_ds/inst/gen_downsizer.gen_simple_downsizer.axi_downsizer_inst/USE_WRITE.write_addr_inst/cmd_queue/inst/fifo_gen_inst/inst_fifo_gen/gconvfifo.rf/grf.rf/rstblk/ngwrdrst.grst.g7serrst.gnsckt_wrst.rst_wr_reg2_inst/arststages_ff_reg[1]/PRE  (IS_INVERTED)
  -------------------------------------------------------------------    -------------------

                         (clock clk_pl_0 rise edge)
                                                      0.000     0.000 r  
    PS8_X0Y0             PS8                          0.000     0.000 r  kria_starter_kit_i/zynq_ultra_ps_e_0/U0/PS8_i/PLCLK[0]
                         net (fo=1, routed)           0.181     0.181    kria_starter_kit_i/zynq_ultra_ps_e_0/U0/pl_clk_unbuffered[0]
    BUFG_PS_X0Y80        BUFG_PS (Prop_BUFG_PS_I_O)
                                                      0.035     0.216 r  kria_starter_kit_i/zynq_ultra_ps_e_0/U0/buffer_pl_clk_0.PL_CLK_0_BUFG/O
    X0Y1 (CLOCK_ROOT)    net (fo=1837, routed)        1.880     2.096    kria_starter_kit_i/ps8_0_axi_periph/s00_couplers/auto_ds/inst/gen_downsizer.gen_simple_downsizer.axi_downsizer_inst/USE_WRITE.write_addr_inst/cmd_queue/inst/fifo_gen_inst/inst_fifo_gen/gconvfifo.rf/grf.rf/rstblk/ngwrdrst.grst.g7serrst.gnsckt_wrst.rst_wr_reg2_inst/dest_clk
    SLICE_X8Y90          FDPE                                         r  kria_starter_kit_i/ps8_0_axi_periph/s00_couplers/auto_ds/inst/gen_downsizer.gen_simple_downsizer.axi_downsizer_inst/USE_WRITE.write_addr_inst/cmd_queue/inst/fifo_gen_inst/inst_fifo_gen/gconvfifo.rf/grf.rf/rstblk/ngwrdrst.grst.g7serrst.gnsckt_wrst.rst_wr_reg2_inst/arststages_ff_reg[1]/C





Min Delay Paths
--------------------------------------------------------------------------------------
Slack:                    inf
  Source:                 kria_starter_kit_i/rst_ps8_0_99M/U0/ACTIVE_LOW_PR_OUT_DFF[0].FDRE_PER_N/C
                            (rising edge-triggered cell FDRE clocked by clk_pl_0  {rise@0.000ns fall@5.000ns period=10.000ns})
  Destination:            kria_starter_kit_i/ps8_0_axi_periph/s00_couplers/auto_ds/inst/gen_downsizer.gen_simple_downsizer.axi_downsizer_inst/USE_WRITE.write_addr_inst/cmd_queue/inst/fifo_gen_inst/inst_fifo_gen/gconvfifo.rf/grf.rf/rstblk/ngwrdrst.grst.g7serrst.gnsckt_wrst.rst_wr_reg2_inst/arststages_ff_reg[0]/PRE
                            (removal check against rising-edge clock clk_pl_0  {rise@0.000ns fall@5.000ns period=10.000ns})
  Path Group:             (none)
  Path Type:              Removal (Min at Fast Process Corner)
  Data Path Delay:        0.402ns  (logic 0.082ns (20.410%)  route 0.320ns (79.590%))
  Logic Levels:           0  
  Clock Path Skew:        0.137ns (DCD - SCD - CPR)
    Destination Clock Delay (DCD):    1.439ns
    Source Clock Delay      (SCD):    1.302ns
    Clock Pessimism Removal (CPR):    -0.000ns
  Clock Uncertainty:      0.160ns  ((TSJ^2 + DJ^2)^1/2) / 2 + PE
    Total System Jitter     (TSJ):    0.071ns
    Discrete Jitter          (DJ):    0.312ns
    Phase Error              (PE):    0.000ns
  Clock Net Delay (Source):      1.151ns (routing 0.572ns, distribution 0.579ns)
  Clock Net Delay (Destination): 1.252ns (routing 0.623ns, distribution 0.629ns)
  Timing Exception:       False Path

    Location             Delay type                Incr(ns)  Path(ns)    Netlist Resource(s)
  -------------------------------------------------------------------    -------------------
                         (clock clk_pl_0 rise edge)
                                                      0.000     0.000 r  
    PS8_X0Y0             PS8                          0.000     0.000 r  kria_starter_kit_i/zynq_ultra_ps_e_0/U0/PS8_i/PLCLK[0]
                         net (fo=1, routed)           0.129     0.129    kria_starter_kit_i/zynq_ultra_ps_e_0/U0/pl_clk_unbuffered[0]
    BUFG_PS_X0Y80        BUFG_PS (Prop_BUFG_PS_I_O)
                                                      0.022     0.151 r  kria_starter_kit_i/zynq_ultra_ps_e_0/U0/buffer_pl_clk_0.PL_CLK_0_BUFG/O
    X0Y1 (CLOCK_ROOT)    net (fo=1837, routed)        1.151     1.302    kria_starter_kit_i/rst_ps8_0_99M/U0/slowest_sync_clk
    SLICE_X8Y116         FDRE                                         r  kria_starter_kit_i/rst_ps8_0_99M/U0/ACTIVE_LOW_PR_OUT_DFF[0].FDRE_PER_N/C
  -------------------------------------------------------------------    -------------------
    SLICE_X8Y116         FDRE (Prop_EFF_SLICEM_C_Q)
                                                      0.082     1.384 r  kria_starter_kit_i/rst_ps8_0_99M/U0/ACTIVE_LOW_PR_OUT_DFF[0].FDRE_PER_N/Q
                         net (fo=580, routed)         0.320     1.703    kria_starter_kit_i/ps8_0_axi_periph/s00_couplers/auto_ds/inst/gen_downsizer.gen_simple_downsizer.axi_downsizer_inst/USE_WRITE.write_addr_inst/cmd_queue/inst/fifo_gen_inst/inst_fifo_gen/gconvfifo.rf/grf.rf/rstblk/ngwrdrst.grst.g7serrst.gnsckt_wrst.rst_wr_reg2_inst/src_arst
    SLICE_X8Y90          FDPE                                         f  kria_starter_kit_i/ps8_0_axi_periph/s00_couplers/auto_ds/inst/gen_downsizer.gen_simple_downsizer.axi_downsizer_inst/USE_WRITE.write_addr_inst/cmd_queue/inst/fifo_gen_inst/inst_fifo_gen/gconvfifo.rf/grf.rf/rstblk/ngwrdrst.grst.g7serrst.gnsckt_wrst.rst_wr_reg2_inst/arststages_ff_reg[0]/PRE  (IS_INVERTED)
  -------------------------------------------------------------------    -------------------

                         (clock clk_pl_0 rise edge)
                                                      0.000     0.000 r  
    PS8_X0Y0             PS8                          0.000     0.000 r  kria_starter_kit_i/zynq_ultra_ps_e_0/U0/PS8_i/PLCLK[0]
                         net (fo=1, routed)           0.164     0.164    kria_starter_kit_i/zynq_ultra_ps_e_0/U0/pl_clk_unbuffered[0]
    BUFG_PS_X0Y80        BUFG_PS (Prop_BUFG_PS_I_O)
                                                      0.023     0.187 r  kria_starter_kit_i/zynq_ultra_ps_e_0/U0/buffer_pl_clk_0.PL_CLK_0_BUFG/O
    X0Y1 (CLOCK_ROOT)    net (fo=1837, routed)        1.252     1.439    kria_starter_kit_i/ps8_0_axi_periph/s00_couplers/auto_ds/inst/gen_downsizer.gen_simple_downsizer.axi_downsizer_inst/USE_WRITE.write_addr_inst/cmd_queue/inst/fifo_gen_inst/inst_fifo_gen/gconvfifo.rf/grf.rf/rstblk/ngwrdrst.grst.g7serrst.gnsckt_wrst.rst_wr_reg2_inst/dest_clk
    SLICE_X8Y90          FDPE                                         r  kria_starter_kit_i/ps8_0_axi_periph/s00_couplers/auto_ds/inst/gen_downsizer.gen_simple_downsizer.axi_downsizer_inst/USE_WRITE.write_addr_inst/cmd_queue/inst/fifo_gen_inst/inst_fifo_gen/gconvfifo.rf/grf.rf/rstblk/ngwrdrst.grst.g7serrst.gnsckt_wrst.rst_wr_reg2_inst/arststages_ff_reg[0]/C

Slack:                    inf
  Source:                 kria_starter_kit_i/rst_ps8_0_99M/U0/ACTIVE_LOW_PR_OUT_DFF[0].FDRE_PER_N/C
                            (rising edge-triggered cell FDRE clocked by clk_pl_0  {rise@0.000ns fall@5.000ns period=10.000ns})
  Destination:            kria_starter_kit_i/ps8_0_axi_periph/s00_couplers/auto_ds/inst/gen_downsizer.gen_simple_downsizer.axi_downsizer_inst/USE_WRITE.write_addr_inst/cmd_queue/inst/fifo_gen_inst/inst_fifo_gen/gconvfifo.rf/grf.rf/rstblk/ngwrdrst.grst.g7serrst.gnsckt_wrst.rst_wr_reg2_inst/arststages_ff_reg[1]/PRE
                            (removal check against rising-edge clock clk_pl_0  {rise@0.000ns fall@5.000ns period=10.000ns})
  Path Group:             (none)
  Path Type:              Removal (Min at Fast Process Corner)
  Data Path Delay:        0.402ns  (logic 0.082ns (20.410%)  route 0.320ns (79.590%))
  Logic Levels:           0  
  Clock Path Skew:        0.137ns (DCD - SCD - CPR)
    Destination Clock Delay (DCD):    1.439ns
    Source Clock Delay      (SCD):    1.302ns
    Clock Pessimism Removal (CPR):    -0.000ns
  Clock Uncertainty:      0.160ns  ((TSJ^2 + DJ^2)^1/2) / 2 + PE
    Total System Jitter     (TSJ):    0.071ns
    Discrete Jitter          (DJ):    0.312ns
    Phase Error              (PE):    0.000ns
  Clock Net Delay (Source):      1.151ns (routing 0.572ns, distribution 0.579ns)
  Clock Net Delay (Destination): 1.252ns (routing 0.623ns, distribution 0.629ns)
  Timing Exception:       False Path

    Location             Delay type                Incr(ns)  Path(ns)    Netlist Resource(s)
  -------------------------------------------------------------------    -------------------
                         (clock clk_pl_0 rise edge)
                                                      0.000     0.000 r  
    PS8_X0Y0             PS8                          0.000     0.000 r  kria_starter_kit_i/zynq_ultra_ps_e_0/U0/PS8_i/PLCLK[0]
                         net (fo=1, routed)           0.129     0.129    kria_starter_kit_i/zynq_ultra_ps_e_0/U0/pl_clk_unbuffered[0]
    BUFG_PS_X0Y80        BUFG_PS (Prop_BUFG_PS_I_O)
                                                      0.022     0.151 r  kria_starter_kit_i/zynq_ultra_ps_e_0/U0/buffer_pl_clk_0.PL_CLK_0_BUFG/O
    X0Y1 (CLOCK_ROOT)    net (fo=1837, routed)        1.151     1.302    kria_starter_kit_i/rst_ps8_0_99M/U0/slowest_sync_clk
    SLICE_X8Y116         FDRE                                         r  kria_starter_kit_i/rst_ps8_0_99M/U0/ACTIVE_LOW_PR_OUT_DFF[0].FDRE_PER_N/C
  -------------------------------------------------------------------    -------------------
    SLICE_X8Y116         FDRE (Prop_EFF_SLICEM_C_Q)
                                                      0.082     1.384 r  kria_starter_kit_i/rst_ps8_0_99M/U0/ACTIVE_LOW_PR_OUT_DFF[0].FDRE_PER_N/Q
                         net (fo=580, routed)         0.320     1.703    kria_starter_kit_i/ps8_0_axi_periph/s00_couplers/auto_ds/inst/gen_downsizer.gen_simple_downsizer.axi_downsizer_inst/USE_WRITE.write_addr_inst/cmd_queue/inst/fifo_gen_inst/inst_fifo_gen/gconvfifo.rf/grf.rf/rstblk/ngwrdrst.grst.g7serrst.gnsckt_wrst.rst_wr_reg2_inst/src_arst
    SLICE_X8Y90          FDPE                                         f  kria_starter_kit_i/ps8_0_axi_periph/s00_couplers/auto_ds/inst/gen_downsizer.gen_simple_downsizer.axi_downsizer_inst/USE_WRITE.write_addr_inst/cmd_queue/inst/fifo_gen_inst/inst_fifo_gen/gconvfifo.rf/grf.rf/rstblk/ngwrdrst.grst.g7serrst.gnsckt_wrst.rst_wr_reg2_inst/arststages_ff_reg[1]/PRE  (IS_INVERTED)
  -------------------------------------------------------------------    -------------------

                         (clock clk_pl_0 rise edge)
                                                      0.000     0.000 r  
    PS8_X0Y0             PS8                          0.000     0.000 r  kria_starter_kit_i/zynq_ultra_ps_e_0/U0/PS8_i/PLCLK[0]
                         net (fo=1, routed)           0.164     0.164    kria_starter_kit_i/zynq_ultra_ps_e_0/U0/pl_clk_unbuffered[0]
    BUFG_PS_X0Y80        BUFG_PS (Prop_BUFG_PS_I_O)
                                                      0.023     0.187 r  kria_starter_kit_i/zynq_ultra_ps_e_0/U0/buffer_pl_clk_0.PL_CLK_0_BUFG/O
    X0Y1 (CLOCK_ROOT)    net (fo=1837, routed)        1.252     1.439    kria_starter_kit_i/ps8_0_axi_periph/s00_couplers/auto_ds/inst/gen_downsizer.gen_simple_downsizer.axi_downsizer_inst/USE_WRITE.write_addr_inst/cmd_queue/inst/fifo_gen_inst/inst_fifo_gen/gconvfifo.rf/grf.rf/rstblk/ngwrdrst.grst.g7serrst.gnsckt_wrst.rst_wr_reg2_inst/dest_clk
    SLICE_X8Y90          FDPE                                         r  kria_starter_kit_i/ps8_0_axi_periph/s00_couplers/auto_ds/inst/gen_downsizer.gen_simple_downsizer.axi_downsizer_inst/USE_WRITE.write_addr_inst/cmd_queue/inst/fifo_gen_inst/inst_fifo_gen/gconvfifo.rf/grf.rf/rstblk/ngwrdrst.grst.g7serrst.gnsckt_wrst.rst_wr_reg2_inst/arststages_ff_reg[1]/C

Slack:                    inf
  Source:                 kria_starter_kit_i/rst_ps8_0_99M/U0/ACTIVE_LOW_PR_OUT_DFF[0].FDRE_PER_N/C
                            (rising edge-triggered cell FDRE clocked by clk_pl_0  {rise@0.000ns fall@5.000ns period=10.000ns})
  Destination:            kria_starter_kit_i/ps8_0_axi_periph/s00_couplers/auto_ds/inst/gen_downsizer.gen_simple_downsizer.axi_downsizer_inst/USE_WRITE.write_addr_inst/USE_B_CHANNEL.cmd_b_queue/inst/fifo_gen_inst/inst_fifo_gen/gconvfifo.rf/grf.rf/rstblk/ngwrdrst.grst.g7serrst.gnsckt_wrst.rst_wr_reg2_inst/arststages_ff_reg[0]/PRE
                            (removal check against rising-edge clock clk_pl_0  {rise@0.000ns fall@5.000ns period=10.000ns})
  Path Group:             (none)
  Path Type:              Removal (Min at Fast Process Corner)
  Data Path Delay:        0.440ns  (logic 0.082ns (18.624%)  route 0.358ns (81.376%))
  Logic Levels:           0  
  Clock Path Skew:        0.133ns (DCD - SCD - CPR)
    Destination Clock Delay (DCD):    1.434ns
    Source Clock Delay      (SCD):    1.302ns
    Clock Pessimism Removal (CPR):    -0.000ns
  Clock Uncertainty:      0.160ns  ((TSJ^2 + DJ^2)^1/2) / 2 + PE
    Total System Jitter     (TSJ):    0.071ns
    Discrete Jitter          (DJ):    0.312ns
    Phase Error              (PE):    0.000ns
  Clock Net Delay (Source):      1.151ns (routing 0.572ns, distribution 0.579ns)
  Clock Net Delay (Destination): 1.247ns (routing 0.623ns, distribution 0.624ns)
  Timing Exception:       False Path

    Location             Delay type                Incr(ns)  Path(ns)    Netlist Resource(s)
  -------------------------------------------------------------------    -------------------
                         (clock clk_pl_0 rise edge)
                                                      0.000     0.000 r  
    PS8_X0Y0             PS8                          0.000     0.000 r  kria_starter_kit_i/zynq_ultra_ps_e_0/U0/PS8_i/PLCLK[0]
                         net (fo=1, routed)           0.129     0.129    kria_starter_kit_i/zynq_ultra_ps_e_0/U0/pl_clk_unbuffered[0]
    BUFG_PS_X0Y80        BUFG_PS (Prop_BUFG_PS_I_O)
                                                      0.022     0.151 r  kria_starter_kit_i/zynq_ultra_ps_e_0/U0/buffer_pl_clk_0.PL_CLK_0_BUFG/O
    X0Y1 (CLOCK_ROOT)    net (fo=1837, routed)        1.151     1.302    kria_starter_kit_i/rst_ps8_0_99M/U0/slowest_sync_clk
    SLICE_X8Y116         FDRE                                         r  kria_starter_kit_i/rst_ps8_0_99M/U0/ACTIVE_LOW_PR_OUT_DFF[0].FDRE_PER_N/C
  -------------------------------------------------------------------    -------------------
    SLICE_X8Y116         FDRE (Prop_EFF_SLICEM_C_Q)
                                                      0.082     1.384 r  kria_starter_kit_i/rst_ps8_0_99M/U0/ACTIVE_LOW_PR_OUT_DFF[0].FDRE_PER_N/Q
                         net (fo=580, routed)         0.358     1.742    kria_starter_kit_i/ps8_0_axi_periph/s00_couplers/auto_ds/inst/gen_downsizer.gen_simple_downsizer.axi_downsizer_inst/USE_WRITE.write_addr_inst/USE_B_CHANNEL.cmd_b_queue/inst/fifo_gen_inst/inst_fifo_gen/gconvfifo.rf/grf.rf/rstblk/ngwrdrst.grst.g7serrst.gnsckt_wrst.rst_wr_reg2_inst/src_arst
    SLICE_X8Y88          FDPE                                         f  kria_starter_kit_i/ps8_0_axi_periph/s00_couplers/auto_ds/inst/gen_downsizer.gen_simple_downsizer.axi_downsizer_inst/USE_WRITE.write_addr_inst/USE_B_CHANNEL.cmd_b_queue/inst/fifo_gen_inst/inst_fifo_gen/gconvfifo.rf/grf.rf/rstblk/ngwrdrst.grst.g7serrst.gnsckt_wrst.rst_wr_reg2_inst/arststages_ff_reg[0]/PRE  (IS_INVERTED)
  -------------------------------------------------------------------    -------------------

                         (clock clk_pl_0 rise edge)
                                                      0.000     0.000 r  
    PS8_X0Y0             PS8                          0.000     0.000 r  kria_starter_kit_i/zynq_ultra_ps_e_0/U0/PS8_i/PLCLK[0]
                         net (fo=1, routed)           0.164     0.164    kria_starter_kit_i/zynq_ultra_ps_e_0/U0/pl_clk_unbuffered[0]
    BUFG_PS_X0Y80        BUFG_PS (Prop_BUFG_PS_I_O)
                                                      0.023     0.187 r  kria_starter_kit_i/zynq_ultra_ps_e_0/U0/buffer_pl_clk_0.PL_CLK_0_BUFG/O
    X0Y1 (CLOCK_ROOT)    net (fo=1837, routed)        1.247     1.434    kria_starter_kit_i/ps8_0_axi_periph/s00_couplers/auto_ds/inst/gen_downsizer.gen_simple_downsizer.axi_downsizer_inst/USE_WRITE.write_addr_inst/USE_B_CHANNEL.cmd_b_queue/inst/fifo_gen_inst/inst_fifo_gen/gconvfifo.rf/grf.rf/rstblk/ngwrdrst.grst.g7serrst.gnsckt_wrst.rst_wr_reg2_inst/dest_clk
    SLICE_X8Y88          FDPE                                         r  kria_starter_kit_i/ps8_0_axi_periph/s00_couplers/auto_ds/inst/gen_downsizer.gen_simple_downsizer.axi_downsizer_inst/USE_WRITE.write_addr_inst/USE_B_CHANNEL.cmd_b_queue/inst/fifo_gen_inst/inst_fifo_gen/gconvfifo.rf/grf.rf/rstblk/ngwrdrst.grst.g7serrst.gnsckt_wrst.rst_wr_reg2_inst/arststages_ff_reg[0]/C

Slack:                    inf
  Source:                 kria_starter_kit_i/rst_ps8_0_99M/U0/ACTIVE_LOW_PR_OUT_DFF[0].FDRE_PER_N/C
                            (rising edge-triggered cell FDRE clocked by clk_pl_0  {rise@0.000ns fall@5.000ns period=10.000ns})
  Destination:            kria_starter_kit_i/ps8_0_axi_periph/s00_couplers/auto_ds/inst/gen_downsizer.gen_simple_downsizer.axi_downsizer_inst/USE_WRITE.write_addr_inst/USE_B_CHANNEL.cmd_b_queue/inst/fifo_gen_inst/inst_fifo_gen/gconvfifo.rf/grf.rf/rstblk/ngwrdrst.grst.g7serrst.gnsckt_wrst.rst_wr_reg2_inst/arststages_ff_reg[1]/PRE
                            (removal check against rising-edge clock clk_pl_0  {rise@0.000ns fall@5.000ns period=10.000ns})
  Path Group:             (none)
  Path Type:              Removal (Min at Fast Process Corner)
  Data Path Delay:        0.440ns  (logic 0.082ns (18.624%)  route 0.358ns (81.376%))
  Logic Levels:           0  
  Clock Path Skew:        0.133ns (DCD - SCD - CPR)
    Destination Clock Delay (DCD):    1.434ns
    Source Clock Delay      (SCD):    1.302ns
    Clock Pessimism Removal (CPR):    -0.000ns
  Clock Uncertainty:      0.160ns  ((TSJ^2 + DJ^2)^1/2) / 2 + PE
    Total System Jitter     (TSJ):    0.071ns
    Discrete Jitter          (DJ):    0.312ns
    Phase Error              (PE):    0.000ns
  Clock Net Delay (Source):      1.151ns (routing 0.572ns, distribution 0.579ns)
  Clock Net Delay (Destination): 1.247ns (routing 0.623ns, distribution 0.624ns)
  Timing Exception:       False Path

    Location             Delay type                Incr(ns)  Path(ns)    Netlist Resource(s)
  -------------------------------------------------------------------    -------------------
                         (clock clk_pl_0 rise edge)
                                                      0.000     0.000 r  
    PS8_X0Y0             PS8                          0.000     0.000 r  kria_starter_kit_i/zynq_ultra_ps_e_0/U0/PS8_i/PLCLK[0]
                         net (fo=1, routed)           0.129     0.129    kria_starter_kit_i/zynq_ultra_ps_e_0/U0/pl_clk_unbuffered[0]
    BUFG_PS_X0Y80        BUFG_PS (Prop_BUFG_PS_I_O)
                                                      0.022     0.151 r  kria_starter_kit_i/zynq_ultra_ps_e_0/U0/buffer_pl_clk_0.PL_CLK_0_BUFG/O
    X0Y1 (CLOCK_ROOT)    net (fo=1837, routed)        1.151     1.302    kria_starter_kit_i/rst_ps8_0_99M/U0/slowest_sync_clk
    SLICE_X8Y116         FDRE                                         r  kria_starter_kit_i/rst_ps8_0_99M/U0/ACTIVE_LOW_PR_OUT_DFF[0].FDRE_PER_N/C
  -------------------------------------------------------------------    -------------------
    SLICE_X8Y116         FDRE (Prop_EFF_SLICEM_C_Q)
                                                      0.082     1.384 r  kria_starter_kit_i/rst_ps8_0_99M/U0/ACTIVE_LOW_PR_OUT_DFF[0].FDRE_PER_N/Q
                         net (fo=580, routed)         0.358     1.742    kria_starter_kit_i/ps8_0_axi_periph/s00_couplers/auto_ds/inst/gen_downsizer.gen_simple_downsizer.axi_downsizer_inst/USE_WRITE.write_addr_inst/USE_B_CHANNEL.cmd_b_queue/inst/fifo_gen_inst/inst_fifo_gen/gconvfifo.rf/grf.rf/rstblk/ngwrdrst.grst.g7serrst.gnsckt_wrst.rst_wr_reg2_inst/src_arst
    SLICE_X8Y88          FDPE                                         f  kria_starter_kit_i/ps8_0_axi_periph/s00_couplers/auto_ds/inst/gen_downsizer.gen_simple_downsizer.axi_downsizer_inst/USE_WRITE.write_addr_inst/USE_B_CHANNEL.cmd_b_queue/inst/fifo_gen_inst/inst_fifo_gen/gconvfifo.rf/grf.rf/rstblk/ngwrdrst.grst.g7serrst.gnsckt_wrst.rst_wr_reg2_inst/arststages_ff_reg[1]/PRE  (IS_INVERTED)
  -------------------------------------------------------------------    -------------------

                         (clock clk_pl_0 rise edge)
                                                      0.000     0.000 r  
    PS8_X0Y0             PS8                          0.000     0.000 r  kria_starter_kit_i/zynq_ultra_ps_e_0/U0/PS8_i/PLCLK[0]
                         net (fo=1, routed)           0.164     0.164    kria_starter_kit_i/zynq_ultra_ps_e_0/U0/pl_clk_unbuffered[0]
    BUFG_PS_X0Y80        BUFG_PS (Prop_BUFG_PS_I_O)
                                                      0.023     0.187 r  kria_starter_kit_i/zynq_ultra_ps_e_0/U0/buffer_pl_clk_0.PL_CLK_0_BUFG/O
    X0Y1 (CLOCK_ROOT)    net (fo=1837, routed)        1.247     1.434    kria_starter_kit_i/ps8_0_axi_periph/s00_couplers/auto_ds/inst/gen_downsizer.gen_simple_downsizer.axi_downsizer_inst/USE_WRITE.write_addr_inst/USE_B_CHANNEL.cmd_b_queue/inst/fifo_gen_inst/inst_fifo_gen/gconvfifo.rf/grf.rf/rstblk/ngwrdrst.grst.g7serrst.gnsckt_wrst.rst_wr_reg2_inst/dest_clk
    SLICE_X8Y88          FDPE                                         r  kria_starter_kit_i/ps8_0_axi_periph/s00_couplers/auto_ds/inst/gen_downsizer.gen_simple_downsizer.axi_downsizer_inst/USE_WRITE.write_addr_inst/USE_B_CHANNEL.cmd_b_queue/inst/fifo_gen_inst/inst_fifo_gen/gconvfifo.rf/grf.rf/rstblk/ngwrdrst.grst.g7serrst.gnsckt_wrst.rst_wr_reg2_inst/arststages_ff_reg[1]/C

Slack:                    inf
  Source:                 kria_starter_kit_i/rst_ps8_0_99M/U0/ACTIVE_LOW_PR_OUT_DFF[0].FDRE_PER_N/C
                            (rising edge-triggered cell FDRE clocked by clk_pl_0  {rise@0.000ns fall@5.000ns period=10.000ns})
  Destination:            kria_starter_kit_i/ps8_0_axi_periph/s00_couplers/auto_ds/inst/gen_downsizer.gen_simple_downsizer.axi_downsizer_inst/USE_READ.read_addr_inst/cmd_queue/inst/fifo_gen_inst/inst_fifo_gen/gconvfifo.rf/grf.rf/rstblk/ngwrdrst.grst.g7serrst.gnsckt_wrst.rst_wr_reg2_inst/arststages_ff_reg[0]/PRE
                            (removal check against rising-edge clock clk_pl_0  {rise@0.000ns fall@5.000ns period=10.000ns})
  Path Group:             (none)
  Path Type:              Removal (Min at Fast Process Corner)
  Data Path Delay:        0.639ns  (logic 0.082ns (12.829%)  route 0.557ns (87.171%))
  Logic Levels:           0  
  Clock Path Skew:        0.127ns (DCD - SCD - CPR)
    Destination Clock Delay (DCD):    1.429ns
    Source Clock Delay      (SCD):    1.302ns
    Clock Pessimism Removal (CPR):    -0.000ns
  Clock Uncertainty:      0.160ns  ((TSJ^2 + DJ^2)^1/2) / 2 + PE
    Total System Jitter     (TSJ):    0.071ns
    Discrete Jitter          (DJ):    0.312ns
    Phase Error              (PE):    0.000ns
  Clock Net Delay (Source):      1.151ns (routing 0.572ns, distribution 0.579ns)
  Clock Net Delay (Destination): 1.242ns (routing 0.623ns, distribution 0.619ns)
  Timing Exception:       False Path

    Location             Delay type                Incr(ns)  Path(ns)    Netlist Resource(s)
  -------------------------------------------------------------------    -------------------
                         (clock clk_pl_0 rise edge)
                                                      0.000     0.000 r  
    PS8_X0Y0             PS8                          0.000     0.000 r  kria_starter_kit_i/zynq_ultra_ps_e_0/U0/PS8_i/PLCLK[0]
                         net (fo=1, routed)           0.129     0.129    kria_starter_kit_i/zynq_ultra_ps_e_0/U0/pl_clk_unbuffered[0]
    BUFG_PS_X0Y80        BUFG_PS (Prop_BUFG_PS_I_O)
                                                      0.022     0.151 r  kria_starter_kit_i/zynq_ultra_ps_e_0/U0/buffer_pl_clk_0.PL_CLK_0_BUFG/O
    X0Y1 (CLOCK_ROOT)    net (fo=1837, routed)        1.151     1.302    kria_starter_kit_i/rst_ps8_0_99M/U0/slowest_sync_clk
    SLICE_X8Y116         FDRE                                         r  kria_starter_kit_i/rst_ps8_0_99M/U0/ACTIVE_LOW_PR_OUT_DFF[0].FDRE_PER_N/C
  -------------------------------------------------------------------    -------------------
    SLICE_X8Y116         FDRE (Prop_EFF_SLICEM_C_Q)
                                                      0.082     1.384 r  kria_starter_kit_i/rst_ps8_0_99M/U0/ACTIVE_LOW_PR_OUT_DFF[0].FDRE_PER_N/Q
                         net (fo=580, routed)         0.557     1.941    kria_starter_kit_i/ps8_0_axi_periph/s00_couplers/auto_ds/inst/gen_downsizer.gen_simple_downsizer.axi_downsizer_inst/USE_READ.read_addr_inst/cmd_queue/inst/fifo_gen_inst/inst_fifo_gen/gconvfifo.rf/grf.rf/rstblk/ngwrdrst.grst.g7serrst.gnsckt_wrst.rst_wr_reg2_inst/src_arst
    SLICE_X7Y106         FDPE                                         f  kria_starter_kit_i/ps8_0_axi_periph/s00_couplers/auto_ds/inst/gen_downsizer.gen_simple_downsizer.axi_downsizer_inst/USE_READ.read_addr_inst/cmd_queue/inst/fifo_gen_inst/inst_fifo_gen/gconvfifo.rf/grf.rf/rstblk/ngwrdrst.grst.g7serrst.gnsckt_wrst.rst_wr_reg2_inst/arststages_ff_reg[0]/PRE  (IS_INVERTED)
  -------------------------------------------------------------------    -------------------

                         (clock clk_pl_0 rise edge)
                                                      0.000     0.000 r  
    PS8_X0Y0             PS8                          0.000     0.000 r  kria_starter_kit_i/zynq_ultra_ps_e_0/U0/PS8_i/PLCLK[0]
                         net (fo=1, routed)           0.164     0.164    kria_starter_kit_i/zynq_ultra_ps_e_0/U0/pl_clk_unbuffered[0]
    BUFG_PS_X0Y80        BUFG_PS (Prop_BUFG_PS_I_O)
                                                      0.023     0.187 r  kria_starter_kit_i/zynq_ultra_ps_e_0/U0/buffer_pl_clk_0.PL_CLK_0_BUFG/O
    X0Y1 (CLOCK_ROOT)    net (fo=1837, routed)        1.242     1.429    kria_starter_kit_i/ps8_0_axi_periph/s00_couplers/auto_ds/inst/gen_downsizer.gen_simple_downsizer.axi_downsizer_inst/USE_READ.read_addr_inst/cmd_queue/inst/fifo_gen_inst/inst_fifo_gen/gconvfifo.rf/grf.rf/rstblk/ngwrdrst.grst.g7serrst.gnsckt_wrst.rst_wr_reg2_inst/dest_clk
    SLICE_X7Y106         FDPE                                         r  kria_starter_kit_i/ps8_0_axi_periph/s00_couplers/auto_ds/inst/gen_downsizer.gen_simple_downsizer.axi_downsizer_inst/USE_READ.read_addr_inst/cmd_queue/inst/fifo_gen_inst/inst_fifo_gen/gconvfifo.rf/grf.rf/rstblk/ngwrdrst.grst.g7serrst.gnsckt_wrst.rst_wr_reg2_inst/arststages_ff_reg[0]/C

Slack:                    inf
  Source:                 kria_starter_kit_i/rst_ps8_0_99M/U0/ACTIVE_LOW_PR_OUT_DFF[0].FDRE_PER_N/C
                            (rising edge-triggered cell FDRE clocked by clk_pl_0  {rise@0.000ns fall@5.000ns period=10.000ns})
  Destination:            kria_starter_kit_i/ps8_0_axi_periph/s00_couplers/auto_ds/inst/gen_downsizer.gen_simple_downsizer.axi_downsizer_inst/USE_READ.read_addr_inst/cmd_queue/inst/fifo_gen_inst/inst_fifo_gen/gconvfifo.rf/grf.rf/rstblk/ngwrdrst.grst.g7serrst.gnsckt_wrst.rst_wr_reg2_inst/arststages_ff_reg[1]/PRE
                            (removal check against rising-edge clock clk_pl_0  {rise@0.000ns fall@5.000ns period=10.000ns})
  Path Group:             (none)
  Path Type:              Removal (Min at Fast Process Corner)
  Data Path Delay:        0.639ns  (logic 0.082ns (12.829%)  route 0.557ns (87.171%))
  Logic Levels:           0  
  Clock Path Skew:        0.127ns (DCD - SCD - CPR)
    Destination Clock Delay (DCD):    1.429ns
    Source Clock Delay      (SCD):    1.302ns
    Clock Pessimism Removal (CPR):    -0.000ns
  Clock Uncertainty:      0.160ns  ((TSJ^2 + DJ^2)^1/2) / 2 + PE
    Total System Jitter     (TSJ):    0.071ns
    Discrete Jitter          (DJ):    0.312ns
    Phase Error              (PE):    0.000ns
  Clock Net Delay (Source):      1.151ns (routing 0.572ns, distribution 0.579ns)
  Clock Net Delay (Destination): 1.242ns (routing 0.623ns, distribution 0.619ns)
  Timing Exception:       False Path

    Location             Delay type                Incr(ns)  Path(ns)    Netlist Resource(s)
  -------------------------------------------------------------------    -------------------
                         (clock clk_pl_0 rise edge)
                                                      0.000     0.000 r  
    PS8_X0Y0             PS8                          0.000     0.000 r  kria_starter_kit_i/zynq_ultra_ps_e_0/U0/PS8_i/PLCLK[0]
                         net (fo=1, routed)           0.129     0.129    kria_starter_kit_i/zynq_ultra_ps_e_0/U0/pl_clk_unbuffered[0]
    BUFG_PS_X0Y80        BUFG_PS (Prop_BUFG_PS_I_O)
                                                      0.022     0.151 r  kria_starter_kit_i/zynq_ultra_ps_e_0/U0/buffer_pl_clk_0.PL_CLK_0_BUFG/O
    X0Y1 (CLOCK_ROOT)    net (fo=1837, routed)        1.151     1.302    kria_starter_kit_i/rst_ps8_0_99M/U0/slowest_sync_clk
    SLICE_X8Y116         FDRE                                         r  kria_starter_kit_i/rst_ps8_0_99M/U0/ACTIVE_LOW_PR_OUT_DFF[0].FDRE_PER_N/C
  -------------------------------------------------------------------    -------------------
    SLICE_X8Y116         FDRE (Prop_EFF_SLICEM_C_Q)
                                                      0.082     1.384 r  kria_starter_kit_i/rst_ps8_0_99M/U0/ACTIVE_LOW_PR_OUT_DFF[0].FDRE_PER_N/Q
                         net (fo=580, routed)         0.557     1.941    kria_starter_kit_i/ps8_0_axi_periph/s00_couplers/auto_ds/inst/gen_downsizer.gen_simple_downsizer.axi_downsizer_inst/USE_READ.read_addr_inst/cmd_queue/inst/fifo_gen_inst/inst_fifo_gen/gconvfifo.rf/grf.rf/rstblk/ngwrdrst.grst.g7serrst.gnsckt_wrst.rst_wr_reg2_inst/src_arst
    SLICE_X7Y106         FDPE                                         f  kria_starter_kit_i/ps8_0_axi_periph/s00_couplers/auto_ds/inst/gen_downsizer.gen_simple_downsizer.axi_downsizer_inst/USE_READ.read_addr_inst/cmd_queue/inst/fifo_gen_inst/inst_fifo_gen/gconvfifo.rf/grf.rf/rstblk/ngwrdrst.grst.g7serrst.gnsckt_wrst.rst_wr_reg2_inst/arststages_ff_reg[1]/PRE  (IS_INVERTED)
  -------------------------------------------------------------------    -------------------

                         (clock clk_pl_0 rise edge)
                                                      0.000     0.000 r  
    PS8_X0Y0             PS8                          0.000     0.000 r  kria_starter_kit_i/zynq_ultra_ps_e_0/U0/PS8_i/PLCLK[0]
                         net (fo=1, routed)           0.164     0.164    kria_starter_kit_i/zynq_ultra_ps_e_0/U0/pl_clk_unbuffered[0]
    BUFG_PS_X0Y80        BUFG_PS (Prop_BUFG_PS_I_O)
                                                      0.023     0.187 r  kria_starter_kit_i/zynq_ultra_ps_e_0/U0/buffer_pl_clk_0.PL_CLK_0_BUFG/O
    X0Y1 (CLOCK_ROOT)    net (fo=1837, routed)        1.242     1.429    kria_starter_kit_i/ps8_0_axi_periph/s00_couplers/auto_ds/inst/gen_downsizer.gen_simple_downsizer.axi_downsizer_inst/USE_READ.read_addr_inst/cmd_queue/inst/fifo_gen_inst/inst_fifo_gen/gconvfifo.rf/grf.rf/rstblk/ngwrdrst.grst.g7serrst.gnsckt_wrst.rst_wr_reg2_inst/dest_clk
    SLICE_X7Y106         FDPE                                         r  kria_starter_kit_i/ps8_0_axi_periph/s00_couplers/auto_ds/inst/gen_downsizer.gen_simple_downsizer.axi_downsizer_inst/USE_READ.read_addr_inst/cmd_queue/inst/fifo_gen_inst/inst_fifo_gen/gconvfifo.rf/grf.rf/rstblk/ngwrdrst.grst.g7serrst.gnsckt_wrst.rst_wr_reg2_inst/arststages_ff_reg[1]/C





